Slug,Player Name,Position,Club,Current League,Age,L10,L40,Play % L40,Games Played L40,Game Started L40,Min Play/90 L40,AA L40,Decisive L40,Avg Limited IS (€),Avg Rare IS (€)
daniel-heber,Daniel Heber,Defender,1. FC Magdeburg,2. Bundesliga,32,75.0,75.0,7.5,3,2,4.8,25.7,51.67,2.71,9.45
josip-brekalo,Josip Brekalo,Forward,Hertha Berlin,2. Bundesliga,28,58.0,49.0,67.5,27,19,43.3,8.61,40.74,12.82,65.31
adam-marhiev,Adam Markhiev,Midfielder,1. FC Nürnberg,2. Bundesliga,24,62.0,56.0,87.5,35,33,75.7,16.97,39.86,11.98,43.88
fabian-reese,Fabian Reese,Forward,VfL Wolfsburg,2. Bundesliga,28,68.0,66.0,82.5,33,32,82.3,13.27,53.79,26.9,136.61
arkadiusz-pyrka,Arkadiusz Pyrka,Defender,FC St. Pauli,2. Bundesliga,24,51.0,43.0,82.5,33,32,76.5,4.64,38.03,3.16,10.21
alexander-nollenberger,Alexander Nollenberger,Forward,1. FC Magdeburg,2. Bundesliga,29,59.0,57.0,80.0,32,31,80.0,13.1,43.75,7.29,23.63
marcus-mathisen,Marcus Mathisen,Defender,FC St. Pauli,2. Bundesliga,30,68.0,58.0,77.5,31,30,79.9,18.75,39.52,3.28,35.43
baris-atik,Barış Atik,Forward,1. FC Magdeburg,2. Bundesliga,31,62.0,65.0,82.5,33,33,84.7,16.7,48.79,12.5,71.75
julian-krahl,Julian Krahl,Goalkeeper,1. FC Kaiserslautern,2. Bundesliga,26,65.0,52.0,80.0,32,32,84.7,9.21,42.97,10.74,63.23
niklas-kolbe,Niklas Kolbe,Defender,Hertha Berlin,2. Bundesliga,29,57.0,48.0,55.0,22,15,38.4,10.26,37.27,4.67,18.36
fynn-otto,Fynn Otto,Defender,1. FC Nürnberg,2. Bundesliga,24,66.0,66.0,10.0,4,4,72.0,18.24,47.5,6.99,17.93
marvin-wanitzek,Marvin Wanitzek,Midfielder,Karlsruher SC,2. Bundesliga,33,60.0,61.0,85.0,34,34,90.0,13.93,47.06,9.38,109.74
mohamed-ali-zoma,Mohamed Zoma,Forward,1. FC Nürnberg,2. Bundesliga,22,66.0,60.0,75.0,30,30,74.5,8.91,51.5,20.76,73.46
marcel-costly,Marcel Costly,Forward,1. FC Heidenheim 1846,2. Bundesliga,30,65.0,65.0,12.5,5,5,88.2,16.88,49.0,4.22,18.79
dominik-reimann,Dominik Reimann,Goalkeeper,1. FC Magdeburg,2. Bundesliga,29,63.0,52.0,85.0,34,34,90.0,11.34,40.88,6.48,39.04
alexander-bernhardsson,Alexander Bernhardsson,Forward,VfL Wolfsburg,2. Bundesliga,28,52.0,53.0,62.5,25,20,42.0,9.42,43.6,14.26,28.99
mehmet-can-aydin,Mehmet Can Aydin,Midfielder,Braunschweiger TSV Eintracht 1895,2. Bundesliga,24,56.0,51.0,80.0,32,30,73.4,8.98,40.94,2.55,17.54
hauke-wahl,Hauke Wahl,Defender,VfL Wolfsburg,2. Bundesliga,32,52.0,51.0,80.0,32,31,77.0,12.92,37.97,5.85,25.76
semih-sahin,Semih Şahin,Midfielder,1. FC Kaiserslautern,2. Bundesliga,26,56.0,50.0,80.0,32,28,71.1,7.3,42.34,5.6,17.88
ben-bobzien,Ben Bobzien,Forward,SG Dynamo Dresden,2. Bundesliga,23,57.0,55.0,57.5,23,20,44.1,9.72,44.78,4.18,31.43
jan-schoppner,Jan Schöppner,Midfielder,1. FC Heidenheim 1846,2. Bundesliga,27,57.0,43.0,85.0,34,32,70.3,2.13,40.29,3.48,16.66
joakim-maehle,Joakim Mæhle,Defender,VfL Wolfsburg,2. Bundesliga,29,56.0,51.0,55.0,22,21,45.2,12.92,38.41,6.18,33.31
moritz-broschinski,Moritz Broschinski,Forward,Karlsruher SC,2. Bundesliga,25,42.0,38.0,50.0,20,8,17.6,0.21,38.0,1.55,12.01
thomas-dahne,Thomas Dähne,Goalkeeper,1. FC Heidenheim 1846,2. Bundesliga,32,62.0,62.0,7.5,3,3,54.0,10.7,51.67,5.09,19.31
yann-sturm,Yann Sturm,Midfielder,Braunschweiger TSV Eintracht 1895,2. Bundesliga,21,62.0,62.0,12.5,5,5,77.8,8.14,52.0,7.06,24.73
robert-nesta-glatzel,Robert Glatzel,Forward,VfL Wolfsburg,2. Bundesliga,32,55.0,47.0,55.0,22,9,21.8,2.22,44.55,6.58,29.1
tolcay-cigerci,Tolcay Ciğerci,Midfielder,FC Energie Cottbus,2. Bundesliga,31,62.0,62.0,12.5,5,4,78.6,9.16,53.0,4.82,21.62
phil-harres,Phil Harres,Forward,Kieler SV Holstein 1900,2. Bundesliga,24,60.0,48.0,82.5,33,26,70.5,0.89,46.52,4.37,23.39
emmanuel-iyoha,Emmanuel Iyoha,Forward,1. FC Magdeburg,2. Bundesliga,28,59.0,50.0,70.0,28,26,66.1,10.57,39.82,7.74,31.92
linus-gechter,Linus Gechter,Defender,Hertha Berlin,2. Bundesliga,22,54.0,50.0,80.0,32,32,81.3,12.89,36.72,3.82,16.19
jonas-fohrenbach,Jonas Föhrenbach,Defender,1. FC Heidenheim 1846,2. Bundesliga,30,58.0,47.0,72.5,29,28,70.6,8.44,38.45,3.17,9.17
felix-klaus,Felix Klaus,Midfielder,SpVgg Greuther Fürth,2. Bundesliga,34,58.0,53.0,67.5,27,26,68.0,6.78,46.11,3.15,35.18
hasan-jannis-zaydan,Jannis Zaydan,Defender,FC Energie Cottbus,2. Bundesliga,19,60.0,60.0,2.5,1,1,9.0,-3.3,60.0,1.13,6.65
jan-elvedi,Jan Elvedi,Defender,1. FC Kaiserslautern,2. Bundesliga,29,61.0,52.0,72.5,29,22,59.7,15.31,37.07,7.22,18.13
aaron-opoku-1999-03-28,Aaron Opoku,Forward,Braunschweiger TSV Eintracht 1895,2. Bundesliga,27,51.0,46.0,72.5,29,23,55.6,7.27,38.62,1.37,8.89
maximilian-wittek,Maximilian Wittek,Defender,VfL Bochum 1848,2. Bundesliga,31,54.0,56.0,75.0,30,30,74.7,15.9,40.5,2.18,19.17
robin-fabinski,Robin Fabinski,Defender,VfL Osnabrück,2. Bundesliga,23,59.0,59.0,12.5,5,5,90.0,17.56,40.0,2.13,12.4
marius-gersbeck,Marius Gersbeck,Goalkeeper,Hertha Berlin,2. Bundesliga,31,59.0,59.0,15.0,6,30,15.9,11.27,47.5,2.58,7.49
jacob-rasmussen,Jacob Rasmussen,Defender,1. FC Kaiserslautern,2. Bundesliga,29,49.0,49.0,82.5,33,30,69.9,13.67,35.45,2.58,7.49
isiah-ahmad-young,Isaiah Young,Forward,DSC Arminia Bielefeld,2. Bundesliga,28,42.0,39.0,40.0,16,0,9.8,2.51,36.88,0.59,7.31
shio-fukuda,Shio Fukuda,Forward,Karlsruher SC,2. Bundesliga,22,55.0,46.0,52.5,21,8,27.3,1.66,44.52,2.14,15.15
leo-weinkauf,Leo Weinkauf,Goalkeeper,Hannoverscher Sportverein 1896,2. Bundesliga,30,58.0,58.0,10.0,4,4,10.6,16.75,41.25,2.95,16.55
niklas-wiemann,Niklas Wiemann,Defender,VfL Osnabrück,2. Bundesliga,27,57.0,57.0,12.5,5,5,90.0,16.61,40.0,0.92,8.04
maxwell-gyamfi,Maxwell Gyamfi,Defender,1. FC Kaiserslautern,2. Bundesliga,26,58.0,52.0,67.5,27,27,67.0,14.69,36.85,3.24,14.58
arne-sicker,Arne Sicker,Defender,DSC Arminia Bielefeld,2. Bundesliga,29,55.0,48.0,45.0,18,11,32.6,10.15,37.78,1.15,5.99
jakub-zielinski,Jakub Zieliński,Goalkeeper,VfL Wolfsburg,2. Bundesliga,18,57.0,57.0,12.5,5,5,11.8,11.52,45.0,15.12,45.59
shinta-karl-appelkamp,Shinta Appelkamp,Midfielder,SpVgg Greuther Fürth,2. Bundesliga,25,49.0,47.0,65.0,26,21,53.0,6.35,40.77,0.84,7.35
farid-alfa-ruprecht,Farid Alfa-Ruprecht,Forward,Hertha Berlin,2. Bundesliga,20,52.0,43.0,70.0,28,13,39.0,3.18,39.64,2.17,6.85
mathias-rasmussen,Mathias Rasmussen,Midfielder,FC St. Pauli,2. Bundesliga,28,47.0,46.0,80.0,32,17,41.7,8.24,37.34,1.63,13.68
lars-timo-gindorf,Lars Gindorf,Midfielder,Hannoverscher Sportverein 1896,2. Bundesliga,25,56.0,56.0,12.5,5,5,75.0,5.92,50.0,3.88,12.88
leon-flach,Leon Flach,Midfielder,VfL Osnabrück,2. Bundesliga,25,48.0,48.0,20.0,8,6,42.2,13.1,35.0,1.81,4.54
adrian-kapralik,Adrián Kaprálik,Forward,Kieler SV Holstein 1900,2. Bundesliga,24,52.0,45.0,82.5,33,29,70.0,3.3,42.12,2.45,14.91
julian-eitschberger,Julian Eitschberger,Defender,Hertha Berlin,2. Bundesliga,22,54.0,48.0,62.5,25,10,34.3,7.42,40.0,3.0,13.94
david-nemeth,David Nemeth,Defender,FC St. Pauli,2. Bundesliga,25,55.0,55.0,12.5,5,5,12.9,15.36,40.0,3.53,7.88
julian-niehues,Julian Niehues,Midfielder,1. FC Heidenheim 1846,2. Bundesliga,25,45.0,43.0,65.0,26,18,40.6,5.11,37.88,1.71,6.55
marcel-hartel,Marcel Hartel,Midfielder,Hannoverscher Sportverein 1896,2. Bundesliga,30,61.0,61.0,60.0,24,23,79.2,15.41,46.46,3.67,27.26
sael-kumbedi-nseke,Saël Kumbedi,Defender,VfL Wolfsburg,2. Bundesliga,21,43.0,44.0,70.0,28,24,57.2,1.53,40.54,2.51,7.47
piet-lasse-scobel,Piet Scobel,Forward,1. FC Nürnberg,2. Bundesliga,21,45.0,40.0,65.0,26,12,35.4,0.96,39.04,2.9,15.58
jonathan-gomez-2003-09-01,Jonathan Gómez,Defender,VfL Osnabrück,2. Bundesliga,23,58.0,50.0,85.0,34,27,60.0,11.63,38.68,1.44,10.84
luka-mikael-hyrylainen,Luka-Mikael Hyryläinen,Midfielder,1. FC Magdeburg,2. Bundesliga,22,50.0,48.0,27.5,11,8,20.8,10.38,37.73,3.15,13.55
mikkel-kaufmann,Mikkel Kaufmann,Forward,1. FC Heidenheim 1846,2. Bundesliga,25,40.0,41.0,40.0,16,6,16.6,1.01,40.31,1.53,9.09
carlo-sickinger,Carlo Sickinger,Midfielder,SV Darmstadt 1898,2. Bundesliga,29,40.0,42.0,30.0,12,2,6.5,6.63,35.0,1.19,6.34
marcel-franke,Marcel Franke,Defender,Karlsruher SC,2. Bundesliga,33,50.0,43.0,72.5,29,28,73.3,8.95,33.97,1.59,5.81
tim-schreiber,Tim Schreiber,Goalkeeper,SG Dynamo Dresden,2. Bundesliga,24,55.0,49.0,67.5,27,27,71.5,7.13,41.48,2.03,27.36
jonas-meffert,Jonas Meffert,Midfielder,Kieler SV Holstein 1900,2. Bundesliga,32,50.0,47.0,60.0,24,23,58.7,9.35,37.29,2.44,6.33
taichi-hara,Taichi Hara,Forward,FC St. Pauli,2. Bundesliga,27,45.0,45.0,42.5,17,12,36.3,4.47,40.88,1.78,13.38
leonardo-bittencourt,Leonardo Bittencourt,Midfielder,FC Energie Cottbus,2. Bundesliga,32,49.0,45.0,47.5,19,9,23.6,7.28,38.16,1.77,9.19
anselmo-garcia-mcnulty,Anselmo MacNulty,Defender,1. FC Magdeburg,2. Bundesliga,23,51.0,47.0,82.5,33,33,83.9,8.71,37.58,2.75,7.52
karol-mets,Karol Mets,Defender,VfL Bochum 1848,2. Bundesliga,33,42.0,44.0,77.5,31,28,67.0,8.68,35.16,1.79,6.05
michael-steinwender,Michael Steinwender,Defender,VfL Bochum 1848,2. Bundesliga,26,57.0,49.0,82.5,33,23,59.0,12.94,35.76,2.1,6.59
budu-zivzivadze,Budu Zivzivadze,Forward,1. FC Heidenheim 1846,2. Bundesliga,32,53.0,45.0,60.0,24,18,39.0,2.1,42.71,2.91,14.11
tobias-muller,Tobias Müller,Defender,1. FC Magdeburg,2. Bundesliga,32,52.0,51.0,67.5,27,25,61.5,11.84,39.07,1.39,5.05
connor-metcalfe,Connor Metcalfe,Midfielder,FC St. Pauli,2. Bundesliga,26,52.0,42.0,72.5,29,7,28.7,3.38,38.45,2.39,5.75
leon-parduzi,Leon Parduzi,Defender,Kieler SV Holstein 1900,2. Bundesliga,19,54.0,54.0,12.5,5,3,8.5,9.04,45.0,2.17,5.8
justin-butler,Justin Butler,Forward,FC Energie Cottbus,2. Bundesliga,25,53.0,53.0,12.5,5,2,46.2,2.58,50.0,1.2,6.27
jon-dagur-thorsteinsson,Jón Dagur Thorsteinsson,Midfielder,Hertha Berlin,2. Bundesliga,27,52.0,48.0,77.5,31,24,46.4,7.99,39.84,4.25,11.7
branimir-hrgota,Branimir Hrgota,Forward,FC St. Pauli,2. Bundesliga,33,54.0,56.0,77.5,31,30,77.3,11.41,44.19,1.29,25.96
maurice-neubauer,Maurice Neubauer,Defender,Hannoverscher Sportverein 1896,2. Bundesliga,30,49.0,48.0,77.5,31,29,73.8,7.86,40.0,1.39,13.33
florian-flick,Florian Flick,Midfielder,Braunschweiger TSV Eintracht 1895,2. Bundesliga,26,54.0,43.0,77.5,31,25,65.5,4.95,37.58,1.44,9.76
falko-michel,Falko Michel,Midfielder,1. FC Magdeburg,2. Bundesliga,25,42.0,44.0,75.0,30,28,70.6,9.09,35.17,3.13,8.45
eric-porstner,Eric Porstner,Defender,1. FC Nürnberg,2. Bundesliga,19,42.0,42.0,25.0,10,6,16.1,6.07,35.5,2.56,13.35
adrian-beck,Adrian Beck,Midfielder,VfL Osnabrück,2. Bundesliga,29,49.0,44.0,65.0,26,13,32.9,5.5,38.85,1.02,9.56
finn-ole-becker,Finn Ole Becker,Midfielder,1. FC Nürnberg,2. Bundesliga,26,50.0,48.0,82.5,33,28,72.7,6.59,41.36,2.99,13.55
rafael-pinto-pedrosa,Rafael Pedrosa,Defender,Karlsruher SC,2. Bundesliga,18,42.0,41.0,77.5,31,18,52.2,1.56,39.52,1.6,7.71
andi-hoti,Andi Hoti,Defender,Braunschweiger TSV Eintracht 1895,2. Bundesliga,23,45.0,45.0,35.0,14,11,29.1,5.83,39.29,0.45,8.61
sean-klaiber,Sean Klaiber,Defender,VfL Bochum 1848,2. Bundesliga,32,55.0,55.0,22.5,9,8,21.5,19.06,35.56,1.87,5.91
boris-tomiak,Boris Tomiak,Defender,Hannoverscher Sportverein 1896,2. Bundesliga,28,52.0,52.0,62.5,25,25,60.1,15.14,37.2,1.7,14.04
jan-reichert,Jan Reichert,Goalkeeper,1. FC Nürnberg,2. Bundesliga,25,50.0,48.0,82.5,33,33,87.3,8.81,39.55,3.91,37.75
julian-justvan,Julian Justvan,Midfielder,1. FC Nürnberg,2. Bundesliga,28,49.0,51.0,82.5,33,33,79.1,5.51,45.76,3.11,26.22
deyovaisio-zeefuik,Deyovaisio Zeefuik,Defender,Hertha Berlin,2. Bundesliga,28,48.0,49.0,52.5,21,14,35.7,12.96,36.19,1.6,7.96
max-marie,Max Marie,Midfielder,Braunschweiger TSV Eintracht 1895,2. Bundesliga,21,50.0,47.0,80.0,32,31,75.6,8.24,38.75,0.76,5.63
alexander-rossipal,Alexander Rossipal,Defender,SG Dynamo Dresden,2. Bundesliga,30,60.0,55.0,77.5,31,31,79.0,12.16,42.74,1.76,8.42
jan-urbich,Jan Urbich,Forward,Braunschweiger TSV Eintracht 1895,2. Bundesliga,22,46.0,46.0,20.0,8,2,9.1,-0.19,45.63,1.44,5.18
vinicius-de-souza-costa,Vinicius Souza,Midfielder,VfL Wolfsburg,2. Bundesliga,27,49.0,45.0,67.5,27,25,53.9,9.63,35.19,3.67,13.89
guillermo-balzi,Guillermo Balzi,Midfielder,Kieler SV Holstein 1900,2. Bundesliga,25,51.0,51.0,12.5,5,5,80.2,10.58,40.0,2.14,11.41
louey-ben-farhat,Louey Ben Farhat,Midfielder,Karlsruher SC,2. Bundesliga,20,46.0,45.0,32.5,13,10,39.6,3.24,41.59,2.92,12.76
king-samuel-manu,King Manu,Defender,FC Energie Cottbus,2. Bundesliga,22,51.0,51.0,10.0,4,4,72.0,14.67,36.25,2.02,14.35
moritz-broni-kwarteng,Moritz-Broni Kwarteng,Midfielder,1. FC Magdeburg,2. Bundesliga,28,48.0,44.0,55.0,22,6,21.0,4.57,39.55,2.93,14.1
lukas-michelbrink,Lukas Michelbrink,Midfielder,FC Energie Cottbus,2. Bundesliga,21,50.0,50.0,12.5,5,5,85.4,5.3,45.0,2.75,14.11
jonas-thomas-kersken,Jonas Kersken,Goalkeeper,DSC Arminia Bielefeld,2. Bundesliga,26,46.0,43.0,82.5,33,33,90.0,6.3,36.52,2.52,18.81
torben-musel,Torben Müsel,Midfielder,1. FC Magdeburg,2. Bundesliga,27,50.0,50.0,7.5,3,0,15.4,6.73,43.33,0.6,7.33
alexios-kalogeropoulos,Alexis Kalogeropoulos,Defender,1. FC Nürnberg,2. Bundesliga,22,50.0,50.0,12.5,5,5,32.1,15.22,35.0,2.4,9.07
abdoulie-ceesay,Abdoulie Ceesay,Forward,FC St. Pauli,2. Bundesliga,22,47.0,40.0,55.0,22,1,13.3,-1.16,40.68,2.46,9.34
waniss-taibi,Waniss Taïbi,Midfielder,Hannoverscher Sportverein 1896,2. Bundesliga,24,57.0,46.0,67.5,27,14,41.8,8.29,37.41,1.23,16.21
niklas-hauptmann,Niklas Hauptmann,Midfielder,SG Dynamo Dresden,2. Bundesliga,30,42.0,45.0,77.5,31,30,69.8,5.99,40.48,1.68,8.26
jannis-heuer,Jannis Heuer,Defender,SpVgg Greuther Fürth,2. Bundesliga,27,44.0,50.0,80.0,32,31,78.0,11.36,38.91,1.35,3.38
joel-grodowski,Joel Grodowski,Forward,DSC Arminia Bielefeld,2. Bundesliga,28,51.0,46.0,77.5,31,26,60.4,2.36,43.55,2.43,18.93
luca-erlein,Luca Erlein,Defender,FC Energie Cottbus,2. Bundesliga,19,50.0,50.0,12.5,5,5,13.1,4.88,45.0,1.33,8.34
kevin-ehlers,Kevin Ehlers,Defender,Braunschweiger TSV Eintracht 1895,2. Bundesliga,25,50.0,52.0,82.5,33,32,85.0,12.46,39.55,1.29,7.86
philipp-hofmann,Philipp Hofmann,Forward,VfL Bochum 1848,2. Bundesliga,33,57.0,56.0,82.5,33,29,78.4,9.01,47.12,2.78,11.24
timo-horn,Timo Horn,Goalkeeper,VfL Bochum 1848,2. Bundesliga,33,46.0,50.0,85.0,34,34,90.0,9.01,40.88,2.76,29.54
koji-miyoshi,Koji Miyoshi,Midfielder,VfL Bochum 1848,2. Bundesliga,29,42.0,43.0,65.0,26,19,46.1,-0.39,42.12,0.65,6.13
ahmet-muhamedbegovic,Ahmet Muhamedbegović,Defender,SG Dynamo Dresden,2. Bundesliga,27,49.0,49.0,7.5,3,2,39.8,5.94,43.33,0.59,6.17
mattias-svanberg,Mattias Svanberg,Midfielder,VfL Wolfsburg,2. Bundesliga,27,49.0,41.0,72.5,29,10,23.6,3.01,37.59,2.1,7.83
ho-jae-lee,Lee Ho-Jae,Forward,SV Darmstadt 1898,2. Bundesliga,25,47.0,52.0,82.5,33,27,74.2,7.49,44.39,0.68,6.24
dmytro-bohdanov,Dmytro Bohdanov,Forward,FC Energie Cottbus,2. Bundesliga,19,46.0,46.0,12.5,5,0,2.3,1.12,45.0,1.12,7.87
dennis-srbeny,Dennis Srbeny,Forward,SpVgg Greuther Fürth,2. Bundesliga,32,43.0,42.0,60.0,24,11,29.1,1.9,40.21,0.95,5.21
kolja-nuno-oudenne,Kolja Oudenne,Midfielder,Hannoverscher Sportverein 1896,2. Bundesliga,24,49.0,49.0,77.5,31,23,64.8,9.15,39.84,1.51,8.98
moritz-hannemann,Moritz Hannemann,Forward,FC Energie Cottbus,2. Bundesliga,28,49.0,49.0,12.5,5,1,41.8,3.64,45.0,1.8,6.33
mateusz-zukowski,Mateusz Żukowski,Forward,1. FC Magdeburg,2. Bundesliga,24,51.0,56.0,65.0,26,26,67.3,5.03,50.96,4.73,16.04
omar-sillah,Omar Sillah,Forward,SpVgg Greuther Fürth,2. Bundesliga,23,40.0,40.0,37.5,15,0,10.2,-0.24,40.0,1.82,7.15
enis-cokaj,Enis Çokaj,Midfielder,VfL Bochum 1848,2. Bundesliga,27,49.0,49.0,7.5,3,3,39.4,12.63,36.67,1.24,8.03
luca-schuler,Luca Schuler,Forward,Hertha Berlin,2. Bundesliga,27,45.0,44.0,75.0,30,15,36.2,1.97,42.0,0.59,8.37
elvis-rexhbecaj,Elvis Rexhbecaj,Midfielder,VfL Wolfsburg,2. Bundesliga,28,41.0,39.0,77.5,31,17,40.2,2.79,35.97,1.73,11.66
jonas-sterner,Jonas Sterner,Defender,SG Dynamo Dresden,2. Bundesliga,24,49.0,49.0,57.5,23,22,54.4,7.47,40.43,1.79,8.95
maximilian-bauer-2000-02-09,Maximilian Bauer,Defender,DSC Arminia Bielefeld,2. Bundesliga,26,46.0,48.0,55.0,22,22,55.9,10.91,37.27,1.41,4.23
henri-koudossou,Henri Koudossou,Midfielder,DSC Arminia Bielefeld,2. Bundesliga,27,55.0,49.0,40.0,16,15,39.6,10.65,38.44,1.3,6.5
lucas-copado-schrobenhauser,Lucas Copado,Forward,FC Energie Cottbus,2. Bundesliga,22,43.0,43.0,22.5,9,7,13.7,1.82,40.56,0.75,5.53
patrick-mainka,Patrick Mainka,Defender,1. FC Heidenheim 1846,2. Bundesliga,31,50.0,53.0,90.0,36,36,88.8,12.63,40.0,2.22,15.67
herbert-bockhorn,Herbert Bockhorn,Defender,1. FC Magdeburg,2. Bundesliga,31,48.0,43.0,40.0,16,10,24.3,7.5,35.63,2.05,2.83
soufian-gouram,Soufian Gouram,Midfielder,Hertha Berlin,2. Bundesliga,20,46.0,46.0,15.0,6,4,41.3,2.3,43.33,1.68,7.47
michael-heule,Michael Heule,Defender,1. FC Heidenheim 1846,2. Bundesliga,25,49.0,58.0,82.5,33,29,65.0,15.73,42.27,3.46,10.0
marcel-schuhen,Marcel Schuhen,Goalkeeper,SV Darmstadt 1898,2. Bundesliga,33,44.0,51.0,85.0,34,34,90.0,8.11,42.35,1.75,22.78
bjarke-jacobsen,Bjarke Jacobsen,Midfielder,VfL Osnabrück,2. Bundesliga,33,48.0,48.0,12.5,5,5,87.6,7.54,40.0,2.01,3.85
joel-chima-fujita,Joel Chima Fujita,Midfielder,FC St. Pauli,2. Bundesliga,24,45.0,43.0,80.0,32,31,71.2,5.63,37.66,0.78,5.67
hiroki-sekine,Hiroki Sekine,Defender,Kieler SV Holstein 1900,2. Bundesliga,24,50.0,48.0,60.0,24,14,41.2,11.63,36.04,1.96,8.06
paul-will,Paul Will,Midfielder,SpVgg Greuther Fürth,2. Bundesliga,27,49.0,47.0,62.5,25,20,54.5,12.45,35.0,1.81,7.25
marius-worl,Marius Wörl,Midfielder,DSC Arminia Bielefeld,2. Bundesliga,22,43.0,43.0,80.0,32,24,65.5,6.54,36.72,1.84,13.16
kai-klefisch,Kai Klefisch,Midfielder,SV Darmstadt 1898,2. Bundesliga,26,51.0,48.0,70.0,28,28,71.7,13.51,34.64,1.59,7.12
mika-haas,Mika Haas,Defender,1. FC Kaiserslautern,2. Bundesliga,21,51.0,45.0,67.5,27,26,65.9,8.21,36.3,0.84,5.81
marcel-laurenz-lotka,Marcel Lotka,Goalkeeper,FC Energie Cottbus,2. Bundesliga,25,52.0,52.0,17.5,7,7,18.5,12.49,39.29,3.37,16.9
krisztian-keresztes,Krisztián Keresztes,Defender,SpVgg Greuther Fürth,2. Bundesliga,26,49.0,49.0,90.0,36,35,75.3,11.65,37.64,0.6,7.34
jannik-muller,Jannik Müller,Defender,VfL Osnabrück,2. Bundesliga,32,47.0,47.0,12.5,5,5,89.8,12.39,35.0,2.18,5.36
nicolai-rapp,Nicolai Rapp,Midfielder,SG Dynamo Dresden,2. Bundesliga,29,42.0,43.0,60.0,24,22,51.2,6.88,36.25,0.9,6.31
mario-sauer,Mário Sauer,Midfielder,1. FC Kaiserslautern,2. Bundesliga,22,40.0,38.0,60.0,24,4,17.4,0.51,37.08,1.59,8.25
ben-alexander-voll,Ben Voll,Goalkeeper,FC St. Pauli,2. Bundesliga,25,47.0,47.0,12.5,5,5,12.9,6.5,40.0,2.57,22.98
gian-luca-itter,Luca Itter,Defender,SpVgg Greuther Fürth,2. Bundesliga,27,46.0,45.0,50.0,20,16,45.2,5.98,38.75,1.31,5.76
tom-meyer,Tom Meyer,Midfielder,VfL Bochum 1848,2. Bundesliga,18,47.0,47.0,10.0,4,2,45.2,3.95,41.25,1.14,7.42
bastian-allgeier,Bastian Allgeier,Defender,Hannoverscher Sportverein 1896,2. Bundesliga,24,46.0,44.0,52.5,21,17,45.2,9.43,35.0,0.91,5.54
patric-pfeiffer,Patric Pfeiffer,Defender,SV Darmstadt 1898,2. Bundesliga,27,38.0,47.0,80.0,32,32,72.5,13.65,33.28,1.01,5.69
marnon-busch,Marnon Busch,Defender,1. FC Heidenheim 1846,2. Bundesliga,31,52.0,47.0,77.5,31,21,56.2,5.13,41.45,0.97,4.5
marco-richter,Marco Richter,Midfielder,SV Darmstadt 1898,2. Bundesliga,28,43.0,52.0,70.0,28,24,67.5,9.34,42.32,3.03,5.67
stefan-teitur-thordarson,Stefán Þórðarson,Midfielder,Hannoverscher Sportverein 1896,2. Bundesliga,27,53.0,45.0,80.0,32,17,36.3,5.39,39.22,1.13,6.66
maximilian-entrup,Maximilian Entrup,Forward,Braunschweiger TSV Eintracht 1895,2. Bundesliga,29,45.0,40.0,57.5,23,5,19.3,1.26,38.26,1.3,4.73
cleiton-santana-dos-santos,Cleiton,Defender,VfL Wolfsburg,2. Bundesliga,23,55.0,46.0,2.5,1,1,1.6,11.18,35.0,2.29,6.7
ole-pohlmann,Ole Pohlmann,Midfielder,SpVgg Greuther Fürth,2. Bundesliga,25,45.0,41.0,82.5,33,22,55.6,3.65,37.27,1.27,4.04
noah-weisshaupt,Noah Weißhaupt,Midfielder,SV Darmstadt 1898,2. Bundesliga,25,47.0,46.0,35.0,14,6,20.4,7.17,38.57,1.74,15.58
javier-fernandez-gonzalez,Javier Fernández,Midfielder,1. FC Nürnberg,2. Bundesliga,19,46.0,44.0,32.5,13,10,33.1,8.12,35.77,2.13,14.41
marvin-mehlem,Marvin Mehlem,Midfielder,DSC Arminia Bielefeld,2. Bundesliga,29,41.0,38.0,45.0,18,10,25.4,4.16,34.17,0.6,4.45
eric-anders-smith,Eric Smith,Midfielder,FC St. Pauli,2. Bundesliga,29,43.0,47.0,70.0,28,25,54.8,9.89,37.32,2.14,7.44
vincent-vermeij,Vincent Vermeij,Forward,SG Dynamo Dresden,2. Bundesliga,32,52.0,50.0,72.5,29,25,60.8,3.97,46.38,1.93,11.14
jannik-rochelt,Jannik Rochelt,Midfielder,DSC Arminia Bielefeld,2. Bundesliga,27,52.0,46.0,75.0,30,20,53.6,5.91,39.67,1.51,4.79
tomoya-ando,Tomoya Ando,Defender,FC St. Pauli,2. Bundesliga,27,45.0,51.0,67.5,27,26,73.2,15.37,35.37,1.93,6.23
robin-maximilian-meissner,Robin Meißner,Forward,VfL Osnabrück,2. Bundesliga,26,45.0,45.0,12.5,5,5,87.0,4.2,41.0,2.27,7.7
kilian-fischer,Kilian Fischer,Defender,VfL Wolfsburg,2. Bundesliga,25,36.0,38.0,32.5,13,11,23.6,3.79,33.46,1.56,8.88
naatan-skytta,Naatan Skyttä,Midfielder,1. FC Kaiserslautern,2. Bundesliga,24,41.0,47.0,87.5,35,30,62.1,5.11,42.0,0.59,5.92
lilian-egloff,Lilian Egloff,Midfielder,Karlsruher SC,2. Bundesliga,24,43.0,49.0,37.5,15,8,20.5,5.35,43.33,1.23,5.6
gyan-de-regt,Gyan de Regt,Forward,Kieler SV Holstein 1900,2. Bundesliga,23,53.0,50.0,82.5,33,27,70.7,7.3,42.88,1.24,6.73
florian-pascal-hellstern,Florian Hellstern,Goalkeeper,SpVgg Greuther Fürth,2. Bundesliga,18,45.0,45.0,12.5,5,5,11.2,10.44,35.0,5.46,30.22
samuele-di-benedetto,Samuele Di Benedetto,Midfielder,Braunschweiger TSV Eintracht 1895,2. Bundesliga,21,45.0,45.0,12.5,5,5,59.6,3.34,42.0,0.98,6.35
paul-jaeckel,Paul Jaeckel,Defender,1. FC Magdeburg,2. Bundesliga,28,38.0,45.0,65.0,26,23,60.5,6.47,38.27,0.72,6.03
mads-pedersen,Mads Pedersen,Defender,Hertha Berlin,2. Bundesliga,30,35.0,35.0,25.0,10,4,13.3,-2.81,37.5,1.99,11.12
ismail-badjie,Ismail Badjie,Forward,VfL Osnabrück,2. Bundesliga,20,44.0,44.0,10.0,4,4,52.6,3.03,41.25,2.2,6.46
thaddaus-monju-momuluh,Thaddäus Monju Momuluh,Forward,DSC Arminia Bielefeld,2. Bundesliga,24,47.0,51.0,80.0,32,30,71.1,5.93,44.53,1.74,4.26
jonas-krumrey,Jonas Krumrey,Goalkeeper,VfL Osnabrück,2. Bundesliga,22,50.0,50.0,55.0,22,22,58.2,8.98,40.68,3.53,19.94
mustapha-bundu,Mustapha Bundu,Forward,Hannoverscher Sportverein 1896,2. Bundesliga,29,53.0,51.0,52.5,21,14,32.4,5.91,45.0,0.54,12.71
sandro-tremoulet,Sandro Tremoulet,Defender,Karlsruher SC,2. Bundesliga,26,44.0,44.0,5.0,2,0,19.0,9.18,35.0,1.42,5.19
mats-henry-pannewig,Mats Pannewig,Midfielder,VfL Bochum 1848,2. Bundesliga,21,45.0,44.0,72.5,29,22,56.6,8.16,35.34,2.11,5.17
hans-christian-bernat,Hans Bernat,Goalkeeper,Karlsruher SC,2. Bundesliga,25,37.0,39.0,82.5,33,33,87.3,4.96,33.64,2.35,18.06
sebastian-jung,Sebastian Jung,Defender,Karlsruher SC,2. Bundesliga,36,37.0,38.0,65.0,26,23,56.1,1.45,36.92,0.57,6.02
bence-dardai,Bence Dárdai,Midfielder,VfL Wolfsburg,2. Bundesliga,20,43.0,43.0,5.0,2,0,1.6,8.15,35.0,1.39,4.25
kaan-inanoglu,Kaan İnanoğlu,Forward,SG Dynamo Dresden,2. Bundesliga,21,44.0,44.0,10.0,4,2,38.6,8.8,35.0,1.03,6.07
stefano-russo,Stefano Russo,Midfielder,DSC Arminia Bielefeld,2. Bundesliga,26,48.0,48.0,65.0,26,26,68.1,11.0,37.12,1.23,13.68
florian-kleinhansl,Florian Kleinhansl,Defender,SV Darmstadt 1898,2. Bundesliga,26,41.0,42.0,32.5,13,6,18.6,4.64,36.92,0.3,3.3
hendry-aron-blank,Hendry Blank,Defender,SpVgg Greuther Fürth,2. Bundesliga,22,42.0,42.0,25.0,10,2,8.9,4.59,37.5,0.76,5.93
martijn-kaars,Martijn Kaars,Forward,FC St. Pauli,2. Bundesliga,27,41.0,39.0,77.5,31,18,44.2,0.79,38.55,1.34,17.25
kevin-sessa,Kevin Sessa,Midfielder,Hertha Berlin,2. Bundesliga,26,40.0,40.0,62.5,25,13,33.4,3.49,36.2,2.23,5.95
thomas-leon-keller,Thomas Keller,Defender,SG Dynamo Dresden,2. Bundesliga,27,52.0,50.0,55.0,22,21,50.6,9.84,39.77,1.44,6.72
mathys-angely,Mathys Angély,Defender,VfL Wolfsburg,2. Bundesliga,19,38.0,38.0,17.5,7,6,14.0,7.5,30.71,0.74,7.42
sebastian-gronning,Sebastian Grønning,Forward,Hertha Berlin,2. Bundesliga,29,42.0,40.0,52.5,21,9,26.1,-1.0,40.24,1.07,8.38
erencan-yardimci,Erencan Yardımcı,Forward,1. FC Kaiserslautern,2. Bundesliga,24,41.0,39.0,75.0,30,20,49.1,-0.53,39.33,1.82,5.88
maximilian-breunig,Maximilian Breunig,Forward,1. FC Heidenheim 1846,2. Bundesliga,26,41.0,41.0,50.0,20,3,14.5,1.33,40.0,0.64,5.34
ivan-nekic,Ivan Nekić,Defender,Kieler SV Holstein 1900,2. Bundesliga,25,49.0,49.0,57.5,23,20,52.3,10.11,38.48,0.67,6.12
lukas-frenkert,Lukas Frenkert,Defender,Braunschweiger TSV Eintracht 1895,2. Bundesliga,26,49.0,48.0,45.0,18,14,35.6,7.33,40.83,0.36,4.46
noel-eichinger,Noel Eichinger,Forward,Karlsruher SC,2. Bundesliga,25,42.0,42.0,12.5,5,4,64.0,7.08,35.0,1.14,2.99
danyal-hakan-zor,Danyal Zor,Midfielder,Karlsruher SC,2. Bundesliga,19,42.0,42.0,12.5,5,4,10.8,7.24,35.0,0.84,7.27
kristian-mandic,Kristian Mandić,Defender,1. FC Nürnberg,2. Bundesliga,18,42.0,42.0,2.5,1,1,2.6,7.08,35.0,1.31,5.08
fabio-di-michele-sanchez,Fabio Di Michele Sanchez,Defender,Braunschweiger TSV Eintracht 1895,2. Bundesliga,23,36.0,38.0,72.5,29,20,51.4,1.94,35.86,0.37,3.54
leonhard-munst,Leonhard Münst,Midfielder,VfL Osnabrück,2. Bundesliga,24,42.0,42.0,12.5,5,2,41.2,1.82,40.0,1.95,5.04
christian-kinsombi,Christian Kinsombi,Midfielder,FC Energie Cottbus,2. Bundesliga,27,44.0,44.0,10.0,4,2,34.8,2.83,41.25,1.06,3.99
christoph-kobald,Christoph Kobald,Defender,Karlsruher SC,2. Bundesliga,29,45.0,47.0,65.0,26,25,63.3,7.57,39.23,0.66,4.8
sidi-guessor-sane,Sidi Sané,Forward,Braunschweiger TSV Eintracht 1895,2. Bundesliga,23,37.0,37.0,57.5,23,6,22.5,0.02,37.17,0.3,4.98
jannik-dehm,Jannik Dehm,Defender,SpVgg Greuther Fürth,2. Bundesliga,30,42.0,40.0,75.0,30,26,62.2,0.16,39.17,0.58,3.05
fraser-hornby,Fraser Hornby,Forward,VfL Wolfsburg,2. Bundesliga,27,58.0,55.0,55.0,22,21,50.0,5.03,49.77,2.56,12.33
tim-janisch,Tim Janisch,Defender,1. FC Nürnberg,2. Bundesliga,21,37.0,37.0,52.5,21,11,28.1,1.57,35.48,1.67,6.12
lukas-reich,Lukas Reich,Defender,SpVgg Greuther Fürth,2. Bundesliga,19,43.0,39.0,62.5,25,10,30.1,3.67,35.2,1.13,1.24
alessio-besio,Alessio Besio,Forward,VfL Wolfsburg,2. Bundesliga,22,42.0,42.0,10.0,4,0,10.6,1.15,41.25,0.97,7.74
mika-tom-wallentowitz,Mika Wallentowitz,Midfielder,SpVgg Greuther Fürth,2. Bundesliga,18,36.0,36.0,37.5,15,7,17.4,-1.11,36.67,0.65,4.1
brooklyn-ezeh,Brooklyn Ezeh,Defender,SG Dynamo Dresden,2. Bundesliga,25,41.0,41.0,2.5,1,0,0.5,6.28,35.0,0.73,5.15
viktor-bergh,Viktor Bergh,Defender,Karlsruher SC,2. Bundesliga,27,41.0,41.0,10.0,4,1,27.0,5.52,35.0,2.15,3.85
mathias-honsak,Mathias Honsak,Forward,1. FC Heidenheim 1846,2. Bundesliga,29,46.0,41.0,72.5,29,18,37.8,2.89,37.93,1.41,6.76
berkan-taz,Berkan Taz,Midfielder,VfL Bochum 1848,2. Bundesliga,27,41.0,41.0,7.5,3,3,41.2,5.87,35.0,0.46,9.79
scott-banks,Scott Banks,Forward,FC St. Pauli,2. Bundesliga,24,41.0,41.0,2.5,1,0,2.0,5.5,35.0,0.52,6.1
milan-smit,Milan Smit,Forward,SV Darmstadt 1898,2. Bundesliga,23,44.0,44.0,87.5,35,28,61.1,1.25,42.71,1.36,10.95
christian-theodor-kjelder-rasmussen,Christian Rasmussen,Forward,VfL Bochum 1848,2. Bundesliga,23,41.0,44.0,57.5,23,13,31.4,4.03,40.43,1.34,6.04
dominik-pelivan,Dominik Pelivan,Midfielder,FC Energie Cottbus,2. Bundesliga,30,41.0,41.0,10.0,4,1,34.0,5.23,36.25,1.06,5.14
jonas-therkelsen,Jonas Therkelsen,Midfielder,Kieler SV Holstein 1900,2. Bundesliga,23,48.0,42.0,85.0,34,24,63.7,2.73,38.97,1.14,8.24
mergim-berisha,Mergim Berisha,Forward,1. FC Kaiserslautern,2. Bundesliga,28,40.0,41.0,40.0,16,9,24.1,-0.94,41.25,0.79,7.79
louis-oppie,Louis Oppie,Defender,FC St. Pauli,2. Bundesliga,24,38.0,40.0,60.0,24,18,48.6,1.98,37.08,0.85,6.22
jannis-boziaris,Jannis Boziaris,Midfielder,FC Energie Cottbus,2. Bundesliga,23,41.0,41.0,10.0,4,3,38.6,5.85,35.0,0.53,5.96
virgil-eugen-ghita,Virgil Ghiță,Defender,Hannoverscher Sportverein 1896,2. Bundesliga,28,41.0,44.0,75.0,30,24,58.0,7.42,36.83,1.12,7.25
robert-wagner,Robert Wagner,Midfielder,SG Dynamo Dresden,2. Bundesliga,23,45.0,43.0,72.5,29,23,60.5,8.68,34.66,1.14,5.42
daniel-kofi-kyereh,Daniel-Kofi Kyereh,Midfielder,VfL Osnabrück,2. Bundesliga,30,40.0,40.0,7.5,3,0,2.3,-3.3,43.33,1.74,5.07
fridolin-wagner,Fridolin Wagner,Midfielder,VfL Osnabrück,2. Bundesliga,28,40.0,40.0,12.5,5,5,76.4,4.82,35.0,0.67,3.38
marlon-ritter,Marlon Ritter,Midfielder,1. FC Kaiserslautern,2. Bundesliga,31,47.0,49.0,77.5,31,26,57.5,5.54,43.23,2.3,11.92
maximilian-grosser,Maximilian Großer,Defender,DSC Arminia Bielefeld,2. Bundesliga,25,41.0,47.0,70.0,28,21,62.4,9.14,37.86,0.74,8.07
timon-weiner,Timon Weiner,Goalkeeper,Kieler SV Holstein 1900,2. Bundesliga,27,50.0,48.0,42.5,17,17,45.0,8.64,39.71,2.38,22.07
husseyn-chakroun,Husseyn Chakroun,Forward,Hannoverscher Sportverein 1896,2. Bundesliga,21,42.0,45.0,52.5,21,7,27.1,5.44,39.76,1.51,7.69
christian-joe-conteh,Christian Conteh,Forward,1. FC Heidenheim 1846,2. Bundesliga,27,39.0,44.0,57.5,23,15,38.1,6.04,38.26,0.45,5.27
fabian-kunze,Fabian Kunze,Midfielder,1. FC Kaiserslautern,2. Bundesliga,28,42.0,44.0,77.5,31,30,75.1,10.44,33.87,0.5,6.49
yosuke-furukawa,Yosuke Furukawa,Forward,SV Darmstadt 1898,2. Bundesliga,23,45.0,44.0,40.0,16,6,12.6,5.91,38.13,1.3,4.66
adam-dzwigala,Adam Dźwigała,Defender,FC St. Pauli,2. Bundesliga,30,49.0,50.0,40.0,16,10,28.6,10.33,39.69,0.51,6.18
konrad-faber,Konrad Faber,Defender,VfL Osnabrück,2. Bundesliga,28,41.0,37.0,57.5,23,11,35.9,1.73,34.78,0.87,7.13
sam-francis-schreck,Sam Schreck,Midfielder,DSC Arminia Bielefeld,2. Bundesliga,27,40.0,39.0,27.5,11,5,14.0,4.46,35.0,0.99,5.85
kennedy-onyedika-okpala,Kennedy Okpala,Forward,SG Dynamo Dresden,2. Bundesliga,21,41.0,41.0,35.0,14,3,18.6,2.33,38.57,1.03,10.9
noah-katterbach,Noah Katterbach,Defender,Braunschweiger TSV Eintracht 1895,2. Bundesliga,25,39.0,39.0,10.0,4,1,3.6,3.72,35.0,0.8,3.95
ron-torben-hoffmann,Ron-Thorben Hoffmann,Goalkeeper,Braunschweiger TSV Eintracht 1895,2. Bundesliga,27,46.0,45.0,80.0,32,32,84.7,5.09,39.84,2.37,15.93
nicolas-verkooijen,Nicolas Verkooijen,Midfielder,SV Darmstadt 1898,2. Bundesliga,19,38.0,38.0,17.5,7,1,6.0,2.83,35.0,1.04,3.95
joel-abu-hanna,Joël Abu Hanna,Defender,VfL Osnabrück,2. Bundesliga,28,39.0,39.0,2.5,1,0,5.0,3.6,35.0,2.0,5.3
muhammed-mehmet-damar,Muhammed Damar,Midfielder,VfL Wolfsburg,2. Bundesliga,22,37.0,38.0,45.0,18,6,15.7,3.36,35.0,1.95,10.63
tony-reitz,Tony Reitz,Midfielder,1. FC Magdeburg,2. Bundesliga,22,39.0,39.0,2.5,1,0,1.4,4.3,35.0,0.49,5.13
hiroki-akiyama,Hiroki Akiyama,Midfielder,SV Darmstadt 1898,2. Bundesliga,25,45.0,44.0,77.5,31,1,74.8,6.73,37.58,1.74,5.07
rafael-lubach,Rafael Lubach,Midfielder,1. FC Nürnberg,2. Bundesliga,21,39.0,43.0,72.5,29,20,52.8,3.93,38.79,0.75,5.21
patrice-covic,Patrice Čović,Midfielder,SG Dynamo Dresden,2. Bundesliga,19,41.0,39.0,35.0,14,1,7.9,2.55,36.79,1.62,13.76
noah-haubjerg-ellegaard-madsen,Noah Madsen,Defender,Kieler SV Holstein 1900,2. Bundesliga,25,39.0,39.0,2.5,1,0,6.6,4.22,35.0,0.46,4.14
oliver-olsen,Oliver Olsen,Defender,VfL Bochum 1848,2. Bundesliga,26,41.0,46.0,70.0,28,23,73.4,9.28,36.79,0.38,6.36
gerrit-holtmann,Gerrit Holtmann,Forward,VfL Bochum 1848,2. Bundesliga,31,39.0,46.0,65.0,26,23,46.5,6.34,39.23,0.84,5.2
jason-manuel-ponente-ramirez,Jason Ponente,Forward,Karlsruher SC,2. Bundesliga,19,38.0,38.0,5.0,2,0,8.4,3.2,35.0,1.16,5.22
niko-takahashi-cendagorta,Niko Takahashi,Defender,Kieler SV Holstein 1900,2. Bundesliga,21,38.0,38.0,22.5,9,4,24.3,4.77,32.78,1.24,6.34
tobias-raschl,Tobias Raschl,Midfielder,SG Dynamo Dresden,2. Bundesliga,26,37.0,38.0,35.0,14,2,11.1,2.1,35.36,0.57,5.9
till-wegener,Till Wegener,Midfielder,DSC Arminia Bielefeld,2. Bundesliga,17,38.0,38.0,5.0,2,0,5.6,3.25,35.0,,
kelven-olagie-frees,Kelven Frees,Defender,1. FC Kaiserslautern,2. Bundesliga,21,38.0,38.0,2.5,1,0,0.2,2.66,35.0,1.01,2.54
ime-okon,Ime Okon,Defender,Hannoverscher Sportverein 1896,2. Bundesliga,22,44.0,43.0,77.5,31,21,48.3,7.87,35.32,1.11,8.32
taycan-macid-etcibasi,Taycan Etcibasi,Forward,Hannoverscher Sportverein 1896,2. Bundesliga,19,38.0,38.0,5.0,2,0,2.4,3.3,35.0,2.3,8.04
patrick-kammerbauer,Patrick Kammerbauer,Defender,VfL Osnabrück,2. Bundesliga,29,38.0,38.0,12.5,5,5,81.8,2.5,35.0,0.73,5.06
lance-duijvestijn,Lance Duijvestijn,Midfielder,SV Darmstadt 1898,2. Bundesliga,27,44.0,46.0,80.0,32,25,68.3,7.15,39.06,1.18,10.01
christopher-lannert,Christopher Lannert,Defender,SV Darmstadt 1898,2. Bundesliga,28,41.0,42.0,75.0,30,18,51.2,5.19,36.67,0.59,5.34
leon-opitz,Leon Opitz,Midfielder,VfL Osnabrück,2. Bundesliga,21,40.0,37.0,37.5,15,2,10.3,0.53,36.67,0.52,5.89
emir-sahiti,Emir Sahiti,Forward,Hannoverscher Sportverein 1896,2. Bundesliga,27,38.0,38.0,2.5,1,0,1.1,3.2,35.0,1.8,10.76
franz-roggow,Franz Roggow,Midfielder,Hannoverscher Sportverein 1896,2. Bundesliga,24,36.0,36.0,20.0,8,1,5.3,1.39,35.0,1.19,5.21
pascal-klemens,Pascal Klemens,Defender,Hertha Berlin,2. Bundesliga,21,36.0,34.0,30.0,12,5,14.7,2.29,32.08,0.91,4.81
felipe-marlon-chavez-somocursio,Felipe Chávez,Midfielder,1. FC Magdeburg,2. Bundesliga,19,37.0,37.0,27.5,11,0,5.2,2.21,35.0,1.6,20.28
yannik-wagner,Yannik Wagner,Forward,1. FC Heidenheim 1846,2. Bundesliga,19,37.0,37.0,15.0,6,0,1.9,1.97,35.0,1.42,4.66
faton-ademi,Faton Ademi,Midfielder,SpVgg Greuther Fürth,2. Bundesliga,20,37.0,37.0,5.0,2,2,73.0,1.7,35.0,2.25,9.92
tristan-wagner-2005-07-06,Tristan Wagner,Midfielder,Braunschweiger TSV Eintracht 1895,2. Bundesliga,21,37.0,37.0,2.5,1,0,0.6,1.8,35.0,0.43,4.01
kento-shiogai,Kento Shiogai,Forward,VfL Wolfsburg,2. Bundesliga,21,36.0,42.0,67.5,27,5,18.8,1.29,40.93,2.01,10.91
leon-robinson,Leon Robinson,Midfielder,1. FC Kaiserslautern,2. Bundesliga,25,42.0,41.0,70.0,28,16,45.1,4.62,36.61,1.57,4.26
jovan-mijatovic,Jovan Mijatović,Forward,Braunschweiger TSV Eintracht 1895,2. Bundesliga,21,42.0,39.0,57.5,23,9,27.9,1.62,37.17,0.44,3.78
lars-kehl,Lars Kehl,Midfielder,SV Darmstadt 1898,2. Bundesliga,24,37.0,37.0,7.5,3,1,23.6,2.03,35.0,0.37,5.36
luca-herrmann,Luca Herrmann,Midfielder,SG Dynamo Dresden,2. Bundesliga,27,39.0,40.0,65.0,26,9,29.3,4.72,35.0,0.43,5.29
erik-engelhardt,Erik Engelhardt,Forward,FC Energie Cottbus,2. Bundesliga,28,37.0,37.0,2.5,1,1,18.0,1.6,35.0,1.12,7.11
alessandro-adriano-crimaldi,Alessandro Crimaldi,Forward,VfL Bochum 1848,2. Bundesliga,18,37.0,37.0,7.5,3,1,5.8,1.83,35.0,0.69,5.48
sacha-jordan-banse,Sacha Bansé,Midfielder,SpVgg Greuther Fürth,2. Bundesliga,25,37.0,37.0,12.5,5,5,11.0,1.68,35.0,1.05,4.24
kasper-davidsen,Kasper Davidsen,Midfielder,Kieler SV Holstein 1900,2. Bundesliga,21,43.0,42.0,70.0,28,22,52.7,4.03,37.86,0.68,5.11
arlet-junior-ze,Junior Zé,Midfielder,Braunschweiger TSV Eintracht 1895,2. Bundesliga,20,35.0,36.0,17.5,7,0,4.3,0.6,35.0,0.37,5.12
adriano-grimaldi,Adriano Grimaldi,Forward,1. FC Nürnberg,2. Bundesliga,35,35.0,38.0,67.5,27,10,25.6,-0.21,37.78,0.38,5.26
fynn-luca-lakenmacher,Fynn-Luca Lakenmacher,Forward,SV Darmstadt 1898,2. Bundesliga,26,36.0,38.0,37.5,15,3,11.2,1.46,36.67,0.37,5.83
david-min,David Min,Forward,DSC Arminia Bielefeld,2. Bundesliga,27,41.0,38.0,57.5,23,4,16.8,0.46,37.17,0.88,4.45
alex-murphy,Alex Murphy,Defender,1. FC Kaiserslautern,2. Bundesliga,22,39.0,39.0,12.5,5,2,4.3,4.18,35.0,1.92,7.71
jean-hugonet,Jean Hugonet,Defender,Hannoverscher Sportverein 1896,2. Bundesliga,26,45.0,46.0,50.0,20,14,39.9,11.85,34.5,1.61,9.17
friedrich-muller,Friedrich Müller,Defender,SG Dynamo Dresden,2. Bundesliga,20,43.0,44.0,45.0,18,16,52.5,10.14,33.89,0.52,8.3
benedikt-pichler,Benedikt Pichler,Forward,Hannoverscher Sportverein 1896,2. Bundesliga,29,41.0,41.0,47.5,19,7,18.5,0.24,40.26,1.92,8.99
tim-siersleben,Tim Siersleben,Defender,1. FC Heidenheim 1846,2. Bundesliga,26,35.0,40.0,42.5,17,13,32.9,4.41,35.29,0.5,6.37
eldin-dzogovic,Eldin Dzogovic,Defender,1. FC Magdeburg,2. Bundesliga,23,34.0,34.0,15.0,6,0,0.5,-1.23,35.0,0.78,5.19
lars-ritzka,Lars Ritzka,Defender,FC St. Pauli,2. Bundesliga,28,39.0,38.0,47.5,19,13,28.7,3.35,35.0,0.51,2.86
rony-jene-aleksi-jansson,Rony Jansson,Defender,FC St. Pauli,2. Bundesliga,22,31.0,31.0,5.0,2,1,16.8,-4.48,35.0,0.5,4.98
benjamin-bediako-boakye,Benjamin Boakye,Forward,DSC Arminia Bielefeld,2. Bundesliga,21,38.0,42.0,62.5,25,12,34.6,5.02,37.0,0.93,5.97
santeri-vaananen,Santeri Väänänen,Midfielder,Karlsruher SC,2. Bundesliga,24,42.0,39.0,45.0,18,12,34.0,3.57,35.0,0.36,9.72
tony-lesueur,Tony Lesueur,Forward,VfL Osnabrück,2. Bundesliga,26,36.0,36.0,5.0,2,1,13.2,1.1,35.0,1.37,4.61
maximilian-arnold,Maximilian Arnold,Midfielder,VfL Wolfsburg,2. Bundesliga,32,38.0,45.0,65.0,26,18,44.2,7.87,36.92,2.15,8.74
oualid-mhamdi,Oualid Mhamdi,Defender,1. FC Heidenheim 1846,2. Bundesliga,23,36.0,36.0,12.5,5,4,51.2,-4.35,40.0,0.44,3.89
marko-zrilic,Marko Zrilić,Midfielder,1. FC Heidenheim 1846,2. Bundesliga,18,36.0,36.0,5.0,2,0,10.0,1.35,35.0,0.95,6.5
selim-telib,Selim Telib,Midfielder,Hertha Berlin,2. Bundesliga,20,36.0,36.0,2.5,1,0,0.2,1.2,35.0,1.97,4.61
marton-dardai,Márton Dárdai,Defender,Hertha Berlin,2. Bundesliga,24,50.0,50.0,80.0,32,24,54.9,13.09,36.56,0.5,4.11
roko-simic,Roko Šimić,Forward,1. FC Magdeburg,2. Bundesliga,23,38.0,37.0,57.5,23,7,19.2,-0.45,37.61,0.42,6.12
yannick-gerhardt,Yannick Gerhardt,Midfielder,VfL Wolfsburg,2. Bundesliga,32,37.0,38.0,60.0,24,14,33.2,0.18,38.13,0.9,9.0
marko-soldic,Marko Soldic,Midfielder,1. FC Nürnberg,2. Bundesliga,16,36.0,36.0,20.0,8,0,2.5,1.46,35.0,,
faride-alidou,Faride Alidou,Midfielder,Kieler SV Holstein 1900,2. Bundesliga,25,39.0,37.0,47.5,19,7,18.4,-0.37,37.63,0.93,5.44
benjamin-kallman,Benjamin Källman,Forward,Hannoverscher Sportverein 1896,2. Bundesliga,28,38.0,44.0,90.0,36,26,61.3,0.32,43.19,2.61,10.51
ibrahim-el-kadiri,Ibrahim El Kadiri,Forward,SV Darmstadt 1898,2. Bundesliga,24,35.0,35.0,7.5,3,0,5.2,-0.13,35.0,1.0,5.21
nils-froling,Nils Fröling,Forward,SG Dynamo Dresden,2. Bundesliga,26,37.0,42.0,57.5,23,9,24.0,3.34,38.26,0.43,5.17
manolo-merx,Manolo Merx,Forward,SV Darmstadt 1898,2. Bundesliga,18,35.0,35.0,7.5,3,0,7.6,-0.13,35.0,0.65,6.4
erik-ahlstrand,Erik Ahlstrand,Midfielder,FC St. Pauli,2. Bundesliga,24,39.0,39.0,37.5,15,7,22.8,2.17,36.67,0.44,5.48
theoson-jordan-siebatcheu,Jordan Siebatcheu,Forward,SpVgg Greuther Fürth,2. Bundesliga,30,33.0,37.0,57.5,23,15,37.4,-0.27,37.17,0.72,5.53
william-boving-vick,William Bøving,Forward,1. FC Nürnberg,2. Bundesliga,23,37.0,39.0,45.0,18,4,12.4,2.24,36.39,1.15,11.23
kevin-wiethaup,Kevin Wiethaup,Midfielder,Karlsruher SC,2. Bundesliga,21,35.0,35.0,10.0,4,2,44.8,-0.23,35.0,0.45,4.29
john-tolkin,John Tolkin,Defender,Kieler SV Holstein 1900,2. Bundesliga,24,42.0,44.0,62.5,25,23,54.0,8.61,35.2,1.24,6.0
till-wiese,Till Wiese,Midfielder,Kieler SV Holstein 1900,2. Bundesliga,18,35.0,35.0,2.5,1,0,1.4,0.0,35.0,,
marc-kornwachs-barjuan,Marc Kornwachs Barjuan,Defender,1. FC Nürnberg,2. Bundesliga,17,35.0,35.0,2.5,1,0,0.4,0.08,35.0,,
lasse-isbruch,Lasse Isbruch,Midfielder,VfL Bochum 1848,2. Bundesliga,18,35.0,35.0,5.0,2,0,8.4,-0.05,35.0,0.69,5.24
doni-arifi,Doni Arifi,Midfielder,SpVgg Greuther Fürth,2. Bundesliga,24,36.0,41.0,57.5,23,13,31.4,4.17,37.17,0.57,1.35
mansour-ouro-tagba,Mansour Ouro-Tagba,Forward,VfL Bochum 1848,2. Bundesliga,21,35.0,35.0,2.5,1,0,2.0,0.0,35.0,1.72,3.77
youssoupha-niang,Youssoupha Niang,Forward,FC St. Pauli,2. Bundesliga,20,36.0,36.0,32.5,13,3,12.7,0.54,35.0,1.77,5.16
magnus-elias-baars,Magnus Baars,Forward,1. FC Magdeburg,2. Bundesliga,19,35.0,35.0,10.0,4,0,1.0,-0.03,35.0,0.86,4.48
ikem-ugoh,Ikem Ugoh,Midfielder,Kieler SV Holstein 1900,2. Bundesliga,21,41.0,41.0,20.0,8,5,26.9,2.6,38.13,0.59,6.1
paul-joly,Paul Joly,Defender,1. FC Kaiserslautern,2. Bundesliga,26,38.0,44.0,77.5,31,27,63.1,6.15,37.9,0.69,4.52
ben-jungfleisch,Ben Jungfleisch,Midfielder,1. FC Kaiserslautern,2. Bundesliga,18,35.0,35.0,2.5,1,0,0.9,0.0,35.0,0.81,5.06
aaron-keller,Aaron Keller,Midfielder,SpVgg Greuther Fürth,2. Bundesliga,22,35.0,38.0,77.5,31,18,50.0,0.71,37.1,0.44,6.13
ibrahim-kanate,Ibrahim Kanaté,Forward,1. FC Kaiserslautern,2. Bundesliga,19,38.0,39.0,55.0,22,1,12.8,1.71,37.27,1.05,5.62
jarne-steuckers,Jarne Steuckers,Forward,VfL Bochum 1848,2. Bundesliga,24,39.0,42.0,60.0,24,7,19.9,4.8,37.08,1.76,11.83
lukas-boeder,Lukas Boeder,Defender,SG Dynamo Dresden,2. Bundesliga,29,38.0,44.0,50.0,20,13,36.1,6.13,37.5,0.66,5.51
richmond-tachie,Richmond Tachie,Forward,1. FC Magdeburg,2. Bundesliga,27,40.0,38.0,52.5,21,3,14.5,0.59,37.38,0.42,6.31
william-mikelbrencis,William Mikelbrencis,Defender,SV Darmstadt 1898,2. Bundesliga,22,33.0,35.0,62.5,25,14,39.1,-3.75,38.0,2.14,2.62
david-zec,David Zec,Defender,Kieler SV Holstein 1900,2. Bundesliga,26,39.0,45.0,82.5,33,33,69.1,7.64,36.52,0.76,4.36
joel-rasmus-felix,Joel Felix,Defender,DSC Arminia Bielefeld,2. Bundesliga,28,44.0,48.0,35.0,14,12,28.9,7.86,40.36,0.85,6.72
sigurd-hauso-haugen,Sigurd Haugen,Forward,1. FC Nürnberg,2. Bundesliga,29,34.0,34.0,7.5,3,0,8.6,-1.07,35.0,0.37,8.11
gustaf-nilsson,Gustaf Nilsson,Forward,Hertha Berlin,2. Bundesliga,29,38.0,38.0,22.5,9,0,2.0,0.43,37.78,1.85,9.44
tim-campulka,Tim Campulka,Defender,FC Energie Cottbus,2. Bundesliga,27,33.0,33.0,5.0,2,0,10.0,8.1,25.0,1.06,5.84
luca-raimund,Luca Raimund,Forward,VfL Osnabrück,2. Bundesliga,21,38.0,37.0,45.0,18,5,15.4,0.91,36.39,0.66,5.1
jakob-lemmer,Jakob Lemmer,Midfielder,SG Dynamo Dresden,2. Bundesliga,26,39.0,42.0,80.0,32,14,42.1,3.34,39.06,0.73,5.86
hayate-matsuda,Hayate Matsuda,Defender,Hannoverscher Sportverein 1896,2. Bundesliga,22,36.0,39.0,57.5,23,11,29.1,0.29,38.26,0.45,6.04
rayan-ghrieb,Rayan Ghrieb,Forward,1. FC Nürnberg,2. Bundesliga,27,39.0,43.0,67.5,27,10,29.4,4.9,38.33,0.36,6.17
yigit-karademir,Yiğit Karademir,Defender,VfL Bochum 1848,2. Bundesliga,22,33.0,33.0,7.5,3,1,16.6,-1.99,35.0,0.3,5.73
john-davis-meyer,John Meyer,Forward,Karlsruher SC,2. Bundesliga,17,33.0,33.0,7.5,3,0,22.8,-1.93,35.0,,
bernd-riesselmann,Bernd Riesselmann,Forward,VfL Osnabrück,2. Bundesliga,21,33.0,33.0,10.0,4,0,15.8,-1.9,35.0,1.07,4.96
daniel-hanslik,Daniel Hanslik,Forward,VfL Bochum 1848,2. Bundesliga,29,37.0,42.0,67.5,27,10,32.7,0.9,40.93,0.73,5.06
brian-henning,Bryan Henning,Midfielder,VfL Osnabrück,2. Bundesliga,31,33.0,33.0,5.0,2,0,4.4,-1.95,35.0,0.65,5.07
frank-feller,Frank Feller,Goalkeeper,1. FC Heidenheim 1846,2. Bundesliga,22,49.0,49.0,12.5,5,5,12.5,9.36,40.0,1.84,4.88
deniz-emre-ofli,Deniz Ofli,Defender,Karlsruher SC,2. Bundesliga,19,34.0,34.0,17.5,7,5,13.4,-0.82,35.0,0.58,5.79
tayar-tasdelen,Tayar Tasdelen,Midfielder,Kieler SV Holstein 1900,2. Bundesliga,20,33.0,33.0,2.5,1,0,2.2,-2.1,35.0,0.38,5.23
raoul-petretta,Raoul Petretta,Defender,SV Darmstadt 1898,2. Bundesliga,29,33.0,34.0,47.5,19,10,38.6,-0.81,35.0,0.38,5.08
leon-noel-mergner,Leon Mergner,Midfielder,1. FC Magdeburg,2. Bundesliga,20,32.0,32.0,5.0,2,1,21.4,-3.35,35.0,,
luca-kerber,Luca Kerber,Midfielder,1. FC Heidenheim 1846,2. Bundesliga,24,38.0,37.0,42.5,17,7,15.9,-0.09,37.06,0.49,5.26
loris-giandomenico,Loris Giandomenico,Defender,SpVgg Greuther Fürth,2. Bundesliga,20,31.0,31.0,22.5,9,0,4.0,-4.05,35.0,2.9,5.11
paul-seguin,Paul Seguin,Midfielder,Hertha Berlin,2. Bundesliga,31,35.0,42.0,72.5,29,29,73.3,7.71,33.97,0.75,6.82
pierre-nadjombe,Pierre Nadjombe,Defender,1. FC Magdeburg,2. Bundesliga,23,32.0,32.0,12.5,5,2,37.0,-3.49,35.0,0.43,5.47
leon-jensen,Leon Jensen,Midfielder,DSC Arminia Bielefeld,2. Bundesliga,29,35.0,35.0,7.5,3,0,2.0,6.97,28.33,0.95,2.41
ryan-malone,Ryan Malone,Defender,FC Energie Cottbus,2. Bundesliga,34,32.0,32.0,2.5,1,0,3.0,-2.74,35.0,1.14,5.13
aleksandar-vukotic,Aleksandar Vukotić,Defender,SV Darmstadt 1898,2. Bundesliga,31,41.0,45.0,67.5,27,13,39.3,10.4,35.93,0.91,6.31
yannik-luhrs,Yannik Lührs,Defender,SV Darmstadt 1898,2. Bundesliga,23,32.0,32.0,7.5,3,2,49.6,-2.89,35.0,0.65,6.26
giannis-masouras,Giannis Masouras,Defender,1. FC Nürnberg,2. Bundesliga,30,38.0,39.0,27.5,11,5,43.0,2.99,35.45,0.58,11.21
tim-civeja,Tim Civeja,Midfielder,Karlsruher SC,2. Bundesliga,24,31.0,31.0,7.5,3,1,17.8,-4.1,35.0,0.78,6.15
david-schramm,David Schramm,Midfielder,1. FC Kaiserslautern,2. Bundesliga,20,48.0,48.0,10.0,4,2,23.8,6.38,41.25,0.51,5.26
heliton-jorge-tito-dos-santos,Héliton,Defender,Karlsruher SC,2. Bundesliga,30,39.0,45.0,67.5,27,27,78.1,9.84,35.19,1.24,4.96
alessandro-vogt,Alessandro Vogt,Forward,1. FC Heidenheim 1846,2. Bundesliga,21,33.0,43.0,75.0,30,26,58.5,-2.04,44.17,1.64,11.6
simon-asta,Simon Asta,Defender,1. FC Kaiserslautern,2. Bundesliga,25,37.0,36.0,40.0,16,8,23.0,-0.98,36.56,0.36,6.09
henry-rorig,Henry Rorig,Defender,FC Energie Cottbus,2. Bundesliga,26,31.0,31.0,12.5,5,4,78.0,-3.6,35.0,1.22,5.58
christoph-daferner,Christoph Daferner,Forward,SG Dynamo Dresden,2. Bundesliga,28,34.0,40.0,67.5,27,9,25.3,-0.45,40.0,1.5,4.74
theo-janotta,Theo Janotta,Defender,VfL Osnabrück,2. Bundesliga,23,30.0,30.0,2.5,1,0,0.2,-4.86,35.0,1.23,5.0
ricky-jade-jones,Ricky-Jade Jones,Forward,FC St. Pauli,2. Bundesliga,23,35.0,38.0,27.5,11,3,11.2,0.44,37.27,1.38,5.06
samuel-klein-au,Samuel Klein,Midfielder,FC St. Pauli,2. Bundesliga,22,30.0,30.0,7.5,3,0,1.4,-4.53,35.0,0.52,5.07
julian-guttau,Julian Guttau,Midfielder,FC Energie Cottbus,2. Bundesliga,26,29.0,29.0,2.5,1,1,9.0,-6.2,35.0,1.06,5.04
jean-manuel-mbom,Manuel Mbom,Midfielder,VfL Bochum 1848,2. Bundesliga,26,34.0,39.0,42.5,17,10,32.6,1.28,37.94,0.52,8.45
gisli-gottskalk-thordarson,Gísli Þórðarson,Midfielder,FC St. Pauli,2. Bundesliga,22,41.0,41.0,22.5,9,2,12.6,5.59,35.0,2.01,5.31
tobias-hess,Tobias Heß,Defender,1. FC Nürnberg,2. Bundesliga,20,28.0,28.0,5.0,2,0,5.0,-7.28,35.0,,
simon-straudi,Simon Straudi,Defender,SG Dynamo Dresden,2. Bundesliga,27,28.0,28.0,5.0,2,0,18.0,3.42,25.0,0.36,5.01
jonas-adjei-adjetey,Jonas Adjetey,Defender,VfL Wolfsburg,2. Bundesliga,22,34.0,44.0,60.0,24,19,43.5,9.46,34.38,0.89,11.68
paul-scholl,Paul Scholl,Defender,Karlsruher SC,2. Bundesliga,20,43.0,42.0,40.0,16,7,20.6,5.16,36.88,0.43,6.78
elias-geoffrey-bakatukanda,Elias Bakatukanda,Defender,VfL Osnabrück,2. Bundesliga,22,42.0,42.0,22.5,9,8,25.3,6.8,35.56,1.52,3.34
lino-tempelmann,Lino Tempelmann,Midfielder,Braunschweiger TSV Eintracht 1895,2. Bundesliga,27,38.0,38.0,40.0,16,8,21.9,2.2,35.31,0.45,5.07
tim-henry-handwerker,Tim Handwerker,Defender,DSC Arminia Bielefeld,2. Bundesliga,28,44.0,57.0,57.5,23,20,50.1,14.08,43.26,0.54,6.63
fousseny-max-doumbia,Fousseny Doumbia,Defender,FC Energie Cottbus,2. Bundesliga,21,21.0,21.0,12.5,5,3,5.1,-6.38,27.0,0.36,5.43
pascal-david-loretz,Pascal Loretz,Goalkeeper,Hannoverscher Sportverein 1896,2. Bundesliga,23,48.0,43.0,82.5,33,33,80.3,4.12,39.09,5.18,25.4
dion-hofmeister,Dion Hofmeister,Midfielder,1. FC Kaiserslautern,2. Bundesliga,17,39.0,39.0,7.5,3,0,0.8,3.8,35.0,1.64,6.54
alexander-dercho,Alexander Dercho,Defender,VfL Osnabrück,2. Bundesliga,39,0.0,0.0,0.0,0,0,0.0,0.0,0.0,,
milian-herbst,Milian Herbst,Midfielder,SV Darmstadt 1898,2. Bundesliga,18,0.0,0.0,0.0,0,0,0.0,0.0,0.0,0.44,4.01
pavao-pervan,Pavao Pervan,Goalkeeper,VfL Wolfsburg,2. Bundesliga,38,0.0,0.0,0.0,0,0,0.0,0.0,0.0,1.28,7.11
giorgi-kvilitaia,Giorgi Kvilitaia,Forward,Kieler SV Holstein 1900,2. Bundesliga,32,45.0,45.0,30.0,12,5,27.3,3.23,41.25,0.37,4.41
robert-kampa,Robert Kampa,Goalkeeper,1. FC Magdeburg,2. Bundesliga,21,0.0,0.0,0.0,0,0,0.0,0.0,0.0,1.45,5.52
kevin-simon-manthey,Kevin Manthey,Forward,1. FC Magdeburg,2. Bundesliga,19,0.0,0.0,0.0,0,0,0.0,0.0,0.0,0.72,5.14
sirlord-conteh,Sirlord Conteh,Forward,1. FC Heidenheim 1846,2. Bundesliga,30,39.0,42.0,32.5,13,3,15.1,1.87,39.62,0.44,5.31
silas-joel-prufrock,Silas Prüfrock,Goalkeeper,SpVgg Greuther Fürth,2. Bundesliga,21,47.0,45.0,37.5,15,15,40.9,5.73,39.0,1.49,4.84
maxim-bora-dal,Maxim Dal,Defender,SpVgg Greuther Fürth,2. Bundesliga,20,0.0,0.0,0.0,0,0,0.0,0.0,0.0,0.59,6.08
daniel-richter-2008-04-08,Daniel Richter,Forward,DSC Arminia Bielefeld,2. Bundesliga,18,0.0,0.0,0.0,0,0,0.0,0.0,0.0,1.14,5.85
styopa-mkrtchyan,Styopa Mkrtchyan,Defender,1. FC Nürnberg,2. Bundesliga,23,34.0,39.0,47.5,19,13,34.1,1.76,36.58,0.66,6.54
ferdinand-gebert,Ferdinand Gebert,Goalkeeper,Karlsruher SC,2. Bundesliga,20,0.0,0.0,0.0,0,0,0.0,0.0,0.0,0.37,6.35
philipp-muller-2004-01-18,Philipp Müller,Midfielder,SpVgg Greuther Fürth,2. Bundesliga,22,0.0,0.0,0.0,0,0,0.0,0.0,0.0,0.44,2.01
olgherto-balliu,Olgherto Balliu,Midfielder,SpVgg Greuther Fürth,2. Bundesliga,20,0.0,0.0,0.0,0,0,0.0,0.0,0.0,,
mikayil-ngor-faye,Mikayil Faye,Defender,1. FC Nürnberg,2. Bundesliga,22,42.0,42.0,20.0,8,2,6.2,7.32,35.0,1.06,4.73
sebastian-schonlau,Sebastian Schonlau,Defender,Kieler SV Holstein 1900,2. Bundesliga,32,32.0,32.0,2.5,1,0,0.7,-3.14,35.0,0.51,1.55
thierry-fidjeu-tazemeta-junior,Thierry Fidjeu-Tazemeta,Midfielder,1. FC Kaiserslautern,2. Bundesliga,19,59.0,59.0,0.0,0,0,44.8,11.35,47.5,3.81,16.14
malte-wilke,Malte Wilke,Goalkeeper,FC Energie Cottbus,2. Bundesliga,19,0.0,0.0,0.0,0,0,0.0,0.0,0.0,1.44,5.99
lasse-rosenboom,Lasse Rosenboom,Defender,Kieler SV Holstein 1900,2. Bundesliga,24,40.0,36.0,65.0,26,18,45.0,0.98,35.38,0.37,4.37
grayson-dettoni,Grayson Dettoni,Defender,SV Darmstadt 1898,2. Bundesliga,21,54.0,54.0,5.0,2,0,5.3,19.39,35.0,0.5,3.95
christian-ortag,Christian Ortag,Goalkeeper,SpVgg Greuther Fürth,2. Bundesliga,31,0.0,0.0,0.0,0,0,0.0,0.0,0.0,0.37,6.04
aurel-badji-wagbe,Aurel Wagbe,Midfielder,VfL Bochum 1848,2. Bundesliga,22,0.0,0.0,0.0,0,0,0.0,0.0,0.0,2.92,5.25
alexander-vogel-2006-01-13,Alexander Vogel,Midfielder,Hannoverscher Sportverein 1896,2. Bundesliga,20,0.0,0.0,0.0,0,0,0.0,0.0,0.0,,
niklas-sauter,Niklas Sauter,Goalkeeper,VfL Osnabrück,2. Bundesliga,23,0.0,0.0,0.0,0,0,0.0,0.0,0.0,1.0,9.33
frederik-roslyng,Frederik Roslyng,Defender,Kieler SV Holstein 1900,2. Bundesliga,20,37.0,37.0,22.5,9,1,6.7,2.42,35.0,0.37,5.11
meldin-dreskovic,Meldin Drešković,Defender,SV Darmstadt 1898,2. Bundesliga,28,0.0,0.0,0.0,0,0,0.0,0.0,0.0,1.16,5.17
marcel-engelhardt,Marcel Engelhardt,Goalkeeper,Kieler SV Holstein 1900,2. Bundesliga,33,0.0,0.0,0.0,0,0,0.0,0.0,0.0,1.44,6.44
kevin-kratzsch,Kevin Kratzsch,Goalkeeper,FC Energie Cottbus,2. Bundesliga,24,0.0,0.0,0.0,0,0,0.0,0.0,0.0,0.72,3.19
yunus-unal,Yunus Ünal,Defender,Hannoverscher Sportverein 1896,2. Bundesliga,18,0.0,0.0,0.0,0,0,0.0,0.0,0.0,0.58,7.47
luca-boggemann,Luca Böggemann,Goalkeeper,VfL Osnabrück,2. Bundesliga,22,0.0,0.0,0.0,0,0,0.0,0.0,0.0,1.02,4.41
adem-bukvic,Adem Bukvic,Midfielder,VfL Osnabrück,2. Bundesliga,17,0.0,0.0,0.0,0,0,0.0,0.0,0.0,,
tom-hobrecht,Tom Hobrecht,Forward,Hannoverscher Sportverein 1896,2. Bundesliga,19,0.0,0.0,0.0,0,0,0.0,0.0,0.0,0.92,8.98
benedikt-borner,Benedikt Börner,Goalkeeper,SV Darmstadt 1898,2. Bundesliga,20,0.0,0.0,0.0,0,0,0.0,0.0,0.0,0.44,4.21
mathias-pereira-lage,Mathias Pereira Lage,Midfielder,FC St. Pauli,2. Bundesliga,29,40.0,39.0,60.0,24,21,48.8,0.92,38.13,1.14,5.32
merveille-papela,Merveille Papela,Midfielder,SV Darmstadt 1898,2. Bundesliga,25,40.0,41.0,55.0,22,6,23.1,4.04,37.27,0.44,5.65
jerome-kalil-diallo,Jerome Diallo,Defender,Hertha Berlin,2. Bundesliga,17,0.0,0.0,0.0,0,0,0.0,0.0,0.0,,
konstantin-gunter-georg-heide,Konstantin Heide,Goalkeeper,Hertha Berlin,2. Bundesliga,20,0.0,0.0,0.0,0,0,0.0,0.0,0.0,1.6,7.01
caspar-julius-medlin,Caspar Medlin,Defender,Kieler SV Holstein 1900,2. Bundesliga,19,0.0,0.0,0.0,0,0,0.0,0.0,0.0,1.09,5.12
christian-mathenia,Christian Mathenia,Goalkeeper,1. FC Nürnberg,2. Bundesliga,34,73.0,73.0,2.5,1,1,2.6,12.9,60.0,1.81,8.35
leon-schneider,Leon Schneider,Defender,DSC Arminia Bielefeld,2. Bundesliga,26,42.0,42.0,27.5,11,9,24.9,8.3,33.64,0.45,5.8
anderson-lenda-lucoqui,Anderson Lucoqui,Defender,FC Energie Cottbus,2. Bundesliga,29,0.0,0.0,0.0,0,0,0.0,0.0,0.0,1.2,5.21
erik-muller,Erik Müller,Midfielder,1. FC Kaiserslautern,2. Bundesliga,20,32.0,32.0,2.5,1,0,0.0,-3.3,35.0,0.66,6.46
do-yong-yoon,Yoon Do-Yong,Forward,1. FC Magdeburg,2. Bundesliga,19,33.0,33.0,5.0,2,0,0.9,-1.85,35.0,1.22,5.98
jelani-agendia-ndi,Jelani Ndi,Forward,Hertha Berlin,2. Bundesliga,19,0.0,0.0,0.0,0,0,0.0,0.0,0.0,,
winners-mark-osawe,Winners Osawe,Midfielder,1. FC Nürnberg,2. Bundesliga,19,0.0,0.0,0.0,0,0,0.0,0.0,0.0,1.01,6.26
bruno-katz,Bruno Katz,Forward,VfL Wolfsburg,2. Bundesliga,18,0.0,0.0,0.0,0,0,0.0,0.0,0.0,1.31,8.03
owen-lennox-gibs,Owen Gibs,Midfielder,1. FC Kaiserslautern,2. Bundesliga,19,35.0,35.0,10.0,4,1,2.3,0.15,35.0,1.01,6.73
taisei-abe,Taisei Abe,Midfielder,Kieler SV Holstein 1900,2. Bundesliga,22,49.0,49.0,70.0,28,27,62.8,16.21,32.5,0.72,5.05
can-yahya-moustfa,Can Moustfa,Forward,1. FC Nürnberg,2. Bundesliga,21,0.0,0.0,0.0,0,0,0.0,0.0,0.0,1.23,5.1
moritz-reimers,Moritz Reimers,Midfielder,Kieler SV Holstein 1900,2. Bundesliga,19,0.0,0.0,0.0,0,0,0.0,0.0,0.0,0.45,6.18
robin-heusser,Robin Heußer,Midfielder,Braunschweiger TSV Eintracht 1895,2. Bundesliga,28,42.0,42.0,62.5,25,19,49.9,4.85,37.2,0.44,3.88
karl-steinmann,Karl Steinmann,Defender,Hannoverscher Sportverein 1896,2. Bundesliga,20,0.0,0.0,0.0,0,0,0.0,0.0,0.0,0.95,5.32
hyeok-kyu-kwon,Kwon Hyeok-Kyu,Midfielder,Karlsruher SC,2. Bundesliga,25,36.0,38.0,45.0,18,13,27.0,2.41,35.28,0.8,9.71
lennart-grill,Lennart Grill,Goalkeeper,SG Dynamo Dresden,2. Bundesliga,27,33.0,33.0,15.0,6,6,15.9,1.23,31.67,1.38,5.17
ivan-prtajin,Ivan Prtajin,Forward,1. FC Kaiserslautern,2. Bundesliga,30,51.0,55.0,27.5,11,9,22.4,5.25,50.91,1.62,5.98
steven-skrzybski,Steven Skrzybski,Forward,Kieler SV Holstein 1900,2. Bundesliga,33,53.0,50.0,37.5,15,10,24.2,7.94,41.67,1.16,4.78
aaron-reschke,Aaron Reschke,Midfielder,FC Energie Cottbus,2. Bundesliga,18,0.0,0.0,0.0,0,0,0.0,0.0,0.0,1.2,5.01
hugo-johannes-walter-rolleke,Hugo Rölleke,Goalkeeper,VfL Bochum 1848,2. Bundesliga,21,0.0,0.0,0.0,0,0,0.0,0.0,0.0,0.9,5.89
sidney-raebiger,Sidney Raebiger,Midfielder,Braunschweiger TSV Eintracht 1895,2. Bundesliga,21,35.0,35.0,12.5,5,1,1.9,0.44,35.0,0.37,5.37
benjamin-uphoff,Benjamin Uphoff,Goalkeeper,Braunschweiger TSV Eintracht 1895,2. Bundesliga,33,0.0,0.0,0.0,0,0,0.0,0.0,0.0,0.45,5.11
tarek-chahed,Tarek Chahed,Defender,1. FC Magdeburg,2. Bundesliga,30,0.0,0.0,0.0,0,0,0.0,0.0,0.0,0.58,5.2
benjamin-merlin-zank,Benjamin Zank,Forward,SpVgg Greuther Fürth,2. Bundesliga,22,0.0,0.0,0.0,0,0,0.0,0.0,0.0,0.37,5.99
nicolas-ortegel,Nicolas Ortegel,Goalkeeper,1. FC Nürnberg,2. Bundesliga,22,0.0,0.0,0.0,0,0,0.0,0.0,0.0,0.35,5.22
niklas-hildebrandt,Niklas Hildebrandt,Forward,Hertha Berlin,2. Bundesliga,18,40.0,40.0,2.5,1,0,1.2,5.0,35.0,,
noah-kruth,Noah Kruth,Goalkeeper,1. FC Magdeburg,2. Bundesliga,23,0.0,0.0,0.0,0,0,0.0,0.0,0.0,1.78,5.81
lowe-matteo-jose-bjerlestam,Lowe Bjerlestam,Goalkeeper,VfL Osnabrück,2. Bundesliga,18,0.0,0.0,0.0,0,0,0.0,0.0,0.0,,
felix-mark,Felix Mark,Goalkeeper,1. FC Heidenheim 1846,2. Bundesliga,18,0.0,0.0,0.0,0,0,0.0,0.0,0.0,1.24,4.99
eyyub-arda-yasar,Eyyüb Arda,Midfielder,DSC Arminia Bielefeld,2. Bundesliga,18,37.0,37.0,15.0,6,0,2.0,1.65,35.0,1.42,5.86
isidoros-koutsidis,Isidoros Koutsidis,Defender,Braunschweiger TSV Eintracht 1895,2. Bundesliga,21,0.0,0.0,0.0,0,0,0.0,0.0,0.0,1.76,
max-bohnke,Max Böhnke,Goalkeeper,FC Energie Cottbus,2. Bundesliga,23,0.0,0.0,0.0,0,0,0.0,0.0,0.0,1.38,5.02
sanoussy-ba,Sanoussy Ba,Defender,Braunschweiger TSV Eintracht 1895,2. Bundesliga,22,27.0,27.0,2.5,1,0,0.2,-8.12,35.0,0.3,4.75
chung-hyun-lee,Lee Chung-Hyun,Forward,1. FC Magdeburg,2. Bundesliga,19,35.0,35.0,2.5,1,0,0.2,0.0,35.0,1.29,5.12
pharell-hensel,Pharell Hensel,Midfielder,VfL Wolfsburg,2. Bundesliga,19,35.0,35.0,12.5,5,1,2.2,-0.38,35.0,0.87,5.62
frederik-jakel,Frederik Jäkel,Defender,Braunschweiger TSV Eintracht 1895,2. Bundesliga,25,0.0,0.0,0.0,0,0,0.0,0.0,0.0,1.23,6.08
boris-chi-manuzah-lum,Boris Lum,Midfielder,Hertha Berlin,2. Bundesliga,18,37.0,37.0,12.5,5,0,2.0,2.06,35.0,1.56,7.45
milos-lukovic,Miloš Luković,Forward,1. FC Kaiserslautern,2. Bundesliga,20,36.0,39.0,35.0,14,11,23.6,0.11,38.93,1.51,8.35
daniel-mesenholer,Daniel Mesenhöler,Goalkeeper,SG Dynamo Dresden,2. Bundesliga,31,90.0,90.0,2.5,1,1,2.6,29.9,60.0,0.98,5.22
mehmet-avlayici,Mehmet Avlayici,Midfielder,SpVgg Greuther Fürth,2. Bundesliga,20,36.0,36.0,5.0,2,0,1.2,0.6,35.0,0.94,4.25
adam-kolle,Adam Kölle,Defender,1. FC Heidenheim 1846,2. Bundesliga,20,35.0,35.0,15.0,6,0,2.5,-6.27,39.17,0.41,4.04
jannik-westphal,Jannik Westphal,Defender,FC St. Pauli,2. Bundesliga,22,0.0,0.0,0.0,0,0,0.0,0.0,0.0,,
aaron-zehnter,Aaron Zehnter,Defender,VfL Wolfsburg,2. Bundesliga,21,35.0,40.0,45.0,18,15,33.7,3.43,36.39,1.19,7.72
lio-mark-rothenhagen,Lio Rothenhagen,Goalkeeper,Kieler SV Holstein 1900,2. Bundesliga,20,0.0,0.0,0.0,0,0,0.0,0.0,0.0,1.1,5.41
tan-kenneth-jerico-schmidt,Kenneth Schmidt,Defender,SG Dynamo Dresden,2. Bundesliga,24,49.0,49.0,37.5,15,12,30.3,9.05,40.0,1.38,4.99
robin-himmelmann,Robin Himmelmann,Goalkeeper,Karlsruher SC,2. Bundesliga,37,37.0,37.0,2.5,1,1,2.6,2.4,35.0,0.36,6.35
leo-oppermann,Leo Oppermann,Goalkeeper,DSC Arminia Bielefeld,2. Bundesliga,25,0.0,0.0,0.0,0,0,0.0,0.0,0.0,1.09,6.08
jonathan-wensing,Jonathan Wensing,Midfielder,VfL Osnabrück,2. Bundesliga,22,0.0,0.0,0.0,0,0,0.0,0.0,0.0,0.59,5.07
nick-bodon,Nick Bodon,Goalkeeper,Braunschweiger TSV Eintracht 1895,2. Bundesliga,19,0.0,0.0,0.0,0,0,0.0,0.0,0.0,0.3,6.02
taycan-kurt,Taycan Kurt,Forward,Hannoverscher Sportverein 1896,2. Bundesliga,18,0.0,0.0,0.0,0,0,0.0,0.0,0.0,,
mayson-grothe,Mayson Grothe,Defender,Hertha Berlin,2. Bundesliga,17,0.0,0.0,0.0,0,0,0.0,0.0,0.0,,
nick-schmidt,Nick Schmidt,Midfielder,FC St. Pauli,2. Bundesliga,19,0.0,0.0,0.0,0,0,0.0,0.0,0.0,0.57,7.67
dimitar-mitov,Dimitar Mitov,Goalkeeper,FC St. Pauli,2. Bundesliga,29,43.0,44.0,70.0,28,28,63.0,4.34,39.82,0.47,7.68
mark-richter-montserrat,Mark Montserrat,Midfielder,Kieler SV Holstein 1900,2. Bundesliga,18,0.0,0.0,0.0,0,0,0.0,0.0,0.0,,
charlie-patino,Charlie Patino,Midfielder,VfL Bochum 1848,2. Bundesliga,22,42.0,42.0,52.5,21,4,13.2,7.63,34.05,1.09,4.08
eymen-laghrissi,Eymen Laghrissi,Forward,Karlsruher SC,2. Bundesliga,18,37.0,37.0,17.5,7,1,3.8,-1.91,38.57,0.44,5.1
rogerio-oliveira-da-silva,Rogério,Defender,VfL Wolfsburg,2. Bundesliga,28,0.0,0.0,0.0,0,0,0.0,0.0,0.0,1.39,7.15
till-neininger,Till Neininger,Defender,SG Dynamo Dresden,2. Bundesliga,19,0.0,0.0,0.0,0,0,0.0,0.0,0.0,1.04,5.36
lubambo-musonda,Lubambo Musonda,Defender,1. FC Magdeburg,2. Bundesliga,31,53.0,44.0,67.5,27,24,57.2,5.24,38.15,0.5,6.22
khalid-abu-el-haija,Khalid El Haija,Defender,1. FC Nürnberg,2. Bundesliga,20,0.0,0.0,0.0,0,0,0.0,0.0,0.0,,
matthias-bader,Matthias Bader,Defender,SV Darmstadt 1898,2. Bundesliga,29,38.0,38.0,27.5,11,0,5.0,3.28,35.0,1.09,5.22
enis-vauclain-kamga,Enis Kamga,Goalkeeper,1. FC Kaiserslautern,2. Bundesliga,19,10.0,10.0,2.5,1,1,2.6,-5.1,15.0,2.07,15.1
jonas-werner-schwanke,Jonas Schwanke,Goalkeeper,Hannoverscher Sportverein 1896,2. Bundesliga,19,0.0,0.0,0.0,0,0,0.0,0.0,0.0,0.72,7.48
leon-sawas,Leon Sawas,Defender,VfL Bochum 1848,2. Bundesliga,19,0.0,0.0,0.0,0,0,0.0,0.0,0.0,,
kian-scheer,Kian Scheer,Midfielder,1. FC Kaiserslautern,2. Bundesliga,19,0.0,0.0,0.0,0,0,0.0,0.0,0.0,,
ben-schmit,Ben Schmit,Goalkeeper,Kieler SV Holstein 1900,2. Bundesliga,18,0.0,0.0,0.0,0,0,0.0,0.0,0.0,1.36,5.14
philipp-strompf,Philipp Strompf,Defender,VfL Bochum 1848,2. Bundesliga,28,41.0,48.0,60.0,24,24,62.4,11.05,37.08,0.36,4.41
trevor-chidubem-benedict,Trevor Benedict,Forward,VfL Wolfsburg,2. Bundesliga,19,0.0,0.0,0.0,0,0,0.0,0.0,0.0,0.72,6.62
fabian-nurnberger,Fabian Nürnberger,Midfielder,SV Darmstadt 1898,2. Bundesliga,27,45.0,46.0,37.5,15,11,25.0,7.92,38.33,0.37,5.36
lars-bunning,Lars Bünning,Defender,SG Dynamo Dresden,2. Bundesliga,28,48.0,48.0,17.5,7,4,11.6,9.6,38.57,0.5,5.07
joschua-caspar-siewert,Joschua Siewert,Defender,Hannoverscher Sportverein 1896,2. Bundesliga,17,0.0,0.0,0.0,0,0,0.0,0.0,0.0,,
omar-abdel-megeed,Omar Abdel Megeed,Forward,SpVgg Greuther Fürth,2. Bundesliga,21,0.0,0.0,0.0,0,0,0.0,0.0,0.0,0.93,5.62
axel-borgmann,Axel Borgmann,Defender,FC Energie Cottbus,2. Bundesliga,32,32.0,32.0,0.0,0,0,62.4,1.14,31.0,0.51,4.5
paul-hennrich,Paul Hennrich,Midfielder,1. FC Heidenheim 1846,2. Bundesliga,21,45.0,45.0,0.0,0,0,9.0,1.77,43.33,0.82,5.3
joey-taubeneck,Joey Taubeneck,Defender,FC Energie Cottbus,2. Bundesliga,19,0.0,0.0,0.0,0,0,0.0,0.0,0.0,1.63,4.16
mwisho-mhango,Mwisho Mhango,Midfielder,Hannoverscher Sportverein 1896,2. Bundesliga,19,0.0,0.0,0.0,0,0,0.0,0.0,0.0,2.03,8.47
timon-wellenreuther,Timon Wellenreuther,Goalkeeper,VfL Wolfsburg,2. Bundesliga,30,46.0,45.0,85.0,34,34,76.5,6.99,37.65,5.65,32.65
luis-raphael-pick,Luis Pick,Forward,VfL Bochum 1848,2. Bundesliga,18,0.0,0.0,0.0,0,0,0.0,0.0,0.0,1.97,5.1
andrea-ceresoli,Andrea Ceresoli,Defender,1. FC Nürnberg,2. Bundesliga,23,0.0,0.0,0.0,0,0,0.0,0.0,0.0,,
hamza-muqaj,Hamza Muqaj,Midfielder,Kieler SV Holstein 1900,2. Bundesliga,20,0.0,0.0,0.0,0,0,0.0,0.0,0.0,2.01,4.03
jonas-hofmann,Jonas Hofmann,Midfielder,FC Energie Cottbus,2. Bundesliga,29,0.0,0.0,0.0,0,0,0.0,0.0,0.0,0.59,5.07
luca-marseiler,Luca Marseiler,Forward,SV Darmstadt 1898,2. Bundesliga,29,63.0,56.0,52.5,21,17,44.4,11.99,43.81,0.58,5.68
can-hayri-ozkan,Can Özkan,Midfielder,DSC Arminia Bielefeld,2. Bundesliga,27,0.0,0.0,0.0,0,0,0.0,0.0,0.0,,
jasper-fynn-reinhold,Jasper Reinhold,Midfielder,Hannoverscher Sportverein 1896,2. Bundesliga,18,0.0,0.0,0.0,0,0,0.0,0.0,0.0,,
christian-dannemann-eriksen,Christian Eriksen,Midfielder,VfL Wolfsburg,2. Bundesliga,34,58.0,54.0,85.0,34,30,68.7,8.44,45.29,1.58,9.77
andu-yobel-kelati,Andu Kelati,Midfielder,Kieler SV Holstein 1900,2. Bundesliga,24,41.0,41.0,15.0,6,5,11.2,6.35,35.0,1.01,3.79
alexander-brunst-zollner,Alexander Brunst,Goalkeeper,SV Darmstadt 1898,2. Bundesliga,31,0.0,0.0,0.0,0,0,0.0,0.0,0.0,0.89,5.96
felix-hagmann,Felix Hagmann,Defender,DSC Arminia Bielefeld,2. Bundesliga,22,36.0,36.0,27.5,11,6,19.2,1.18,35.0,0.92,6.22
asuma-ikari,Asuma Ikari,Midfielder,Hannoverscher Sportverein 1896,2. Bundesliga,21,0.0,0.0,0.0,0,0,,0.0,0.0,,
philip-hildesheim,Philip Hildesheim,Goalkeeper,DSC Arminia Bielefeld,2. Bundesliga,21,0.0,0.0,0.0,0,0,0.0,0.0,0.0,0.99,4.49
simon-spari,Simon Spari,Goalkeeper,FC St. Pauli,2. Bundesliga,24,0.0,0.0,0.0,0,0,0.0,0.0,0.0,1.13,6.11
oluwaseun-adewumi,Oluwaseun Adewumi,Forward,Hertha Berlin,2. Bundesliga,21,48.0,39.0,0.0,0,0,48.8,-1.64,40.3,4.84,7.88
ivan-knezevic-2007-03-09,Ivan Knežević,Defender,1. FC Kaiserslautern,2. Bundesliga,19,0.0,0.0,0.0,0,0,0.0,0.0,0.0,0.98,4.97
jakob-krautkramer,Jakob Krautkrämer,Defender,SpVgg Greuther Fürth,2. Bundesliga,21,0.0,0.0,0.0,0,0,0.0,0.0,0.0,,
damjan-kovacevic-2004-08-28,Damjan Kovacevic,Defender,Braunschweiger TSV Eintracht 1895,2. Bundesliga,22,33.0,32.0,47.5,19,9,29.4,-5.19,36.58,0.44,3.69
haron-sabah,Haron Sabah,Forward,FC St. Pauli,2. Bundesliga,22,0.0,0.0,0.0,0,0,0.0,0.0,0.0,,
yannick-onohiol,Yannick Onohiol,Goalkeeper,1. FC Kaiserslautern,2. Bundesliga,22,0.0,0.0,0.0,0,0,0.0,0.0,0.0,1.15,9.34
luca-samuel-kroger,Luca Kröger,Midfielder,VfL Osnabrück,2. Bundesliga,17,0.0,0.0,0.0,0,0,0.0,0.0,0.0,,
elias-bethke,Elias Bethke,Goalkeeper,SG Dynamo Dresden,2. Bundesliga,23,0.0,0.0,0.0,0,0,0.0,0.0,0.0,0.59,5.13
marwin-reiner-ian-schmitz,Marwin Schmitz,Midfielder,FC St. Pauli,2. Bundesliga,19,0.0,0.0,0.0,0,0,0.0,0.0,0.0,0.37,6.01
leart-paqarada,Leart Pacarada,Defender,1. FC Heidenheim 1846,2. Bundesliga,31,0.0,0.0,0.0,0,0,0.0,0.0,0.0,0.64,7.98
kian-leon-todorovic,Kian Todorović,Midfielder,Hertha Berlin,2. Bundesliga,19,0.0,0.0,0.0,0,0,0.0,0.0,0.0,,
elias-benkara,Elias Benkara,Defender,SpVgg Greuther Fürth,2. Bundesliga,19,0.0,0.0,0.0,0,0,0.0,0.0,0.0,1.96,4.72
noah-engelbreth,Noah Engelbreth,Midfielder,Hannoverscher Sportverein 1896,2. Bundesliga,21,0.0,0.0,0.0,0,0,0.0,0.0,0.0,,
tim-goller,Tim Goller,Goalkeeper,Hertha Berlin,2. Bundesliga,21,0.0,0.0,0.0,0,0,0.0,0.0,0.0,0.9,6.01
babis-charalampos-drakas,Babis Drakas,Forward,VfL Bochum 1848,2. Bundesliga,23,0.0,0.0,0.0,0,0,0.0,0.0,0.0,1.5,6.47
robin-lisewski,Robin Lisewski,Goalkeeper,1. FC Nürnberg,2. Bundesliga,20,0.0,0.0,0.0,0,0,0.0,0.0,0.0,1.06,5.07
lukas-kunze,Lukas Kunze,Midfielder,DSC Arminia Bielefeld,2. Bundesliga,28,0.0,0.0,0.0,0,0,0.0,0.0,0.0,0.99,5.13
tino-casali,Tino Casali,Goalkeeper,VfL Bochum 1848,2. Bundesliga,30,0.0,0.0,0.0,0,0,0.0,0.0,0.0,0.67,5.3
aster-vranckx,Aster Vranckx,Midfielder,VfL Wolfsburg,2. Bundesliga,23,35.0,35.0,35.0,14,7,14.0,-0.19,35.0,0.63,4.67
paul-tschernuth,Paul Tschernuth,Goalkeeper,1. FC Heidenheim 1846,2. Bundesliga,24,0.0,0.0,0.0,0,0,0.0,0.0,0.0,1.06,5.07
max-pfister,Max Pfister,Defender,SV Darmstadt 1898,2. Bundesliga,19,0.0,0.0,0.0,0,0,0.0,0.0,0.0,1.08,5.21
kevin-boma,Kévin Boma,Defender,FC Red Bull Salzburg,Bundesliga,23,78.0,63.0,67.5,27,25,56.3,22.48,40.19,23.44,113.97
bartosz-mazurek,Bartosz Mazurek,Midfielder,FC Red Bull Salzburg,Bundesliga,19,62.0,57.0,42.5,17,11,57.3,16.06,41.18,20.74,56.58
nikolas-konrad-veratschnig,Nikolas Veratschnig,Defender,FC Red Bull Salzburg,Bundesliga,23,68.0,49.0,70.0,28,16,38.7,11.81,36.96,16.52,59.57
yannick-oberleitner,Yannick Oberleitner,Defender,Grazer AK,Bundesliga,24,51.0,51.0,25.0,10,7,20.7,15.09,35.5,2.0,4.98
samuel-oluwabukunmi-adeniran,Samuel Adeniran,Forward,LASK,Bundesliga,27,58.0,55.0,72.5,29,26,59.6,3.54,49.83,4.14,51.43
nenad-n-cvetkovic,Nenad Cvetković,Defender,SK Rapid,Bundesliga,30,66.0,58.0,90.0,36,35,78.3,19.59,39.03,5.78,28.25
marco-boras,Marco Boras,Defender,WSG Tirol,Bundesliga,24,60.0,53.0,77.5,31,31,82.7,13.54,38.87,1.47,17.96
tim-drexler,Tim Drexler,Defender,FC Red Bull Salzburg,Bundesliga,21,56.0,45.0,75.0,30,26,55.7,9.28,36.0,2.5,6.52
cheikh-mamadou-diabate,Mamadou Diabaté,Defender,RZ Pellets WAC,Bundesliga,22,46.0,43.0,50.0,20,12,35.5,6.95,36.25,0.98,13.46
daniil-khudyakov,Daniil Khudyakov,Goalkeeper,SK Puntigamer Sturm Graz,Bundesliga,22,62.0,57.0,47.5,19,19,42.8,10.54,46.84,6.36,50.47
thomas-sabitzer,Thomas Sabitzer,Forward,WSG Tirol,Bundesliga,25,38.0,40.0,55.0,22,11,29.0,1.87,38.41,0.76,6.36
yusuf-demir,Yusuf Demir,Forward,SK Rapid,Bundesliga,23,62.0,55.0,47.5,19,10,25.9,14.47,41.58,17.75,50.01
johannes-handl,Johannes Handl,Defender,FK Austria Wien,Bundesliga,28,59.0,46.0,62.5,25,12,31.3,10.9,35.2,2.6,9.73
haris-tabakovic,Haris Tabaković,Forward,FC Red Bull Salzburg,Bundesliga,32,57.0,46.0,87.5,35,29,63.0,0.87,44.71,12.68,33.98
xavier-mbuyamba,Xavier Mbuyamba,Defender,LASK,Bundesliga,24,65.0,49.0,85.0,34,17,48.7,10.1,38.53,5.9,40.14
abubakr-barry,Abubakr Barry,Midfielder,FC Red Bull Salzburg,Bundesliga,26,57.0,52.0,80.0,32,31,77.3,10.21,41.25,4.78,22.63
karim-konate,Karim Konaté,Forward,FC Red Bull Salzburg,Bundesliga,22,49.0,46.0,75.0,30,15,35.6,0.58,45.0,4.29,13.96
joao-victor-tornich,João Victor,Defender,LASK,Bundesliga,23,61.0,52.0,77.5,31,31,73.2,16.93,34.68,4.86,20.74
sascha-horvath,Sascha Horvath,Midfielder,LASK,Bundesliga,30,55.0,59.0,82.5,33,33,81.8,17.65,41.06,8.22,67.36
nicolas-bajlicz,Nicolas Bajlicz,Midfielder,SK Rapid,Bundesliga,22,55.0,46.0,90.0,36,27,56.4,10.1,35.83,7.37,19.4
danilo-teodoro-soares,Danilo Soares,Defender,SC Austria Lustenau,Bundesliga,34,61.0,61.0,17.5,7,7,16.6,22.13,42.14,1.88,6.52
simon-seidl,Simon Seidl,Midfielder,SK Puntigamer Sturm Graz,Bundesliga,24,57.0,50.0,85.0,34,32,72.5,4.97,44.85,2.77,19.49
matthias-seidl,Matthias Seidl,Midfielder,SK Rapid,Bundesliga,25,65.0,62.0,92.5,37,33,75.3,18.59,43.11,20.84,60.41
drew-hokulani-murray,Drew Murray,Defender,WSG Tirol,Bundesliga,20,56.0,56.0,15.0,6,6,89.5,12.26,43.33,1.83,7.08
andres-andrade-cedeno,Andres Andrade,Defender,LASK,Bundesliga,27,69.0,61.0,100.0,40,40,88.8,21.36,40.63,11.15,62.1
valentin-zabransky,Valentin Zabransky,Defender,FC Red Bull Salzburg,Bundesliga,19,56.0,56.0,22.5,9,8,26.3,23.6,32.78,3.66,19.91
krystof-danek,Kryštof Daněk,Midfielder,LASK,Bundesliga,23,51.0,48.0,67.5,27,19,43.6,6.36,41.48,1.83,7.33
aleksandar-dragovic,Aleksandar Dragović,Defender,FK Austria Wien,Bundesliga,35,50.0,53.0,82.5,33,31,73.3,14.72,37.42,2.53,7.54
christian-zawieschitzky,Christian Zawieschitzky,Goalkeeper,FC Red Bull Salzburg,Bundesliga,19,59.0,59.0,32.5,13,13,29.2,11.48,47.69,26.72,73.93
moses-usor,Moses Usor,Forward,LASK,Bundesliga,24,57.0,61.0,85.0,34,29,70.8,10.51,50.0,12.67,58.98
tobias-kainz,Tobias Kainz,Midfielder,TSV Egger Glas Hartberg,Bundesliga,33,55.0,49.0,75.0,30,28,72.7,8.56,40.17,1.51,7.9
benedikt-zech,Benedikt Zech,Defender,SCR Altach,Bundesliga,35,49.0,49.0,70.0,28,28,78.3,14.64,34.29,0.38,6.64
donovan-pines,Donovan Pines,Defender,Grazer AK,Bundesliga,28,55.0,51.0,77.5,31,31,87.2,13.31,37.42,1.6,4.55
marco-philip-hoffman,Marco Hoffmann,Forward,TSV Egger Glas Hartberg,Bundesliga,22,52.0,42.0,77.5,31,27,67.3,0.79,41.13,2.35,9.59
edmund-baidoo,Edmund Baidoo,Forward,FC Red Bull Salzburg,Bundesliga,20,53.0,50.0,85.0,34,26,54.7,7.37,42.35,5.96,27.39
serge-philippe-raux-yao,Serge-Philippe Raux-Yao,Defender,SK Rapid,Bundesliga,27,54.0,57.0,85.0,34,32,72.4,18.82,38.24,4.69,17.08
emran-soglo,Emran Soglo,Defender,SK Puntigamer Sturm Graz,Bundesliga,21,64.0,53.0,65.0,26,19,42.1,12.97,39.81,1.94,18.71
ante-bajic,Ante Bajic,Forward,SV Oberbank Ried,Bundesliga,31,49.0,49.0,80.0,32,31,79.0,5.13,43.75,2.05,5.98
melayro-bogarde,Melayro Bogarde,Defender,LASK,Bundesliga,24,60.0,57.0,85.0,34,30,76.7,16.53,40.44,4.27,30.48
florian-flecker,Florian Flecker,Forward,LASK,Bundesliga,30,47.0,41.0,52.5,21,1,8.5,2.6,38.57,1.7,7.16
yann-massombo-litawumba,Yann Massombo,Midfielder,SCR Altach,Bundesliga,26,56.0,49.0,72.5,29,28,75.1,6.59,42.07,1.27,4.32
dion-kacuri,Dion Kacuri,Midfielder,SC Austria Lustenau,Bundesliga,22,49.0,47.0,37.5,15,10,24.9,10.61,36.67,1.49,6.2
petter-nosakhare-dahl,Petter Dahl,Forward,SK Rapid,Bundesliga,22,52.0,48.0,77.5,31,19,42.0,5.35,43.06,3.28,24.21
emmanuel-chukwu,Emmanuel Chukwu,Defender,SC Austria Lustenau,Bundesliga,19,41.0,39.0,40.0,16,4,17.0,0.15,38.44,1.58,4.34
dominik-robin-schmid,Dominik Schmid,Defender,FC Red Bull Salzburg,Bundesliga,28,60.0,61.0,90.0,36,32,75.3,21.86,39.58,3.7,12.83
yussef-nasrawe,Yussef Nasrawe,Midfielder,SV Oberbank Ried,Bundesliga,19,51.0,45.0,52.5,21,13,48.3,6.14,38.57,1.31,7.35
fabian-wilfinger,Fabian Wilfinger,Midfielder,TSV Egger Glas Hartberg,Bundesliga,23,54.0,58.0,77.5,31,31,87.0,17.09,41.13,1.76,10.38
petar-petrovic-2005-07-13,Petar Petrović,Defender,SK Puntigamer Sturm Graz,Bundesliga,21,42.0,42.0,10.0,4,3,21.9,11.59,30.0,0.3,5.61
jonas-karner,Jonas Karner,Midfielder,TSV Egger Glas Hartberg,Bundesliga,21,47.0,47.0,7.5,3,1,3.1,3.33,43.33,0.36,5.17
benjamin-bockle,Benjamin Böckle,Defender,SCR Altach,Bundesliga,24,42.0,40.0,75.0,30,29,78.2,1.93,37.67,0.92,7.06
reinhold-ranftl,Reinhold Ranftl,Midfielder,FK Austria Wien,Bundesliga,34,44.0,47.0,95.0,38,36,86.5,7.86,38.95,1.09,4.71
isaac-kiese-thelin,Isaac Thelin,Forward,SV Oberbank Ried,Bundesliga,34,41.0,41.0,45.0,18,6,25.6,-0.2,41.11,0.54,1.81
samuel-johansen-chukwudi,Samuel Chukwudi,Defender,SV Oberbank Ried,Bundesliga,23,52.0,52.0,15.0,6,6,90.0,13.04,39.17,0.98,7.7
seedy-jatta,Seedyahmed Jatta,Forward,SK Puntigamer Sturm Graz,Bundesliga,23,39.0,38.0,97.5,39,28,56.8,-0.41,38.21,0.95,6.21
moegamat-yusuf-maart,Yusuf Maart,Midfielder,SV Oberbank Ried,Bundesliga,31,50.0,52.0,82.5,33,32,79.3,15.05,36.52,1.13,15.75
florian-wustinger,Florian Wustinger,Midfielder,FK Austria Wien,Bundesliga,23,47.0,44.0,42.5,17,7,20.9,6.24,37.94,0.99,6.83
moritz-oswald,Moritz Oswald,Midfielder,WSG Tirol,Bundesliga,24,43.0,39.0,50.0,20,9,25.0,4.15,35.0,1.27,6.82
matteo-kitz,Matteo Kitz,Defender,RZ Pellets WAC,Bundesliga,19,51.0,51.0,10.0,4,2,49.2,16.42,35.0,0.91,6.05
patrick-greil,Patrick Greil,Midfielder,SCR Altach,Bundesliga,30,50.0,55.0,72.5,29,28,71.4,9.37,45.34,2.0,11.75
matthaus-taferner,Matthäus Taferner,Midfielder,WSG Tirol,Bundesliga,25,51.0,57.0,57.5,23,22,64.5,19.0,37.83,4.26,1.07
giacomo-vrioni,Giacomo Vrioni,Forward,RZ Pellets WAC,Bundesliga,27,45.0,40.0,52.5,21,7,28.0,1.29,39.05,1.22,15.26
dominik-weixelbraun,Dominik Weixelbraun,Forward,SC Austria Lustenau,Bundesliga,22,49.0,46.0,35.0,14,6,15.3,3.52,42.86,3.34,7.47
moulaye-haidara,Moulaye Haïdara,Forward,SK Rapid,Bundesliga,20,51.0,50.0,32.5,13,5,10.6,4.25,45.38,1.84,7.68
valentino-muller,Valentino Müller,Midfielder,FK Austria Wien,Bundesliga,27,52.0,54.0,67.5,27,27,86.4,11.61,42.78,0.43,1.49
samuel-sahin-radlinger,Samuel Sahin-Radlinger,Goalkeeper,FK Austria Wien,Bundesliga,33,53.0,46.0,95.0,38,38,90.8,4.49,41.05,2.84,26.53
arjan-malic,Arjan Malić,Defender,SK Puntigamer Sturm Graz,Bundesliga,21,45.0,42.0,62.5,25,16,36.1,3.28,38.4,1.28,4.32
alexander-hofleitner,Alexander Hofleitner,Forward,Grazer AK,Bundesliga,26,50.0,47.0,70.0,28,19,49.6,2.89,43.93,1.42,5.77
lukas-jungwirth,Lukas Jungwirth,Goalkeeper,LASK,Bundesliga,22,52.0,49.0,87.5,35,35,90.9,5.12,43.57,9.65,71.95
luis-francisco-balbo-vieira,Luís Balbo,Defender,SK Puntigamer Sturm Graz,Bundesliga,20,43.0,40.0,40.0,16,3,15.0,3.65,36.56,2.08,3.92
peter-michorl,Peter Michorl,Midfielder,Grazer AK,Bundesliga,31,47.0,47.0,15.0,6,6,88.8,3.23,43.33,1.03,7.35
salko-hamzic,Salko Hamzić,Goalkeeper,WSG Tirol,Bundesliga,20,52.0,52.0,15.0,6,6,13.5,8.7,43.33,2.91,31.35
stefan-schwab,Stefan Schwab,Midfielder,SV Oberbank Ried,Bundesliga,35,45.0,38.0,65.0,26,9,31.2,0.85,36.92,0.37,8.31
alessandro-schopf,Alessandro Schöpf,Midfielder,LASK,Bundesliga,32,44.0,48.0,70.0,28,15,38.3,8.5,39.46,1.14,7.38
niklas-niehoff,Niklas Niehoff,Midfielder,SCR Altach,Bundesliga,22,45.0,44.0,75.0,30,13,34.0,2.72,40.83,0.76,10.99
jurgen-heil,Jürgen Heil,Midfielder,SK Puntigamer Sturm Graz,Bundesliga,29,48.0,50.0,82.5,33,32,78.2,12.55,37.73,2.11,7.45
ismael-guerti,Ismaël Guerti,Midfielder,Grazer AK,Bundesliga,22,41.0,41.0,15.0,6,2,6.6,6.42,35.0,0.73,6.99
beres-owusu,Beres Owusu,Defender,Grazer AK,Bundesliga,23,48.0,47.0,77.5,31,31,87.2,11.12,35.81,1.62,7.25
fabian-wohlmuth,Fabian Wohlmuth,Defender,RZ Pellets WAC,Bundesliga,24,49.0,44.0,67.5,27,20,57.2,1.87,40.56,0.76,5.86
nikolai-baden-frederiksen,Nikolai Frederiksen,Forward,WSG Tirol,Bundesliga,26,46.0,51.0,77.5,31,28,70.5,7.22,44.35,1.05,8.12
niklas-hedl,Niklas Hedl,Goalkeeper,SK Rapid,Bundesliga,25,61.0,52.0,80.0,32,32,72.8,9.5,42.19,14.98,58.16
paul-friedrich-koller,Paul-Friedrich Koller,Defender,SK Puntigamer Sturm Graz,Bundesliga,24,48.0,49.0,77.5,31,26,64.8,12.81,35.97,1.17,5.18
miguel-freckleton,Miguel Freckleton,Defender,LASK,Bundesliga,23,47.0,52.0,85.0,34,31,69.8,14.66,36.62,0.57,5.64
robert-ljubicic,Robert Ljubičić,Midfielder,LASK,Bundesliga,27,45.0,45.0,20.0,8,6,25.9,6.19,38.75,1.8,12.43
oumar-diakite,Oumar Diakité,Forward,SK Puntigamer Sturm Graz,Bundesliga,22,46.0,41.0,67.5,27,12,29.6,1.73,39.07,2.85,12.5
jaedin-rhodes,Jaedin Rhodes,Midfielder,SV Oberbank Ried,Bundesliga,23,47.0,47.0,7.5,3,2,31.7,11.57,35.0,0.59,4.97
michael-oluwakorede-olakigbe,Michael Olakigbe,Forward,WSG Tirol,Bundesliga,22,52.0,52.0,15.0,6,6,83.3,6.58,45.0,1.89,12.92
mike-steven-bahre,Mike Steven Bähre,Midfielder,SCR Altach,Bundesliga,31,50.0,47.0,75.0,30,30,83.7,11.13,35.67,1.07,5.5
manuel-pfeifer,Manuel Pfeifer,Defender,TSV Egger Glas Hartberg,Bundesliga,27,48.0,48.0,2.5,1,1,44.0,13.24,35.0,1.86,0.71
vesel-demaku,Vesel Demaku,Midfielder,SCR Altach,Bundesliga,26,48.0,48.0,60.0,24,21,59.4,9.7,38.13,0.84,11.32
thomas-goiginger,Thomas Goiginger,Forward,WSG Tirol,Bundesliga,33,45.0,45.0,45.0,18,14,36.4,5.94,39.17,1.05,5.62
murat-satin,Murat Şatin,Midfielder,WSG Tirol,Bundesliga,30,46.0,41.0,72.5,29,17,49.8,2.08,38.45,0.29,5.91
angelo-gattermayer,Angelo Gattermayer,Forward,TSV Egger Glas Hartberg,Bundesliga,24,47.0,41.0,72.5,29,24,60.2,3.86,37.59,0.69,4.31
niama-pape-sissoko,Niama Sissoko,Forward,SV Oberbank Ried,Bundesliga,20,40.0,40.0,25.0,10,5,19.1,-0.45,40.0,1.33,10.82
sacha-delaye,Sacha Delaye,Midfielder,SC Austria Lustenau,Bundesliga,24,48.0,48.0,15.0,6,2,45.7,8.65,39.17,0.37,7.14
cican-stankovic,Cican Stanković,Goalkeeper,Grazer AK,Bundesliga,33,48.0,48.0,15.0,6,6,90.0,9.05,39.17,2.06,18.09
marco-tilio,Marco Tilio,Forward,SK Rapid,Bundesliga,25,50.0,45.0,45.0,18,6,15.8,3.48,41.94,2.98,3.41
donis-avdijaj,Donis Avdijaj,Midfielder,RZ Pellets WAC,Bundesliga,30,47.0,46.0,67.5,27,16,35.8,3.68,41.85,1.59,6.12
christoph-lang,Christoph Lang,Midfielder,LASK,Bundesliga,24,50.0,47.0,80.0,32,10,32.2,3.8,43.44,2.02,14.77
ammar-helac,Ammar Helac,Goalkeeper,SK Puntigamer Sturm Graz,Bundesliga,28,48.0,48.0,12.5,5,4,10.4,7.62,40.0,1.29,10.77
filip-rozga,Filip Rózga,Midfielder,SK Puntigamer Sturm Graz,Bundesliga,20,43.0,41.0,52.5,21,9,20.8,3.76,37.38,2.0,7.66
belmin-beganovic,Belmin Beganovic,Forward,SK Puntigamer Sturm Graz,Bundesliga,22,42.0,42.0,45.0,18,5,14.2,2.42,39.17,1.28,6.02
eaden-roka,Eaden Roka,Defender,SK Rapid,Bundesliga,19,49.0,49.0,15.0,6,2,6.7,13.97,35.0,1.68,4.43
christian-lichtenberger,Christian Lichtenberger,Midfielder,Grazer AK,Bundesliga,30,49.0,43.0,75.0,30,16,40.0,4.25,38.67,1.33,2.07
rassa-rahmani,Rassa Rahmani,Defender,SCR Altach,Bundesliga,26,46.0,46.0,17.5,7,5,21.4,11.29,35.0,0.9,5.54
konstantin-schopp,Konstantin Schopp,Defender,TSV Egger Glas Hartberg,Bundesliga,20,48.0,46.0,30.0,12,10,20.4,12.0,33.75,1.21,4.87
marc-striednig,Marc Striednig,Midfielder,WSG Tirol,Bundesliga,20,46.0,46.0,12.5,5,4,61.5,5.62,40.0,0.61,3.81
antonio-verinac,Antonio Verinac,Forward,SC Austria Lustenau,Bundesliga,21,38.0,38.0,22.5,9,4,17.8,-2.56,39.44,1.23,4.81
magnus-dalpiaz,Magnus Dalpiaz,Defender,TSV Egger Glas Hartberg,Bundesliga,19,45.0,45.0,7.5,3,1,24.5,10.21,35.0,0.81,5.1
anilson-dourado-santiado,Anilson,Defender,SC Austria Lustenau,Bundesliga,25,45.0,45.0,5.0,2,1,35.3,10.3,35.0,1.9,
andreas-leitner,Andreas Leitner,Goalkeeper,SV Oberbank Ried,Bundesliga,32,45.0,48.0,87.5,35,35,90.0,7.55,40.71,1.44,16.07
filip-milojevic,Filip Milojević,Midfielder,SCR Altach,Bundesliga,21,36.0,44.0,67.5,27,26,71.4,6.04,37.96,0.6,6.05
benjamin-markus,Benjamin Markuš,Midfielder,TSV Egger Glas Hartberg,Bundesliga,25,43.0,41.0,80.0,32,32,88.4,6.26,35.16,0.44,6.15
george-bello,George Bello,Defender,LASK,Bundesliga,24,44.0,48.0,77.5,31,28,72.9,9.43,38.55,1.8,9.02
albert-vallci,Albert Vallci,Defender,SK Puntigamer Sturm Graz,Bundesliga,31,49.0,53.0,80.0,32,27,60.3,13.45,39.06,1.71,16.8
lord-afrifa,Lord Afrifa,Midfielder,SC Austria Lustenau,Bundesliga,20,45.0,45.0,15.0,6,6,78.3,10.25,35.0,1.06,4.06
ousmane-diawara,Ousmane Diawara,Forward,SCR Altach,Bundesliga,26,40.0,38.0,70.0,28,24,58.2,0.61,36.96,0.8,4.43
tonni-adamsen,Tonni Adamsen,Forward,SK Rapid,Bundesliga,31,50.0,55.0,85.0,34,33,76.9,8.13,47.35,3.62,20.21
vasilije-markovic,Vasilije Markovic,Midfielder,FK Austria Wien,Bundesliga,18,49.0,44.0,60.0,24,12,47.3,5.3,38.13,1.7,12.57
david-gugganig,David Gugganig,Defender,WSG Tirol,Bundesliga,29,41.0,42.0,42.5,17,9,28.6,7.22,35.0,1.55,2.41
john-olof-mellberg,John Mellberg,Defender,FC Red Bull Salzburg,Bundesliga,20,44.0,44.0,5.0,2,0,0.7,9.0,35.0,2.06,6.97
kelvin-owusu-boateng,Kelvin Boateng,Forward,FK Austria Wien,Bundesliga,26,40.0,40.0,77.5,31,10,29.6,-0.92,40.32,0.31,6.21
gizo-mamageishvili,Gizo Mamageishvili,Midfielder,SK Puntigamer Sturm Graz,Bundesliga,23,45.0,44.0,55.0,22,9,31.1,3.15,40.68,2.02,3.44
albin-gashi,Albin Gashi,Forward,SC Austria Lustenau,Bundesliga,29,42.0,42.0,15.0,6,4,44.0,6.95,35.0,1.1,4.5
ercan-kara,Ercan Kara,Forward,SK Rapid,Bundesliga,30,49.0,47.0,85.0,34,23,53.0,3.83,43.82,3.5,6.33
jakob-brandtner,Jakob Brandtner,Defender,SCR Altach,Bundesliga,20,43.0,43.0,5.0,2,0,1.5,8.08,35.0,0.91,3.88
bendeguz-bolla,Bendegúz Bolla,Defender,SK Rapid,Bundesliga,26,54.0,52.0,80.0,32,30,66.1,9.57,42.5,2.9,14.82
kasper-poul-molgaard-jorgensen,Kasper Jørgensen,Defender,LASK,Bundesliga,26,48.0,49.0,87.5,35,34,84.0,6.27,42.43,2.13,6.46
armin-pecsi,Ármin Pécsi,Goalkeeper,TSV Egger Glas Hartberg,Bundesliga,21,43.0,43.0,17.5,7,7,14.2,8.11,35.0,2.8,21.16
sota-kitano,Sota Kitano,Forward,FC Red Bull Salzburg,Bundesliga,22,43.0,49.0,80.0,32,23,49.0,6.34,42.19,2.32,14.33
dejan-stojanovic,Dejan Stojanovic,Goalkeeper,SCR Altach,Bundesliga,33,43.0,46.0,80.0,32,32,88.6,6.28,39.22,2.06,21.82
joshua-quarshie,Joshua Quarshie,Defender,SK Puntigamer Sturm Graz,Bundesliga,22,41.0,41.0,25.0,10,7,14.8,6.43,35.0,2.32,10.75
oliver-sorg-2007-07-31,Oliver Sorg,Defender,SV Oberbank Ried,Bundesliga,19,43.0,43.0,12.5,5,5,10.1,8.04,35.0,0.44,4.84
nikolaus-wurmbrand,Nikolaus Wurmbrand,Forward,SK Rapid,Bundesliga,20,45.0,43.0,97.5,39,22,51.7,4.97,37.82,1.17,3.78
julian-hettwer,Julian Hettwer,Forward,FK Austria Wien,Bundesliga,23,42.0,40.0,37.5,15,8,16.2,1.83,38.33,1.58,7.73
matthias-postl,Matthias Postl,Forward,TSV Egger Glas Hartberg,Bundesliga,20,36.0,36.0,5.0,2,1,12.0,0.8,35.0,0.28,0.85
umut-tohumcu,Umut Tohumcu,Midfielder,FC Red Bull Salzburg,Bundesliga,22,45.0,42.0,47.5,19,11,27.5,6.27,36.05,1.76,11.33
youba-diarra,Youba Diarra,Midfielder,TSV Egger Glas Hartberg,Bundesliga,28,40.0,44.0,52.5,21,12,33.6,6.82,37.62,0.51,5.0
simon-piesinger,Simon Piesinger,Midfielder,RZ Pellets WAC,Bundesliga,34,41.0,39.0,67.5,27,24,58.1,1.9,36.85,0.45,5.16
lukas-gutlbauer,Lukas Gütlbauer,Goalkeeper,RZ Pellets WAC,Bundesliga,25,47.0,47.0,12.5,5,5,13.6,2.04,45.0,1.37,16.46
lukas-spendlhofer,Lukas Spendlhofer,Defender,TSV Egger Glas Hartberg,Bundesliga,33,41.0,53.0,62.5,25,23,64.7,16.88,36.2,1.42,4.68
leandro-morgalla,Leandro-Noel Morgalla,Defender,FC Red Bull Salzburg,Bundesliga,22,34.0,41.0,80.0,32,23,47.3,5.46,35.31,1.59,5.27
otar-mamageishvili,Otar Mamageishvili,Midfielder,RZ Pellets WAC,Bundesliga,23,37.0,37.0,27.5,11,5,13.3,2.1,35.0,1.49,5.94
oliver-lukic,Oliver Lukić,Midfielder,TSV Egger Glas Hartberg,Bundesliga,19,41.0,40.0,27.5,11,5,16.3,5.25,35.0,0.69,5.76
niklas-pertlwieser,Niklas Pertlwieser,Defender,SC Austria Lustenau,Bundesliga,22,44.0,44.0,15.0,6,6,89.3,4.88,39.17,0.45,4.03
luca-weinhandl,Luca Weinhandl,Midfielder,SK Puntigamer Sturm Graz,Bundesliga,17,48.0,45.0,55.0,22,15,32.2,7.89,37.73,1.05,15.63
tae-seok-lee,Lee Tae-Seok,Defender,FK Austria Wien,Bundesliga,24,43.0,47.0,82.5,33,32,68.7,6.99,39.85,1.13,6.2
liam-hermesh,Liam Hermesh,Midfielder,Grazer AK,Bundesliga,22,38.0,38.0,10.0,4,4,50.7,-3.53,41.25,2.04,4.65
martin-rasner,Martin Rasner,Midfielder,SV Oberbank Ried,Bundesliga,31,36.0,36.0,70.0,28,7,23.2,1.95,34.29,0.36,4.29
yorbe-vertessen,Yorbe Vertessen,Forward,FC Red Bull Salzburg,Bundesliga,25,46.0,47.0,87.5,35,26,49.8,3.05,43.57,1.75,8.74
philipp-pomer,Philipp Pomer,Midfielder,SV Oberbank Ried,Bundesliga,29,46.0,47.0,70.0,28,24,62.1,6.31,40.54,0.66,2.3
husein-balic,Husein Balić,Forward,WSG Tirol,Bundesliga,30,35.0,35.0,15.0,6,6,77.2,-5.95,39.17,1.56,4.98
louis-schaub,Louis Schaub,Midfielder,SK Rapid,Bundesliga,31,48.0,46.0,45.0,18,6,16.6,5.61,40.56,1.87,6.94
jon-gorenc-stankovic,Jon Gorenc Stankovic,Defender,SK Puntigamer Sturm Graz,Bundesliga,30,48.0,49.0,95.0,38,36,77.8,10.67,37.89,2.17,11.12
oliver-steurer,Oliver Steurer,Defender,SV Oberbank Ried,Bundesliga,31,45.0,48.0,87.5,35,35,90.0,10.74,37.57,0.52,5.56
robin-voisine,Robin Voisine,Defender,SC Austria Lustenau,Bundesliga,24,40.0,40.0,2.5,1,0,0.7,4.64,35.0,0.22,5.08
kang-hee-lee,Lee Kang-Hee,Midfielder,FK Austria Wien,Bundesliga,25,39.0,39.0,72.5,29,22,51.3,5.21,33.62,0.86,2.94
seydou-diarra,Seydou Diarra,Forward,SC Austria Lustenau,Bundesliga,22,40.0,40.0,15.0,6,6,88.2,5.23,35.0,1.63,2.44
philipp-maybach,Philipp Maybach,Midfielder,FK Austria Wien,Bundesliga,18,45.0,40.0,72.5,29,21,39.5,5.03,35.17,1.57,7.29
fabian-hubert-rossdorfer,Fabian Rossdorfer,Midfielder,SV Oberbank Ried,Bundesliga,20,39.0,41.0,50.0,20,12,31.4,0.87,39.25,0.3,2.35
johannes-eggestein,Johannes Eggestein,Forward,FK Austria Wien,Bundesliga,28,38.0,49.0,82.5,33,30,68.1,4.4,43.79,1.75,8.12
mark-grosse,Mark Große,Forward,Grazer AK,Bundesliga,27,42.0,41.0,57.5,23,9,29.3,0.59,39.78,0.94,4.49
lukas-hinterseer,Lukas Hinterseer,Forward,WSG Tirol,Bundesliga,35,38.0,37.0,75.0,30,7,32.0,0.56,36.17,1.41,4.9
srdan-hrstic,Srđan Hrstić,Forward,SCR Altach,Bundesliga,23,39.0,39.0,80.0,32,14,39.0,0.35,38.28,0.38,3.44
paul-komposch,Paul Komposch,Defender,TSV Egger Glas Hartberg,Bundesliga,25,38.0,38.0,20.0,8,7,19.6,2.87,35.0,0.86,5.03
damir-redzic,Damir Redzic,Forward,FC Red Bull Salzburg,Bundesliga,23,44.0,42.0,60.0,24,11,34.5,4.87,37.08,2.8,8.64
rene-renner,René Renner,Defender,RZ Pellets WAC,Bundesliga,32,43.0,45.0,70.0,28,23,62.3,8.35,36.25,1.06,4.44
sankara-william-karamoko,Sankara Karamoko,Forward,RZ Pellets WAC,Bundesliga,22,37.0,37.0,10.0,4,0,11.5,1.83,35.0,0.37,3.57
jacob-italiano,Jacob Italiano,Defender,Grazer AK,Bundesliga,25,45.0,48.0,57.5,23,22,49.7,8.71,39.13,0.45,5.61
jonas-ilk,Jonas Ilk,Defender,LASK,Bundesliga,19,38.0,38.0,2.5,1,0,0.2,3.16,35.0,,
jannes-kilian-horn,Jannes Horn,Defender,SK Rapid,Bundesliga,29,57.0,52.0,55.0,22,18,38.4,12.55,40.0,1.21,5.94
emmanuel-ofori-agyemang,Emmanuel Agyemang,Midfielder,RZ Pellets WAC,Bundesliga,22,41.0,39.0,57.5,23,10,31.3,4.26,35.0,0.91,4.05
lenn-jastremski,Lenn Jastremski,Forward,SC Austria Lustenau,Bundesliga,25,37.0,37.0,15.0,6,0,16.2,2.42,35.0,0.29,4.8
manfred-fischer,Manfred Fischer,Midfielder,FK Austria Wien,Bundesliga,31,40.0,47.0,95.0,38,34,81.8,4.57,42.37,1.58,4.55
thorsten-schriebl,Thorsten Schriebl,Midfielder,RZ Pellets WAC,Bundesliga,27,43.0,49.0,57.5,23,17,41.1,9.35,39.35,0.85,3.67
nemanja-celic,Nemanja Celić,Midfielder,WSG Tirol,Bundesliga,27,36.0,36.0,12.5,5,2,39.0,1.24,35.0,0.83,2.41
anderson-dos-santos-gomes,Anderson,Midfielder,Grazer AK,Bundesliga,28,32.0,32.0,15.0,6,5,12.6,-2.65,35.0,0.67,4.65
aaron-sky-schwarz,Aaron Schwarz,Midfielder,RZ Pellets WAC,Bundesliga,22,47.0,47.0,15.0,6,5,55.2,6.5,40.83,0.71,10.45
lukas-jager,Lukas Jäger,Midfielder,SCR Altach,Bundesliga,32,38.0,40.0,72.5,29,26,72.5,6.56,33.62,0.91,3.41
tobias-koch,Tobias Koch,Midfielder,Grazer AK,Bundesliga,25,37.0,41.0,65.0,26,17,50.9,3.98,36.92,0.35,3.16
nael-mamadou-lamine-kane,Naël Kane,Forward,LASK,Bundesliga,20,35.0,35.0,10.0,4,0,3.0,0.28,35.0,,
enrique-marlon-aguilar,Enrique Aguilar,Forward,FC Red Bull Salzburg,Bundesliga,19,35.0,35.0,27.5,11,1,4.5,0.15,35.0,0.67,4.79
dejan-radonjic-2005-09-25,Dejan Radonjić,Defender,SV Oberbank Ried,Bundesliga,20,44.0,41.0,32.5,13,8,22.5,4.36,36.92,0.86,0.94
hasan-deshishku,Hasan Deshishku,Forward,FK Austria Wien,Bundesliga,18,38.0,38.0,12.5,5,0,8.4,2.76,35.0,1.63,4.78
jed-francis-drew,Jed Drew,Forward,TSV Egger Glas Hartberg,Bundesliga,23,39.0,38.0,32.5,13,2,9.7,1.0,36.92,0.6,4.13
jonas-feddersen,Jonas Feddersen,Defender,FK Austria Wien,Bundesliga,19,41.0,41.0,20.0,8,6,44.2,2.92,38.13,0.94,4.01
pius-grabher,Pius Grabher,Midfielder,SC Austria Lustenau,Bundesliga,33,37.0,37.0,10.0,4,0,4.0,1.68,35.0,0.29,6.15
raphael-gschosser,Raphael Gschösser,Midfielder,WSG Tirol,Bundesliga,20,41.0,41.0,12.5,5,3,8.2,3.44,36.0,0.92,4.98
chilohem-chukwuma-onuoha,Chilohem Onuoha,Forward,TSV Egger Glas Hartberg,Bundesliga,21,36.0,36.0,5.0,2,0,1.6,0.5,35.0,0.78,4.51
anthony-kevin-smits,Anthony Smits,Forward,Grazer AK,Bundesliga,21,34.0,34.0,10.0,4,1,18.8,-0.65,35.0,0.29,4.33
alieu-conateh,Alieu Conateh,Forward,SC Austria Lustenau,Bundesliga,19,37.0,37.0,7.5,3,0,8.8,2.47,35.0,2.4,5.14
domenik-schierl,Domenik Schierl,Goalkeeper,SC Austria Lustenau,Bundesliga,32,39.0,39.0,12.5,5,5,75.0,8.36,31.0,1.52,9.66
johannes-naschberger,Johannes Naschberger,Midfielder,SCR Altach,Bundesliga,26,40.0,40.0,62.5,25,21,69.4,5.28,35.2,0.29,0.71
erkin-yalcin,Erkin Yalcin,Forward,SCR Altach,Bundesliga,22,36.0,39.0,55.0,22,2,11.1,1.12,37.95,0.77,3.42
marko-raguz,Marko Raguž,Forward,SCR Altach,Bundesliga,28,37.0,37.0,35.0,14,1,6.3,0.11,36.79,0.91,4.65
sanel-saljic,Sanel Šaljić,Midfielder,FK Austria Wien,Bundesliga,20,40.0,40.0,67.5,27,17,36.2,0.96,38.7,1.78,6.55
szymon-wlodarczyk,Szymon Włodarczyk,Forward,SK Puntigamer Sturm Graz,Bundesliga,23,40.0,39.0,65.0,26,12,24.4,-0.85,39.81,0.51,4.19
yanis-eisschill,Yanis Eisschill,Midfielder,SCR Altach,Bundesliga,20,35.0,35.0,10.0,4,0,5.3,0.15,35.0,0.3,4.13
lukas-ibertsberger,Lukas Ibertsberger,Defender,SC Austria Lustenau,Bundesliga,23,35.0,35.0,2.5,1,0,4.5,-0.18,35.0,1.07,5.4
michael-sollbauer,Michael Sollbauer,Defender,Grazer AK,Bundesliga,36,43.0,46.0,70.0,28,28,69.8,10.08,36.07,0.3,4.69
frans-kratzig,Frans Krätzig,Defender,FC Red Bull Salzburg,Bundesliga,23,51.0,54.0,70.0,28,25,51.5,14.74,40.18,1.88,8.34
david-jaunegg,David Jaunegg,Defender,WSG Tirol,Bundesliga,23,32.0,31.0,27.5,11,3,10.4,-2.21,33.18,0.98,3.03
marco-schabauer,Marco Schabauer,Midfielder,RZ Pellets WAC,Bundesliga,20,34.0,34.0,12.5,5,4,44.2,-1.12,35.0,1.13,4.82
axel-kayombo,Axel Kayombo,Forward,SK Puntigamer Sturm Graz,Bundesliga,20,34.0,35.0,70.0,28,7,23.0,-2.0,36.79,0.6,4.89
nikolaus-feldhofer,Nikolaus Feldhofer,Midfielder,TSV Egger Glas Hartberg,Bundesliga,19,36.0,36.0,12.5,5,0,7.2,0.8,35.0,1.57,5.02
marco-alessandro-sulzner,Marco Sulzner,Midfielder,RZ Pellets WAC,Bundesliga,23,44.0,43.0,67.5,27,23,59.5,5.09,37.41,0.99,8.58
sasa-kalajdzic,Saša Kalajdžić,Forward,LASK,Bundesliga,29,53.0,49.0,72.5,29,16,37.8,5.26,43.79,2.28,20.85
simon-wieser,Simon Wieser,Midfielder,WSG Tirol,Bundesliga,19,35.0,35.0,2.5,1,0,1.3,0.2,35.0,,
christopher-cvetko,Christopher Cvetko,Midfielder,Grazer AK,Bundesliga,29,39.0,40.0,47.5,19,11,32.0,3.43,36.32,2.06,0.29
tino-kusanovic,Tino Kusanović,Forward,SV Oberbank Ried,Bundesliga,18,34.0,34.0,7.5,3,0,1.4,-0.87,35.0,1.26,7.47
souleyman-mandey,Souleyman Mandey,Midfielder,Grazer AK,Bundesliga,20,34.0,34.0,7.5,3,0,2.2,-1.03,35.0,,
denizcan-cosgun,Denizcan Cosgun,Midfielder,SCR Altach,Bundesliga,24,34.0,34.0,5.0,2,0,3.0,-1.5,35.0,0.23,4.32
raffael-behounek,Raffael Behounek,Defender,RZ Pellets WAC,Bundesliga,29,39.0,39.0,12.5,5,5,60.3,8.35,31.0,0.43,10.75
haris-ismailcebioglu,Haris Ismailcebioglu,Midfielder,SC Austria Lustenau,Bundesliga,23,34.0,34.0,2.5,1,0,2.2,-1.0,35.0,0.21,3.24
phillip-verhounig,Phillip Verhounig,Forward,RZ Pellets WAC,Bundesliga,20,34.0,34.0,12.5,5,2,33.8,-1.1,35.0,0.6,2.94
nicolas-wimmer,Nicolas Wimmer,Defender,RZ Pellets WAC,Bundesliga,31,47.0,47.0,77.5,31,31,80.9,12.75,34.52,0.46,2.05
leon-klassen,Leon Klassen,Defender,Grazer AK,Bundesliga,26,42.0,44.0,60.0,24,21,58.1,7.72,36.67,0.29,3.76
moritz-wels,Moritz Wels,Midfielder,WSG Tirol,Bundesliga,21,38.0,41.0,80.0,32,28,60.4,1.0,39.69,1.05,5.17
markus-pink,Markus Pink,Forward,RZ Pellets WAC,Bundesliga,35,36.0,39.0,52.5,21,11,31.1,-0.03,38.57,0.45,5.06
precious-benjamin,Precious Benjamin,Forward,SC Austria Lustenau,Bundesliga,19,33.0,34.0,32.5,13,2,7.7,-1.34,35.0,0.36,2.99
agustin-urrutia,Agustín Urrutia,Forward,TSV Egger Glas Hartberg,Bundesliga,22,33.0,33.0,7.5,3,0,8.8,-1.77,35.0,0.86,5.11
joris-boguo,Joris Boguo,Forward,SV Oberbank Ried,Bundesliga,18,37.0,38.0,62.5,25,6,20.8,-0.33,38.0,0.43,4.59
daniel-maderner,Daniel Maderner,Forward,Grazer AK,Bundesliga,30,44.0,44.0,62.5,25,12,39.8,-1.3,44.0,0.51,5.16
rodney-elongo-yombo,Rodney Elongo-Yombo,Forward,SCR Altach,Bundesliga,25,32.0,32.0,5.0,2,0,17.5,-3.5,35.0,2.11,
nemanja-krstovic,Nemanja Krstovic,Midfielder,SCR Altach,Bundesliga,18,32.0,32.0,2.5,1,0,0.3,-2.9,35.0,,
jaden-mazou-bambara,Mazou Bambara,Midfielder,WSG Tirol,Bundesliga,21,37.0,37.0,5.0,2,0,0.3,2.45,35.0,1.42,5.24
evan-eghosa-aisowieren,Evan Aisowieren,Midfielder,SV Oberbank Ried,Bundesliga,21,31.0,32.0,37.5,15,6,19.8,-3.22,35.0,0.86,9.73
valmir-matoshi,Valmir Matoshi,Midfielder,SK Puntigamer Sturm Graz,Bundesliga,23,35.0,40.0,87.5,35,23,49.8,0.7,39.43,1.48,10.67
junior-yvan-nyabeye-dibango,Yvan Dibango,Defender,LASK,Bundesliga,24,34.0,34.0,10.0,4,1,9.6,-0.85,35.0,0.65,5.43
kouadio-guy-ange-ahoussou,Ange Ahoussou,Defender,SK Rapid,Bundesliga,22,40.0,41.0,67.5,27,20,47.6,6.16,35.19,1.73,6.46
jacob-peter-hodl,Jacob Hödl,Midfielder,SK Puntigamer Sturm Graz,Bundesliga,19,35.0,38.0,87.5,35,26,56.8,0.57,37.57,1.36,15.3
dominik-fitz,Dominik Fitz,Forward,RZ Pellets WAC,Bundesliga,27,35.0,35.0,22.5,9,2,7.4,-0.39,35.0,2.53,36.67
matthias-maak,Matthias Maak,Defender,SC Austria Lustenau,Bundesliga,34,37.0,37.0,7.5,3,2,30.8,2.08,35.0,0.22,5.03
florian-gerstl,Florian Gerstl,Midfielder,TSV Egger Glas Hartberg,Bundesliga,23,36.0,36.0,5.0,2,1,11.8,1.25,35.0,0.79,5.22
daniel-nnodim,Daniel Nnodim,Defender,FK Austria Wien,Bundesliga,18,42.0,42.0,22.5,9,5,27.7,0.9,40.56,0.52,7.88
nelson-felix-patrick-weiper,Nelson Weiper,Forward,SK Puntigamer Sturm Graz,Bundesliga,21,38.0,37.0,67.5,27,7,20.0,0.51,36.3,1.54,10.63
matteo-schablas,Matteo Schablas,Midfielder,FK Austria Wien,Bundesliga,21,39.0,40.0,37.5,15,6,15.9,3.55,36.67,0.85,4.74
jesper-lindstrom,Jesper Lindstrøm,Midfielder,FC Red Bull Salzburg,Bundesliga,26,34.0,36.0,37.5,15,4,11.6,1.13,35.0,2.05,18.99
otar-kiteishvili,Otar Kiteishvili,Midfielder,SK Puntigamer Sturm Graz,Bundesliga,30,57.0,55.0,75.0,30,23,52.9,7.71,46.5,3.62,24.36
georgi-bedianashvili,Georgi Bedianashvili,Defender,WSG Tirol,Bundesliga,19,30.0,30.0,2.5,1,0,2.0,-4.82,35.0,,
fabian-gmeiner,Fabian Gmeiner,Defender,SC Austria Lustenau,Bundesliga,29,31.0,31.0,12.5,5,5,72.3,-4.1,35.0,0.43,2.4
habib-anas-coulibaly,Habib Coulibaly,Defender,TSV Egger Glas Hartberg,Bundesliga,22,37.0,40.0,52.5,21,17,43.0,2.99,37.38,0.36,6.66
petar-markovic,Petar Marković,Defender,Grazer AK,Bundesliga,20,30.0,30.0,7.5,3,0,0.9,-5.49,35.0,0.43,3.71
matthias-gragger,Matthias Gragger,Defender,Grazer AK,Bundesliga,24,27.0,27.0,12.5,5,2,44.2,-8.28,35.0,0.37,5.02
ludwig-william-vraa-jensen,Ludwig Vraa-Jensen,Defender,Grazer AK,Bundesliga,21,36.0,40.0,47.5,19,15,41.7,4.15,35.26,0.92,6.01
david-kubatta,David Kubatta,Defender,WSG Tirol,Bundesliga,22,35.0,41.0,67.5,27,23,59.4,4.64,36.11,0.64,5.06
phillip-bohm,Phillip Böhm,Goalkeeper,SC Austria Lustenau,Bundesliga,24,10.0,10.0,2.5,1,1,15.0,-4.6,15.0,0.36,1.91
ibrahim-buhari,Ibrahim Buhari,Defender,FK Austria Wien,Bundesliga,24,33.0,33.0,17.5,7,7,45.7,6.57,26.43,0.95,4.2
anrie-chase,Anrie Chase,Defender,FC Red Bull Salzburg,Bundesliga,22,44.0,44.0,10.0,4,3,8.1,14.46,30.0,0.93,6.1
dominic-vincze,Dominic Vincze,Defender,SK Rapid,Bundesliga,22,48.0,51.0,45.0,18,18,41.7,13.95,36.94,1.23,5.32
maximilian-jus,Maximilian Jus,Forward,Grazer AK,Bundesliga,21,0.0,0.0,0.0,0,0,0.0,0.0,0.0,,
aboubacar-sidiki-camara,Aboubacar Camara,Midfielder,FC Red Bull Salzburg,Bundesliga,19,41.0,41.0,0.0,0,0,16.8,1.63,39.17,1.0,6.21
johannes-mathias-moser,Johannes Moser,Midfielder,FC Red Bull Salzburg,Bundesliga,18,0.0,0.0,0.0,0,0,0.0,0.0,0.0,2.27,6.41
filip-matijasevic-2008-03-04,Filip Matijašević,Midfielder,FC Red Bull Salzburg,Bundesliga,18,0.0,0.0,0.0,0,0,0.0,0.0,0.0,2.21,6.32
david-korherr,David Korherr,Forward,TSV Egger Glas Hartberg,Bundesliga,24,37.0,37.0,12.5,5,0,1.5,2.12,35.0,1.5,5.6
marijan-osterreicher,Marijan Österreicher,Midfielder,FK Austria Wien,Bundesliga,20,35.0,35.0,12.5,5,0,0.9,0.34,35.0,1.34,5.26
boris-matic,Boris Matić,Midfielder,RZ Pellets WAC,Bundesliga,22,47.0,48.0,57.5,23,19,50.5,7.01,41.09,0.91,4.96
david-falkner,David Falkner,Midfielder,WSG Tirol,Bundesliga,19,35.0,35.0,5.0,2,0,0.1,0.2,35.0,0.77,5.32
tobias-schutzenauer,Tobias Schützenauer,Goalkeeper,LASK,Bundesliga,29,0.0,0.0,0.0,0,0,0.0,0.0,0.0,1.99,6.72
stefan-lainer,Stefan Lainer,Defender,FC Red Bull Salzburg,Bundesliga,34,51.0,50.0,50.0,20,18,41.4,8.18,41.25,1.99,6.18
cheikne-kebe,Cheikne Kébé,Defender,LASK,Bundesliga,20,35.0,35.0,7.5,3,0,0.2,0.25,35.0,0.73,5.22
melih-akbulut,Melih Akbulut,Forward,SC Austria Lustenau,Bundesliga,20,0.0,0.0,0.0,0,0,0.0,0.0,0.0,0.44,3.73
jakob-maximilian-scholler,Jakob Schöller,Defender,SK Rapid,Bundesliga,20,54.0,48.0,47.5,19,15,28.1,10.9,37.11,1.87,4.19
dominik-nisandzic,Dominik Nisandzic,Midfielder,FK Austria Wien,Bundesliga,20,34.0,34.0,2.5,1,0,0.2,-0.6,35.0,1.41,4.79
valentin-toifl,Valentin Toifl,Defender,FK Austria Wien,Bundesliga,21,54.0,54.0,5.0,2,0,3.1,6.78,47.5,0.99,6.26
mate-ivkovic,Mate Ivković,Midfielder,LASK,Bundesliga,20,0.0,0.0,0.0,0,0,0.0,0.0,0.0,,
nermin-mesic,Nermin Mešić,Forward,SV Oberbank Ried,Bundesliga,20,0.0,0.0,0.0,0,0,0.0,0.0,0.0,0.92,5.92
frederic-flatz,Frederic Flatz,Goalkeeper,SC Austria Lustenau,Bundesliga,20,0.0,0.0,0.0,0,0,0.0,0.0,0.0,0.36,5.0
amin-elias-groller,Amìn-Elias Gröller,Defender,SK Rapid,Bundesliga,21,44.0,44.0,15.0,6,2,6.6,9.02,35.0,1.23,4.99
daniel-elfadli,Daniel Elfadli,Midfielder,LASK,Bundesliga,29,31.0,40.0,42.5,17,12,28.9,3.74,35.0,1.02,7.57
christian-fruchtl,Christian Früchtl,Goalkeeper,FC Red Bull Salzburg,Bundesliga,26,0.0,0.0,0.0,0,0,0.0,0.0,0.0,4.29,15.08
nicky-fatayi-brown-ugo,Nicky Ugo,Forward,Grazer AK,Bundesliga,20,0.0,0.0,0.0,0,0,0.0,0.0,0.0,,
elias-muller,Elias Müller,Goalkeeper,RZ Pellets WAC,Bundesliga,21,0.0,0.0,0.0,0,0,0.0,0.0,0.0,,
adama-drame,Adama Dramé,Defender,RZ Pellets WAC,Bundesliga,21,34.0,34.0,2.5,1,0,0.4,-1.1,35.0,0.31,4.47
noah-vinko-botic,Noah Botić,Forward,FK Austria Wien,Bundesliga,24,43.0,43.0,17.5,7,5,9.8,-0.59,43.57,0.86,4.97
michael-neuner,Michael Neuner,Midfielder,WSG Tirol,Bundesliga,19,0.0,0.0,0.0,0,0,0.0,0.0,0.0,1.49,4.77
mirko-kos,Mirko Kos,Goalkeeper,FK Austria Wien,Bundesliga,29,0.0,0.0,0.0,0,0,0.0,0.0,0.0,1.07,5.08
jonas-antonius-auer,Jonas Auer,Defender,SK Rapid,Bundesliga,26,45.0,48.0,32.5,13,0,16.5,8.56,38.85,,
veljko-vukojevic,Veljko Vukojević,Forward,RZ Pellets WAC,Bundesliga,20,0.0,0.0,0.0,0,0,0.0,0.0,0.0,0.77,6.09
martin-beautrel-atemengue-ndzie,Martin Ndzie,Midfielder,SK Rapid,Bundesliga,23,36.0,37.0,10.0,4,2,2.7,1.98,35.0,1.8,6.07
timo-muller,Timo Müller,Defender,SCR Altach,Bundesliga,17,0.0,0.0,0.0,0,0,0.0,0.0,0.0,,
jonas-peinhart,Jonas Peinhart,Forward,SK Puntigamer Sturm Graz,Bundesliga,17,0.0,0.0,0.0,0,0,0.0,0.0,0.0,,
luka-capan,Luka Capan,Defender,SV Oberbank Ried,Bundesliga,31,0.0,0.0,0.0,0,0,0.0,0.0,0.0,2.19,
paul-gartler,Paul Gartler,Goalkeeper,SK Rapid,Bundesliga,29,43.0,43.0,20.0,8,8,18.0,6.99,35.63,1.78,5.95
shingo-nakano,Shingo Nakano,Forward,SCR Altach,Bundesliga,21,0.0,0.0,0.0,0,0,0.0,0.0,0.0,0.38,6.09
julian-rumpl,Julian Rumpl,Midfielder,Grazer AK,Bundesliga,18,0.0,0.0,0.0,0,0,0.0,0.0,0.0,,
michael-leon-schweiger,Michael Schweiger,Midfielder,RZ Pellets WAC,Bundesliga,21,0.0,0.0,0.0,0,0,0.0,0.0,0.0,1.48,
kenan-jusic,Kenan Jusić,Goalkeeper,FK Austria Wien,Bundesliga,21,0.0,0.0,0.0,0,0,0.0,0.0,0.0,2.36,5.11
jean-marcelin,Harisson Marcelin,Defender,SK Rapid,Bundesliga,26,0.0,0.0,0.0,0,0,0.0,0.0,0.0,1.57,5.6
justin-omoregie,Justin Omoregie,Midfielder,FC Red Bull Salzburg,Bundesliga,23,0.0,0.0,0.0,0,0,0.0,0.0,0.0,2.23,7.01
leon-grgic,Leon Grgić,Forward,SK Puntigamer Sturm Graz,Bundesliga,20,40.0,38.0,22.5,9,5,8.9,0.2,37.78,1.2,4.16
novak-rajic,Novak Rajic,Defender,SC Austria Lustenau,Bundesliga,17,0.0,0.0,0.0,0,0,0.0,0.0,0.0,0.43,3.92
lior-gliklich,Lior Gliklich,Goalkeeper,RZ Pellets WAC,Bundesliga,23,0.0,0.0,0.0,0,0,0.0,0.0,0.0,1.33,5.61
claudy-m-buyi,Claudy M'Buyi,Forward,SK Rapid,Bundesliga,27,39.0,33.0,12.5,5,1,3.8,-2.02,35.0,1.22,8.24
mate-grgic,Mate Grgić,Midfielder,SK Puntigamer Sturm Graz,Bundesliga,19,0.0,0.0,0.0,0,0,0.0,0.0,0.0,,
daniel-antosch,Daniel Antosch,Goalkeeper,SCR Altach,Bundesliga,26,34.0,34.0,2.5,1,0,1.4,-1.5,35.0,0.93,6.19
felix-baumgartner-2009-09-07,Felix Baumgartner,Forward,Grazer AK,Bundesliga,17,0.0,0.0,0.0,0,0,0.0,0.0,0.0,,
julian-halwachs,Julian Halwachs,Midfielder,SK Puntigamer Sturm Graz,Bundesliga,23,36.0,36.0,17.5,7,1,3.2,1.11,35.0,0.3,3.95
yerwin-antonio-sulbaran-lopez,Yerwin Sulbarán,Forward,FC Red Bull Salzburg,Bundesliga,18,0.0,0.0,0.0,0,0,0.0,0.0,0.0,,
luka-maric,Luka Marić,Goalkeeper,TSV Egger Glas Hartberg,Bundesliga,24,0.0,0.0,0.0,0,0,0.0,0.0,0.0,1.91,6.02
lukas-fridrikas,Lukas Fridrikas,Forward,TSV Egger Glas Hartberg,Bundesliga,28,38.0,40.0,57.5,23,10,28.7,0.82,39.35,1.0,6.0
christoph-nicht,Christoph Nicht,Goalkeeper,Grazer AK,Bundesliga,32,0.0,0.0,0.0,0,0,0.0,0.0,0.0,0.43,5.04
teo-hupfauf,Teo Hupfauf,Goalkeeper,FC Red Bull Salzburg,Bundesliga,16,0.0,0.0,0.0,0,0,0.0,0.0,0.0,,
jakob-meierhofer,Jakob Meierhofer,Goalkeeper,Grazer AK,Bundesliga,28,43.0,43.0,27.5,11,11,30.9,4.83,37.73,1.29,4.25
adrian-magnus-vonbrul,Adrian Vonbrül,Midfielder,SCR Altach,Bundesliga,18,0.0,0.0,0.0,0,0,0.0,0.0,0.0,0.78,4.64
abdoulaye-kante-2005-05-15,Abdoulaye Kanté,Forward,FK Austria Wien,Bundesliga,21,35.0,35.0,5.0,2,0,0.3,0.4,35.0,1.34,5.06
soumaila-diabate,Soumaïla Diabaté,Midfielder,FC Red Bull Salzburg,Bundesliga,21,51.0,51.0,67.5,27,23,46.4,15.64,35.19,2.94,8.71
manprit-sarkaria,Manprit Sarkaria,Forward,FK Austria Wien,Bundesliga,30,55.0,55.0,22.5,9,7,14.8,11.01,44.44,1.35,5.99
alessandro-goiginger,Alessandro Goiginger,Defender,SV Oberbank Ried,Bundesliga,17,0.0,0.0,0.0,0,0,0.0,0.0,0.0,0.37,6.03
harald-postl,Harald Postl,Goalkeeper,TSV Egger Glas Hartberg,Bundesliga,20,0.0,0.0,0.0,0,0,0.0,0.0,0.0,0.86,5.11
niklas-geyrhofer,Niklas Geyrhofer,Defender,SK Puntigamer Sturm Graz,Bundesliga,26,42.0,42.0,25.0,10,4,12.0,4.58,37.5,0.29,3.26
manoel-louis-philippe-verhaeghe,Manoël Verhaeghe,Defender,LASK,Bundesliga,18,36.0,36.0,2.5,1,0,0.1,0.58,35.0,1.46,5.97
daniel-nunoo,Daniel Nunoo,Midfielder,SK Rapid,Bundesliga,20,48.0,48.0,12.5,5,2,6.0,3.42,45.0,1.23,4.47
lukas-malicsek,Lukas Malicsek,Defender,SV Oberbank Ried,Bundesliga,27,34.0,34.0,0.0,0,0,75.3,2.33,31.67,0.57,4.55
david-franz-skubl,David Skubl,Goalkeeper,RZ Pellets WAC,Bundesliga,25,0.0,0.0,0.0,0,0,0.0,0.0,0.0,0.91,4.68
halil-esref-basar,Halil Basar,Defender,SCR Altach,Bundesliga,18,0.0,0.0,0.0,0,0,0.0,0.0,0.0,,
salif-tietietta,Salif Tietietta,Midfielder,SCR Altach,Bundesliga,21,0.0,0.0,0.0,0,0,0.0,0.0,0.0,0.76,5.23
romeo-morth,Romeo Mörth,Midfielder,FK Austria Wien,Bundesliga,19,29.0,29.0,5.0,2,0,1.5,-6.3,35.0,1.42,5.93
felix-wimmer,Felix Wimmer,Goalkeeper,SV Oberbank Ried,Bundesliga,28,0.0,0.0,0.0,0,0,0.0,0.0,0.0,1.59,4.04
elias-lorenz,Elias Lorenz,Goalkeeper,SK Puntigamer Sturm Graz,Bundesliga,20,0.0,0.0,0.0,0,0,0.0,0.0,0.0,1.9,4.58
tim-trummer,Tim Trummer,Midfielder,Grazer AK,Bundesliga,20,44.0,45.0,0.0,0,0,18.0,8.28,36.79,0.43,5.4
christoph-wiener-pucher,Christoph Wiener-Pucher,Goalkeeper,SK Puntigamer Sturm Graz,Bundesliga,19,0.0,0.0,0.0,0,0,0.0,0.0,0.0,,
fabian-lechner,Fabian Lechner,Midfielder,SV Oberbank Ried,Bundesliga,20,0.0,0.0,0.0,0,0,0.0,0.0,0.0,0.36,5.47
tobias-lund-jensen,Tobias Lund Jensen,Midfielder,SV Oberbank Ried,Bundesliga,20,37.0,37.0,0.0,0,0,11.7,1.7,35.0,0.22,4.43
dominik-kirnbauer,Dominik Kirnbauer,Defender,SV Oberbank Ried,Bundesliga,24,34.0,34.0,12.5,5,1,3.2,-0.61,35.0,0.3,4.91
furkan-demir-2004-11-29,Furkan Demir,Defender,SK Rapid,Bundesliga,21,40.0,44.0,32.5,13,8,17.0,2.83,40.77,1.29,5.84
elias-scherf,Elias Scherf,Goalkeeper,SCR Altach,Bundesliga,23,0.0,0.0,0.0,0,0,0.0,0.0,0.0,0.24,6.57
benjamin-goschl,Benjamin Göschl,Goalkeeper,SK Rapid,Bundesliga,20,0.0,0.0,0.0,0,0,0.0,0.0,0.0,0.37,6.09
leonit-zeqiri,Leonit Zeqiri,Midfielder,SV Oberbank Ried,Bundesliga,17,37.0,37.0,2.5,1,0,3.3,2.2,35.0,0.37,5.08
dominik-stoger,Dominik Stöger,Goalkeeper,SV Oberbank Ried,Bundesliga,19,0.0,0.0,0.0,0,0,0.0,0.0,0.0,0.35,4.95
laurenz-orgler,Laurenz Orgler,Goalkeeper,SK Rapid,Bundesliga,21,0.0,0.0,0.0,0,0,0.0,0.0,0.0,1.3,5.59
luca-pazourek,Luca Pazourek,Midfielder,TSV Egger Glas Hartberg,Bundesliga,21,53.0,51.0,45.0,18,12,36.0,13.48,37.22,0.43,2.39
alexander-eckmayr,Alexander Eckmayr,Goalkeeper,WSG Tirol,Bundesliga,27,46.0,46.0,2.5,1,1,2.7,10.9,35.0,1.0,5.19
paul-piffer,Paul Piffer,Goalkeeper,SCR Altach,Bundesliga,20,0.0,0.0,0.0,0,0,0.0,0.0,0.0,0.87,4.41
philipp-wiesinger,Philipp Wiesinger,Defender,FK Austria Wien,Bundesliga,32,50.0,49.0,57.5,23,23,52.4,14.37,34.57,1.0,5.09
sefiwu-abubakar,Sefiwu Abubakar,Forward,SV Oberbank Ried,Bundesliga,21,0.0,0.0,0.0,0,0,0.0,0.0,0.0,0.29,5.32
fabian-schillinger,Fabian Schillinger,Goalkeeper,LASK,Bundesliga,19,0.0,0.0,0.0,0,0,0.0,0.0,0.0,1.55,7.0
gabriel-haider,Gabriel Haider,Defender,SK Puntigamer Sturm Graz,Bundesliga,24,40.0,40.0,2.5,1,0,0.1,5.16,35.0,,
simon-freund,Simon Freund,Midfielder,TSV Egger Glas Hartberg,Bundesliga,21,0.0,0.0,0.0,0,0,0.0,0.0,0.0,,
raphael-arize-pesu,Raphael Pesu,Forward,SV Oberbank Ried,Bundesliga,17,0.0,0.0,0.0,0,0,0.0,0.0,0.0,0.99,6.2
felix-libiseller,Felix Libiseller,Goalkeeper,WSG Tirol,Bundesliga,19,0.0,0.0,0.0,0,0,0.0,0.0,0.0,1.34,5.36
ramiz-harakate,Ramiz Harakaté,Forward,LASK,Bundesliga,24,47.0,51.0,60.0,24,23,57.3,2.67,47.08,0.64,4.36
nikola-sarcevic,Nikola Šarčević,Goalkeeper,FC Red Bull Salzburg,Bundesliga,19,0.0,0.0,0.0,0,0,0.0,0.0,0.0,0.6,5.54
andrija-radulovic,Andrija Radulović,Forward,TSV Egger Glas Hartberg,Bundesliga,24,50.0,50.0,15.0,6,5,11.6,6.35,43.33,1.57,4.09
david-duric,David Đurić,Defender,RZ Pellets WAC,Bundesliga,20,46.0,46.0,7.5,3,2,8.1,10.97,35.0,0.85,5.55
gaoussou-diakite,Gaoussou Diakite,Forward,FC Red Bull Salzburg,Bundesliga,20,52.0,53.0,60.0,24,16,39.7,12.48,40.21,1.46,6.48
lukas-wedl,Lukas Wedl,Goalkeeper,FK Austria Wien,Bundesliga,30,0.0,0.0,0.0,0,0,0.0,0.0,0.0,1.0,4.46
christoph-hasenhuttl,Christoph Hasenhüttl,Defender,Grazer AK,Bundesliga,16,0.0,0.0,0.0,0,0,0.0,0.0,0.0,,
lorenz-szladits,Lorenz Szladits,Midfielder,SK Rapid,Bundesliga,19,0.0,0.0,0.0,0,0,0.0,0.0,0.0,1.13,5.56
luca-hassler,Luca Hassler,Midfielder,RZ Pellets WAC,Bundesliga,22,36.0,36.0,0.0,0,0,2.2,1.1,35.0,0.78,5.08
henrique-floriani-bell,Henrique Bell,Defender,SCR Altach,Bundesliga,19,0.0,0.0,0.0,0,0,0.0,0.0,0.0,1.66,6.41
julian-margreiter,Julian Margreiter,Goalkeeper,WSG Tirol,Bundesliga,16,0.0,0.0,0.0,0,0,0.0,0.0,0.0,1.28,4.81
art-smakaj,Art Smakaj,Midfielder,LASK,Bundesliga,23,0.0,0.0,0.0,0,0,0.0,0.0,0.0,0.5,5.1
quincy-butler,Quincy Butler,Forward,WSG Tirol,Bundesliga,25,40.0,40.0,10.0,4,4,8.1,-1.68,41.25,2.04,5.88
conrad-scholl,Conrad Scholl,Midfielder,SV Oberbank Ried,Bundesliga,19,0.0,0.0,0.0,0,0,0.0,0.0,0.0,0.36,6.08
emil-frederiksen,Emil Frederiksen,Forward,NK Istra 1961,HNL,26,71.0,59.0,85.0,34,31,69.9,12.07,46.76,9.34,57.55
mario-mladenovski,Mario Mladenovski,Defender,NK Varaždin,HNL,26,60.0,45.0,57.5,23,16,40.6,9.67,35.22,6.82,21.4
dario-maresic,Dario Maresic,Defender,HNK Hajduk Split,HNL,26,60.0,60.0,87.5,35,33,82.6,21.51,38.14,4.61,28.49
dalisson-de-almeida-leite,Dali,Midfielder,HNK Hajduk Split,HNL,26,56.0,47.0,77.5,31,13,32.0,7.16,39.52,4.75,32.5
ron-raqi,Ron Raçi,Defender,HNK Hajduk Split,HNL,24,61.0,54.0,42.5,17,15,35.8,15.13,39.41,2.96,14.36
franko-kolic,Franko Kolić,Goalkeeper,NK Istra 1961,HNL,23,63.0,51.0,87.5,35,35,87.5,9.77,40.86,6.63,34.71
toni-silic,Toni Silić,Goalkeeper,HNK Hajduk Split,HNL,22,56.0,51.0,72.5,29,29,71.3,8.28,42.93,8.47,51.59
dario-melnjak,Dario Melnjak,Defender,HNK Hajduk Split,HNL,33,47.0,45.0,52.5,21,7,21.9,7.5,37.38,1.01,1.93
josip-mitrovic,Josip Mitrović,Forward,NK Slaven Belupo,HNL,26,56.0,54.0,77.5,31,30,66.6,12.2,42.26,2.46,21.04
luka-vrbancic,Luka Vrbančić,Midfielder,NK Osijek,HNL,21,63.0,51.0,45.0,18,12,31.4,14.71,36.67,5.85,26.49
stjepan-radeljic,Stjepan Radeljić,Defender,GNK Dinamo Zagreb,HNL,29,58.0,57.0,57.5,23,20,45.6,19.96,37.39,2.3,12.9
novak-tepsic,Novak Tepšić,Defender,NK Varaždin,HNL,24,63.0,52.0,62.5,25,13,39.4,12.76,38.8,2.73,14.58
marin-soticek, Marin Šotiček,Midfielder,HNK Hajduk Split,HNL,22,51.0,44.0,72.5,29,11,28.4,4.45,39.66,4.45,30.13
josip-silic,Josip Silić,Goalkeeper,NK Varaždin,HNL,26,57.0,59.0,27.5,11,11,26.8,12.34,46.36,5.15,37.4
ivan-canjuga,Ivan Canjuga,Forward,NK Varaždin,HNL,20,62.0,52.0,62.5,25,15,39.1,9.64,42.4,5.82,27.5
luka-hodak-2006-06-10,Luka Hodak,Defender,HNK Hajduk Split,HNL,20,41.0,41.0,47.5,19,13,30.5,6.71,33.95,1.55,4.4
drena-beljo-dijon,Dion Beljo,Forward,GNK Dinamo Zagreb,HNL,24,66.0,67.0,90.0,36,34,72.8,8.26,58.47,25.28,116.29
adrion-pajaziti,Adrion Pajaziti,Midfielder,HNK Hajduk Split,HNL,23,48.0,47.0,77.5,31,23,50.6,9.76,36.77,1.65,13.83
domagoj-bukvic,Domagoj Bukvić,Forward,NK Osijek,HNL,22,64.0,46.0,87.5,35,23,54.4,8.42,37.14,3.14,19.08
iker-almena-horcajo,Iker Almena,Forward,GNK Dinamo Zagreb,HNL,22,56.0,55.0,52.5,21,18,47.7,14.34,40.24,4.31,32.29
etnik-brruti,Etnik Brruti,Midfielder,HNK Hajduk Split,HNL,22,62.0,62.0,7.5,3,2,17.1,18.53,43.33,1.67,12.27
valentin-akrap,Valentin Akrap,Forward,NK Varaždin,HNL,23,61.0,61.0,2.5,1,0,27.0,0.9,60.0,,
noa-skoko,Noa Skoko,Midfielder,NK Rudeš Zagreb,HNL,20,52.0,48.0,35.0,14,9,19.8,9.76,38.57,3.31,10.9
toni-fruk,Toni Fruk,Midfielder,HNK Rijeka,HNL,25,57.0,54.0,72.5,29,25,47.0,9.37,45.0,3.97,40.38
tiago-filipe-oliveira-dantas,Tiago Dantas,Midfielder,HNK Rijeka,HNL,25,59.0,61.0,90.0,36,35,73.9,16.68,44.17,4.16,23.11
bruno-goda,Bruno Goda,Defender,GNK Dinamo Zagreb,HNL,28,53.0,48.0,57.5,23,17,38.8,11.0,37.17,2.22,4.11
dukan-ahmeti,Dukan Ahmeti,Midfielder,NK Istra 1961,HNL,18,50.0,43.0,50.0,20,9,25.0,2.2,40.5,3.46,16.84
dominik-kotarski,Dominik Kotarski,Goalkeeper,GNK Dinamo Zagreb,HNL,26,46.0,49.0,67.5,27,27,59.1,8.19,40.74,35.19,125.45
roko-gabric,Roko Gabrić,Defender,HNK Hajduk Split,HNL,19,43.0,43.0,12.5,5,3,11.7,8.1,35.0,,
hamza-jaganjac,Hamza Jaganjac,Forward,NK Istra 1961,HNL,22,55.0,55.0,17.5,7,7,85.7,3.21,50.71,1.29,8.8
simun-hrgovic,Šimun Hrgović,Defender,HNK Hajduk Split,HNL,22,55.0,51.0,82.5,33,30,69.6,9.88,40.45,2.11,14.38
armando-leon-resendez,Armando León,Forward,NK Osijek,HNL,26,55.0,55.0,17.5,7,6,78.4,4.7,50.0,3.48,14.78
samuli-miettinen,Samuli Miettinen,Defender,NK Istra 1961,HNL,22,48.0,44.0,52.5,21,18,51.4,7.64,36.19,1.73,10.87
niko-sepic,Niko Šepić,Defender,NK Istra 1961,HNL,20,47.0,42.0,50.0,20,13,49.9,7.18,35.0,1.5,8.95
sergi-dominguez-viloria,Sergi Domínguez,Defender,GNK Dinamo Zagreb,HNL,21,57.0,59.0,82.5,33,31,69.0,20.42,39.09,6.89,40.5
khalil-fayad,Khalil Fayad,Midfielder,HNK Hajduk Split,HNL,22,44.0,45.0,52.5,21,6,21.9,7.7,36.9,2.4,13.54
michele-sego,Michele Šego,Forward,HNK Hajduk Split,HNL,26,52.0,51.0,82.5,33,25,58.2,3.78,47.12,3.43,27.01
marcel-heister,Marcel Heister,Defender,NK Osijek,HNL,34,46.0,44.0,72.5,29,20,45.5,6.47,37.07,0.61,13.7
renato-josipovic,Renato Josipović,Goalkeeper,HNK Gorica,HNL,25,55.0,55.0,7.5,3,3,38.6,11.17,43.33,3.75,17.66
nik-skafar-zuzic,Nik Žužić,Forward,NK Istra 1961,HNL,17,49.0,48.0,27.5,11,5,17.5,4.92,42.73,,
daniel-adu-adjei,Daniel Adu-Adjei,Forward,HNK Rijeka,HNL,21,46.0,45.0,90.0,36,26,57.2,0.56,44.17,2.71,18.53
bruno-bogojevic,Bruno Bogojević,Forward,HNK Gorica,HNL,28,53.0,49.0,77.5,31,25,54.6,6.9,42.1,1.4,7.13
branko-pavic,Branko Pavić,Midfielder,HNK Rijeka,HNL,19,52.0,52.0,42.5,17,14,44.3,16.81,35.0,2.54,16.74
tom-lacoux,Tom Lacoux,Midfielder,HNK Gorica,HNL,24,54.0,54.0,7.5,3,3,57.7,10.53,43.33,2.23,6.07
mario-marina,Mario Marina,Midfielder,NK Varaždin,HNL,37,51.0,42.0,72.5,29,20,43.5,7.23,35.0,1.27,5.38
filip-kruselj,Filip Krušelj,Defender,NK Slaven Belupo,HNL,21,47.0,48.0,75.0,30,30,71.9,7.01,40.0,0.45,3.01
dominik-kovacic,Dominik Kovačić,Defender,NK Slaven Belupo,HNL,32,53.0,47.0,85.0,34,34,82.0,9.7,37.5,1.93,6.62
alberto-del-moral-saelices,Alberto del Moral,Midfielder,HNK Hajduk Split,HNL,26,52.0,46.0,57.5,23,13,29.9,8.73,37.17,1.89,13.54
ante-majstorovic,Ante Majstorović,Defender,HNK Rijeka,HNL,32,50.0,54.0,85.0,34,34,74.2,18.69,35.29,1.75,13.36
mathieu-acapandie,Mathieu Acapandié,Defender,HNK Hajduk Split,HNL,21,42.0,38.0,35.0,14,9,29.7,3.45,35.0,1.38,6.85
raul-kumar,Raul Kumar,Defender,NK Istra 1961,HNL,18,54.0,48.0,62.5,25,24,55.7,11.4,36.2,3.1,11.02
adam-abdelilah-guram,Adam Huram,Midfielder,HNK Hajduk Split,HNL,17,47.0,44.0,32.5,13,2,17.9,3.26,40.77,2.26,8.57
ivano-kolarik,Ivano Kolarik,Defender,NK Osijek,HNL,19,49.0,47.0,32.5,13,12,25.8,11.17,35.38,1.1,14.33
abdulia-sanyang,Abdoulie Sanyang,Forward,HNK Hajduk Split,HNL,27,47.0,42.0,67.5,27,8,23.3,4.17,37.78,1.7,11.37
dusan-vukovic,Dušan Vuković,Forward,NK Lokomotiva Zagreb,HNL,24,50.0,45.0,67.5,27,22,54.9,1.86,42.41,1.14,7.26
ilija-nestorovski,Ilija Nestorovski,Forward,NK Slaven Belupo,HNL,36,50.0,51.0,65.0,26,23,52.1,6.7,44.42,1.91,6.35
ante-orec,Ante Oreč,Defender,HNK Rijeka,HNL,25,53.0,53.0,85.0,34,31,68.1,14.94,38.09,1.15,12.91
lenny-ilecic,Lenny Ilečić,Forward,NK Rudeš Zagreb,HNL,22,54.0,54.0,17.5,7,3,57.4,5.1,49.29,0.89,9.71
thanasis-triantafyllou,Thanasis Triantafyllou,Defender,NK Lokomotiva Zagreb,HNL,23,53.0,53.0,17.5,7,7,86.0,14.8,38.57,0.91,5.38
frane-maglica,Frane Maglica,Defender,NK Varaždin,HNL,29,49.0,48.0,67.5,27,27,64.0,8.76,38.7,2.23,6.55
gregor-sikosek,Gregor Sikošek,Defender,NK Varaždin,HNL,32,49.0,48.0,45.0,18,13,44.5,9.49,38.33,1.59,5.93
moris-valincic,Moris Valinčić,Defender,GNK Dinamo Zagreb,HNL,23,50.0,45.0,67.5,27,20,46.4,8.43,36.48,2.0,14.89
juraj-frigan,Juraj Frigan,Midfielder,HNK Gorica,HNL,17,45.0,45.0,17.5,7,4,55.9,8.81,35.71,,
luka-mamic,Luka Mamić,Forward,NK Varaždin,HNL,24,56.0,48.0,87.5,35,33,72.1,5.95,42.43,1.95,9.14
smail-prevljak,Smail Prevljak,Forward,GNK Dinamo Zagreb,HNL,31,47.0,46.0,82.5,33,25,59.2,1.73,45.45,8.28,16.45
alec-van-hoorenbeeck,Alec Van Hoorenbeeck,Defender,HNK Hajduk Split,HNL,27,47.0,45.0,72.5,29,28,68.7,9.21,36.21,0.98,8.06
josip-misic-1994-06-28,Josip Mišić,Midfielder,GNK Dinamo Zagreb,HNL,32,51.0,60.0,90.0,36,36,78.0,20.95,39.17,5.75,24.17
samuele-vignato,Samuele Vignato,Midfielder,HNK Rijeka,HNL,22,43.0,47.0,60.0,24,18,35.2,8.9,38.54,1.73,8.7
josip-bralic,Josip Bralić,Forward,NK Rudeš Zagreb,HNL,18,48.0,48.0,5.0,2,0,14.2,0.85,47.5,,
miha-zajc,Miha Zajc,Midfielder,GNK Dinamo Zagreb,HNL,32,50.0,57.0,85.0,34,31,61.4,11.82,45.44,3.26,21.85
marko-zebic,Marko Zebić,Defender,NK Rudeš Zagreb,HNL,19,53.0,53.0,12.5,5,4,20.2,21.9,31.0,1.24,9.41
marko-dabro,Marko Dabro,Forward,NK Slaven Belupo,HNL,29,50.0,45.0,60.0,24,13,39.5,3.51,41.25,1.44,3.05
iuri-antonio-teixeira-tavares,Iuri Tavares,Forward,NK Varaždin,HNL,25,49.0,50.0,80.0,32,23,56.8,9.2,40.47,1.61,7.22
admir-latifi,Admir Ljatifi,Forward,NK Osijek,HNL,19,45.0,45.0,12.5,5,2,32.4,4.92,40.0,,
ivan-cubelic,Ivan Ćubelić,Midfielder,HNK Rijeka,HNL,23,44.0,44.0,90.0,36,28,63.5,7.69,35.97,0.99,7.42
matija-subotic,Matija Subotić,Midfielder,NK Lokomotiva Zagreb,HNL,18,47.0,46.0,80.0,32,25,65.5,8.2,37.5,0.76,8.0
elvir-durakovic,Elvir Duraković,Defender,NK Varaždin,HNL,26,36.0,36.0,35.0,14,6,15.6,-0.62,36.79,0.72,5.02
jurica-poldrugac,Jurica Poldrugač,Midfielder,NK Rudeš Zagreb,HNL,29,44.0,44.0,17.5,7,6,69.3,3.8,40.0,0.73,6.87
ivan-cvetko,Ivan Cvetko,Defender,NK Slaven Belupo,HNL,20,38.0,38.0,12.5,5,5,64.3,1.69,36.0,1.22,5.58
vedran-celjak,Vedran Celjak,Defender,NK Rudeš Zagreb,HNL,35,50.0,50.0,17.5,7,5,71.9,9.73,40.0,0.52,4.46
niko-galesic,Niko Galešić,Defender,GNK Dinamo Zagreb,HNL,25,56.0,51.0,80.0,32,20,52.8,12.64,38.13,3.37,9.77
jakov-pranjic,Jakov Pranjić,Forward,HNK Gorica,HNL,25,42.0,42.0,17.5,7,5,39.7,4.48,37.78,2.0,5.61
kristijan-cabrajic,Kristijan Čabrajić,Defender,NK Lokomotiva Zagreb,HNL,22,36.0,37.0,57.5,23,20,54.7,2.35,34.35,1.07,5.1
saad-el-haddad,Saad El Haddad,Midfielder,NK Rudeš Zagreb,HNL,21,46.0,46.0,2.5,1,1,5.6,11.4,35.0,,
jakov-gurlica,Jakov Gurlica,Defender,NK Lokomotiva Zagreb,HNL,22,38.0,36.0,50.0,20,13,37.4,-0.45,36.75,2.19,5.47
scott-mckenna,Scott McKenna,Defender,GNK Dinamo Zagreb,HNL,29,44.0,54.0,70.0,28,27,61.0,18.79,35.36,2.48,12.98
izak-jezic,Izak Ježić,Defender,NK Osijek,HNL,16,46.0,46.0,5.0,2,1,61.0,10.79,35.0,,
marko-malenica,Marko Malenica,Goalkeeper,NK Osijek,HNL,32,53.0,53.0,77.5,31,31,75.4,8.1,44.68,3.91,31.01
adetunji-rasaq-adeshina,Adetunji Adeshina,Midfielder,NK Slaven Belupo,HNL,21,42.0,42.0,20.0,8,4,11.9,6.8,35.0,2.04,7.39
ivan-dolcek,Ivan Dolček,Forward,NK Osijek,HNL,26,44.0,40.0,72.5,29,9,22.7,3.64,36.72,0.38,4.17
aleksa-latkovic,Aleksa Latković,Midfielder,NK Varaždin,HNL,25,47.0,50.0,90.0,36,35,70.2,6.16,43.89,1.83,11.18
teodor-kralevski,Teodor Kralevski,Defender,NK Lokomotiva Zagreb,HNL,19,40.0,41.0,30.0,12,3,8.5,4.25,37.08,0.5,5.1
igor-vekic,Igor Vekić,Goalkeeper,HNK Rijeka,HNL,28,48.0,41.0,62.5,25,25,62.5,5.15,35.4,4.62,30.34
alen-grgic,Alen Grgić,Forward,NK Slaven Belupo,HNL,32,45.0,44.0,45.0,18,11,33.7,7.26,36.39,0.49,3.69
domagoj-pavicic,Domagoj Pavičić,Midfielder,HNK Gorica,HNL,32,43.0,43.0,82.5,33,24,57.2,5.88,36.52,0.65,6.2
josip-posavec,Josip Posavec,Goalkeeper,NK Lokomotiva Zagreb,HNL,30,44.0,46.0,82.5,33,33,82.5,7.14,38.64,1.84,17.33
stipe-juric,Stipe Jurić,Forward,NK Varaždin,HNL,27,41.0,41.0,22.5,9,3,14.3,0.23,40.56,0.95,5.09
karlo-isasegi,Karlo Išasegi,Defender,NK Slaven Belupo,HNL,26,37.0,38.0,52.5,21,11,24.2,0.93,37.38,1.08,6.01
matej-vuk,Matej Vuk,Forward,NK Varaždin,HNL,26,54.0,50.0,77.5,31,16,46.9,9.66,39.84,3.0,4.69
kirill-kravtsov,Kirill Kravtsov,Midfielder,GNK Dinamo Zagreb,HNL,24,46.0,43.0,35.0,14,10,29.1,6.97,36.79,2.23,13.95
luka-jelenic,Luka Jelenić,Defender,NK Osijek,HNL,26,45.0,48.0,82.5,33,32,74.8,10.9,37.12,0.92,6.79
cherno-saho,Cherno Saho,Forward,NK Rudeš Zagreb,HNL,21,43.0,43.0,7.5,3,3,9.5,-0.23,43.33,0.96,4.8
ivan-doric,Ivan Đorić,Midfielder,NK Rudeš Zagreb,HNL,31,39.0,39.0,15.0,6,6,62.6,3.5,35.83,0.29,7.08
arber-hoxha,Arbër Hoxha,Forward,GNK Dinamo Zagreb,HNL,27,45.0,48.0,87.5,35,26,54.0,6.17,42.14,0.84,4.8
daouda-doumbia,Daouda Doumbia,Midfielder,NK Istra 1961,HNL,24,41.0,41.0,17.5,7,6,71.3,8.79,32.14,1.32,5.31
andelo-sutalo,Anđelo Šutalo,Midfielder,HNK Hajduk Split,HNL,19,40.0,40.0,12.5,5,3,36.8,4.72,35.0,1.39,6.18
david-bosak,David Bosak,Midfielder,NK Slaven Belupo,HNL,20,41.0,41.0,15.0,6,3,42.4,2.08,39.17,0.52,5.65
jona-jezic,Jona Ježić,Midfielder,NK Osijek,HNL,17,40.0,40.0,22.5,9,6,14.9,-1.18,41.67,,
feta-fetai,Feta Fetai,Midfielder,NK Lokomotiva Zagreb,HNL,21,40.0,40.0,20.0,8,2,18.0,4.94,35.0,0.95,4.72
justas-lasickas,Justas Lasickas,Defender,HNK Rijeka,HNL,28,50.0,41.0,90.0,36,20,50.7,2.69,37.78,1.13,5.38
mohammad-mohebi,Mohammad Mohebbi,Midfielder,HNK Rijeka,HNL,27,44.0,46.0,70.0,28,18,54.1,5.77,40.0,2.21,5.1
luka-stojkovic,Luka Stojković,Midfielder,GNK Dinamo Zagreb,HNL,22,48.0,58.0,77.5,31,23,53.0,12.86,45.97,8.51,52.2
mohamed-nasraoui,Mohamed Nasraoui,Defender,NK Istra 1961,HNL,24,54.0,55.0,55.0,22,19,46.1,17.38,37.5,0.83,6.62
dusan-stevanovic,Dušan Stevanović,Defender,HNK Gorica,HNL,30,41.0,41.0,10.0,4,3,72.0,6.31,35.0,,
marijan-cabraja,Marijan Čabraja,Defender,NK Lokomotiva Zagreb,HNL,29,52.0,55.0,67.5,27,26,61.0,15.25,39.63,1.18,3.33
cheick-diabate,Cheick Diabaté,Midfielder,NK Rudeš Zagreb,HNL,19,41.0,41.0,2.5,1,0,9.0,6.0,35.0,,
xavier-cabrita-fernandes,Xavi Fernandes,Midfielder,NK Rudeš Zagreb,HNL,28,39.0,39.0,15.0,6,6,64.4,-0.52,39.17,1.89,4.44
noel-durkovic,Noel Đurković,Forward,NK Lokomotiva Zagreb,HNL,19,45.0,45.0,15.0,6,3,28.4,1.72,43.33,0.87,5.5
mateo-lisica,Mateo Lisica,Forward,GNK Dinamo Zagreb,HNL,23,43.0,45.0,67.5,27,14,33.7,5.35,39.63,2.22,10.16
ante-kavelj,Ante Kavelj,Midfielder,HNK Gorica,HNL,21,45.0,47.0,87.5,35,34,81.4,9.68,37.29,0.42,5.72
marko-livaja,Marko Livaja,Forward,HNK Hajduk Split,HNL,33,42.0,52.0,72.5,29,17,43.7,5.21,46.38,1.58,8.95
silvio-gorican,Silvio Goričan,Forward,NK Istra 1961,HNL,26,39.0,38.0,42.5,17,4,12.7,1.3,36.47,0.44,3.21
vinko-rozic,Vinko Rozić,Forward,NK Istra 1961,HNL,23,43.0,42.0,67.5,27,16,39.8,3.98,38.15,1.8,5.19
balazs-bakti,Balázs Bakti,Midfielder,NK Osijek,HNL,21,40.0,40.0,7.5,3,0,6.1,4.77,35.0,0.86,4.32
jakov-puljic,Jakov Puljić,Forward,HNK Rijeka,HNL,33,44.0,51.0,87.5,35,30,74.0,3.89,46.71,1.36,3.83
ivan-cvijanovic,Ivan Cvijanović,Defender,HNK Gorica,HNL,22,47.0,45.0,37.5,15,12,54.3,5.06,40.0,1.81,5.19
gustavo-hidalgo-albarracin,Gustavo Albarracín,Midfielder,NK Istra 1961,HNL,20,40.0,40.0,25.0,10,4,11.5,2.05,37.5,1.45,5.31
davor-matijas,Davor Matijaš,Goalkeeper,HNK Gorica,HNL,27,47.0,45.0,85.0,34,34,82.7,5.33,39.41,0.45,10.0
jakov-filipovic,Jakov Filipović,Defender,HNK Gorica,HNL,33,41.0,45.0,87.5,35,34,81.5,11.03,34.43,0.77,5.04
kristijan-lovric,Kristijan Lovrić,Forward,NK Rudeš Zagreb,HNL,30,39.0,39.0,7.5,3,0,6.4,3.67,35.0,1.08,5.33
dennis-hadzikadunic,Dennis Hadzikadunic,Defender,HNK Hajduk Split,HNL,28,43.0,43.0,67.5,27,21,47.6,5.89,36.85,0.56,2.3
tomislav-duvnjak,Tomislav Duvnjak,Midfielder,NK Varaždin,HNL,23,41.0,46.0,90.0,36,25,62.9,9.01,36.53,0.46,2.34
stjepan-kucis,Stjepan Kučiš,Midfielder,HNK Gorica,HNL,19,36.0,38.0,40.0,16,2,7.8,1.7,36.56,0.5,5.02
mislav-orsic,Mislav Oršić,Forward,GNK Dinamo Zagreb,HNL,33,46.0,48.0,42.5,17,11,50.1,7.89,40.0,1.07,5.42
kevin-custovic,Kevin Čustović,Midfielder,HNK Gorica,HNL,26,40.0,40.0,17.5,7,4,39.4,4.5,35.0,1.99,
antonio-jakir,Antonio Jakir,Defender,NK Slaven Belupo,HNL,23,37.0,38.0,45.0,18,9,24.2,4.45,33.89,0.53,4.24
stefan-peric,Stefan Perić,Defender,HNK Gorica,HNL,29,43.0,43.0,85.0,34,33,76.4,9.49,33.24,1.07,5.04
ognjen-bakic,Ognjen Bakić,Midfielder,HNK Gorica,HNL,23,38.0,39.0,67.5,27,12,32.8,2.83,35.93,0.93,4.64
jakov-anton-vasilj,Jakov-Anton Vasilj,Midfielder,NK Lokomotiva Zagreb,HNL,24,36.0,38.0,65.0,26,15,38.7,0.73,36.92,0.42,7.04
anel-husic-2001-03-01,Anel Husic,Defender,HNK Rijeka,HNL,25,41.0,42.0,50.0,20,18,39.0,8.08,34.0,0.69,5.56
miguel-angelo-bastos-melo,Balelo,Forward,NK Osijek,HNL,24,45.0,45.0,7.5,3,1,9.0,-1.27,43.33,,
medin-gashi,Medin Gashi,Forward,HNK Gorica,HNL,20,36.0,40.0,40.0,16,1,6.2,0.3,39.69,1.0,2.22
toni-kolega,Toni Kolega,Forward,NK Rudeš Zagreb,HNL,27,43.0,48.0,32.5,13,9,64.0,10.75,37.31,0.71,6.73
vid-seitz,Vid Seitz,Midfielder,NK Rudeš Zagreb,HNL,16,35.0,35.0,15.0,6,1,28.3,-3.93,39.17,,
rene-hrvatin,Rene Hrvatin,Defender,NK Istra 1961,HNL,19,38.0,36.0,30.0,12,10,30.7,-1.04,37.08,1.51,3.48
ljuban-crepulja,Ljuban Crepulja,Midfielder,NK Slaven Belupo,HNL,33,48.0,51.0,77.5,31,22,53.6,11.13,40.32,0.57,9.27
amer-gojak,Amer Gojak,Midfielder,HNK Rijeka,HNL,29,44.0,40.0,85.0,34,18,42.5,3.13,37.21,0.28,4.34
tomislav-bozic,Tomislav Božić,Defender,NK Slaven Belupo,HNL,38,52.0,45.0,65.0,26,24,57.4,7.5,37.12,0.88,7.91
simun-mikolcic,Šimun Mikolčić,Midfielder,NK Osijek,HNL,22,41.0,43.0,72.5,29,13,35.7,3.6,39.31,1.11,4.07
david-kalem,David Kalem,Defender,NK Osijek,HNL,18,44.0,44.0,7.5,3,0,16.8,8.92,35.0,,
jay-kruiver,Jay Kruiver,Defender,NK Osijek,HNL,25,38.0,38.0,2.5,1,1,77.0,2.62,35.0,1.94,10.92
leon-bosnjak-2006-01-23,Leon Bošnjak,Midfielder,NK Slaven Belupo,HNL,20,41.0,39.0,52.5,21,8,22.4,2.28,36.19,0.51,6.31
emin-hasic,Emin Hasić,Defender,NK Osijek,HNL,23,43.0,43.0,45.0,18,7,25.7,8.07,34.72,1.66,4.31
karlo-sentic,Karlo Sentić,Goalkeeper,NK Slaven Belupo,HNL,25,38.0,38.0,17.5,7,7,90.0,2.51,35.71,1.07,8.05
luka-vrzic,Luka Vrzić,Forward,HNK Gorica,HNL,19,39.0,39.0,77.5,31,8,26.3,3.41,35.81,1.15,5.59
ante-matej-juric,Ante Jurič,Forward,HNK Rijeka,HNL,23,38.0,42.0,67.5,27,13,28.9,2.66,39.63,0.93,4.5
yusuf-karhan-kabadayi,Yusuf Kabadayı,Forward,HNK Rijeka,HNL,22,34.0,34.0,50.0,20,5,19.2,-0.14,34.0,0.93,4.47
dominik-thaqi,Dominik Thaqi,Forward,NK Lokomotiva Zagreb,HNL,19,39.0,38.0,27.5,11,6,10.4,0.82,37.27,0.93,4.14
luka-posinkovic,Luka Posinković,Defender,NK Varaždin,HNL,23,30.0,30.0,17.5,7,3,13.4,-5.46,35.0,2.36,4.89
roberto-puncec,Roberto Punčec,Defender,NK Varaždin,HNL,34,47.0,45.0,47.5,19,15,35.8,9.63,35.0,0.87,7.64
antonio-mauric,Antonio Maurić,Midfielder,NK Istra 1961,HNL,22,36.0,42.0,75.0,30,20,47.3,5.45,36.67,0.69,4.69
david-puclin,David Puclin,Midfielder,NK Varaždin,HNL,34,47.0,40.0,50.0,20,8,19.3,5.22,35.25,1.16,2.32
oleksandr-petrusenko,Oleksandr Petrusenko,Midfielder,NK Osijek,HNL,28,43.0,42.0,55.0,22,15,35.4,7.92,34.09,0.93,3.99
emmanuel-chimeroucheya-uchegbu,Emmanuel Uchegbu,Forward,NK Varaždin,HNL,21,38.0,38.0,12.5,5,0,10.4,3.44,35.0,1.75,
luka-posavec,Luka Posavec,Defender,NK Osijek,HNL,17,37.0,37.0,7.5,3,0,4.1,2.27,35.0,,
ivan-baric-2007-01-10,Ivan Barić,Forward,NK Osijek,HNL,19,37.0,37.0,25.0,10,2,6.9,2.09,35.0,0.92,1.0
mirko-maric,Mirko Marić,Forward,NK Lokomotiva Zagreb,HNL,31,44.0,43.0,30.0,12,5,11.4,1.68,41.25,1.59,2.21
luka-skaricic,Luka Škaričić,Defender,NK Varaždin,HNL,24,45.0,51.0,57.5,23,20,43.1,11.79,39.35,1.07,4.09
alejandro-cantero-sanchez,Cantero,Forward,NK Osijek,HNL,26,35.0,36.0,35.0,14,5,18.4,0.79,35.0,0.7,6.46
fran-topic,Fran Topić,Forward,GNK Dinamo Zagreb,HNL,22,50.0,45.0,72.5,29,13,30.9,5.32,40.17,1.23,7.63
duje-reic,Duje Reić,Midfielder,NK Lokomotiva Zagreb,HNL,20,36.0,36.0,2.5,1,0,3.3,1.2,35.0,0.49,5.04
luka-ivanusec,Luka Ivanušec,Midfielder,GNK Dinamo Zagreb,HNL,27,45.0,45.0,17.5,7,2,14.3,2.29,42.14,4.54,13.91
gabrijel-sivalec,Gabrijel Šivalec,Forward,GNK Dinamo Zagreb,HNL,18,40.0,38.0,42.5,17,3,14.7,1.66,36.47,,
jakov-blagaic,Jakov Blagaić,Midfielder,NK Rudeš Zagreb,HNL,26,35.0,35.0,12.5,5,4,40.7,-0.24,35.0,1.66,4.58
fran-brodic,Fran Brodić,Forward,HNK Gorica,HNL,29,36.0,36.0,5.0,2,0,26.0,1.25,35.0,0.68,26.2
kayke-rodrigo-souza-de-abreu,Kayke,Forward,NK Lokomotiva Zagreb,HNL,19,36.0,36.0,5.0,2,0,9.9,1.45,35.0,,
goran-grulovic,Goran Grulović,Forward,HNK Rijeka,HNL,16,36.0,36.0,7.5,3,0,1.4,1.1,35.0,,
marko-stolnik,Marko Stolnik,Defender,NK Rudeš Zagreb,HNL,30,42.0,42.0,17.5,7,7,87.1,3.66,38.57,0.51,4.77
alfonso-daniel-barco-del-solar,Alfonso Barco,Midfielder,HNK Rijeka,HNL,24,40.0,39.0,80.0,32,22,59.4,4.04,34.53,0.44,4.56
lukas-kacavenda,Lukas Kačavenda,Midfielder,GNK Dinamo Zagreb,HNL,23,48.0,44.0,52.5,21,7,20.7,5.35,38.57,1.76,9.01
mate-antunovic,Mate Antunović,Forward,NK Lokomotiva Zagreb,HNL,22,33.0,34.0,30.0,12,1,11.9,0.51,33.33,0.93,6.06
luka-popovic-2005-08-29,Luka Popović,Midfielder,NK Rudeš Zagreb,HNL,21,35.0,35.0,5.0,2,0,4.0,0.0,35.0,,
arnor-jonsson,Arnór Jónsson,Midfielder,NK Slaven Belupo,HNL,24,36.0,36.0,25.0,10,5,34.8,1.39,35.0,,
mladen-devetak,Mladen Devetak,Defender,HNK Rijeka,HNL,27,46.0,43.0,77.5,31,27,58.9,3.17,39.35,0.3,6.98
antenor-junior-fernandes-da-silva-vitoria,Junior Fernándes,Forward,NK Rudeš Zagreb,HNL,38,35.0,35.0,2.5,1,0,4.0,0.0,35.0,,
josip-pejic,Josip Pejić,Forward,NK Rudeš Zagreb,HNL,25,44.0,44.0,7.5,3,0,5.0,0.27,43.33,1.6,3.18
patrik-mijic,Patrik Mijić,Forward,HNK Gorica,HNL,27,36.0,36.0,35.0,14,7,33.1,0.99,35.0,1.23,7.49
robert-mudrazija,Robert Mudražija,Midfielder,GNK Dinamo Zagreb,HNL,29,41.0,41.0,22.5,9,0,3.8,-0.23,40.56,0.69,5.64
goncalo-faria-costa,Gonçalo Costa,Defender,HNK Gorica,HNL,26,33.0,33.0,45.0,18,7,18.2,-2.65,35.28,0.95,0.92
stipe-josip-ukich,Stipe Ukich,Midfielder,NK Istra 1961,HNL,19,34.0,34.0,5.0,2,0,0.8,-0.9,35.0,,
aleksa-todorovic-2004-01-25,Aleksa Todorović,Goalkeeper,HNK Rijeka,HNL,22,51.0,51.0,20.0,8,8,18.0,5.3,45.63,2.66,13.43
filip-braut,Filip Braut,Defender,HNK Gorica,HNL,24,40.0,40.0,17.5,7,5,71.3,-0.24,38.57,0.51,6.39
ante-pripuz-spekuljuk,Ante Pripuz Špekuljuk,Forward,NK Rudeš Zagreb,HNL,18,33.0,33.0,2.5,1,0,1.3,-1.8,35.0,,
olof-matteo-perez-vinlof,Matteo Vinlöf,Defender,GNK Dinamo Zagreb,HNL,20,49.0,49.0,72.5,29,23,53.1,10.79,38.62,2.38,10.41
lovre-rogic,Lovre Rogić,Goalkeeper,NK Rudeš Zagreb,HNL,31,37.0,37.0,17.5,7,7,90.0,2.14,35.0,1.06,12.95
niko-farkas,Niko Farkaš,Midfielder,NK Osijek,HNL,19,47.0,47.0,15.0,6,3,6.1,3.18,43.33,0.8,1.53
ivan-katic,Ivan Katić,Midfielder,NK Lokomotiva Zagreb,HNL,20,39.0,35.0,52.5,21,16,34.3,-0.01,35.24,1.0,3.1
dardan-morina,Dardan Morina,Midfielder,NK Lokomotiva Zagreb,HNL,20,32.0,32.0,5.0,2,1,7.6,-2.85,35.0,1.78,
advan-kadusic,Advan Kadušić,Defender,NK Istra 1961,HNL,28,38.0,46.0,72.5,29,18,49.2,10.43,35.34,0.45,3.06
pavle-smiljanic,Pavle Smiljanić,Midfielder,NK Lokomotiva Zagreb,HNL,18,36.0,36.0,25.0,10,4,13.4,1.22,35.0,0.93,5.66
lovre-banovec,Lovre Banovec,Forward,NK Slaven Belupo,HNL,24,40.0,45.0,75.0,30,28,61.4,5.2,40.17,0.6,7.13
carlos-martin-dominguez,Carlos Martín,Forward,HNK Hajduk Split,HNL,24,35.0,35.0,35.0,14,8,14.1,0.18,35.0,0.98,13.03
jon-mersinaj,Jon Mersinaj,Defender,NK Slaven Belupo,HNL,27,44.0,40.0,50.0,20,10,24.6,4.86,35.0,0.93,3.9
matija-kablar,Matija Kablar,Midfielder,NK Istra 1961,HNL,18,36.0,36.0,10.0,4,1,13.3,0.8,35.0,,
niko-jankovic,Niko Janković,Midfielder,HNK Rijeka,HNL,25,36.0,40.0,42.5,17,12,33.1,7.35,32.65,0.43,6.29
filip-mazar,Filip Mažar,Midfielder,NK Slaven Belupo,HNL,21,38.0,42.0,42.5,17,15,51.0,7.05,35.29,1.64,4.33
ivan-nevistic,Ivan Nevistić,Goalkeeper,GNK Dinamo Zagreb,HNL,28,38.0,36.0,15.0,6,6,13.5,0.65,35.83,2.05,7.76
lovre-kulusic,Lovre Kulušić,Forward,NK Lokomotiva Zagreb,HNL,19,29.0,29.0,20.0,8,4,14.4,-5.89,35.0,1.05,2.43
ivan-posavec,Ivan Posavec,Midfielder,NK Varaždin,HNL,28,33.0,33.0,5.0,2,0,2.3,-2.15,35.0,1.07,3.06
marko-vesovic,Marko Vešović,Defender,NK Lokomotiva Zagreb,HNL,35,37.0,39.0,67.5,27,25,57.5,-0.85,39.63,1.88,3.23
isaac-aguiar-tomich,Isaac,Forward,NK Istra 1961,HNL,22,34.0,34.0,12.5,5,0,2.3,-1.04,35.0,,
stefan-vukic,Stefan Vukić,Forward,NK Rudeš Zagreb,HNL,31,43.0,43.0,7.5,3,1,17.9,-0.7,43.33,,
bruno-unusic,Bruno Unušić,Defender,NK Rudeš Zagreb,HNL,24,26.0,26.0,15.0,6,5,79.5,-1.84,28.33,0.58,1.47
senad-mustafic,Senad Mustafić,Defender,NK Osijek,HNL,21,32.0,32.0,12.5,5,5,49.9,1.15,31.0,0.88,4.45
losika-ratshukudu,Losika Ratshukudu,Forward,NK Slaven Belupo,HNL,20,43.0,43.0,12.5,5,4,11.7,2.64,40.0,0.43,5.61
leon-belcar,Leon Belcar,Midfielder,NK Lokomotiva Zagreb,HNL,24,40.0,46.0,70.0,28,20,53.2,8.61,37.86,0.45,5.63
fran-karacic,Fran Karačić,Defender,NK Lokomotiva Zagreb,HNL,30,41.0,41.0,47.5,19,16,36.6,4.92,36.32,0.35,4.94
marcel-lorber,Marcel Lorber,Midfielder,NK Lokomotiva Zagreb,HNL,22,40.0,38.0,37.5,15,5,16.1,2.44,35.33,1.0,5.35
marko-pajac,Marko Pajač,Defender,NK Lokomotiva Zagreb,HNL,33,56.0,52.0,72.5,29,29,68.7,7.03,43.28,0.29,6.72
filip-taraba,Filip Taraba,Defender,NK Rudeš Zagreb,HNL,20,37.0,37.0,55.0,22,10,27.4,3.34,33.18,1.22,5.07
noa-godec,Noa Godec,Defender,NK Lokomotiva Zagreb,HNL,19,25.0,25.0,7.5,3,1,9.9,-9.53,35.0,0.37,3.78
filip-kutlesa,Filip Kutleša,Defender,NK Slaven Belupo,HNL,17,30.0,30.0,10.0,4,1,2.9,-0.18,30.0,,
ante-susak,Ante Sušak,Defender,NK Rudeš Zagreb,HNL,20,20.0,20.0,15.0,6,5,26.0,-6.91,26.67,1.74,4.03
felipe-castaldo-curcio,Felipe Curcio,Defender,NK Rudeš Zagreb,HNL,33,21.0,21.0,7.5,3,3,31.7,-6.89,28.33,,
vinko-medimorec,Vinko Međimorec,Defender,NK Slaven Belupo,HNL,30,43.0,42.0,35.0,14,9,23.0,8.49,33.57,1.59,5.92
ante-udovicic,Ante Udovičić,Defender,NK Rudeš Zagreb,HNL,17,0.0,0.0,0.0,0,0,0.0,0.0,0.0,,
daniel-zagorac,Danijel Zagorac,Goalkeeper,GNK Dinamo Zagreb,HNL,39,0.0,0.0,0.0,0,0,0.0,0.0,0.0,0.45,1.49
leonard-zhuta,Leonard Zuta,Defender,NK Slaven Belupo,HNL,34,42.0,39.0,42.5,17,14,32.9,0.82,37.94,0.21,5.83
noah-nsoki,Noah Nsoki,Forward,GNK Dinamo Zagreb,HNL,19,37.0,37.0,2.5,1,0,0.2,1.6,35.0,,
vito-papac,Vito Papac,Forward,NK Slaven Belupo,HNL,17,0.0,0.0,0.0,0,0,0.0,0.0,0.0,,
domagoj-durkovic,Domagoj Đurković,Midfielder,NK Rudeš Zagreb,HNL,24,0.0,0.0,0.0,0,0,0.0,0.0,0.0,0.78,4.18
ivan-covic,Ivan Čović,Goalkeeper,NK Slaven Belupo,HNL,36,48.0,48.0,20.0,8,8,18.8,8.94,38.75,3.24,10.6
lukas-zahora,Lukas Zahora,Forward,NK Slaven Belupo,HNL,19,0.0,0.0,0.0,0,0,0.0,0.0,0.0,0.29,5.02
wisdom-aondowase-sule,Wisdom Sule,Forward,HNK Gorica,HNL,22,33.0,36.0,32.5,13,6,20.0,-0.78,36.92,1.29,4.4
stipe-duvnjak,Stipe Duvnjak,Goalkeeper,NK Rudeš Zagreb,HNL,18,0.0,0.0,0.0,0,0,0.0,0.0,0.0,,
jona-benkotic,Jona Benkotić,Midfielder,GNK Dinamo Zagreb,HNL,17,0.0,0.0,0.0,0,0,0.0,0.0,0.0,,
petar-bockaj,Petar Bočkaj,Defender,NK Varaždin,HNL,30,37.0,37.0,22.5,9,0,4.5,2.45,35.0,2.28,4.88
kaloyan-bozhkov-bozhkov,Kaloyan Bozhkov,Midfielder,GNK Dinamo Zagreb,HNL,18,0.0,0.0,0.0,0,0,0.0,0.0,0.0,,
ante-erceg,Ante Erceg,Forward,HNK Gorica,HNL,36,50.0,44.0,42.5,17,9,23.9,2.38,41.18,1.01,0.57
david-mateo-mejia-moscoso,David Mejía,Midfielder,NK Osijek,HNL,23,49.0,45.0,55.0,22,17,39.2,10.07,35.0,0.85,4.95
domagoj-ivan-maric,Domagoj Marić,Goalkeeper,HNK Rijeka,HNL,20,0.0,0.0,0.0,0,0,0.0,0.0,0.0,0.36,4.34
illia-kutia,Illia Kutia,Midfielder,HNK Hajduk Split,HNL,18,32.0,32.0,2.5,1,0,1.3,-3.4,35.0,,
keenan-nino-carole,Keenan Carole,Forward,HNK Gorica,HNL,22,39.0,39.0,2.5,1,0,6.4,4.1,35.0,1.08,4.31
roko-brajkovic,Roko Brajković,Forward,HNK Hajduk Split,HNL,21,49.0,48.0,50.0,20,15,33.4,6.36,41.75,0.93,3.55
daniel-rodriguez-crespo,Dani Rodríguez,Forward,GNK Dinamo Zagreb,HNL,21,0.0,0.0,0.0,0,0,0.0,0.0,0.0,1.0,6.93
filipe-jose-quissequel,Paizinho,Forward,NK Varaždin,HNL,18,35.0,35.0,7.5,3,0,0.8,0.3,35.0,,
elisandro-kozina-aranha-pinheiro,Elisandro Kožina,Defender,HNK Gorica,HNL,17,0.0,0.0,0.0,0,0,0.0,0.0,0.0,,
davyd-fesyuk,Davyd Fesiuk,Goalkeeper,HNK Hajduk Split,HNL,21,0.0,0.0,0.0,0,0,0.0,0.0,0.0,1.57,5.24
paul-bismarck-tabinas,Paul Tabinas,Defender,GNK Dinamo Zagreb,HNL,24,48.0,49.0,22.5,9,6,13.4,11.65,37.78,0.69,6.06
darijan-radelic-zarkov,Darijan Žarkov,Goalkeeper,HNK Gorica,HNL,34,0.0,0.0,0.0,0,0,0.0,0.0,0.0,1.0,1.05
marino-skelin,Marino Skelin,Defender,HNK Hajduk Split,HNL,20,50.0,50.0,10.0,4,3,7.8,15.19,35.0,0.91,6.65
vito-medic,Vito Medić,Midfielder,NK Slaven Belupo,HNL,19,0.0,0.0,0.0,0,0,0.0,0.0,0.0,,
maj-pavli,Maj Pavli,Goalkeeper,NK Slaven Belupo,HNL,24,0.0,0.0,0.0,0,0,0.0,0.0,0.0,2.13,
vito-caic,Vito Čaić,Midfielder,NK Osijek,HNL,21,39.0,37.0,60.0,24,22,48.1,1.35,35.63,1.59,4.81
sven-sunta,Sven Šunta,Midfielder,GNK Dinamo Zagreb,HNL,19,42.0,42.0,22.5,9,0,4.0,4.54,37.78,0.46,2.9
calixte-paul-ligue,Calixte Ligue,Defender,HNK Rijeka,HNL,21,31.0,31.0,22.5,9,6,11.7,-4.0,35.0,1.96,6.96
lovro-loncaric,Lovro Lončarić,Midfielder,NK Slaven Belupo,HNL,22,0.0,0.0,0.0,0,0,0.0,0.0,0.0,0.37,4.99
ivan-zutic,Ivan Žutić,Defender,NK Rudeš Zagreb,HNL,25,0.0,0.0,0.0,0,0,0.0,0.0,0.0,1.42,4.96
hadji-issa-moustapha,Hadji Moustapha,Defender,HNK Gorica,HNL,22,44.0,44.0,7.5,3,2,12.6,8.67,35.0,1.07,3.65
mislav-cutuk,Mislav Ćutuk,Forward,GNK Dinamo Zagreb,HNL,19,0.0,0.0,0.0,0,0,0.0,0.0,0.0,,
krunoslav-hendija,Krunoslav Hendija,Goalkeeper,NK Lokomotiva Zagreb,HNL,37,0.0,0.0,0.0,0,0,0.0,0.0,0.0,0.37,3.92
mario-situm,Mario Šitum,Defender,NK Lokomotiva Zagreb,HNL,34,38.0,40.0,37.5,15,5,14.6,4.52,35.0,0.36,2.15
ivan-filipovic,Ivan Filipović,Goalkeeper,GNK Dinamo Zagreb,HNL,31,51.0,47.0,37.5,15,15,34.5,6.45,40.67,1.43,8.99
nikica-peranovic,Nikica Peranović,Defender,NK Rudeš Zagreb,HNL,20,0.0,0.0,0.0,0,0,0.0,0.0,0.0,0.79,5.2
josip-radman,Josip Radman,Midfielder,NK Rudeš Zagreb,HNL,19,0.0,0.0,0.0,0,0,0.0,0.0,0.0,,
luka-savatovic,Luka Savatović,Goalkeeper,NK Lokomotiva Zagreb,HNL,22,51.0,51.0,7.5,3,3,7.5,7.33,43.33,0.44,5.72
mutari-momoh,Mutari Momoh,Defender,NK Istra 1961,HNL,18,0.0,0.0,0.0,0,0,0.0,0.0,0.0,,
moreno-zivkovic,Moreno Živković,Defender,HNK Rijeka,HNL,22,39.0,38.0,37.5,15,15,31.6,1.83,36.67,0.3,5.88
filip-holjevac,Filip Holjevac,Goalkeeper,NK Rudeš Zagreb,HNL,19,0.0,0.0,0.0,0,0,0.0,0.0,0.0,0.56,5.15
mateo-barac,Mateo Barać,Defender,NK Varaždin,HNL,32,44.0,44.0,20.0,8,5,11.3,6.19,38.13,1.14,2.21
simon-karshe-cletus,Simon Cletus,Midfielder,HNK Rijeka,HNL,18,0.0,0.0,0.0,0,0,0.0,0.0,0.0,,
bartol-kardum,Bartol Kardum,Forward,HNK Gorica,HNL,20,34.0,34.0,5.0,2,0,0.6,-0.75,35.0,0.29,4.96
silvio-ilinkovic,Silvio Ilinković,Midfielder,NK Varaždin,HNL,23,39.0,39.0,25.0,10,0,4.8,1.5,37.5,1.79,3.24
roko-banovac,Roko Banovac,Goalkeeper,NK Istra 1961,HNL,17,0.0,0.0,0.0,0,0,0.0,0.0,0.0,,
viktor-vesligaj,Viktor Vešligaj,Defender,HNK Rijeka,HNL,16,40.0,40.0,2.5,1,0,0.2,5.18,35.0,,
dante-stipica,Dante Stipica,Goalkeeper,HNK Hajduk Split,HNL,35,0.0,0.0,0.0,0,0,0.0,0.0,0.0,0.38,3.2
jan-paus-kunst,Jan Paus-Kunšt,Goalkeeper,NK Istra 1961,HNL,25,43.0,43.0,2.5,1,1,2.5,8.3,35.0,1.89,3.68
luka-curkovic,Luka Ćurković,Defender,NK Lokomotiva Zagreb,HNL,21,37.0,37.0,5.0,2,0,0.2,1.56,35.0,1.96,4.83
nikola-radnic,Nikola Radnić,Defender,GNK Dinamo Zagreb,HNL,18,0.0,0.0,0.0,0,0,0.0,0.0,0.0,,
tin-dosen,Tin Došen,Goalkeeper,HNK Gorica,HNL,20,0.0,0.0,0.0,0,0,0.0,0.0,0.0,0.5,5.28
tomislav-prgomet,Tomislav Prgomet,Midfielder,HNK Gorica,HNL,19,0.0,0.0,0.0,0,0,0.0,0.0,0.0,0.36,5.88
anton-matkovic,Anton Matković,Forward,NK Osijek,HNL,20,41.0,40.0,42.5,17,9,27.0,1.89,37.94,1.58,4.96
robby-mccrorie,Robby McCrorie,Goalkeeper,NK Varaždin,HNL,28,0.0,0.0,0.0,0,0,0.0,0.0,0.0,1.66,10.98
teo-kolar,Teo Kolar,Goalkeeper,NK Slaven Belupo,HNL,19,0.0,0.0,0.0,0,0,0.0,0.0,0.0,,
noel-bodetic,Noel Bodetić,Defender,HNK Rijeka,HNL,22,45.0,45.0,25.0,10,5,11.9,7.18,37.5,0.28,5.08
mihail-caimacov,Mihail Caimacov,Midfielder,NK Slaven Belupo,HNL,28,45.0,44.0,30.0,12,10,18.2,9.42,35.0,1.14,5.23
colin-gabriel-jacques,Colin Jacques,Forward,NK Rudeš Zagreb,HNL,32,0.0,0.0,0.0,0,0,0.0,0.0,0.0,,
fuzy-taylor,Fuzy Taylor,Midfielder,GNK Dinamo Zagreb,HNL,18,0.0,0.0,0.0,0,0,0.0,0.0,0.0,,
patrik-maric,Patrik Marić,Forward,NK Slaven Belupo,HNL,19,35.0,35.0,2.5,1,0,0.1,0.0,35.0,0.94,4.15
itsuki-urata,Itsuki Urata,Defender,NK Slaven Belupo,HNL,29,27.0,27.0,5.0,2,2,23.4,-7.65,35.0,1.23,5.05
allyson-do-nascimento-honorio,Allyson,Forward,NK Rudeš Zagreb,HNL,25,0.0,0.0,0.0,0,0,0.0,0.0,0.0,0.85,0.71
vito-kovac,Vito Kovač,Goalkeeper,HNK Rijeka,HNL,18,0.0,0.0,0.0,0,0,0.0,0.0,0.0,,
dominik-celija,Dominik Celija,Forward,NK Istra 1961,HNL,20,0.0,0.0,0.0,0,0,0.0,0.0,0.0,0.44,3.84
joseph-essomba,Joseph Essomba,Midfielder,NK Slaven Belupo,HNL,22,0.0,0.0,0.0,0,0,0.0,0.0,0.0,,
david-samuel-nwolokor,David Nwolokor,Goalkeeper,HNK Rijeka,HNL,30,0.0,0.0,0.0,0,0,0.0,0.0,0.0,0.43,2.45
luka-tunjic,Luka Tunjić,Midfielder,NK Osijek,HNL,20,41.0,41.0,0.0,0,0,6.2,3.39,37.27,0.26,0.9
leon-geci,Leon Geci,Midfielder,NK Slaven Belupo,HNL,18,35.0,35.0,5.0,2,0,0.4,-0.45,35.0,,
toni-brajkovic,Toni Brajković,Forward,NK Istra 1961,HNL,18,0.0,0.0,0.0,0,0,0.0,0.0,0.0,,
ivica-ivusic,Ivica Ivušić,Goalkeeper,HNK Hajduk Split,HNL,31,54.0,54.0,20.0,8,8,18.0,3.3,50.63,1.44,9.52
jan-hlapcic,Jan Hlapčić,Goalkeeper,NK Osijek,HNL,20,0.0,0.0,0.0,0,0,0.0,0.0,0.0,2.15,5.07
teo-barisic,Téo Barišić,Defender,HNK Rijeka,HNL,21,47.0,47.0,20.0,8,6,11.0,11.26,35.63,0.36,5.3
lovro-dukic,Lovro Dukić,Defender,HNK Gorica,HNL,20,0.0,0.0,0.0,0,0,0.0,0.0,0.0,1.77,4.92
edis-malikji,Edis Malikji,Defender,NK Lokomotiva Zagreb,HNL,30,0.0,0.0,0.0,0,0,0.0,0.0,0.0,,
marko-petrovic-2006-04-06,Marko Petrović,Defender,NK Slaven Belupo,HNL,20,33.0,33.0,10.0,4,2,6.2,-2.15,35.0,0.93,5.99
rodrigo-rivas-gonzales,Rodrigo Rivas,Forward,NK Rudeš Zagreb,HNL,29,0.0,0.0,0.0,0,0,0.0,0.0,0.0,,
nikola-curcija,Nikola Curcija,Goalkeeper,NK Osijek,HNL,25,44.0,44.0,12.5,5,5,12.2,4.46,40.0,0.36,6.44
mihael-kelava,Mihael Kelava,Midfielder,HNK Gorica,HNL,17,28.0,28.0,2.5,1,0,0.1,-6.9,35.0,,
teo-novak,Teo Novak,Goalkeeper,NK Varaždin,HNL,19,0.0,0.0,0.0,0,0,0.0,0.0,0.0,,
anes-huskic,Anes Huskić,Midfielder,NK Lokomotiva Zagreb,HNL,19,43.0,43.0,2.5,1,0,0.4,7.5,35.0,,
leander-dendoncker,Leander Dendoncker,Midfielder,HNK Hajduk Split,HNL,31,39.0,40.0,40.0,16,12,29.5,5.81,33.75,2.14,0.6
lovre-loncar,Lovre Lončar,Forward,NK Slaven Belupo,HNL,20,0.0,0.0,0.0,0,0,0.0,0.0,0.0,1.63,5.05
peter-nnaemeka-ugwuodo,Peter Ugwuodo,Forward,HNK Hajduk Split,HNL,20,0.0,0.0,0.0,0,0,0.0,0.0,0.0,0.43,3.79
demirel-hodzic,Demirel Hodzic,Midfielder,NK Istra 1961,HNL,21,0.0,0.0,0.0,0,0,0.0,0.0,0.0,,
aleks-stojakovic,Aleks Stojaković,Forward,GNK Dinamo Zagreb,HNL,22,40.0,45.0,67.5,27,24,52.5,2.77,42.04,1.22,6.06
sven-lesjak,Sven Lesjak,Defender,NK Varaždin,HNL,20,44.0,47.0,27.5,11,7,19.5,11.13,35.45,1.72,6.13
ante-bilobrk,Ante Bilobrk,Defender,NK Slaven Belupo,HNL,19,0.0,0.0,0.0,0,0,0.0,0.0,0.0,0.36,5.37
patrik-ulf-anders-carlgren,Patrik Carlgren,Goalkeeper,FC Nantes,Ligue 2,34,60.0,60.0,7.5,3,2,6.0,16.77,43.33,0.4,2.77
arthur-vitelli,Arthur Vitelli,Defender,FC Sochaux-Montbéliard,Ligue 2,26,60.0,60.0,5.0,2,1,19.7,24.93,35.0,,10.16
teji-savanier,Téji Savanier,Midfielder,FC Metz,Ligue 2,34,53.0,55.0,65.0,26,18,46.2,11.56,44.04,0.97,4.98
mehdi-jeannin,Mehdi Jeannin,Goalkeeper,FC Sochaux-Montbéliard,Ligue 2,35,68.0,68.0,15.0,6,6,90.0,16.22,51.67,,
mathieu-peybernes,Mathieu Peybernes,Defender,FC Sochaux-Montbéliard,Ligue 2,35,64.0,64.0,12.5,5,5,70.3,19.12,45.0,,
simon-brady-ngapandouetnbu,Simon Ngapandouetnbu,Goalkeeper,Montpellier Hérault SC,Ligue 2,23,62.0,59.0,80.0,32,32,72.0,11.0,48.28,11.58,74.33
irvin-cardona,Irvin Cardona,Forward,AS Saint-Étienne,Ligue 2,29,58.0,53.0,100.0,40,32,66.8,7.94,45.0,9.08,41.53
theo-sainte-luce,Théo Sainte-Luce,Defender,Montpellier Hérault SC,Ligue 2,27,63.0,56.0,70.0,28,25,63.7,17.38,38.57,0.49,2.07
donatien-gomis-1994-11-07,Donatien Gomis,Defender,En Avant Guingamp,Ligue 2,31,60.0,59.0,67.5,27,26,67.5,18.91,40.0,2.28,7.08
daylam-meddah,Daylam Meddah,Defender,Montpellier Hérault SC,Ligue 2,23,57.0,57.0,67.5,27,27,63.7,18.57,37.96,2.17,6.21
jonathan-frost-fischer,Jonathan Fischer,Goalkeeper,FC Metz,Ligue 2,24,52.0,50.0,70.0,28,27,67.9,7.98,42.14,,
raphael-lipinski,Raphaël Lipinski,Defender,Rodez Aveyron Football,Ligue 2,24,59.0,53.0,92.5,37,37,90.0,14.7,37.97,0.82,3.54
kilian-corredor,Killian Corredor,Forward,FC Nantes,Ligue 2,25,50.0,52.0,65.0,26,24,60.7,10.2,41.92,1.56,5.7
mathis-houdayer,Mathis Houdayer,Forward,Stade Lavallois Mayenne FC,Ligue 2,21,55.0,49.0,42.5,17,8,30.2,6.48,42.35,,
samy-olivier-chouchane,Samy Chouchane,Midfielder,Dijon FCO,Ligue 2,23,58.0,58.0,15.0,6,4,63.7,12.62,45.0,,
maxime-bernauer,Maxime Bernauer,Defender,AS Saint-Étienne,Ligue 2,28,63.0,55.0,50.0,20,19,43.8,20.01,34.5,5.73,26.03
blondy-nna-noukeu,Blondy Noukeu,Goalkeeper,US Boulogne-sur-Mer Côte d'Opale,Ligue 2,25,52.0,52.0,50.0,20,20,45.0,6.85,44.75,2.49,14.95
julien-laporte,Julien Laporte,Defender,Montpellier Hérault SC,Ligue 2,32,58.0,57.0,75.0,30,30,74.7,20.1,36.83,1.12,8.2
ilyes-housni,Ilyes Housni,Forward,AS Nancy-Lorraine,Ligue 2,21,60.0,60.0,15.0,6,6,89.8,16.4,43.33,4.91,10.95
ange-martial-tia,Ange Tia,Midfielder,Stade de Reims,Ligue 2,19,58.0,51.0,80.0,32,23,49.9,10.8,39.84,3.49,46.46
aron-csongvai,Áron Csongvai,Midfielder,AS Saint-Étienne,Ligue 2,25,59.0,59.0,15.0,6,6,67.5,15.4,43.33,7.54,16.67
benjaloud-youssouf,Bendjaloud Youssouf,Defender,FC Sochaux-Montbéliard,Ligue 2,32,48.0,48.0,15.0,6,5,50.6,8.54,39.17,,
augustine-boakye,Augustine Boakye,Forward,AS Saint-Étienne,Ligue 2,25,56.0,52.0,77.5,31,31,64.3,7.25,44.19,8.3,31.52
alexandre-olliero,Alexandre Olliero,Goalkeeper,Grenoble Foot 38,Ligue 2,30,55.0,55.0,15.0,6,6,15.4,7.13,47.5,4.22,17.94
loni-quenabio,Loni Laurent,Defender,Rodez Aveyron Football,Ligue 2,25,64.0,56.0,57.5,23,19,47.3,17.9,38.26,,
zuriko-davitashvili,Zuriko Davitashvili,Forward,AS Saint-Étienne,Ligue 2,25,60.0,57.0,90.0,36,29,65.0,10.28,47.08,6.18,23.89
pape-mamadou-sy,Pape Sy,Goalkeeper,FC Metz,Ligue 2,29,48.0,48.0,22.5,9,9,22.1,9.56,38.89,,
amine-hemia,Amine Hemia,Midfielder,En Avant Guingamp,Ligue 2,28,62.0,62.0,27.5,11,11,25.3,11.91,50.45,,
nehemiah-fernandez-veliz,Nehemiah Fernandez-Veliz,Defender,AS Nancy-Lorraine,Ligue 2,21,56.0,45.0,77.5,31,27,68.6,8.49,37.1,,
albin-demouchy,Albin Démouchy,Defender,En Avant Guingamp,Ligue 2,24,57.0,55.0,57.5,23,20,50.7,17.23,37.83,,
teddy-averlant,Teddy Averlant,Forward,En Avant Guingamp,Ligue 2,26,51.0,44.0,87.5,35,28,60.7,6.18,37.86,,
vital-n-simba,Vital Nsimba,Defender,Clermont Foot 63,Ligue 2,33,52.0,48.0,55.0,22,14,45.3,10.82,37.27,1.17,9.04
chamsedin-kouranfal,Chamsedin Kouranfal,Midfielder,Stade de Reims,Ligue 2,20,59.0,59.0,10.0,4,3,37.8,11.55,47.5,,
florian-tardieu,Florian Tardieu,Midfielder,Montpellier Hérault SC,Ligue 2,34,49.0,55.0,60.0,24,21,51.0,15.3,41.04,0.44,1.37
brandon-bokangou,Brandon Bokangu,Midfielder,En Avant Guingamp,Ligue 2,26,46.0,42.0,65.0,26,16,37.5,0.44,41.35,,
pape-moussa-fall,Pape Fall,Forward,FC Metz,Ligue 2,22,57.0,52.0,82.5,33,24,64.4,5.64,45.61,1.18,5.72
enzo-tacafred,Enzo Tacafred,Defender,AS Nancy-Lorraine,Ligue 2,21,48.0,46.0,65.0,26,24,59.7,9.26,36.92,,
thierno-ballo,Thierno Ballo,Forward,AS Saint-Étienne,Ligue 2,24,49.0,43.0,75.0,30,23,42.0,2.48,40.67,2.85,17.77
tamar-svetlin,Tamar Svetlin,Midfielder,AS Saint-Étienne,Ligue 2,25,55.0,55.0,15.0,6,4,41.3,15.58,39.17,3.36,23.43
paul-bellon,Paul Bellon,Midfielder,Dijon FCO,Ligue 2,26,57.0,57.0,15.0,6,5,63.8,17.45,39.17,,
mattheo-xantippe,Matthéo Xantippe,Defender,Grenoble Foot 38,Ligue 2,24,51.0,45.0,80.0,32,29,72.3,5.94,38.13,3.0,4.09
ethan-clavreul,Ethan Clavreul,Midfielder,Stade Lavallois Mayenne FC,Ligue 2,20,48.0,41.0,65.0,26,9,29.3,-0.83,41.15,,
lucas-perrin,Lucas Perrin,Defender,FC Nantes,Ligue 2,27,57.0,51.0,55.0,22,20,44.9,13.21,37.5,3.59,6.53
sohaib-nair,Sohaib Nair,Defender,AS Saint-Étienne,Ligue 2,24,60.0,55.0,60.0,24,23,56.8,17.64,37.08,4.38,15.39
paul-delecroix,Paul Delecroix,Goalkeeper,Dijon FCO,Ligue 2,37,56.0,56.0,12.5,5,5,75.0,16.2,40.0,,
yaya-kader-fofana,Yaya Fofana,Midfielder,Stade de Reims,Ligue 2,22,50.0,46.0,37.5,15,6,15.5,2.67,43.0,4.1,20.27
theo-brusco,Théo Brusco,Defender,US Boulogne-sur-Mer Côte d'Opale,Ligue 2,26,55.0,55.0,12.5,5,5,70.5,23.75,31.0,,
saad-agouzoul,Saad Agouzoul,Defender,FC Sochaux-Montbéliard,Ligue 2,29,52.0,52.0,22.5,9,8,47.3,16.32,36.11,1.17,1.77
opa-sangante,Opa Sanganté,Midfielder,US du Littoral de Dunkerque,Ligue 2,35,49.0,47.0,70.0,28,24,63.2,7.29,39.64,,
jeremie-matumona-makanga,Jérémie Matumona,Defender,En Avant Guingamp,Ligue 2,20,43.0,40.0,27.5,11,7,16.9,0.73,37.73,,
aurelien-platret,Aurélien Platret,Defender,US Boulogne-sur-Mer Côte d'Opale,Ligue 2,23,52.0,48.0,75.0,30,21,51.5,9.07,38.5,,
theo-magnin,Théo Magnin,Defender,Red Star FC 93,Ligue 2,23,49.0,44.0,55.0,22,15,33.7,8.17,36.14,,
cristian-castro-devenish,Cristian Devenish,Defender,FC Metz,Ligue 2,25,53.0,45.0,67.5,27,27,64.4,9.2,36.11,,
quentin-paris,Quentin Paris,Forward,Stade de Reims,Ligue 2,19,39.0,39.0,50.0,20,6,19.5,0.5,39.0,,
brandon-nsimba-ndezi,Brandon Nsimba Ndezi,Midfielder,Dijon FCO,Ligue 2,26,54.0,54.0,15.0,6,6,82.3,18.6,35.0,,
jessy-benet,Jessy Benet,Midfielder,Pau FC,Ligue 2,31,53.0,62.0,77.5,31,30,76.6,18.83,43.06,2.0,14.29
damien-durand,Damien Durand,Forward,Red Star FC 93,Ligue 2,31,57.0,52.0,87.5,35,31,75.5,8.52,43.71,,
dalangunypole-gomis,Dalangunypole Gomis,Defender,FC Sochaux-Montbéliard,Ligue 2,22,49.0,49.0,12.5,5,4,16.8,8.96,40.0,0.42,6.74
ethan-kena-kabeya,Ethan Kabeya,Defender,Clermont Foot 63,Ligue 2,20,54.0,54.0,15.0,6,6,90.0,19.09,35.0,,
elie-n-gatta,Élie N'Gatta,Defender,FC Sochaux-Montbéliard,Ligue 2,20,49.0,49.0,15.0,6,6,90.0,14.32,35.0,,
julio-tavares,Júlio Tavares,Forward,Dijon FCO,Ligue 2,37,51.0,51.0,12.5,5,1,23.5,5.76,45.0,,
nicolas-pays,Nicolas Pays,Forward,Montpellier Hérault SC,Ligue 2,23,54.0,48.0,85.0,34,32,79.4,9.23,38.97,1.58,5.65
jessy-deminguet,Jessy Deminguet,Midfielder,FC Metz,Ligue 2,28,53.0,45.0,85.0,34,30,67.2,6.26,38.97,1.67,10.77
yoann-salmier,Yoann Salmier,Defender,Clermont Foot 63,Ligue 2,33,54.0,50.0,80.0,32,31,77.3,14.29,35.31,0.69,1.44
paul-venot,Paul Venot,Midfielder,FC Annecy,Ligue 2,24,47.0,42.0,75.0,30,22,55.8,2.55,39.33,,
amine-kashi,Amine Kashi,Forward,Stade de Reims,Ligue 2,23,47.0,47.0,7.5,3,2,22.5,2.6,43.33,,
balthazar-pierret,Balthazar Pierret,Midfielder,FC Nantes,Ligue 2,26,51.0,47.0,45.0,18,14,32.2,12.2,35.28,3.14,10.08
julien-le-cardinal,Julien Le Cardinal,Defender,AS Saint-Étienne,Ligue 2,29,58.0,56.0,55.0,22,20,45.5,20.15,36.14,4.9,43.3
sam-sanna,Sam Sanna,Midfielder,Stade Lavallois Mayenne FC,Ligue 2,27,50.0,45.0,85.0,34,33,83.5,11.09,34.41,,
daouda-guindo,Daouda Guindo,Defender,Stade de Reims,Ligue 2,23,58.0,45.0,75.0,30,25,61.8,8.55,36.5,1.67,11.08
yohann-magnin,Yohann Magnin,Midfielder,Grenoble Foot 38,Ligue 2,29,47.0,47.0,15.0,6,6,88.0,7.78,39.17,1.54,4.93
jakob-breum-martinsen,Jakob Breum,Midfielder,AS Saint-Étienne,Ligue 2,22,51.0,56.0,80.0,32,26,55.0,11.16,45.31,14.85,63.56
yannis-nahounou,Yannis Nahounou,Defender,AS Nancy-Lorraine,Ligue 2,22,47.0,49.0,45.0,18,15,36.8,10.58,38.33,,
dylan-durivaux,Dylan Durivaux,Defender,Red Star FC 93,Ligue 2,25,52.0,57.0,87.5,35,35,90.0,20.28,36.57,,
theo-guivarch,Theo Guivarch,Goalkeeper,Clermont Foot 63,Ligue 2,30,55.0,46.0,85.0,34,34,87.4,6.45,39.56,,
zakaria-fdaouch,Zakaria Fdaouch,Forward,AS Nancy-Lorraine,Ligue 2,29,52.0,50.0,77.5,31,26,64.3,9.28,40.65,,
gaetan-poussin,Gaëtan Poussin,Goalkeeper,Red Star FC 93,Ligue 2,27,51.0,52.0,87.5,35,35,90.0,8.07,43.71,5.41,31.11
jean-ruiz,Jean Ruiz,Defender,FC Metz,Ligue 2,28,57.0,51.0,62.5,25,25,63.0,16.07,35.2,,
khalil-ayari,Khalil Ayari,Forward,US du Littoral de Dunkerque,Ligue 2,21,45.0,45.0,20.0,8,2,33.6,4.24,41.25,,
kemo-cisse,Kémo Cissé,Forward,Red Star FC 93,Ligue 2,29,45.0,47.0,67.5,27,23,55.4,6.89,39.63,,
jonas-martin,Jonas Martin,Midfielder,US Boulogne-sur-Mer Côte d'Opale,Ligue 2,36,44.0,44.0,60.0,24,16,39.9,7.91,36.04,0.98,0.72
tom-tony-pouilly,Tom Pouilly,Midfielder,Pau FC,Ligue 2,23,47.0,46.0,80.0,32,29,68.6,7.8,38.13,0.77,4.38
adel-lembezat,Adel Lembezat,Midfielder,Dijon FCO,Ligue 2,28,54.0,54.0,15.0,6,3,50.7,10.57,43.33,,
kilyan-veniere-jusseron,Kilyan Veniere,Midfielder,FC Annecy,Ligue 2,20,41.0,41.0,25.0,10,1,6.5,0.88,40.0,,
clement-vidal,Clément Vidal,Defender,Grenoble Foot 38,Ligue 2,26,51.0,51.0,77.5,31,28,68.7,14.23,36.61,2.24,5.02
anthony-briancon,Anthony Briançon,Defender,Pau FC,Ligue 2,31,51.0,52.0,47.5,19,18,42.4,15.28,36.32,1.0,4.98
mathis-magnin,Mathis Magnin,Defender,Rodez Aveyron Football,Ligue 2,24,51.0,48.0,90.0,36,36,87.6,10.24,37.36,,
theo-leoni,Théo Leoni,Midfielder,Stade de Reims,Ligue 2,26,56.0,59.0,87.5,35,34,83.6,19.24,40.0,4.38,30.46
thomas-robinet,Thomas Robinet,Forward,FC Nantes,Ligue 2,30,53.0,52.0,85.0,34,33,81.1,4.51,47.65,2.88,20.74
samuel-renel,Samuel Renel,Midfielder,Red Star FC 93,Ligue 2,24,47.0,47.0,12.5,5,3,12.2,7.48,40.0,,
thibault-rambaud,Thibault Rambaud,Forward,FC Annecy,Ligue 2,29,48.0,48.0,72.5,29,20,44.7,2.06,45.34,,
babacar-leye,Babacar Leye,Forward,Pau FC,Ligue 2,26,48.0,48.0,15.0,6,4,49.2,2.52,45.0,1.22,5.7
samuel-junior-kotto,Samuel Kotto,Defender,Stade de Reims,Ligue 2,23,52.0,56.0,72.5,29,28,62.0,19.38,36.21,3.7,16.55
baptiste-mouazan,Baptiste Mouazan,Midfielder,Grenoble Foot 38,Ligue 2,24,43.0,40.0,50.0,20,15,30.9,2.15,37.75,1.08,7.02
jean-grillot,Jean Grillot,Midfielder,Clermont Foot 63,Ligue 2,20,49.0,49.0,15.0,6,6,90.0,13.75,35.0,,
maxime-colin,Maxime Colin,Defender,FC Metz,Ligue 2,34,54.0,48.0,62.5,25,20,52.0,11.71,36.0,,
salomon-junior-sambia,Junior Sambia,Defender,Clermont Foot 63,Ligue 2,30,48.0,48.0,15.0,6,2,48.0,8.83,39.17,0.44,0.5
kevin-cabral,Kévin Cabral,Forward,Red Star FC 93,Ligue 2,27,61.0,47.0,80.0,32,21,51.3,3.06,43.91,1.24,0.75
tanguy-ahile,Tanguy Ahilé,Midfielder,En Avant Guingamp,Ligue 2,22,47.0,43.0,77.5,31,11,34.4,6.14,36.61,,
enzo-basilio,Enzo Basilio,Goalkeeper,AS Nancy-Lorraine,Ligue 2,31,46.0,45.0,80.0,32,32,80.2,3.42,41.72,9.8,70.67
jordan-marie,Jordan Marié,Midfielder,Dijon FCO,Ligue 2,34,49.0,49.0,15.0,6,3,51.5,5.83,43.33,,
tom-meynadier,Tom Meynadier,Defender,Dijon FCO,Ligue 2,26,37.0,39.0,57.5,23,17,54.1,3.84,35.0,0.36,5.19
armel-junior-zohouri,Armel Zohouri,Defender,Stade de Reims,Ligue 2,25,39.0,39.0,10.0,4,3,21.4,3.08,36.25,1.25,15.85
souleymane-keita,Souleymane Keita,Midfielder,US du Littoral de Dunkerque,Ligue 2,20,42.0,42.0,30.0,12,2,9.6,3.75,38.33,,
tyris-dong,Tyris Dong,Forward,Dijon FCO,Ligue 2,17,47.0,47.0,15.0,6,3,50.0,3.22,43.33,,
elydjah-mendy,Elydjah Mendy,Defender,AS Nancy-Lorraine,Ligue 2,26,48.0,46.0,62.5,25,25,59.3,11.0,34.6,,
saif-eddine-khaoui,Saïf-Eddine Khaoui,Midfielder,Red Star FC 93,Ligue 2,31,45.0,44.0,77.5,31,18,42.6,3.09,40.65,,
brice-maubleu,Brice Maubleu,Goalkeeper,Pau FC,Ligue 2,36,48.0,50.0,27.5,11,10,23.7,6.37,44.09,2.09,16.68
saidou-sow-2002-07-04,Saidou Sow,Defender,FC Nantes,Ligue 2,24,51.0,47.0,40.0,16,14,31.2,14.19,32.81,7.2,5.47
abdel-hbouch,Abdel Hbouch,Midfielder,US Boulogne-sur-Mer Côte d'Opale,Ligue 2,27,41.0,46.0,67.5,27,15,42.7,6.2,39.63,,
ryad-hachem,Ryad Hachem,Defender,FC Nantes,Ligue 2,28,49.0,44.0,82.5,33,30,73.4,7.11,37.21,2.52,4.48
farouq-limouri,Farouq Limouri,Defender,Grenoble Foot 38,Ligue 2,23,49.0,49.0,2.5,1,1,15.0,14.4,35.0,0.35,4.13
jordan-morel,Jordan Morel,Midfielder,US du Littoral de Dunkerque,Ligue 2,22,49.0,49.0,15.0,6,6,75.8,14.32,35.0,,
christ-owen-kouassi-bathele,O. Kouassi,Defender,Grenoble Foot 38,Ligue 2,23,46.0,41.0,35.0,14,12,27.9,5.49,35.36,0.65,5.5
believe-munongo,Believe Munongo,Midfielder,FC Metz,Ligue 2,16,42.0,40.0,42.5,17,10,26.2,4.7,35.0,,
tom-ritzy-hulsmann,Tom Hülsmann,Goalkeeper,Stade de Reims,Ligue 2,22,48.0,51.0,75.0,30,30,83.9,6.81,43.83,4.44,50.99
gaetan-robail,Gaëtan Robail,Forward,US du Littoral de Dunkerque,Ligue 2,32,49.0,49.0,2.5,1,0,45.0,13.9,35.0,,
wilitty-younoussa,Wilitty Younoussa,Midfielder,FC Nantes,Ligue 2,25,48.0,44.0,80.0,32,19,46.7,5.52,38.44,0.75,9.28
lorenzo-rajot,Lorenzo Rajot,Midfielder,Pau FC,Ligue 2,28,47.0,47.0,15.0,6,5,56.8,3.18,43.33,0.88,3.48
demba-thiam,Demba Thiam,Defender,US Boulogne-sur-Mer Côte d'Opale,Ligue 2,36,49.0,45.0,82.5,33,31,78.5,9.39,35.91,,
youssef-el-kachati,Youssef El Kachati,Forward,Stade de Reims,Ligue 2,26,43.0,43.0,50.0,20,3,16.6,1.43,41.75,1.45,6.05
quentin-bernard,Quentin Bernard,Defender,Dijon FCO,Ligue 2,37,48.0,48.0,15.0,6,5,80.5,13.02,35.0,1.01,
aurelien-pelon,Aurélien Pelon,Defender,Grenoble Foot 38,Ligue 2,22,48.0,48.0,7.5,3,3,14.2,4.32,43.33,,
islamdine-halifa,Islamdine Halifa,Midfielder,Red Star FC 93,Ligue 2,21,50.0,50.0,15.0,6,6,12.7,14.53,35.0,0.39,1.2
sambou-soumano,Sambou Soumano,Forward,Stade de Reims,Ligue 2,25,40.0,40.0,82.5,33,9,28.8,0.69,39.09,1.63,3.05
mathieu-cafaro,Mathieu Cafaro,Midfielder,FC Nantes,Ligue 2,29,46.0,43.0,35.0,14,6,13.9,6.56,36.79,2.45,10.25
nordan-mukiele,Nordan Mukiele,Forward,Montpellier Hérault SC,Ligue 2,20,44.0,43.0,35.0,14,6,14.6,4.4,38.57,,
n-tamon-elie-ahouonon,N'Tamon Ahouonon,Defender,Stade de Reims,Ligue 2,22,54.0,50.0,47.5,19,17,43.9,15.9,33.95,1.96,9.8
elyaz-zidane-fernandez,Elyaz Zidane,Defender,Red Star FC 93,Ligue 2,20,57.0,57.0,15.0,6,6,90.0,13.54,43.33,,
adrian-ortola-vano,Adrián Ortolá,Goalkeeper,En Avant Guingamp,Ligue 2,33,49.0,54.0,57.5,23,23,59.1,10.38,43.91,,
theo-epailly,Théo Epailly,Forward,US Boulogne-sur-Mer Côte d'Opale,Ligue 2,27,41.0,40.0,47.5,19,7,17.8,2.79,37.63,1.14,2.68
mathieu-mion,Mathieu Mion,Defender,US Boulogne-sur-Mer Côte d'Opale,Ligue 2,26,47.0,42.0,57.5,23,11,29.1,7.36,35.0,0.37,3.65
lenny-vallier,Lenny Vallier,Defender,US du Littoral de Dunkerque,Ligue 2,27,44.0,42.0,47.5,19,11,30.9,7.02,35.0,0.81,4.82
fode-doucoure,Fodé Doucouré,Defender,FC Nantes,Ligue 2,25,41.0,43.0,70.0,28,16,35.1,4.21,38.57,1.84,6.25
axel-dodote,Axel Dodote,Defender,Pau FC,Ligue 2,19,49.0,49.0,12.5,5,5,14.7,13.52,35.0,0.46,10.33
mohamed-amine-cherni,Amine Cherni,Defender,FC Nantes,Ligue 2,25,46.0,45.0,77.5,31,31,80.2,7.43,36.77,2.06,8.18
julien-kouadio,Julien Kouadio,Defender,FC Annecy,Ligue 2,26,45.0,47.0,80.0,32,31,78.8,10.37,36.72,,
corentin-fatou,Corentin Fatou,Forward,Stade Lavallois Mayenne FC,Ligue 2,27,42.0,46.0,65.0,26,11,31.3,2.63,43.08,,
victor-mayela,Victor Mayela,Defender,US du Littoral de Dunkerque,Ligue 2,22,48.0,47.0,65.0,26,25,59.3,11.18,36.15,0.96,10.72
adrien-lebeau-1999-07-08,Adrien Lebeau,Midfielder,US du Littoral de Dunkerque,Ligue 2,27,49.0,49.0,15.0,6,6,81.5,5.83,43.33,1.17,3.42
maxime-dupe,Maxime Dupé,Goalkeeper,FC Nantes,Ligue 2,33,46.0,41.0,40.0,16,16,36.0,2.54,38.44,3.14,18.65
william-bianda,William Bianda,Defender,Stade Lavallois Mayenne FC,Ligue 2,26,46.0,43.0,82.5,33,31,78.6,7.17,35.91,,
mohamed-abdoul-kader-kone,Mohamed Koné,Midfielder,FC Annecy,Ligue 2,19,46.0,46.0,15.0,6,5,15.7,6.75,39.17,,
dylan-tavares-dos-santos,Dylan Tavares,Defender,FC Sochaux-Montbéliard,Ligue 2,30,45.0,45.0,15.0,6,2,40.2,9.74,35.0,1.03,1.06
urie-michel-mboula,M. Mboula,Defender,FC Metz,Ligue 2,23,43.0,45.0,37.5,15,9,20.9,10.9,33.67,,
jahyann-pandore,Jahyann Pandore,Forward,FC Metz,Ligue 2,18,44.0,44.0,20.0,8,4,26.9,5.74,38.13,,
joshua-duffus,Joshua Duffus,Forward,AS Saint-Étienne,Ligue 2,21,46.0,44.0,80.0,32,6,23.8,3.35,40.47,0.61,5.98
aboubacar-lo,Aboubacar Lô,Defender,Stade Lavallois Mayenne FC,Ligue 2,26,45.0,43.0,62.5,25,23,58.6,7.39,36.0,,
samba-lele-diba,Samba Diba,Midfielder,Grenoble Foot 38,Ligue 2,22,41.0,40.0,52.5,21,11,28.7,1.94,37.62,0.66,3.9
nolan-binet,Nolan Binet,Midfielder,US Boulogne-sur-Mer Côte d'Opale,Ligue 2,22,46.0,43.0,85.0,34,31,75.4,6.04,36.47,,
johann-theo-tom-lepenant,Johann Lepenant,Midfielder,FC Nantes,Ligue 2,23,48.0,48.0,72.5,29,24,63.7,12.56,35.17,3.55,12.05
ousmane-diop,Ousmane Diop,Forward,Clermont Foot 63,Ligue 2,21,41.0,40.0,32.5,13,4,12.7,2.68,36.92,,
cyril-mandouki,Cyril Mandouki,Midfielder,Stade Lavallois Mayenne FC,Ligue 2,35,47.0,46.0,85.0,34,31,77.7,10.82,35.0,1.02,6.63
stanislas-maxime-tom-kielt,Stanislas Kielt,Midfielder,En Avant Guingamp,Ligue 2,24,43.0,42.0,82.5,33,19,49.2,1.82,40.3,,
benjamin-gomel,Benjamin Gomel,Forward,FC Sochaux-Montbéliard,Ligue 2,28,44.0,44.0,10.0,4,3,40.0,3.05,41.25,,
antoine-larose,Antoine Larose,Forward,FC Annecy,Ligue 2,33,48.0,46.0,75.0,30,24,52.7,1.7,43.83,,
ismail-bouleghcha,Ismaïl Bouleghcha,Defender,Dijon FCO,Ligue 2,23,45.0,45.0,7.5,3,3,45.0,9.85,35.0,,
thena-massock,Théna Massock,Midfielder,US du Littoral de Dunkerque,Ligue 2,19,43.0,43.0,25.0,10,5,12.9,4.95,38.5,,
hacene-benali,Hacène Benali,Forward,Pau FC,Ligue 2,26,44.0,41.0,75.0,30,10,31.5,3.88,37.5,1.43,2.86
esteban-mouton,Esteban Mouton,Defender,Stade Lavallois Mayenne FC,Ligue 2,23,49.0,49.0,12.5,5,4,69.0,8.75,40.0,,
kadan-young,Kadan Young,Forward,FC Annecy,Ligue 2,20,46.0,46.0,17.5,7,4,32.3,4.29,42.14,,
yohann-demoncy,Yohan Demoncy,Midfielder,FC Sochaux-Montbéliard,Ligue 2,30,43.0,49.0,47.5,19,11,27.2,8.41,40.26,0.45,4.41
godson-kyeremeh,Godson Kyeremeh,Forward,Red Star FC 93,Ligue 2,26,42.0,44.0,32.5,13,3,11.7,4.93,38.85,0.97,6.47
bouna-sarr,Bouna Sarr,Defender,FC Metz,Ligue 2,34,48.0,40.0,40.0,16,14,62.9,6.52,33.75,0.75,9.74
erwin-koffi,Erwin Koffi,Defender,En Avant Guingamp,Ligue 2,31,43.0,41.0,60.0,24,18,44.1,5.4,36.04,,
abdellah-baallal,Abdellah Baallal,Midfielder,Clermont Foot 63,Ligue 2,21,46.0,49.0,70.0,28,24,64.0,11.9,36.79,,
yael-mouanga,Yaël Mouanga,Defender,Montpellier Hérault SC,Ligue 2,21,48.0,47.0,52.5,21,17,40.2,12.26,35.0,,
antoine-joujou,Antoine Joujou,Forward,FC Nantes,Ligue 2,23,46.0,42.0,60.0,24,4,17.7,2.57,39.58,2.63,6.13
m-baye-babacar-niang,M'Baye Niang,Forward,US du Littoral de Dunkerque,Ligue 2,31,37.0,42.0,60.0,24,18,56.5,0.96,40.63,1.06,7.2
jeovanni-dianganga,Jeovanni Dianganga,Defender,En Avant Guingamp,Ligue 2,26,31.0,31.0,5.0,2,1,13.0,5.82,25.0,,
matteo-veillon,Mattéo Veillon,Defender,FC Annecy,Ligue 2,24,42.0,45.0,42.5,17,10,30.6,9.55,35.0,,
john-joe-patrick-finn,John Patrick,Midfielder,Stade de Reims,Ligue 2,22,42.0,42.0,37.5,15,6,17.3,6.68,35.0,0.3,4.85
el-hadj-mory-kone,El Koné,Midfielder,Clermont Foot 63,Ligue 2,20,37.0,45.0,50.0,20,16,46.9,6.92,38.0,,
lenny-lacroix,Lenny Lacroix,Defender,Dijon FCO,Ligue 2,23,49.0,49.0,15.0,6,6,90.0,13.15,35.83,,
trevis-dago,Trevis Dago,Forward,Stade Lavallois Mayenne FC,Ligue 2,21,38.0,38.0,25.0,10,7,23.4,0.17,37.5,2.65,7.13
theo-chennahi,Théo Chennahi,Midfielder,Montpellier Hérault SC,Ligue 2,21,45.0,47.0,80.0,32,27,68.0,9.58,37.34,,
gautier-larsonneur,Gautier Larsonneur,Goalkeeper,AS Saint-Étienne,Ligue 2,29,50.0,52.0,85.0,34,34,80.5,7.11,44.56,8.53,50.48
dylan-louiserre,Dylan Louiserre,Midfielder,En Avant Guingamp,Ligue 2,31,47.0,46.0,87.5,35,35,84.2,11.66,34.43,2.39,18.88
clement-billemaz,Clément Billemaz,Forward,FC Annecy,Ligue 2,27,47.0,52.0,80.0,32,31,72.1,9.49,42.66,,
noam-strotz,Noam Strotz,Midfielder,Clermont Foot 63,Ligue 2,19,43.0,43.0,5.0,2,1,12.3,8.0,35.0,,
damjan-pavlovic,Damjan Pavlovic,Midfielder,Rodez Aveyron Football,Ligue 2,25,42.0,42.0,15.0,6,4,48.7,6.98,35.0,0.49,
jean-lambert-evans,Evan's Jean Lambert,Defender,Rodez Aveyron Football,Ligue 2,27,45.0,48.0,87.5,35,30,69.5,6.27,40.71,,
antoine-kerriou,Antoine Kerriou,Midfielder,US Boulogne-sur-Mer Côte d'Opale,Ligue 2,23,41.0,41.0,15.0,6,6,90.0,6.45,35.0,,
kouroufia-kebe,Kouroufia Kebe,Forward,AS Nancy-Lorraine,Ligue 2,20,45.0,45.0,15.0,6,6,88.8,9.88,35.0,,
tom-saettel,Tom Saettel,Forward,Pau FC,Ligue 2,21,41.0,41.0,10.0,4,1,18.3,5.88,35.0,1.18,7.22
arone-gadou,Arone Gadou,Forward,Stade de Reims,Ligue 2,17,43.0,43.0,10.0,4,0,2.3,1.3,41.25,,
emmanuel-israel-ange-lago,Ange Lago,Forward,Dijon FCO,Ligue 2,21,43.0,43.0,10.0,4,1,5.3,1.28,41.25,,
florian-escales,Florian Escales,Goalkeeper,FC Annecy,Ligue 2,30,45.0,48.0,75.0,30,30,77.1,4.94,42.67,,
giorgi-abuashvili,Giorgi Abuashvili,Forward,FC Metz,Ligue 2,23,46.0,42.0,70.0,28,10,26.9,4.61,36.96,,
boubacar-fofana,Boubacar Fofana,Forward,FC Sochaux-Montbéliard,Ligue 2,28,42.0,42.0,15.0,6,4,51.0,2.5,39.17,,
naoufel-el-hannach,Naoufel El Hannach,Defender,Montpellier Hérault SC,Ligue 2,19,52.0,49.0,50.0,20,12,31.2,13.25,36.25,,
mohamet-airam-ramos-wade,Moha Ramos,Goalkeeper,US du Littoral de Dunkerque,Ligue 2,26,43.0,43.0,7.5,3,2,39.5,7.93,35.0,1.18,5.18
ibrahima-sissoko,Ibrahima Sissoko,Midfielder,FC Nantes,Ligue 2,28,44.0,40.0,60.0,24,16,34.1,3.74,36.46,0.84,7.53
ahmed-kashi,Ahmed Kashi,Midfielder,FC Annecy,Ligue 2,37,45.0,45.0,85.0,34,34,86.1,8.16,36.62,,
mahmoud-jaber,Mahmoud Jaber,Midfielder,AS Saint-Étienne,Ligue 2,26,53.0,53.0,42.5,17,13,29.0,12.6,39.41,1.7,7.17
pape-meissa-ba,Pape Meïssa Ba,Forward,AS Nancy-Lorraine,Ligue 2,29,42.0,40.0,45.0,18,6,32.5,1.17,39.17,0.39,1.83
ryan-ponti,Ryan Ponti,Defender,Rodez Aveyron Football,Ligue 2,28,40.0,42.0,50.0,20,7,19.6,2.85,39.25,,
kenny-nagera-2002-02-21,Kenny Nagera,Forward,Rodez Aveyron Football,Ligue 2,24,41.0,38.0,92.5,37,15,42.8,-1.17,39.32,0.43,5.25
sacha-mellier,Sacha Mellier,Midfielder,Stade Lavallois Mayenne FC,Ligue 2,18,42.0,42.0,5.0,2,2,22.0,6.9,35.0,,
ibrahim-moriba-coulibaly,Ibrahim Coulibaly,Defender,Clermont Foot 63,Ligue 2,20,44.0,37.0,77.5,31,23,60.3,1.41,35.97,,
bram-lagae,Bram Lagae,Defender,US du Littoral de Dunkerque,Ligue 2,22,39.0,43.0,30.0,12,11,26.4,9.32,33.33,0.6,7.98
jasser-chamakh,Jasser Chamakh,Forward,En Avant Guingamp,Ligue 2,23,41.0,41.0,15.0,6,0,20.8,6.08,35.0,,
kelvin-amian-adou,Kelvin Amian,Defender,FC Nantes,Ligue 2,28,37.0,39.0,62.5,25,23,59.4,2.37,36.2,1.42,6.11
samir-ben-brahim,Samir Ben Brahim,Midfielder,En Avant Guingamp,Ligue 2,23,41.0,41.0,15.0,6,3,57.2,1.42,39.17,,
kevin-pedro,Kévin Pedro,Defender,AS Saint-Étienne,Ligue 2,20,50.0,52.0,67.5,27,26,73.8,15.47,36.85,1.76,20.05
lucas-bernadou,Lucas Bernadou,Midfielder,Grenoble Foot 38,Ligue 2,25,45.0,46.0,52.5,21,15,62.0,8.7,37.38,0.36,2.12
ivan-adnan-joshua-m-bahia,Ivan M'Bahia,Defender,Clermont Foot 63,Ligue 2,21,43.0,49.0,77.5,31,26,68.7,14.71,34.35,,
ugo-bonnet,Ugo Bonnet,Forward,Grenoble Foot 38,Ligue 2,33,40.0,37.0,45.0,18,11,48.3,0.38,36.67,1.36,1.3
cheikh-fall,Cheikh Fall,Midfielder,Pau FC,Ligue 2,22,39.0,40.0,67.5,27,12,38.1,3.46,36.48,0.59,3.31
jeremy-hatchi,Jérémy Hatchi,Forward,Montpellier Hérault SC,Ligue 2,21,39.0,42.0,52.5,21,11,27.2,5.45,36.43,1.12,7.71
octave-joly,Octave Joly,Midfielder,Rodez Aveyron Football,Ligue 2,24,41.0,41.0,82.5,33,19,43.0,2.98,38.18,,
tom-ducrocq,Tom Ducrocq,Midfielder,En Avant Guingamp,Ligue 2,27,42.0,46.0,72.5,29,26,66.5,10.8,35.17,0.32,0.51
julien-maggiotti,Julien Maggiotti,Midfielder,Stade Lavallois Mayenne FC,Ligue 2,31,39.0,43.0,52.5,21,13,29.2,4.6,38.57,0.96,1.11
adrien-pinot,Adrien Pinot,Defender,US Boulogne-sur-Mer Côte d'Opale,Ligue 2,25,42.0,41.0,67.5,27,19,46.4,6.11,34.81,,
steven-n-kemboanza-mike-christopher-nzonzi,Steven Nzonzi,Midfielder,US du Littoral de Dunkerque,Ligue 2,37,42.0,39.0,67.5,27,16,32.5,2.88,35.93,1.53,2.48
florent-da-silva,Florent Da Silva,Midfielder,En Avant Guingamp,Ligue 2,23,40.0,40.0,15.0,6,4,49.0,4.88,35.0,,38.24
antonin-cartillier,Antonin Cartillier,Midfielder,Rodez Aveyron Football,Ligue 2,22,42.0,42.0,15.0,6,5,72.8,7.42,35.0,,
dehmaine-tabibou-assoumani,Dehmaine Assoumani,Midfielder,FC Nantes,Ligue 2,21,37.0,39.0,70.0,28,17,43.2,6.45,33.04,1.36,6.22
amadou-samoura,Amadou Samoura,Forward,En Avant Guingamp,Ligue 2,22,38.0,45.0,32.5,13,2,17.9,3.36,41.54,,
come-bianay-balcot,Côme Bianay Balcot,Defender,Red Star FC 93,Ligue 2,21,36.0,36.0,7.5,3,0,1.4,1.05,35.0,0.47,2.4
jean-william-nyindong-tsamouna,Jean-William Nyindong,Forward,Clermont Foot 63,Ligue 2,19,40.0,40.0,10.0,4,0,12.5,-1.03,41.25,,
royce-drax-openda-owaga,Royce Openda,Forward,Pau FC,Ligue 2,24,40.0,40.0,10.0,4,1,19.3,4.63,35.0,0.3,6.11
logan-ndenbe,Logan Ndenbe,Defender,AS Nancy-Lorraine,Ligue 2,26,48.0,48.0,20.0,8,6,57.3,13.31,35.0,1.84,2.41
tylel-tati,Tylel Tati,Defender,FC Nantes,Ligue 2,18,37.0,35.0,45.0,18,18,44.1,1.73,33.33,2.69,6.02
christ-dorian-okou,Christ Okou,Forward,Clermont Foot 63,Ligue 2,20,39.0,39.0,15.0,6,5,64.7,-0.57,39.17,,
gabin-secretant,Gabin Secrétant,Defender,FC Annecy,Ligue 2,17,40.0,40.0,5.0,2,1,18.5,4.87,35.0,,
mohammed-daramy,Mohamed Daramy,Forward,Stade de Reims,Ligue 2,24,51.0,49.0,50.0,20,14,35.3,8.23,41.25,1.75,18.09
yvann-macon,Yvann Maçon,Defender,Grenoble Foot 38,Ligue 2,27,33.0,33.0,7.5,3,1,8.5,-1.56,35.0,1.0,3.31
lacine-megnan-pave,Laciné Megnan Pave,Forward,Montpellier Hérault SC,Ligue 2,16,44.0,44.0,12.5,5,4,58.8,-2.5,45.0,,
aboubakary-kante,Kanté,Forward,Stade Lavallois Mayenne FC,Ligue 2,32,37.0,37.0,67.5,27,5,17.1,-0.45,36.85,0.93,7.18
mamadou-camara-2001-02-07,Mamadou Camara,Forward,Montpellier Hérault SC,Ligue 2,25,46.0,45.0,75.0,30,26,56.0,2.46,42.33,,
jean-tryfose-mambuku,Jean-Tryfose Mambuku,Defender,Stade de Reims,Ligue 2,18,43.0,43.0,15.0,6,4,18.4,4.25,39.17,,
louicius-don-deedson,Louicius Deedson,Forward,FC Sochaux-Montbéliard,Ligue 2,25,45.0,46.0,40.0,16,5,14.0,4.5,41.25,0.45,2.21
florian-miguel,Florian Miguel,Defender,FC Metz,Ligue 2,30,44.0,46.0,95.0,38,36,80.3,9.54,36.45,1.08,4.72
benjamin-besic,Benjamin Bešić,Forward,US Boulogne-sur-Mer Côte d'Opale,Ligue 2,24,40.0,40.0,12.5,5,5,64.2,-2.28,40.0,,
joffrey-bultel,Joffrey Bultel,Midfielder,US Boulogne-sur-Mer Côte d'Opale,Ligue 2,26,39.0,41.0,80.0,32,21,53.7,5.04,35.78,,
chafik-el-hansar,Chafik El Hansar,Midfielder,AS Nancy-Lorraine,Ligue 2,21,40.0,40.0,10.0,4,1,3.5,4.7,35.0,,
dion-moise-sahi,Moïse Sahi Dion,Forward,FC Annecy,Ligue 2,24,51.0,45.0,47.5,19,9,21.9,1.68,43.16,0.58,9.49
nampalys-mendy,Nampalys Mendy,Midfielder,FC Metz,Ligue 2,34,43.0,42.0,67.5,27,15,34.5,7.44,35.0,0.92,2.06
maidine-douane,Maïdine Douane,Forward,Clermont Foot 63,Ligue 2,24,38.0,38.0,17.5,7,0,4.4,2.73,35.0,,
jovany-ikanga-a-ngele,Jovany Ikanga A Ngele,Forward,Red Star FC 93,Ligue 2,24,48.0,43.0,77.5,31,18,44.3,1.9,40.65,,
enzo-cantero,Enzo Cantero,Forward,Clermont Foot 63,Ligue 2,21,39.0,41.0,40.0,16,10,22.5,3.67,36.88,,
chafik-gourichy,Chafik Gourichy,Midfielder,Stade Lavallois Mayenne FC,Ligue 2,25,39.0,39.0,12.5,5,1,25.8,4.44,35.0,,
hatem-mimoune,Hatem Mimoune,Midfielder,Dijon FCO,Ligue 2,19,39.0,39.0,2.5,1,0,0.4,3.7,35.0,,
julien-boyer,Julien Boyer,Defender,US Boulogne-sur-Mer Côte d'Opale,Ligue 2,28,33.0,46.0,85.0,34,30,77.2,7.39,37.79,,
gaetan-paquiez,Gaëtan Paquiez,Defender,Pau FC,Ligue 2,32,41.0,47.0,80.0,32,30,77.2,9.14,37.81,0.6,7.08
souleymane-basse,Souleymane Basse,Defender,Pau FC,Ligue 2,22,38.0,38.0,12.5,5,2,12.2,3.43,35.0,0.44,7.6
joseph-layousse-samb,Layousse Samb,Defender,Stade Lavallois Mayenne FC,Ligue 2,25,34.0,34.0,7.5,3,0,2.4,-0.85,35.0,,
rominigue-kouame-n-guessan,Kouamé N'Guessan,Midfielder,Clermont Foot 63,Ligue 2,29,38.0,40.0,42.5,17,9,19.0,2.62,37.06,1.75,2.2
mathis-clairicia,Mathis Clairicia,Forward,FC Sochaux-Montbéliard,Ligue 2,24,37.0,36.0,50.0,20,4,14.9,-0.6,36.25,1.01,3.03
allan-ackra,Allan Ackra,Midfielder,Clermont Foot 63,Ligue 2,22,40.0,41.0,52.5,21,15,32.7,6.94,34.29,,
gregory-ayem,Grégory Ayem,Midfielder,Montpellier Hérault SC,Ligue 2,20,38.0,38.0,12.5,5,1,26.2,3.24,35.0,,
victor-lobry,Victor Lobry,Midfielder,FC Sochaux-Montbéliard,Ligue 2,31,39.0,43.0,30.0,12,10,22.9,3.43,39.17,0.58,4.87
yves-clovis-el-hadari-raheriniaina,El Hadary Raheriniaina,Forward,AS Nancy-Lorraine,Ligue 2,20,38.0,38.0,10.0,4,1,32.8,7.95,30.0,,
ibou-sane,Ibou Sané,Forward,FC Metz,Ligue 2,21,43.0,42.0,62.5,25,10,27.1,2.16,39.4,,
lorng-nomel,Landry Nomel,Forward,FC Sochaux-Montbéliard,Ligue 2,29,36.0,36.0,12.5,5,5,63.0,1.08,35.0,,8.27
yanis-barka,Yanis Barka,Forward,Dijon FCO,Ligue 2,28,33.0,33.0,10.0,4,3,35.0,-1.55,35.0,,
waly-diouf,Waly Diouf,Defender,Dijon FCO,Ligue 2,29,38.0,38.0,5.0,2,1,15.8,3.37,35.0,,
jordan-mendes-correia,Jordan Mendes,Midfielder,Rodez Aveyron Football,Ligue 2,22,44.0,45.0,85.0,34,32,68.4,8.63,36.62,,
noah-fatar,Noah Fatar,Forward,US Boulogne-sur-Mer Côte d'Opale,Ligue 2,24,48.0,47.0,70.0,28,16,42.5,6.69,40.71,,
lucas-margueron,Lucas Margueron,Goalkeeper,Rodez Aveyron Football,Ligue 2,25,38.0,38.0,12.5,5,5,12.2,2.04,36.0,,
alex-daho,Alex Daho,Forward,US du Littoral de Dunkerque,Ligue 2,22,39.0,38.0,55.0,22,7,20.4,0.41,37.27,,
adam-baallal,Adam Baallal,Midfielder,AS Saint-Étienne,Ligue 2,19,37.0,37.0,7.5,3,0,2.4,1.77,35.0,,
noam-obougou-jacquet,Noam Obougou,Forward,AS Nancy-Lorraine,Ligue 2,20,41.0,41.0,22.5,9,1,7.9,3.2,37.78,2.55,6.96
idris-mohamed,Idris Mohamed,Defender,FC Metz,Ligue 2,22,41.0,41.0,7.5,3,3,28.1,15.89,25.0,,
doumbia-broulaye-junior-kone,Doumbia Koné,Forward,FC Nantes,Ligue 2,19,38.0,38.0,2.5,1,0,0.1,3.2,35.0,,
moustapha-kangoura-dabo,Moustapha Dabo,Forward,FC Nantes,Ligue 2,19,38.0,38.0,2.5,1,0,3.5,2.6,35.0,,
alexis-lefebvre,Alexis Lefebvre,Forward,Pau FC,Ligue 2,23,37.0,37.0,12.5,5,2,31.7,1.8,35.0,0.51,5.47
alexis-n-tamack,Alexis N'Tamack,Forward,Dijon FCO,Ligue 2,22,40.0,40.0,12.5,5,4,52.7,4.58,35.0,,
louis-leroux,Louis Leroux,Midfielder,FC Nantes,Ligue 2,20,38.0,40.0,60.0,24,14,39.1,2.49,37.08,0.69,7.53
jules-gaudin,Jules Gaudin,Defender,Stade Lavallois Mayenne FC,Ligue 2,26,40.0,37.0,55.0,22,11,27.3,4.76,32.73,0.39,1.84
axel-bamba,Axel Bamba,Defender,Pau FC,Ligue 2,27,44.0,44.0,10.0,4,4,51.4,9.24,35.0,0.93,4.95
bakary-diawara-2009-01-25,Bakary Diawara,Forward,FC Sochaux-Montbéliard,Ligue 2,17,37.0,37.0,10.0,4,2,38.5,2.0,35.0,,
abdoulaye-agne-ba,Abdoulaye Ba,Forward,FC Metz,Ligue 2,22,37.0,37.0,7.5,3,0,5.5,2.37,35.0,,
mohamed-soumah-2006-01-10,Mohamed Soumah,Midfielder,US Boulogne-sur-Mer Côte d'Opale,Ligue 2,20,37.0,37.0,5.0,2,0,4.2,2.0,35.0,,
allan-linguet,Allan Linguet,Defender,US du Littoral de Dunkerque,Ligue 2,27,35.0,41.0,62.5,25,20,50.1,5.05,36.0,0.89,4.52
bryan-rigobert-song-bahanag,Bryan Song,Defender,FC Metz,Ligue 2,19,37.0,37.0,2.5,1,1,15.0,1.54,35.0,,
hamza-kadamani,Hamza Kadamani,Midfielder,FC Metz,Ligue 2,17,39.0,39.0,12.5,5,0,14.0,3.98,35.0,,
jeremy-gelin,Jérémy Gelin,Midfielder,AS Nancy-Lorraine,Ligue 2,29,43.0,47.0,37.5,15,13,40.9,10.05,36.67,0.68,4.15
nachon-nsingi,Nachon Nsingi,Forward,Rodez Aveyron Football,Ligue 2,25,39.0,37.0,35.0,14,2,8.4,0.59,36.79,0.29,5.67
dillion-hoogerwerf,Dillon Hoogewerf,Forward,Grenoble Foot 38,Ligue 2,23,36.0,36.0,7.5,3,0,3.7,0.5,35.0,0.29,4.72
steven-luyambula-biwa,Steven Luyambula,Defender,Rodez Aveyron Football,Ligue 2,23,37.0,37.0,10.0,4,0,13.5,2.08,35.0,,
corentin-issanchou-roubiou,Corentin Issanchou,Defender,Rodez Aveyron Football,Ligue 2,21,37.0,38.0,27.5,11,6,12.3,-4.6,39.55,,
mathis-saka,Mathis Saka,Midfielder,Rodez Aveyron Football,Ligue 2,20,40.0,39.0,70.0,28,7,20.3,0.78,38.57,0.99,4.22
jonathan-mexique,Jonathan Mexique,Midfielder,FC Sochaux-Montbéliard,Ligue 2,31,37.0,37.0,15.0,6,3,51.2,2.25,35.0,,
mathys-tourraine,Mathys Tourraine,Defender,Pau FC,Ligue 2,25,40.0,37.0,50.0,20,5,16.4,1.27,35.25,0.86,4.51
julien-masson,Julien Masson,Midfielder,FC Sochaux-Montbéliard,Ligue 2,28,38.0,38.0,15.0,6,6,87.8,3.4,35.0,0.79,7.39
sacha-lima,Sacha Lima,Defender,FC Annecy,Ligue 2,22,37.0,37.0,2.5,1,0,0.7,1.58,35.0,,
guillaume-trani,Guillaume Trani,Midfielder,Red Star FC 93,Ligue 2,28,44.0,43.0,32.5,13,4,11.7,4.32,38.85,,
benjamin-craig-old,Benjamin Old,Forward,AS Saint-Étienne,Ligue 2,24,43.0,45.0,80.0,32,19,54.7,9.23,35.78,0.85,6.5
mamadou-samassa,Mamadou Samassa,Goalkeeper,Stade Lavallois Mayenne FC,Ligue 2,36,43.0,47.0,85.0,34,34,76.5,7.0,39.71,,
moussa-djitte,Moussa Djitté,Forward,Grenoble Foot 38,Ligue 2,26,37.0,38.0,50.0,20,6,16.7,0.78,37.5,0.43,3.56
vimoj-muntu-wa-mungu,Vimoj Muntu Wa Mungu,Defender,En Avant Guingamp,Ligue 2,21,36.0,36.0,15.0,6,1,31.8,0.93,35.0,,
luzolo-vangi-vungele,Dylan Vangi,Defender,Rodez Aveyron Football,Ligue 2,21,36.0,36.0,2.5,1,0,0.0,0.54,35.0,,
arsene-jonathan-do-marcolino,Jonathan Do Marcolino,Defender,FC Annecy,Ligue 2,20,36.0,36.0,7.5,3,1,16.9,0.98,35.0,1.73,6.1
josue-escartin,Josué Escartin,Defender,Red Star FC 93,Ligue 2,23,40.0,40.0,22.5,9,4,12.6,-0.06,40.56,1.44,8.36
daryll-benlahlou,Daryll Benlahlou,Forward,Montpellier Hérault SC,Ligue 2,20,36.0,36.0,10.0,4,0,11.7,0.6,35.0,,
hichem-abderrebi,Hichem Abderrebi,Midfielder,Montpellier Hérault SC,Ligue 2,18,37.0,37.0,15.0,6,3,45.5,1.72,35.0,,
mamadou-fofana-2000-09-17,Mamadou Fofana,Midfielder,AS Nancy-Lorraine,Ligue 2,26,33.0,39.0,67.5,27,8,32.1,4.41,34.81,0.86,5.4
yanis-court,Yanis Court,Midfielder,Stade Lavallois Mayenne FC,Ligue 2,17,36.0,36.0,12.5,5,0,13.3,1.02,35.0,,
mickael-barreto,Michaël Barreto,Midfielder,Dijon FCO,Ligue 2,35,37.0,37.0,12.5,5,3,32.7,2.1,35.0,0.63,3.48
kyliann-fofana,Kyliann Fofana,Forward,Grenoble Foot 38,Ligue 2,20,36.0,36.0,15.0,6,4,65.8,-3.35,39.17,,
jeremy-sebas,Jérémy Sebas,Forward,Pau FC,Ligue 2,23,34.0,37.0,57.5,23,13,41.7,-0.54,36.52,0.44,0.61
nadir-el-jamali,Nadir El Jamali,Midfielder,AS Saint-Étienne,Ligue 2,19,41.0,41.0,32.5,13,5,14.5,5.52,35.0,1.93,6.2
ylan-aka,Ylan Aka,Defender,Dijon FCO,Ligue 2,19,37.0,37.0,12.5,5,3,41.7,2.1,35.0,,
egor-prutsev,Egor Prutsev,Midfielder,US du Littoral de Dunkerque,Ligue 2,23,43.0,43.0,15.0,6,5,43.5,0.85,42.5,,
thierno-balde,Thierno Baldé,Defender,AS Nancy-Lorraine,Ligue 2,24,36.0,36.0,2.5,1,0,0.4,0.74,35.0,,
aymane-nassiri,Aymane Nassiri,Midfielder,US Boulogne-sur-Mer Côte d'Opale,Ligue 2,21,35.0,35.0,12.5,5,0,14.3,0.48,35.0,,
bilal-brahimi-2000-03-28,Bilal Brahimi,Midfielder,Pau FC,Ligue 2,26,38.0,45.0,55.0,22,10,29.3,6.34,38.41,0.37,8.54
samy-baghdadi,Samy Baghdadi,Forward,FC Sochaux-Montbéliard,Ligue 2,29,38.0,38.0,15.0,6,5,63.5,2.7,35.0,,
noah-vidal-cartoux,Noah Vidal-Cartoux,Midfielder,Montpellier Hérault SC,Ligue 2,18,38.0,38.0,15.0,6,4,12.4,2.65,35.0,,
nathan-mbala,Nathan Mbala,Forward,FC Metz,Ligue 2,18,43.0,44.0,45.0,18,7,29.5,4.51,39.72,,
florian-bianchini,Florian Bianchini,Forward,Clermont Foot 63,Ligue 2,25,38.0,39.0,10.0,4,3,6.2,3.8,35.0,0.51,4.92
kelian-nsona-wa-saka,Kélian Nsona,Forward,Rodez Aveyron Football,Ligue 2,24,42.0,41.0,27.5,11,6,13.9,1.5,39.55,0.91,7.57
jean-guy-akpa-akpro,Jean-Guy Akpro,Midfielder,Grenoble Foot 38,Ligue 2,21,38.0,38.0,15.0,6,5,69.8,3.23,35.0,1.83,5.77
pape-malick-dieng,Pape Dieng,Midfielder,US du Littoral de Dunkerque,Ligue 2,20,35.0,35.0,2.5,1,0,2.9,0.4,35.0,,
hugo-vargas-rios,Hugo Vargas-Ríos,Midfielder,Dijon FCO,Ligue 2,31,35.0,35.0,7.5,3,0,6.2,-0.4,35.0,,
alessio-beaudouin,Alessio Beaudouin,Defender,Stade Lavallois Mayenne FC,Ligue 2,21,35.0,35.0,10.0,4,1,6.3,0.47,35.0,,
leonardo-cerri,Leonardo Cerri,Forward,Grenoble Foot 38,Ligue 2,23,34.0,37.0,32.5,13,1,10.5,-0.32,36.92,2.07,5.54
luis-hemir-silva-semedo,Luís Semedo,Forward,Clermont Foot 63,Ligue 2,23,42.0,40.0,52.5,21,8,30.0,1.68,38.57,1.59,6.59
maxence-andre-prevot,Maxence Prévot,Goalkeeper,US du Littoral de Dunkerque,Ligue 2,29,45.0,45.0,32.5,13,12,26.7,5.62,39.23,0.67,1.58
noa-kotto-kotto-mouyema,Noa Kotto Kotto Mouyema,Forward,FC Sochaux-Montbéliard,Ligue 2,20,35.0,35.0,7.5,3,0,3.8,-0.43,35.0,,
luan-gadegbeku,Luan Gadegbeku,Midfielder,Pau FC,Ligue 2,19,38.0,38.0,30.0,12,6,14.9,3.08,35.0,0.22,5.36
bradley-danger,Bradley Danger,Defender,Red Star FC 93,Ligue 2,28,40.0,47.0,77.5,31,28,70.6,11.11,35.97,7.82,52.75
zepiqueno-redmond,Zépiqueno Redmond,Forward,FC Annecy,Ligue 2,20,36.0,36.0,15.0,6,3,41.7,0.57,35.0,,
nathan-kasia-nkondo,Nathan Nkondo,Defender,AS Saint-Étienne,Ligue 2,17,35.0,35.0,2.5,1,0,1.2,0.1,35.0,,
mael-corboz,Maël Corboz,Midfielder,Grenoble Foot 38,Ligue 2,32,43.0,42.0,82.5,33,32,78.8,3.49,38.94,0.56,6.58
david-oduro,David Oduro,Defender,FC Annecy,Ligue 2,20,35.0,35.0,2.5,1,0,0.2,0.08,35.0,,
julien-astic,Julien Astic,Midfielder,Clermont Foot 63,Ligue 2,21,37.0,37.0,22.5,9,5,12.9,-1.12,37.78,,
matthieu-huard,Matthieu Huard,Defender,Red Star FC 93,Ligue 2,28,37.0,36.0,70.0,28,19,48.2,0.7,35.18,,
marco-rachid-essimi-ateba,Marco Essimi,Forward,Rodez Aveyron Football,Ligue 2,27,42.0,46.0,57.5,23,13,31.7,3.22,42.83,0.94,4.31
mohamed-bechikh,Mohamed Bechikh,Forward,Grenoble Foot 38,Ligue 2,21,42.0,42.0,12.5,5,1,3.6,1.82,40.0,0.37,5.02
francis-coquelin,Francis Coquelin,Midfielder,Stade Lavallois Mayenne FC,Ligue 2,35,42.0,39.0,37.5,15,7,15.8,3.85,35.33,0.16,0.74
sakhalou-niakate,Sakhalou Niakaté,Defender,Grenoble Foot 38,Ligue 2,20,34.0,34.0,2.5,1,0,0.2,-0.54,35.0,0.29,6.02
abdoulaye-mbaye,Abdoulaye Mbaye,Forward,Pau FC,Ligue 2,20,34.0,34.0,2.5,1,0,2.0,-1.2,35.0,0.38,4.97
pascal-mozie,Pascal Mozie,Midfielder,FC Annecy,Ligue 2,18,34.0,34.0,12.5,5,0,4.8,-0.72,35.0,,
mamadou-sidibe-fr,Mamadou Sidibé,Midfielder,Stade Lavallois Mayenne FC,Ligue 2,21,33.0,33.0,7.5,3,2,7.0,-2.37,35.0,,
arthur-saintorens,Arthur Saintorens,Forward,Clermont Foot 63,Ligue 2,21,33.0,33.0,7.5,3,1,14.8,-1.67,35.0,,
ousmane-toure-2005-02-18,Ousmane Touré,Defender,US du Littoral de Dunkerque,Ligue 2,21,34.0,34.0,2.5,1,0,0.5,-1.06,35.0,1.79,7.48
tidiane-khalil-diarrassouba,Tidiane Diarrassouba,Forward,Stade de Reims,Ligue 2,18,34.0,34.0,5.0,2,0,1.3,-1.25,35.0,,
enzo-mayilla,Enzo Mayilla,Forward,US du Littoral de Dunkerque,Ligue 2,20,32.0,32.0,15.0,6,1,22.0,-2.85,35.0,,
kapitbafan-djoco,Kapitbafan Djoco,Forward,FC Sochaux-Montbéliard,Ligue 2,31,31.0,31.0,15.0,6,3,43.3,-3.63,35.0,1.19,10.13
frederic-guilbert,Frédéric Guilbert,Defender,FC Nantes,Ligue 2,31,47.0,50.0,32.5,13,12,26.7,15.18,35.0,1.91,7.67
luderic-etonde,Ludéric Etonde,Forward,US Boulogne-sur-Mer Côte d'Opale,Ligue 2,26,33.0,33.0,5.0,2,0,7.5,-2.1,35.0,,
mathis-touho,Mathis Touho,Forward,Rodez Aveyron Football,Ligue 2,21,36.0,36.0,27.5,11,6,24.3,0.89,35.0,0.91,4.26
abdel-hakim-abdallah,Akim Abdallah,Defender,Pau FC,Ligue 2,29,46.0,43.0,70.0,28,25,57.5,7.78,35.18,0.35,2.03
jules-mouton,Jules Mouton,Defender,Grenoble Foot 38,Ligue 2,21,32.0,32.0,7.5,3,0,1.1,-2.63,35.0,,
adrian-dabasse,Adrian Dabasse,Forward,AS Nancy-Lorraine,Ligue 2,33,42.0,41.0,45.0,18,8,20.7,3.57,37.78,,
joao-diogo-fonseca-ferreira,João Ferreira,Defender,AS Saint-Étienne,Ligue 2,25,32.0,41.0,42.5,17,9,21.7,4.05,37.06,1.61,4.2
diockoumalang-gomes,M. Gomes,Midfielder,FC Nantes,Ligue 2,21,27.0,27.0,12.5,5,2,3.2,-3.96,31.0,0.66,5.31
ben-chayeel-hamada,Ben-Chayeel Hamada,Midfielder,Dijon FCO,Ligue 2,23,35.0,35.0,7.5,3,3,39.5,0.43,35.0,,
franck-leroy-atoen,Franck Atoen,Midfielder,US du Littoral de Dunkerque,Ligue 2,20,32.0,32.0,5.0,2,0,0.3,-3.25,35.0,,
francois-lajugie,François Lajugie,Defender,FC Annecy,Ligue 2,30,44.0,51.0,57.5,23,21,49.5,10.91,39.78,,
tuomas-ollila,Tuomas Ollila,Defender,En Avant Guingamp,Ligue 2,26,32.0,33.0,32.5,13,5,13.6,-0.21,33.46,0.43,3.01
moussa-faty,Moussa Faty,Defender,Dijon FCO,Ligue 2,26,31.0,31.0,10.0,4,3,51.3,-4.24,35.0,,
thibault-delphis,Thibault Delphis,Defender,FC Annecy,Ligue 2,23,35.0,39.0,67.5,27,21,54.7,2.81,35.93,,
leonardo-daniel-ulineia-buta,Leonardo Buta,Defender,Red Star FC 93,Ligue 2,24,35.0,33.0,32.5,13,8,17.8,-0.03,33.46,0.82,2.17
ignatius-kpene-ganago,Ignatius Ganago,Forward,FC Nantes,Ligue 2,27,43.0,42.0,42.5,17,13,38.6,3.02,38.82,0.77,7.33
rony-mimb-baheng,Rony Baheng,Defender,Pau FC,Ligue 2,21,27.0,27.0,2.5,1,0,1.3,-7.86,35.0,0.79,4.98
cheikh-ibrahim-dia,Cheikh Ibrahim Dia,Forward,US Boulogne-sur-Mer Côte d'Opale,Ligue 2,21,26.0,26.0,5.0,2,1,12.5,-9.0,35.0,,
yanis-zouaoui,Yanis Zouaoui,Defender,Montpellier Hérault SC,Ligue 2,28,47.0,44.0,67.5,27,25,62.1,7.64,36.11,0.79,11.68
nelson-sissoko,Alpha Sissoko,Defender,Montpellier Hérault SC,Ligue 2,29,39.0,49.0,65.0,26,23,66.4,14.88,34.42,,
sergio-akieme-rodriguez,Sergio Akieme,Defender,Stade de Reims,Ligue 2,28,50.0,51.0,75.0,30,29,74.5,10.34,40.33,1.14,5.19
mahamadou-diawara-2005-02-17,Mahamadou Diawara,Midfielder,Red Star FC 93,Ligue 2,21,32.0,30.0,12.5,5,3,5.6,-1.2,31.0,0.53,8.76
maxime-hautbois,Maxime Hautbois,Goalkeeper,Stade Lavallois Mayenne FC,Ligue 2,35,11.0,11.0,2.5,1,1,2.6,-4.5,15.0,,
mehdi-baaloudj,Mehdi Baaloudj,Forward,Rodez Aveyron Football,Ligue 2,25,36.0,36.0,35.0,14,2,5.3,0.7,35.36,0.76,25.01
alexis-casadei,Alexis Casadei,Midfielder,FC Annecy,Ligue 2,21,43.0,40.0,50.0,20,8,22.5,3.54,36.25,,
abdel-heidi-medroub,Abdel Medroub,Defender,Grenoble Foot 38,Ligue 2,20,0.0,0.0,0.0,0,0,0.0,0.0,0.0,,
kevin-miguel-kamdem-kamgaing,Kevin Kamdem Kamgaing,Goalkeeper,Montpellier Hérault SC,Ligue 2,20,0.0,0.0,0.0,0,0,0.0,0.0,0.0,,
alassane-sy,Alassane Sy,Midfielder,FC Metz,Ligue 2,21,0.0,0.0,0.0,0,0,0.0,0.0,0.0,,
clement-moulun,Clément Moulun,Goalkeeper,US du Littoral de Dunkerque,Ligue 2,19,0.0,0.0,0.0,0,0,0.0,0.0,0.0,,
issam-bouaoune,Issam Bouaoune,Midfielder,AS Nancy-Lorraine,Ligue 2,23,0.0,0.0,0.0,0,0,0.0,0.0,0.0,,
zoran-christophe-moco,Zoran Moco,Midfielder,US Boulogne-sur-Mer Côte d'Opale,Ligue 2,23,38.0,38.0,20.0,8,5,22.3,3.3,35.0,,
darly-nlandu,Darly Nlandu,Midfielder,En Avant Guingamp,Ligue 2,26,41.0,41.0,25.0,10,3,8.5,3.88,37.5,,
adam-yahi,Adam Yahi,Forward,FC Annecy,Ligue 2,21,0.0,0.0,0.0,0,0,0.0,0.0,0.0,,
theo-deflorenne,Théo Deflorenne,Midfielder,Stade de Reims,Ligue 2,17,0.0,0.0,0.0,0,0,0.0,0.0,0.0,,
mathis-schubler-lecart,Mathis Schübler-Lecart,Goalkeeper,FC Sochaux-Montbéliard,Ligue 2,19,0.0,0.0,0.0,0,0,0.0,0.0,0.0,,
abdoulaye-nassoko,Abdoulaye Nassoko,Defender,FC Metz,Ligue 2,18,0.0,0.0,0.0,0,0,0.0,0.0,0.0,,
fabien-centonze,Fabien Centonze,Defender,FC Nantes,Ligue 2,30,54.0,47.0,37.5,15,9,20.9,6.71,40.0,0.51,4.32
sidi-bane,Sidi Bane,Defender,Stade Lavallois Mayenne FC,Ligue 2,22,42.0,36.0,42.5,17,14,39.5,4.39,31.76,1.36,5.87
georges-grimaud,Georges Grimaud,Goalkeeper,Pau FC,Ligue 2,20,0.0,0.0,0.0,0,0,0.0,0.0,0.0,,
mohamed-sylla-fr,Mohamed Sylla,Defender,Rodez Aveyron Football,Ligue 2,22,0.0,0.0,0.0,0,0,0.0,0.0,0.0,,
paul-abdou-eymard,Paul Eymard,Midfielder,AS Saint-Étienne,Ligue 2,18,36.0,36.0,10.0,4,1,4.6,1.15,35.0,1.42,6.83
mouhamed-sissokho,Mouhamed Sissokho,Goalkeeper,US du Littoral de Dunkerque,Ligue 2,21,0.0,0.0,0.0,0,0,0.0,0.0,0.0,,
youssoupha-bamba-mangane,Youssoupha Mangane,Midfielder,Grenoble Foot 38,Ligue 2,26,0.0,0.0,0.0,0,0,0.0,0.0,0.0,,
mael-debondt,Maël Debondt,Defender,Stade de Reims,Ligue 2,19,0.0,0.0,0.0,0,0,0.0,0.0,0.0,,
jose-manuel-albergaria-costa-leite,Zé Leite,Forward,Grenoble Foot 38,Ligue 2,27,0.0,0.0,0.0,0,0,0.0,0.0,0.0,0.36,6.12
cesar-obongo,César Obongo,Midfielder,Dijon FCO,Ligue 2,20,0.0,0.0,0.0,0,0,0.0,0.0,0.0,,
wilfried-chancy-ndollo-bille,Wilfried Ndollo Bille,Defender,Montpellier Hérault SC,Ligue 2,21,0.0,0.0,0.0,0,0,0.0,0.0,0.0,,
lenny-dziki-loussilaho,Lenny Loussilaho,Defender,US du Littoral de Dunkerque,Ligue 2,21,33.0,33.0,5.0,2,0,0.8,-1.88,35.0,,
nabil-homssa,Nabil Homssa,Midfielder,Montpellier Hérault SC,Ligue 2,24,35.0,35.0,5.0,2,1,3.4,-0.15,35.0,,
noah-nemorin,Noah Nemorin,Forward,US du Littoral de Dunkerque,Ligue 2,20,0.0,0.0,0.0,0,0,0.0,0.0,0.0,,
abner-felipe-souza-de-almeida,Abner,Midfielder,US du Littoral de Dunkerque,Ligue 2,30,43.0,43.0,17.5,7,3,10.4,8.21,35.0,,
stan-berkani,Stan Berkani,Midfielder,Clermont Foot 63,Ligue 2,23,0.0,0.0,0.0,0,0,0.0,0.0,0.0,1.39,6.19
enzo-mongo,Enzo Mongo,Defender,FC Nantes,Ligue 2,21,0.0,0.0,0.0,0,0,0.0,0.0,0.0,,
quentin-braat,BRAAT,Goalkeeper,Rodez Aveyron Football,Ligue 2,29,46.0,50.0,80.0,32,32,77.8,10.14,40.0,3.08,29.49
nicolas-saint-ruf,Nicolas Saint-Ruf,Defender,AS Nancy-Lorraine,Ligue 2,33,44.0,46.0,47.5,19,17,40.4,9.17,36.58,,
tahirys-dos-santos,Tahirys Dos Santos,Defender,FC Metz,Ligue 2,20,0.0,0.0,0.0,0,0,0.0,0.0,0.0,,
mohamed-toure-2005-12-12,Mohamed Toure,Defender,FC Sochaux-Montbéliard,Ligue 2,20,0.0,0.0,0.0,0,0,0.0,0.0,0.0,,
abd-elmajid-djae,Abd-Elmajid Djae,Forward,Dijon FCO,Ligue 2,21,0.0,0.0,0.0,0,0,0.0,0.0,0.0,,
quentin-daubin,Quentin Daubin,Midfielder,Pau FC,Ligue 2,31,0.0,0.0,0.0,0,0,0.0,0.0,0.0,1.57,4.45
julien-vetro,Julien Vetro,Forward,FC Sochaux-Montbéliard,Ligue 2,22,0.0,0.0,0.0,0,0,0.0,0.0,0.0,0.8,4.44
jean-yves-djegou,Jean-Yves Djegou,Forward,En Avant Guingamp,Ligue 2,19,0.0,0.0,0.0,0,0,0.0,0.0,0.0,,
anass-benyahya,Anass Benyahya,Defender,Dijon FCO,Ligue 2,22,0.0,0.0,0.0,0,0,0.0,0.0,0.0,,
marten-chris-paalberg,Marten-Chris Paalberg,Forward,AS Saint-Étienne,Ligue 2,17,36.0,36.0,5.0,2,0,0.5,1.15,35.0,1.74,4.87
sekou-doucoure,Sékou Doucouré,Defender,FC Nantes,Ligue 2,21,41.0,41.0,2.5,1,1,1.3,5.88,35.0,0.72,6.44
alan-mondesir,Alan Mondesir,Forward,FC Annecy,Ligue 2,22,0.0,0.0,0.0,0,0,0.0,0.0,0.0,,
maxime-adam,Maxime Adam,Goalkeeper,Pau FC,Ligue 2,23,0.0,0.0,0.0,0,0,0.0,0.0,0.0,0.86,4.97
ylann-marie-rose,Ylann Marie-Rose,Goalkeeper,Dijon FCO,Ligue 2,18,46.0,46.0,2.5,1,1,15.0,11.2,35.0,,
mathieu-michel,Mathieu Michel,Goalkeeper,Montpellier Hérault SC,Ligue 2,35,30.0,30.0,2.5,1,1,2.6,15.1,15.0,1.54,9.04
ewan-aucan,Ewan Aucan,Midfielder,En Avant Guingamp,Ligue 2,19,0.0,0.0,0.0,0,0,0.0,0.0,0.0,,
kylian-gasnier,Kylian Gasnier,Midfielder,Pau FC,Ligue 2,24,34.0,34.0,27.5,11,1,7.9,-0.55,35.0,0.43,
everson-junior-pereira-da-silva,Everson,Midfielder,Montpellier Hérault SC,Ligue 2,22,41.0,42.0,52.5,21,16,41.2,7.22,34.29,0.89,6.74
lucas-lavallee,Lucas Lavallée,Goalkeeper,AS Saint-Étienne,Ligue 2,23,0.0,0.0,0.0,0,0,0.0,0.0,0.0,1.71,7.17
joel-emmanuel-coulibaly,Joël-Emmanuel Coulibaly,Midfielder,AS Nancy-Lorraine,Ligue 2,19,0.0,0.0,0.0,0,0,0.0,0.0,0.0,,
joseph-okumu,Joseph Okumu,Defender,Stade de Reims,Ligue 2,29,0.0,0.0,0.0,0,0,0.0,0.0,0.0,0.36,3.26
amine-salama,Amine Salama,Forward,Stade de Reims,Ligue 2,26,41.0,44.0,50.0,20,12,28.4,2.62,41.25,0.3,6.24
pierre-lemonnier,Pierre Lemonnier,Defender,Red Star FC 93,Ligue 2,33,57.0,59.0,55.0,22,22,51.8,21.07,37.5,1.03,14.13
yvan-junior-djemba-mbappe,Yvan-Junior Djemba-Mbappé,Midfielder,Montpellier Hérault SC,Ligue 2,21,0.0,0.0,0.0,0,0,0.0,0.0,0.0,,
nathan-fondja,Nathan Fondja,Defender,En Avant Guingamp,Ligue 2,20,43.0,43.0,2.5,1,0,1.2,8.04,35.0,,
mathis-anthony-ntessa,Mathis N'Tessa,Goalkeeper,Stade Lavallois Mayenne FC,Ligue 2,18,0.0,0.0,0.0,0,0,0.0,0.0,0.0,,
esteban-salles,Esteban Salles,Goalkeeper,Pau FC,Ligue 2,32,42.0,41.0,27.5,11,10,27.7,0.45,39.09,0.67,4.83
geoffrey-lembet,Geoffrey Lembet,Goalkeeper,AS Nancy-Lorraine,Ligue 2,37,47.0,47.0,2.5,1,1,2.0,11.9,35.0,1.12,1.95
edouard-soumah-abbad,Édouard Soumah-Abbad,Forward,FC Metz,Ligue 2,23,0.0,0.0,0.0,0,0,0.0,0.0,0.0,,
noah-marec,Noah Marec,Goalkeeper,En Avant Guingamp,Ligue 2,22,0.0,0.0,0.0,0,0,0.0,0.0,0.0,0.55,6.21
mamour-ndiaye,Mamour Ndiaye,Goalkeeper,AS Saint-Étienne,Ligue 2,20,42.0,44.0,47.5,19,19,63.3,5.88,38.16,2.78,13.51
teddy-bouriaud,Teddy Bouriaud,Midfielder,Stade Lavallois Mayenne FC,Ligue 2,29,45.0,49.0,70.0,28,22,51.0,14.03,35.36,,
jonathan-ndaya-kapenga,Jonathan Kapenga,Defender,US Boulogne-sur-Mer Côte d'Opale,Ligue 2,22,42.0,42.0,5.0,2,0,1.7,7.4,35.0,,
djibril-mavounia-kouka,Djibril Mavounia-Kouka,Defender,Rodez Aveyron Football,Ligue 2,20,0.0,0.0,0.0,0,0,0.0,0.0,0.0,,
andy-pelmard,Andy Pelmard,Defender,Clermont Foot 63,Ligue 2,26,57.0,57.0,5.0,2,2,15.0,9.85,47.5,0.36,1.93
xavier-lenogue,Xavier Lenogue,Goalkeeper,US Boulogne-sur-Mer Côte d'Opale,Ligue 2,29,52.0,52.0,2.5,1,1,2.6,16.5,35.0,,
antonin-bobichon,Antonin Bobichon,Midfielder,Pau FC,Ligue 2,31,46.0,47.0,62.5,25,13,30.6,4.71,42.2,,
tidiane-diallo-2008-01-25,Tidiane Diallo,Defender,Montpellier Hérault SC,Ligue 2,18,0.0,0.0,0.0,0,0,0.0,0.0,0.0,,
matteo-commaret,Mattéo Commaret,Defender,Stade Lavallois Mayenne FC,Ligue 2,24,43.0,41.0,27.5,11,11,25.5,5.7,35.45,,
hermann-tebily,Hermann Tebily,Forward,Rodez Aveyron Football,Ligue 2,24,35.0,35.0,12.5,5,0,0.4,-0.16,35.0,2.21,9.76
alpha-amadou-toure,Alpha Touré,Midfielder,FC Metz,Ligue 2,20,39.0,37.0,65.0,26,15,39.8,2.02,35.19,,
matis-duval,Matis Duval,Goalkeeper,Pau FC,Ligue 2,19,0.0,0.0,0.0,0,0,0.0,0.0,0.0,,
ethan-cortes,Ethan Cortes,Forward,FC Sochaux-Montbéliard,Ligue 2,19,0.0,0.0,0.0,0,0,0.0,0.0,0.0,,
arthylio-nade,Arthylio Nade,Forward,US du Littoral de Dunkerque,Ligue 2,19,0.0,0.0,0.0,0,0,0.0,0.0,0.0,,
klaus-mohamed-camara,Klaus Camara,Forward,FC Nantes,Ligue 2,18,0.0,0.0,0.0,0,0,0.0,0.0,0.0,,
joel-matondo,Joël Matondo,Midfielder,En Avant Guingamp,Ligue 2,21,0.0,0.0,0.0,0,0,0.0,0.0,0.0,,
nordine-kandil,Nordine Kandil,Forward,AS Nancy-Lorraine,Ligue 2,24,46.0,46.0,0.0,0,0,34.9,5.02,41.14,1.22,7.04
oscar-quentin-david-lenne,Oscar Lenne,Defender,US Boulogne-sur-Mer Côte d'Opale,Ligue 2,20,31.0,31.0,2.5,1,0,0.9,-3.96,35.0,,
mateo-gonzalez,Matéo Gonzalez,Goalkeeper,FC Annecy,Ligue 2,21,0.0,0.0,0.0,0,0,0.0,0.0,0.0,,
thomas-callens,Thomas Callens,Goalkeeper,FC Annecy,Ligue 2,28,56.0,56.0,12.5,5,5,12.9,9.1,47.0,,
axel-gueguin,Axel Gueguin,Forward,Montpellier Hérault SC,Ligue 2,21,50.0,50.0,17.5,7,2,6.0,7.97,42.14,1.83,7.52
ibrahima-diakite,Ibrahima Diakité,Midfielder,En Avant Guingamp,Ligue 2,19,37.0,37.0,5.0,2,0,1.2,2.05,35.0,,
nolan-ferro,Nolan Ferro,Midfielder,FC Annecy,Ligue 2,20,0.0,0.0,0.0,0,0,0.0,0.0,0.0,,
yanel-zeze,Yanel Zézé,Goalkeeper,FC Nantes,Ligue 2,18,0.0,0.0,0.0,0,0,0.0,0.0,0.0,,
pougueleu-victor-mic-monthieu,V. Monthieu,Forward,FC Sochaux-Montbéliard,Ligue 2,18,0.0,0.0,0.0,0,0,0.0,0.0,0.0,,
modibo-sissoko-2006-12-17,Modibo Sissoko,Midfielder,AS Saint-Étienne,Ligue 2,19,0.0,0.0,0.0,0,0,0.0,0.0,0.0,,
nesta-zahui,Nesta Zahui,Defender,Grenoble Foot 38,Ligue 2,23,47.0,46.0,0.0,0,0,52.6,8.3,37.21,0.9,6.67
teddy-bartouche,Teddy Bartouche,Goalkeeper,En Avant Guingamp,Ligue 2,29,47.0,46.0,30.0,12,12,30.9,4.38,41.25,0.99,6.89
john-otomewo,John Otomewo,Defender,Stade de Reims,Ligue 2,19,37.0,37.0,0.0,0,0,25.7,5.42,31.67,0.52,6.24
sonny-duflos,Sonny Duflos,Defender,US Boulogne-sur-Mer Côte d'Opale,Ligue 2,31,32.0,39.0,62.5,25,17,41.6,0.19,37.4,,
martin-lecolier,Martin Lecolier,Forward,US Boulogne-sur-Mer Côte d'Opale,Ligue 2,23,43.0,43.0,40.0,16,11,42.4,1.37,41.25,,
souleymane-fofana,Souleymane Fofana,Midfielder,FC Annecy,Ligue 2,20,0.0,0.0,0.0,0,0,0.0,0.0,0.0,,
hermann-esmel,Hermann Esmel,Midfielder,Stade Lavallois Mayenne FC,Ligue 2,27,0.0,0.0,0.0,0,0,0.0,0.0,0.0,,
florian-rombogouera-gouzele,Florian Rombogouera,Forward,Dijon FCO,Ligue 2,20,0.0,0.0,0.0,0,0,0.0,0.0,0.0,,
boubacar-diallo,Boubacar Diallo,Defender,Dijon FCO,Ligue 2,21,0.0,0.0,0.0,0,0,,0.0,0.0,,
cheick-mohamed-doumbia,Cheick Doumbia,Midfielder,Rodez Aveyron Football,Ligue 2,21,0.0,0.0,0.0,0,0,0.0,0.0,0.0,,
ibrahim-kone-1989-12-05,Ibrahim Koné,Goalkeeper,US Boulogne-sur-Mer Côte d'Opale,Ligue 2,36,42.0,42.0,12.5,5,5,12.5,2.16,40.0,,
lima-joseph-mangondo,Joseph Mangondo,Forward,FC Metz,Ligue 2,21,0.0,0.0,0.0,0,0,0.0,0.0,0.0,,
yuliwes-bellache,Yuliwes Bellache,Midfielder,Clermont Foot 63,Ligue 2,23,36.0,36.0,12.5,5,1,2.2,1.46,35.0,0.92,
alexis-sauvage,Alexis Sauvage,Goalkeeper,Stade de Reims,Ligue 2,34,46.0,46.0,15.0,6,6,15.4,11.1,35.0,0.42,3.44
sohan-paillard,Sohan Paillard,Midfielder,US Boulogne-sur-Mer Côte d'Opale,Ligue 2,22,34.0,34.0,5.0,2,0,0.2,-0.75,35.0,,
hafiz-umar-ibrahim,Hafiz Ibrahim,Forward,Stade de Reims,Ligue 2,20,49.0,43.0,40.0,16,8,24.3,-0.21,43.13,0.42,4.53
bobby-allain,Bobby Allain,Goalkeeper,Grenoble Foot 38,Ligue 2,34,49.0,49.0,12.5,5,3,10.7,9.04,40.0,0.42,5.07
sacha-ziani,Sacha Ziani,Midfielder,FC Nantes,Ligue 2,23,0.0,0.0,0.0,0,0,0.0,0.0,0.0,0.65,6.12
lenny-sylla,Lenny Sylla,Forward,Stade de Reims,Ligue 2,19,0.0,0.0,0.0,0,0,0.0,0.0,0.0,,
owen-martinez-jullien,Owen Martinez-Jullien,Midfielder,Grenoble Foot 38,Ligue 2,21,0.0,0.0,0.0,0,0,0.0,0.0,0.0,,
oscar-etoundi-eyen,Oscar Eyen,Defender,Montpellier Hérault SC,Ligue 2,18,0.0,0.0,0.0,0,0,0.0,0.0,0.0,,
honore-bayanginisa-nakalamwa,Honoré Bayanginisa,Midfielder,FC Sochaux-Montbéliard,Ligue 2,20,0.0,0.0,0.0,0,0,0.0,0.0,0.0,,
maedine-makhloufi,Maedine Makhloufi,Defender,US du Littoral de Dunkerque,Ligue 2,20,46.0,46.0,20.0,8,3,8.5,7.82,38.13,,
matys-donavin,Matys Donavin,Defender,Clermont Foot 63,Ligue 2,19,0.0,0.0,0.0,0,0,0.0,0.0,0.0,,
soumaila-sylla,Soumaïla Sylla,Goalkeeper,Stade de Reims,Ligue 2,22,49.0,49.0,2.5,1,1,2.5,13.7,35.0,0.3,2.99
ange-loic-n-gatta,Ange N’Gatta,Defender,Grenoble Foot 38,Ligue 2,22,34.0,34.0,12.5,5,1,2.9,-0.74,35.0,1.07,3.72
charlie-dressel,Charlie Dressel,Midfielder,Grenoble Foot 38,Ligue 2,20,0.0,0.0,0.0,0,0,0.0,0.0,0.0,,
chaib-lahmer,Chaib Lahmer,Defender,Red Star FC 93,Ligue 2,23,0.0,0.0,0.0,0,0,0.0,0.0,0.0,,
enzo-ketterle,Enzo Ketterle,Goalkeeper,Dijon FCO,Ligue 2,23,0.0,0.0,0.0,0,0,0.0,0.0,0.0,,
chouaib-bellaarouch,Chouaib Bellaarouch,Goalkeeper,Stade de Reims,Ligue 2,18,0.0,0.0,0.0,0,0,0.0,0.0,0.0,,
mamadou-simbakoli,Mamadou Simbakoli,Forward,Stade Lavallois Mayenne FC,Ligue 2,25,0.0,0.0,0.0,0,0,0.0,0.0,0.0,,
viktor-dzodic,Viktor Džodić,Goalkeeper,Montpellier Hérault SC,Ligue 2,19,30.0,30.0,2.5,1,1,2.6,-5.4,35.0,,
edin-omeragic,Edin Omeragic,Goalkeeper,Stade de Reims,Ligue 2,24,0.0,0.0,0.0,0,0,0.0,0.0,0.0,0.84,5.24
moise-adilehou,Moïse Adiléhou,Defender,Stade Lavallois Mayenne FC,Ligue 2,30,0.0,0.0,0.0,0,0,0.0,0.0,0.0,,
joan-raynaud,Joan Raynaud,Goalkeeper,Clermont Foot 63,Ligue 2,19,0.0,0.0,0.0,0,0,0.0,0.0,0.0,,
mohamed-amine-bouchenna,Mohamed-Amine Bouchenna,Midfielder,Clermont Foot 63,Ligue 2,20,42.0,42.0,0.0,0,0,38.3,7.33,35.0,2.91,12.62
alpha-diallo,Alpha Diallo,Midfielder,Stade Lavallois Mayenne FC,Ligue 2,20,0.0,0.0,0.0,0,0,0.0,0.0,0.0,,
lassana-traore,Lassana Traoré,Defender,AS Saint-Étienne,Ligue 2,19,0.0,0.0,0.0,0,0,0.0,0.0,0.0,0.66,7.75
gautier-roland-gerard-ott,Gautier Ott,Forward,En Avant Guingamp,Ligue 2,24,40.0,41.0,35.0,14,7,16.6,2.8,38.57,,
theo-borne,Théo Borne,Goalkeeper,Grenoble Foot 38,Ligue 2,24,0.0,0.0,0.0,0,0,0.0,0.0,0.0,0.58,5.14
arthur-lallias,Arthur Lallias,Forward,Grenoble Foot 38,Ligue 2,23,37.0,37.0,27.5,11,5,24.5,1.75,35.0,0.38,4.3
esteban-marre,Esteban Marre,Defender,FC Annecy,Ligue 2,22,0.0,0.0,0.0,0,0,0.0,0.0,0.0,,
theo-dylan-amorim,Théo Amorim,Defender,Stade de Reims,Ligue 2,22,0.0,0.0,0.0,0,0,0.0,0.0,0.0,,
tom-dupont,Tom Dupont,Midfielder,US Boulogne-sur-Mer Côte d'Opale,Ligue 2,20,0.0,0.0,0.0,0,0,0.0,0.0,0.0,,
chico-faria-camara-lamba,Chico Lamba,Defender,AS Saint-Étienne,Ligue 2,23,44.0,44.0,22.5,9,7,15.7,11.42,32.78,1.6,7.17
ilyes-hamdia,Ilyes Hamdia,Defender,Clermont Foot 63,Ligue 2,19,0.0,0.0,0.0,0,0,0.0,0.0,0.0,,
lucas-droyaux,Lucas Droyaux,Goalkeeper,Stade Lavallois Mayenne FC,Ligue 2,21,0.0,0.0,0.0,0,0,0.0,0.0,0.0,,
adrien-hunou,Adrien Hunou,Midfielder,Clermont Foot 63,Ligue 2,32,43.0,42.0,0.0,0,0,20.3,3.49,38.75,0.64,1.47
marouane-admar,Marouane Admar,Midfielder,Clermont Foot 63,Ligue 2,20,0.0,0.0,0.0,0,0,0.0,0.0,0.0,,
morgan-bokele-mputu,Morgan Bokele Mputu,Forward,FC Metz,Ligue 2,22,48.0,43.0,52.5,21,10,24.5,5.8,37.38,,
manzur-okwaro,Manzur Suleiman,Defender,Stade de Reims,Ligue 2,20,0.0,0.0,0.0,0,0,0.0,0.0,0.0,,
ousmane-ba,Ousmane Ba,Goalkeeper,FC Metz,Ligue 2,24,0.0,0.0,0.0,0,0,0.0,0.0,0.0,,
louis-siliadin,Louis Siliadin,Defender,US Boulogne-sur-Mer Côte d'Opale,Ligue 2,24,0.0,0.0,0.0,0,0,0.0,0.0,0.0,,
yassine-benhattab,Yassine Benhattab,Midfielder,Montpellier Hérault SC,Ligue 2,23,49.0,46.0,45.0,18,7,23.9,7.8,38.33,1.08,6.49
matteo-d-antona,Matteo D'Antona,Midfielder,Grenoble Foot 38,Ligue 2,21,0.0,0.0,0.0,0,0,0.0,0.0,0.0,,
diego-duarte,Diego Duarte,Midfielder,FC Metz,Ligue 2,20,37.0,37.0,2.5,1,0,0.6,1.8,35.0,,
vincent-gomis,Vincent Gomis,Goalkeeper,FC Metz,Ligue 2,18,0.0,0.0,0.0,0,0,0.0,0.0,0.0,,
alexandre-pierre,Alexandre Pierre,Goalkeeper,FC Sochaux-Montbéliard,Ligue 2,25,0.0,0.0,0.0,0,0,0.0,0.0,0.0,0.91,6.58
pape-yatma-diop,Pape Diop,Midfielder,FC Sochaux-Montbéliard,Ligue 2,20,0.0,0.0,0.0,0,0,0.0,0.0,0.0,,
jean-philippe-celestin,Jean-Philippe Celestin,Defender,Stade de Reims,Ligue 2,23,0.0,0.0,0.0,0,0,0.0,0.0,0.0,,
mathis-chambon,Mathis Chambon,Defender,Montpellier Hérault SC,Ligue 2,17,0.0,0.0,0.0,0,0,0.0,0.0,0.0,,
lamine-diack,Lamine Diack,Midfielder,FC Nantes,Ligue 2,25,31.0,31.0,12.5,5,1,3.3,-0.28,31.0,1.07,3.05
adam-marchal,Adam Marchal,Defender,FC Metz,Ligue 2,18,0.0,0.0,0.0,0,0,0.0,0.0,0.0,,
gaspard-messobo,Gaspard Ambassa,Goalkeeper,En Avant Guingamp,Ligue 2,20,0.0,0.0,0.0,0,0,0.0,0.0,0.0,,
alexis-mirbach,Alexis Mirbach,Goalkeeper,FC Nantes,Ligue 2,21,0.0,0.0,0.0,0,0,0.0,0.0,0.0,2.11,12.37
axel-bargain,Axel Bargain,Defender,Dijon FCO,Ligue 2,20,0.0,0.0,0.0,0,0,0.0,0.0,0.0,,
massamba-ndiaye,Massamba N'Diaye,Goalkeeper,Clermont Foot 63,Ligue 2,24,57.0,57.0,2.5,1,1,2.6,22.3,35.0,,
kenji-van-boto,Kenji-Van Boto,Defender,Clermont Foot 63,Ligue 2,30,39.0,39.0,15.0,6,0,12.7,4.32,35.0,2.4,10.95
enzo-crombez,Enzo Crombez,Goalkeeper,Rodez Aveyron Football,Ligue 2,23,0.0,0.0,0.0,0,0,0.0,0.0,0.0,2.4,10.95
roman-mory-diaman-gbane,Mory Gbane,Midfielder,Stade de Reims,Ligue 2,25,48.0,46.0,57.5,23,17,43.2,8.34,37.17,0.29,0.7
abdourahmane-mbodj,Abdourahmane Mbodj,Forward,FC Metz,Ligue 2,18,0.0,0.0,0.0,0,0,0.0,0.0,0.0,,
