Slug,Player Name,Position,Club,Current League,Age,L5,L5 Games Started,L5 Min Play/90,L10,L40,Play % L40,Games Played L40,Game Started L40,Min Play/90 L40,AA L40,Decisive L40,Score 100,Score 75-99,Score 60-74,Score 50-59,Score 35-49,Score 20-34,Score 0-19,DNP L40,Avg Limited IS (€),Avg Rare IS (€)
hakon-rafn-valdimarsson,Hákon Valdimarsson,Goalkeeper,Brentford FC,Premier League,24,84.0,1,18.0,54.0,54.0,5.0,2,2,4.5,6.25,47.5,0,1,0,0,0,1,0,38,6.18,26.77
james-tarkowski,James Tarkowski,Defender,Everton FC,Premier League,33,82.0,5,90.0,70.0,62.0,92.5,37,37,87.6,18.18,43.92,1,10,12,5,8,3,0,1,30.81,124.07
marcos-senesi,Marcos Senesi,Defender,Tottenham Hotspur FC,Premier League,29,79.0,1,18.0,61.0,58.0,72.5,29,28,62.8,14.95,42.76,2,5,7,6,4,5,0,11,1.91,23.83
mats-wieffer,Mats Wieffer,Midfielder,Brighton & Hove Albion FC,Premier League,26,76.0,2,25.0,56.0,52.0,55.0,22,21,40.7,12.58,40.0,1,4,5,1,5,6,1,17,7.91,34.17
yann-gboho,Yann Gboho,Forward,Coventry City FC,Premier League,25,75.0,1,18.0,53.0,56.0,70.0,28,28,69.3,12.62,43.04,0,6,4,6,13,4,1,6,6.92,21.99
jeremy-jacquet,Jeremy Jacquet,Defender,Liverpool FC,Premier League,21,73.0,4,72.0,62.0,57.0,50.0,20,20,48.1,23.32,34.25,1,3,4,9,3,3,1,16,45.68,181.54
jan-paul-van-hecke,Jan Paul Van Hecke,Defender,Tottenham Hotspur FC,Premier League,26,73.0,4,90.0,67.0,61.0,95.0,38,37,83.8,21.44,39.08,0,9,9,9,6,3,0,4,24.68,114.51
lewis-hall-2004-09-08,Lewis Hall,Defender,Newcastle United FC,Premier League,22,72.0,4,71.8,51.0,50.0,95.0,38,33,73.6,12.97,37.37,1,1,10,8,11,6,0,3,13.04,74.72
rayan-ait-nouri,Rayan Aït Nouri,Defender,Manchester City FC,Premier League,25,71.0,0,3.0,53.0,57.0,67.5,27,20,44.8,15.08,41.48,0,5,7,4,5,5,0,14,7.87,32.32
tarik-muharemovic,Tarik Muharemović,Defender,Leeds United FC,Premier League,23,69.0,5,90.0,60.0,54.0,92.5,37,37,83.4,16.96,36.89,0,5,9,8,8,4,2,4,9.42,54.44
vitaly-janelt,Vitaly Janelt,Midfielder,Brentford FC,Premier League,28,69.0,5,90.0,53.0,54.0,70.0,28,20,50.3,14.01,40.36,1,6,2,5,10,6,0,10,9.09,89.47
erling-haland,Erling Haaland,Forward,Manchester City FC,Premier League,26,69.0,5,90.0,66.0,58.0,90.0,36,35,76.0,4.29,53.19,0,6,17,0,9,3,0,5,87.97,532.22
jannik-schuster-2006-05-16,Jannik Schuster,Defender,Brentford FC,Premier League,20,69.0,2,50.6,63.0,56.0,57.5,23,21,51.6,15.23,40.65,1,4,4,6,5,4,0,16,5.93,37.85
joao-pedro-junqueira-de-jesus,João Pedro,Forward,Chelsea FC,Premier League,25,68.0,4,72.0,56.0,54.0,87.5,35,30,63.4,4.7,49.0,0,6,11,0,12,6,0,5,56.72,315.09
pascal-gross,Pascal Gross,Midfielder,Brighton & Hove Albion FC,Premier League,35,68.0,5,90.0,61.0,57.0,80.0,32,27,61.8,14.42,42.97,1,4,8,8,9,3,0,7,23.74,165.18
martin-odegaard,Martin Ødegaard,Midfielder,Arsenal FC,Premier League,27,67.0,5,85.6,68.0,60.0,67.5,27,21,47.8,13.59,46.48,1,4,9,1,9,2,0,14,75.16,264.82
david-raya-martin,David Raya,Goalkeeper,Arsenal FC,Premier League,31,67.0,3,72.0,60.0,59.0,72.5,29,29,64.2,8.98,50.17,1,4,12,3,4,3,1,12,84.74,503.34
kobbie-mainoo,Kobbie Mainoo,Midfielder,Manchester United FC,Premier League,21,66.0,5,79.6,57.0,54.0,70.0,28,21,51.2,15.57,38.57,0,3,5,7,10,1,0,14,25.21,98.97
mohamed-elbachir-belloumi,Mohamed Belloumi,Forward,Hull City AFC,Premier League,24,66.0,5,79.6,59.0,53.0,65.0,26,16,35.7,9.22,43.85,0,4,5,1,14,2,0,14,13.08,45.54
yasin-abbas-ayari,Yasin Ayari,Midfielder,Brighton & Hove Albion FC,Premier League,22,65.0,5,89.8,53.0,50.0,77.5,31,24,53.4,6.25,43.39,0,5,5,2,12,6,0,10,12.23,42.75
leny-yoro,Leny Yoro,Defender,Manchester United FC,Premier League,20,65.0,1,18.0,46.0,42.0,72.5,29,15,37.1,7.29,35.17,0,1,5,0,17,5,1,11,4.45,29.34
walter-daniel-benitez,Walter Benítez,Goalkeeper,Crystal Palace FC,Premier League,33,64.0,3,54.0,56.0,56.0,17.5,7,7,16.5,7.17,49.29,0,1,3,0,1,2,0,33,5.96,36.07
alex-scott,Alex Scott,Midfielder,AFC Bournemouth,Premier League,23,64.0,4,71.8,58.0,53.0,90.0,36,34,73.5,14.01,38.61,0,5,4,12,10,3,1,5,15.66,92.01
declan-rice,Declan Rice,Midfielder,Arsenal FC,Premier League,27,64.0,5,87.2,61.0,59.0,92.5,37,36,78.0,19.4,40.14,1,4,8,15,6,3,0,3,60.45,345.96
gabriel-dos-santos-magalhaes,Gabriel Magalhães,Defender,Arsenal FC,Premier League,28,64.0,5,90.0,67.0,62.0,95.0,38,36,83.2,19.64,42.24,2,8,12,5,10,2,0,1,64.06,314.25
joao-victor-gomes-da-silva,João Gomes,Midfielder,Aston Villa FC,Premier League,25,64.0,2,36.0,45.0,47.0,82.5,33,30,66.7,11.56,35.76,0,1,6,7,14,5,1,6,4.61,27.82
maxim-de-cuyper,Maxim De Cuyper,Defender,Brighton & Hove Albion FC,Premier League,25,64.0,4,73.8,60.0,48.0,87.5,35,24,48.0,8.01,40.57,1,3,6,1,14,9,0,6,25.74,110.88
enzo-le-fee,Enzo Le Fée,Midfielder,Sunderland AFC,Premier League,26,64.0,5,89.8,62.0,55.0,95.0,38,37,83.4,12.3,42.24,0,7,9,5,11,6,1,1,17.0,95.28
bobby-thomas,Bobby Thomas,Defender,Coventry City FC,Premier League,25,63.0,5,87.6,65.0,56.0,67.5,27,27,59.3,13.91,41.85,1,6,4,5,6,4,1,13,11.07,23.65
alisson-ramses-becker,Alisson Becker,Goalkeeper,Liverpool FC,Premier League,34,63.0,5,90.0,60.0,54.0,75.0,30,30,66.4,9.97,43.67,0,8,5,1,11,4,1,10,46.95,268.48
femi-azeez,F. Azeez,Forward,Brighton & Hove Albion FC,Premier League,25,,0,0.0,44.0,50.0,85.0,34,33,61.5,2.85,46.33,0,2,12,1,9,5,1,10,0.85,9.75
enzo-jeremias-fernandez,Enzo Fernández,Midfielder,Manchester City FC,Premier League,25,63.0,4,67.6,57.0,57.0,92.5,37,35,76.0,13.36,43.78,0,8,10,6,8,5,0,3,54.14,287.52
dara-o-shea,Dara O'Shea,Defender,Ipswich Town FC,Premier League,27,63.0,5,90.0,58.0,57.0,100.0,40,40,90.8,20.37,37.0,0,4,14,9,9,1,2,1,4.84,48.47
shea-charles,Shea Charles,Midfielder,Fulham FC,Premier League,22,63.0,5,87.8,60.0,52.0,80.0,32,19,49.4,12.53,39.84,0,4,5,4,11,4,1,11,6.9,29.0
matheus-santos-carneiro-da-cunha,Matheus Cunha,Forward,Manchester United FC,Premier League,27,63.0,5,84.0,60.0,59.0,92.5,37,34,70.1,10.83,47.7,0,8,12,3,11,2,0,4,42.84,235.23
caoimhin-kelleher,Caoimhin Kelleher,Goalkeeper,Brentford FC,Premier League,27,62.0,5,90.0,56.0,51.0,97.5,39,39,87.8,9.41,41.79,0,6,9,4,9,8,2,2,28.53,176.49
lewis-dunk,Lewis Dunk,Defender,Brighton & Hove Albion FC,Premier League,34,62.0,4,63.0,55.0,54.0,82.5,33,31,69.8,16.98,37.58,1,3,8,5,12,4,0,7,4.54,15.06
bryan-mbeumo,Bryan Mbeumo,Forward,Manchester United FC,Premier League,27,62.0,5,86.4,56.0,51.0,87.5,35,33,69.3,6.33,44.29,0,2,11,2,15,4,0,6,28.05,164.67
mouhamadou-diarra,Habib Diarra,Midfielder,Sunderland AFC,Premier League,22,62.0,0,3.6,48.0,45.0,67.5,27,18,38.5,2.77,41.85,0,0,7,1,7,10,0,15,5.24,22.47
alexander-isak,Alexander Isak,Forward,Liverpool FC,Premier League,27,62.0,4,82.6,56.0,51.0,47.5,19,14,32.0,2.73,48.42,0,3,6,0,5,4,0,22,46.57,238.77
fabio-carvalho,Fábio Carvalho,Midfielder,Brentford FC,Premier League,24,62.0,0,0.6,44.0,44.0,7.5,3,0,0.2,0.53,43.33,0,0,2,0,2,1,0,35,1.44,22.87
mickey-van-de-ven,Micky van de Ven,Defender,Tottenham Hotspur FC,Premier League,25,61.0,5,90.0,53.0,46.0,85.0,34,34,71.7,9.72,36.47,0,2,6,3,13,8,1,7,10.58,47.36
anthony-elanga,Anthony Elanga,Forward,Newcastle United FC,Premier League,24,61.0,3,47.0,53.0,46.0,77.5,31,19,39.3,6.08,40.16,0,2,4,0,21,4,0,9,7.47,29.14
antoine-semenyo,Antoine Semenyo,Forward,Manchester City FC,Premier League,26,61.0,5,84.4,49.0,51.0,92.5,37,36,77.3,6.51,44.73,0,3,12,2,16,4,1,2,38.34,154.91
cole-palmer,Cole Palmer,Midfielder,Chelsea FC,Premier League,24,61.0,5,88.6,53.0,53.0,82.5,33,31,63.6,7.43,44.85,0,6,5,3,13,4,0,9,53.87,286.82
john-mcginn,John McGinn,Midfielder,Aston Villa FC,Premier League,31,61.0,5,88.8,48.0,52.0,75.0,30,27,53.6,6.77,44.67,0,4,9,4,4,8,0,11,11.06,48.52
youri-tielemans,Youri Tielemans,Midfielder,Manchester United FC,Premier League,29,61.0,5,76.4,60.0,59.0,75.0,30,28,58.6,18.09,40.83,0,5,5,9,10,0,0,11,33.32,194.67
will-osula,William Osula,Forward,Newcastle United FC,Premier League,23,60.0,1,11.2,50.0,44.0,52.5,21,10,23.8,0.9,42.62,0,1,5,0,5,8,0,21,4.76,37.09
granit-xhaka,Granit Xhaka,Midfielder,Sunderland AFC,Premier League,34,60.0,5,90.0,57.0,57.0,90.0,36,34,77.2,17.42,39.17,0,4,7,10,14,1,0,4,10.54,81.72
chris-richards,Chris Richards,Defender,Crystal Palace FC,Premier League,26,60.0,5,86.8,55.0,51.0,87.5,35,33,74.6,13.8,37.29,0,4,8,7,9,4,2,6,5.15,29.06
ainsley-maitland-niles,Ainsley Maitland-Niles,Midfielder,Everton FC,Premier League,29,66.0,3,47.8,53.0,51.0,80.0,32,29,62.6,10.21,40.63,0,3,12,4,6,5,2,8,4.86,37.83
nobel-mendy,Nobel Mendy,Defender,Hull City AFC,Premier League,22,60.0,4,50.6,49.0,42.0,65.0,26,21,42.1,6.39,35.58,1,1,2,3,10,6,3,14,2.43,21.54
vitalii-mykolenko,Vitalii Mykolenko,Defender,Everton FC,Premier League,27,60.0,4,90.0,46.0,46.0,92.5,37,37,82.9,9.86,35.95,0,2,3,9,14,7,1,4,6.66,25.21
adrien-truffert,Adrien Truffert,Defender,AFC Bournemouth,Premier League,24,60.0,4,72.0,65.0,54.0,97.5,39,39,86.8,12.7,40.51,1,7,12,5,4,6,4,1,17.31,91.16
marc-guehi,Marc Guéhi,Defender,Manchester City FC,Premier League,26,59.0,5,89.8,62.0,62.0,90.0,36,34,75.5,24.47,38.19,1,7,9,7,8,3,0,5,61.87,305.25
bruno-miguel-borges-fernandes,Bruno Fernandes,Midfielder,Manchester United FC,Premier League,32,59.0,4,89.8,59.0,70.0,92.5,37,37,79.2,19.78,51.49,2,15,6,8,4,0,0,5,76.69,424.66
dwight-mcneil,Dwight McNeil,Forward,Crystal Palace FC,Premier League,26,59.0,0,10.0,43.0,42.0,60.0,24,15,32.4,5.29,36.25,0,1,1,1,15,6,0,16,1.91,15.57
luke-shaw,Luke Shaw,Defender,Manchester United FC,Premier League,31,59.0,3,49.2,58.0,49.0,92.5,37,37,80.3,12.05,37.03,0,0,9,10,13,5,1,2,5.1,25.17
bart-verbruggen,Bart Verbruggen,Goalkeeper,Brighton & Hove Albion FC,Premier League,24,59.0,5,90.0,55.0,49.0,97.5,39,39,86.8,8.93,40.26,0,4,11,2,16,2,4,1,41.06,277.22
josko-gvardiol,Joško Gvardiol,Defender,Manchester City FC,Premier League,24,59.0,5,81.6,55.0,53.0,50.0,20,16,32.1,12.38,40.5,0,3,6,2,6,2,0,21,34.54,205.67
morgan-gibbs-white,Morgan Gibbs-White,Midfielder,Nottingham Forest FC,Premier League,26,59.0,4,73.4,56.0,53.0,95.0,38,32,72.2,6.03,46.84,0,6,11,1,12,7,0,3,16.7,121.28
olivier-boscagli,Olivier Boscagli,Defender,Brighton & Hove Albion FC,Premier League,28,59.0,5,87.4,62.0,60.0,47.5,19,16,35.4,21.18,38.95,1,3,5,4,5,1,0,21,10.88,89.6
marcus-tavernier,Marcus Tavernier,Midfielder,AFC Bournemouth,Premier League,27,59.0,5,85.4,60.0,54.0,87.5,35,32,73.0,9.42,43.86,0,4,9,4,15,4,0,4,10.88,77.58
trai-hume,Trai Hume,Defender,Sunderland AFC,Premier League,24,58.0,3,51.6,58.0,47.0,97.5,39,33,72.5,7.03,39.36,1,4,5,3,11,12,2,2,3.13,9.18
james-justin,James Justin,Defender,Leeds United FC,Premier League,28,58.0,5,90.0,56.0,52.0,80.0,32,26,61.3,13.44,39.22,1,2,7,5,14,4,0,7,3.7,32.86
zion-suzuki,Zion Suzuki,Goalkeeper,Aston Villa FC,Premier League,24,58.0,5,90.0,58.0,55.0,52.5,21,21,47.2,13.61,41.19,0,2,4,5,8,1,1,19,34.39,211.46
patrick-chinazaekpere-dorgu,Patrick Dorgu,Defender,Manchester United FC,Premier League,21,57.0,4,54.6,49.0,55.0,72.5,29,17,38.4,10.88,43.97,0,7,3,2,12,5,0,11,12.47,28.25
tyrone-mings,Tyrone Mings,Defender,Aston Villa FC,Premier League,33,58.0,2,49.0,43.0,45.0,45.0,18,13,31.7,7.66,37.78,0,1,3,0,11,3,0,22,3.14,12.26
stephen-mfuni,Stephen-Nevin Mfuni,Defender,Coventry City FC,Premier League,18,58.0,1,18.0,61.0,61.0,22.5,9,9,19.1,20.24,40.56,0,2,2,3,2,0,0,31,2.51,20.06
elliott-anderson,Elliot Anderson,Midfielder,Manchester City FC,Premier League,23,57.0,4,77.6,56.0,60.0,95.0,38,33,75.5,21.1,39.21,1,6,7,12,10,0,0,4,55.34,380.49
xaver-schlager,Xaver Schlager,Midfielder,Nottingham Forest FC,Premier League,29,57.0,5,90.0,48.0,50.0,85.0,34,30,64.8,10.78,39.41,0,3,5,6,14,6,0,6,4.78,32.33
konstantinos-tzolakis,Konstantinos Tzolakis,Goalkeeper,Hull City AFC,Premier League,23,57.0,5,90.0,63.0,51.0,45.0,18,18,69.5,6.37,44.17,0,6,9,1,7,4,3,10,20.36,117.9
senne-lammens,Senne Lammens,Goalkeeper,Manchester United FC,Premier League,24,57.0,5,90.0,49.0,48.0,80.0,32,31,70.2,7.21,40.78,0,3,6,2,18,4,2,5,37.93,234.97
matteo-ruggeri,Matteo Ruggeri,Defender,Aston Villa FC,Premier League,24,56.0,2,39.0,49.0,52.0,75.0,30,25,56.8,12.11,40.33,0,4,6,4,8,7,0,11,2.21,18.81
axel-disasi,Axel Disasi,Defender,Crystal Palace FC,Premier League,28,56.0,3,46.0,51.0,49.0,45.0,18,17,78.2,13.22,35.28,0,2,6,4,9,6,1,12,5.31,27.28
maxence-lacroix,Maxence Lacroix,Defender,Chelsea FC,Premier League,26,56.0,4,72.8,55.0,52.0,80.0,32,30,62.7,11.68,40.16,0,5,5,5,13,3,1,8,11.04,67.09
jarrad-branthwaite,Jarrad Branthwaite,Defender,Everton FC,Premier League,24,56.0,3,72.2,56.0,55.0,40.0,16,12,29.8,15.49,39.69,0,3,3,4,4,2,0,24,6.91,57.82
kiernan-dewsbury-hall,Kiernan Dewsbury-Hall,Midfielder,Everton FC,Premier League,28,56.0,5,89.6,50.0,54.0,77.5,31,30,69.3,9.87,43.87,0,5,6,3,14,5,0,7,6.56,75.07
jordan-pickford,Jordan Pickford,Goalkeeper,Everton FC,Premier League,32,56.0,3,72.0,53.0,48.0,92.5,37,37,82.2,6.38,41.49,0,6,7,2,13,5,4,3,29.28,198.37
ilia-gruev-2000-05-03,Ilia Gruev,Midfielder,Leeds United FC,Premier League,26,56.0,1,18.0,43.0,42.0,57.5,23,17,37.2,4.6,37.61,0,2,0,1,12,7,0,18,3.66,19.2
abduqodir-husanov,Abdukodir Khusanov,Defender,Manchester City FC,Premier League,22,56.0,2,44.2,51.0,57.0,72.5,29,23,55.8,17.27,38.62,0,3,10,6,7,1,1,12,13.1,76.54
savio-moreira-de-oliveira,Sávio,Forward,Tottenham Hotspur FC,Premier League,22,56.0,3,48.2,47.0,43.0,60.0,24,9,23.5,6.11,37.08,0,0,3,1,15,5,0,16,15.41,80.05
ezri-konsa-ngoyo,Ezri Konsa,Defender,Arsenal FC,Premier League,28,56.0,4,90.0,51.0,54.0,90.0,36,33,73.8,14.82,39.31,0,4,12,3,8,7,0,6,24.78,95.75
daichi-kamada,Daichi Kamada,Midfielder,Crystal Palace FC,Premier League,30,56.0,5,85.4,57.0,53.0,87.5,35,29,62.8,12.7,40.57,0,4,7,8,10,4,0,7,6.85,51.03
dominik-szoboszlai,Dominik Szoboszlai,Midfielder,Liverpool FC,Premier League,25,56.0,5,88.2,63.0,62.0,95.0,38,38,84.5,18.59,44.34,1,10,8,8,10,1,0,2,80.19,273.37
jose-maria-andres-baixauli,Chema Andrés,Midfielder,Brighton & Hove Albion FC,Premier League,21,55.0,2,40.4,50.0,47.0,75.0,30,16,36.9,7.34,39.33,0,3,3,2,19,3,0,10,5.78,26.75
ronald-federico-araujo-da-silva,Ronald Araújo,Defender,Liverpool FC,Premier League,27,55.0,4,71.0,53.0,48.0,67.5,27,10,28.2,10.29,38.15,1,1,3,4,11,5,0,15,10.36,57.82
viktor-gyokeres,Viktor Gyökeres,Forward,Arsenal FC,Premier League,28,55.0,3,51.0,56.0,51.0,92.5,37,26,59.0,2.38,47.97,0,4,11,1,9,12,0,3,20.68,61.86
johan-manzambi,Johan Manzambi,Midfielder,Aston Villa FC,Premier League,20,55.0,2,32.4,56.0,54.0,77.5,31,27,53.0,9.11,45.0,0,4,9,4,6,4,1,12,26.76,111.75
wesley-fofana,Wesley Fofana,Defender,Chelsea FC,Premier League,25,55.0,4,63.0,47.0,51.0,75.0,30,25,55.3,16.04,34.5,0,4,5,4,12,4,1,10,5.84,27.0
giorgi-mamardashvili,Giorgi Mamardashvili,Goalkeeper,Liverpool FC,Premier League,26,55.0,2,36.0,49.0,49.0,25.0,10,10,21.7,8.58,40.0,0,1,1,1,7,0,0,30,10.44,46.05
murillo-santiago-costa-dos-santos,Murillo,Defender,Nottingham Forest FC,Premier League,24,55.0,5,89.6,47.0,49.0,75.0,30,27,58.1,11.56,37.83,0,1,7,9,6,6,1,10,4.16,24.75
issa-diop,Issa Diop,Defender,Ipswich Town FC,Premier League,29,54.0,5,90.0,52.0,48.0,60.0,24,19,45.7,9.7,38.13,0,1,4,2,8,5,0,20,7.72,35.48
virgil-van-dijk,Virgil van Dijk,Defender,Liverpool FC,Premier League,35,54.0,5,90.0,62.0,59.0,100.0,40,40,88.5,18.52,40.75,2,5,12,5,13,2,0,1,47.76,209.58
morgan-rogers,Morgan Rogers,Midfielder,Chelsea FC,Premier League,24,54.0,4,75.4,52.0,49.0,95.0,38,32,71.3,4.85,43.68,0,4,9,1,14,7,2,3,40.86,250.23
jaka-bijol,Jaka Bijol,Defender,Leeds United FC,Premier League,27,54.0,2,32.8,54.0,51.0,82.5,33,28,62.0,11.59,39.7,0,4,6,6,8,5,2,9,2.51,27.6
adam-wharton,Adam Wharton,Midfielder,Crystal Palace FC,Premier League,22,54.0,5,87.4,54.0,48.0,92.5,37,32,71.1,10.38,37.03,0,3,4,10,13,5,2,3,8.37,43.92
charalambos-kostoulas,Charalampos Kostoulas,Forward,Brighton & Hove Albion FC,Premier League,19,54.0,3,62.6,50.0,44.0,72.5,29,8,22.8,2.64,41.21,0,1,4,1,13,9,0,12,18.81,82.85
ben-white,Ben White,Defender,Arsenal FC,Premier League,28,54.0,4,61.4,52.0,48.0,55.0,22,18,34.5,12.04,36.36,0,3,2,4,8,4,1,18,5.2,44.54
christos-tzolis,Christos Tzolis,Forward,Arsenal FC,Premier League,24,54.0,4,69.8,56.0,71.0,90.0,36,33,72.0,18.16,54.17,6,11,5,6,4,3,0,5,37.75,231.39
joachim-andersen,Joachim Andersen,Defender,Fulham FC,Premier League,30,54.0,3,56.0,50.0,50.0,85.0,34,33,72.5,15.45,35.44,1,3,3,5,14,4,1,9,5.18,27.11
malick-junior-yalcouye,Malick Yalcouyé,Midfielder,Brighton & Hove Albion FC,Premier League,20,54.0,3,48.6,49.0,43.0,77.5,31,9,25.2,5.09,38.23,0,0,4,2,19,6,0,9,3.71,20.42
conor-gallagher,Conor Gallagher,Midfielder,Tottenham Hotspur FC,Premier League,26,54.0,2,26.8,54.0,45.0,87.5,35,19,47.6,6.78,38.57,0,1,6,1,20,7,0,5,6.0,17.81
alexis-mac-allister,Alexis Mac Allister,Midfielder,Liverpool FC,Premier League,27,53.0,4,70.0,52.0,51.0,100.0,40,33,77.7,10.32,41.13,0,7,1,7,21,4,0,0,11.01,59.91
boubacar-kamara,Boubacar Kamara,Midfielder,Aston Villa FC,Premier League,26,53.0,5,84.4,49.0,51.0,32.5,13,12,26.5,11.24,39.62,0,2,1,2,5,3,0,27,7.87,18.18
jayden-bogle,Jayden Bogle,Defender,Leeds United FC,Premier League,26,53.0,5,73.8,51.0,43.0,85.0,34,32,72.0,3.06,38.82,0,0,8,3,12,8,5,4,3.07,26.51
romeo-lavia,Roméo Lavia,Midfielder,Chelsea FC,Premier League,22,53.0,3,46.0,49.0,45.0,40.0,16,8,16.8,6.8,38.13,0,1,1,0,11,3,0,24,5.28,32.97
oluwasemilogo-adesewo-ibidapo-ajayi,S. Ajayi,Defender,Hull City AFC,Premier League,32,53.0,5,84.8,50.0,52.0,60.0,24,23,50.5,14.13,38.33,0,4,2,6,7,3,1,17,5.64,16.38
gianluigi-donnarumma,Gianluigi Donnarumma,Goalkeeper,Manchester City FC,Premier League,27,53.0,5,90.0,55.0,55.0,97.5,39,39,88.5,10.18,44.87,0,8,10,4,8,8,1,1,74.15,434.54
harvey-lewis-barnes,Harvey Barnes,Midfielder,Newcastle United FC,Premier League,28,57.0,5,89.8,57.0,49.0,95.0,38,26,60.6,5.86,42.76,0,5,8,0,18,8,0,1,10.91,60.29
antonin-kinsky,Antonín Kinský,Goalkeeper,Tottenham Hotspur FC,Premier League,23,53.0,3,72.0,51.0,44.0,32.5,13,13,27.4,2.66,40.38,0,2,2,0,4,4,1,27,18.57,111.4
cristhian-andrey-mosquera-ibarguen,Cristhian Mosquera,Defender,Arsenal FC,Premier League,22,53.0,1,15.8,42.0,47.0,50.0,20,13,29.3,8.65,37.75,0,0,4,3,6,4,1,22,6.34,23.3
mamadou-sangare,Mamadou Sangaré,Midfielder,Brentford FC,Premier League,24,53.0,4,64.4,61.0,61.0,87.5,35,33,71.4,21.14,40.0,0,7,10,8,8,1,0,6,15.09,131.89
mikkel-damsgaard,Mikkel Damsgaard,Midfielder,Brentford FC,Premier League,26,53.0,4,74.4,48.0,51.0,92.5,37,26,57.4,10.44,40.68,1,4,5,4,18,4,0,4,6.81,29.65
yeremi-jesus-pino-santos,Yeremy Pino,Midfielder,Crystal Palace FC,Premier League,23,58.0,3,59.6,47.0,44.0,75.0,30,17,36.1,7.36,37.0,1,0,1,3,20,4,0,11,5.64,32.34
tyrick-mitchell,Tyrick Mitchell,Defender,Crystal Palace FC,Premier League,27,53.0,5,84.2,49.0,49.0,97.5,39,35,80.0,10.01,39.1,0,4,7,5,14,7,2,1,4.39,23.07
sandro-tonali,Sandro Tonali,Midfielder,Tottenham Hotspur FC,Premier League,26,52.0,5,88.8,49.0,48.0,92.5,37,35,73.5,10.14,37.97,0,1,6,5,22,3,0,3,15.76,80.77
emersonn-correia-da-silva,Emersonn,Forward,Ipswich Town FC,Premier League,22,52.0,5,64.2,48.0,44.0,77.5,31,23,54.3,1.06,42.74,0,2,9,0,14,10,1,4,4.81,25.81
mathis-ryan-cherki,Rayan Cherki,Forward,Manchester City FC,Premier League,23,52.0,4,56.6,55.0,55.0,95.0,38,20,48.7,10.44,44.34,0,7,7,4,15,6,0,1,53.33,312.23
bukayo-saka,Bukayo Saka,Midfielder,Arsenal FC,Premier League,25,52.0,5,83.2,65.0,58.0,77.5,31,24,50.9,12.08,45.65,1,5,8,2,11,3,0,10,74.68,423.28
andrew-robertson,Andy Robertson,Defender,Tottenham Hotspur FC,Premier League,32,52.0,4,73.4,53.0,49.0,72.5,29,19,44.4,11.12,36.9,0,2,4,3,13,5,1,12,5.12,24.56
antonio-joao-pereira-albuquerque-tavares-silva,António Silva,Defender,AFC Bournemouth,Premier League,22,52.0,5,90.0,58.0,55.0,75.0,30,24,53.3,18.01,36.83,1,2,8,6,9,1,2,11,11.18,52.78
justin-kluivert,Justin Kluivert,Forward,AFC Bournemouth,Premier League,27,50.0,4,61.2,43.0,42.0,47.5,19,13,27.0,2.69,38.95,0,0,3,1,10,5,0,21,8.21,35.16
nico-elvedi,Nico Elvedi,Defender,Leeds United FC,Premier League,30,52.0,4,83.2,52.0,58.0,95.0,38,37,84.2,20.13,37.89,1,4,9,7,14,2,0,3,8.01,28.21
exequiel-alejandro-palacios,Exequiel Palacios,Midfielder,Ipswich Town FC,Premier League,27,52.0,3,55.4,55.0,53.0,72.5,29,20,47.4,17.36,35.86,0,2,7,4,11,2,0,14,4.23,41.75
james-garner,James Garner,Midfielder,Everton FC,Premier League,25,52.0,3,67.8,56.0,60.0,100.0,40,38,82.8,20.57,39.63,1,6,9,13,9,1,0,1,18.65,122.06
tyrique-george,Tyrique George,Forward,Everton FC,Premier League,20,52.0,4,62.4,47.0,41.0,47.5,19,6,14.5,5.17,36.32,0,1,0,1,15,2,0,21,5.69,27.31
joshua-king-2007-01-03,Joshua King,Midfielder,Fulham FC,Premier League,19,51.0,5,85.4,48.0,43.0,80.0,32,15,35.6,3.11,39.22,0,2,3,2,15,11,1,6,12.89,33.99
emiliano-buendia,Emiliano Buendía,Midfielder,Aston Villa FC,Premier League,29,54.0,5,77.2,57.0,51.0,100.0,40,30,60.7,8.11,43.0,1,4,8,2,22,3,0,0,12.98,64.68
regan-slater,Regan Slater,Midfielder,Hull City AFC,Premier League,27,51.0,5,87.6,48.0,47.0,90.0,36,34,73.9,9.61,37.78,0,1,4,12,15,4,0,4,4.37,11.58
jorgen-strand-larsen,Jørgen Larsen,Forward,Crystal Palace FC,Premier League,26,51.0,3,49.8,43.0,40.0,85.0,34,21,50.0,-0.11,40.44,0,1,6,0,9,17,0,7,5.12,19.92
james-mcatee,James McAtee,Midfielder,Nottingham Forest FC,Premier League,23,51.0,5,83.6,47.0,47.0,55.0,22,13,25.6,8.75,38.41,1,1,2,2,10,6,0,18,6.48,20.86
jorge-cuenca-barreno,Jorge Cuenca,Defender,Fulham FC,Premier League,26,51.0,1,18.0,48.0,49.0,35.0,14,11,24.7,10.72,38.57,0,1,2,2,9,1,0,25,3.68,22.35
mohammed-kudus,Mohammed Kudus,Midfielder,Tottenham Hotspur FC,Premier League,26,52.0,0,24.6,46.0,49.0,37.5,15,10,21.6,7.62,41.67,0,1,3,1,9,1,0,25,9.47,41.13
joseph-willock,Joe Willock,Midfielder,Newcastle United FC,Premier League,27,51.0,3,57.4,49.0,43.0,82.5,33,15,36.2,4.67,38.79,0,2,3,3,16,9,0,7,2.61,26.82
reinildo-isnard-mandava,Reinildo,Defender,Sunderland AFC,Premier League,32,51.0,4,72.0,50.0,47.0,70.0,28,26,57.4,9.69,36.79,0,3,4,5,9,2,5,12,4.0,21.02
nicolas-jackson,Nicolas Jackson,Forward,Aston Villa FC,Premier League,25,51.0,5,74.0,44.0,48.0,72.5,29,20,41.1,4.49,43.28,0,3,6,0,12,5,1,13,10.41,85.73
calvin-ughelumba,Calvin Bassey,Defender,Fulham FC,Premier League,26,50.0,5,90.0,58.0,55.0,80.0,32,31,69.5,16.69,38.13,0,4,8,5,10,3,0,10,8.9,25.06
cody-mathes-gakpo,Cody Gakpo,Forward,Liverpool FC,Premier League,27,50.0,3,45.4,64.0,53.0,97.5,39,31,70.3,9.48,43.72,0,3,10,6,13,6,0,2,36.79,158.05
nordi-mukiele-mulere,Nordi Mukiele,Defender,Sunderland AFC,Premier League,28,50.0,5,90.0,49.0,51.0,85.0,34,34,76.1,11.52,38.97,1,3,7,10,7,6,1,5,3.87,30.42
mateo-kovacic,Mateo Kovačić,Midfielder,Manchester City FC,Premier League,32,50.0,1,21.0,47.0,47.0,37.5,15,5,16.1,8.33,38.33,0,0,2,1,10,0,0,27,3.35,18.52
luka-vuskovic,Luka Vušković,Defender,Brighton & Hove Albion FC,Premier League,19,50.0,5,87.6,57.0,57.0,80.0,32,31,68.9,17.94,39.53,1,5,10,4,6,5,0,9,24.12,131.2
james-hill,James Hill,Defender,AFC Bournemouth,Premier League,24,50.0,5,90.0,47.0,54.0,75.0,30,27,62.7,15.53,38.67,0,3,10,2,10,6,0,9,8.61,31.72
pau-francisco-torres,Pau Torres,Defender,Aston Villa FC,Premier League,29,50.0,3,41.0,46.0,47.0,52.5,21,20,42.9,9.18,37.14,0,2,2,4,8,4,1,19,5.29,16.48
alex-iwobi,Alex Iwobi,Forward,Fulham FC,Premier League,30,50.0,5,82.2,50.0,53.0,75.0,30,29,63.4,14.1,39.0,0,3,1,10,15,0,0,11,5.48,62.0
ben-chilwell,Ben Chilwell,Defender,Crystal Palace FC,Premier League,29,50.0,0,5.8,44.0,47.0,65.0,26,23,48.8,9.17,38.08,0,1,5,4,10,6,0,14,1.72,16.06
ruben-santos-gato-alves-dias,Rúben Dias,Defender,Manchester City FC,Premier League,29,50.0,5,90.0,55.0,57.0,62.5,25,24,51.0,18.83,38.0,1,3,5,8,5,1,1,16,25.97,158.75
brian-brobbey,Brian Brobbey,Forward,Sunderland AFC,Premier League,24,50.0,4,65.6,50.0,42.0,95.0,38,31,64.5,1.8,40.53,1,2,7,0,15,11,2,2,11.52,44.27
ryan-giles,Ryan Giles,Defender,Hull City AFC,Premier League,26,50.0,5,89.0,49.0,42.0,65.0,26,24,48.9,5.36,36.92,0,1,5,1,6,12,1,14,6.96,23.25
james-trafford,James Trafford,Goalkeeper,Leeds United FC,Premier League,23,50.0,5,90.0,46.0,49.0,22.5,9,9,19.1,8.0,40.56,0,1,1,2,2,1,0,33,26.11,146.54
francisco-evanilson-de-lima-barbosa,Evanilson,Forward,AFC Bournemouth,Premier League,26,49.0,5,84.2,51.0,46.0,92.5,37,33,72.2,3.33,42.43,0,0,11,1,15,11,0,2,6.94,57.61
oscar-bobb,Oscar Bobb,Midfielder,Fulham FC,Premier League,23,51.0,4,59.4,46.0,44.0,75.0,30,14,33.8,7.66,36.67,0,0,1,4,18,4,0,13,5.57,33.46
marcus-rashford,Marcus Rashford,Forward,Manchester United FC,Premier League,28,49.0,4,62.0,47.0,51.0,80.0,32,15,37.1,8.85,42.03,0,2,9,4,14,2,0,9,14.35,70.27
lisandro-martinez,Lisandro Martínez,Defender,Manchester United FC,Premier League,28,49.0,5,90.0,54.0,55.0,75.0,30,25,60.1,19.13,35.83,1,3,6,6,10,4,0,10,17.98,52.26
julio-enciso,Julio Enciso,Midfielder,Ipswich Town FC,Premier League,22,49.0,5,83.0,51.0,50.0,97.5,39,35,74.4,4.88,44.87,0,6,7,1,16,9,0,1,5.09,46.02
benjamin-sesko,Benjamin Šeško,Forward,Manchester United FC,Premier League,23,49.0,1,23.4,47.0,46.0,77.5,31,17,41.5,1.13,45.0,0,1,11,0,8,11,0,9,8.23,49.11
neco-williams,Neco Williams,Defender,Nottingham Forest FC,Premier League,25,49.0,5,90.0,55.0,53.0,97.5,39,34,79.6,15.56,38.08,2,6,1,7,14,6,2,2,4.73,59.37
sander-berge,Sander Berge,Midfielder,Fulham FC,Premier League,28,49.0,4,75.2,50.0,47.0,90.0,36,34,73.6,12.58,34.86,1,0,2,8,20,3,1,5,3.51,17.86
pedro-lomba-neto,Pedro Neto,Forward,Chelsea FC,Premier League,26,49.0,5,86.2,47.0,48.0,90.0,36,32,64.5,8.26,40.0,0,2,7,2,21,3,0,5,11.2,50.77
quinten-maduro,Quinten Timber,Midfielder,Crystal Palace FC,Premier League,25,49.0,4,61.8,43.0,47.0,85.0,34,27,56.7,8.57,38.24,0,3,2,4,19,5,0,7,3.9,20.04
keane-lewis-potter,Keane Lewis-Potter,Forward,Brentford FC,Premier League,25,44.0,5,81.8,46.0,43.0,90.0,36,22,52.4,4.03,39.03,0,1,6,1,18,11,1,2,4.17,15.04
ao-tanaka,Ao Tanaka,Midfielder,Leeds United FC,Premier League,28,48.0,3,51.6,46.0,45.0,75.0,30,17,40.0,8.32,36.83,0,0,4,7,14,4,1,10,5.36,18.37
bruno-guimaraes-rodriguez-moura,Bruno Guimarães,Midfielder,Arsenal FC,Premier League,28,48.0,1,29.8,59.0,61.0,62.5,25,21,45.3,15.02,46.2,0,6,6,5,5,3,0,15,29.84,185.37
konstantinos-tsimikas,Kostas Tsimikas,Defender,Liverpool FC,Premier League,30,48.0,3,45.4,46.0,43.0,55.0,22,9,25.4,5.65,37.27,0,0,2,2,10,6,0,20,2.82,15.99
matheus-luiz-nunes,Matheus Nunes,Midfielder,Manchester City FC,Premier League,28,57.0,3,54.0,49.0,57.0,75.0,30,28,56.8,18.61,38.33,0,10,4,3,10,3,0,10,11.27,61.05
michael-olabode-kayode,Michael Kayode,Defender,Brentford FC,Premier League,22,48.0,3,44.6,46.0,48.0,92.5,37,36,80.1,11.49,36.76,0,2,9,4,10,12,1,2,4.08,22.02
jay-dasilva,Jay Dasilva,Defender,Coventry City FC,Premier League,28,47.0,4,71.0,49.0,52.0,85.0,34,34,74.9,14.92,37.35,0,5,6,4,15,2,2,6,1.64,19.56
piero-martin-hincapie-reyna,Piero Hincapié,Defender,Arsenal FC,Premier League,24,47.0,1,22.6,40.0,48.0,77.5,31,24,54.6,11.2,36.94,0,4,5,1,13,7,1,9,9.63,31.02
leif-davis,Leif Davis,Defender,Ipswich Town FC,Premier League,26,47.0,5,90.0,50.0,55.0,77.5,31,29,66.4,13.55,40.32,0,2,11,5,9,4,0,9,3.9,7.87
edward-nketiah,Eddie Nketiah,Forward,Crystal Palace FC,Premier League,27,47.0,2,27.4,46.0,46.0,25.0,10,19,10.2,2.07,43.5,0,4,8,3,21,3,0,1,3.51,23.26
sasa-lukic,Saša Lukić,Midfielder,Ipswich Town FC,Premier League,30,47.0,4,75.0,47.0,44.0,72.5,29,22,44.9,6.36,37.59,0,1,5,1,17,4,0,12,2.12,17.32
jack-clarke,Jack Clarke,Forward,Ipswich Town FC,Premier League,25,47.0,2,34.4,49.0,52.0,97.5,39,19,49.7,9.53,42.95,0,4,8,3,21,3,0,1,3.51,23.26
abdul-fatawu-issahaku,Issahaku Fatawu,Forward,Ipswich Town FC,Premier League,22,47.0,5,71.4,43.0,50.0,95.0,38,33,70.4,8.01,41.71,0,1,11,4,20,2,0,2,7.18,15.85
noah-okafor,Noah Okafor,Forward,Leeds United FC,Premier League,26,47.0,4,60.6,49.0,46.0,67.5,27,17,34.5,4.16,41.3,0,2,4,0,18,4,0,12,5.02,19.18
noah-sadiki,Noah Sadiki,Midfielder,Sunderland AFC,Premier League,21,47.0,5,82.4,45.0,44.0,87.5,35,32,69.0,8.2,35.71,0,0,3,6,18,8,0,5,6.61,14.38
rayan-vitor-simplicio-rocha,Rayan,Forward,AFC Bournemouth,Premier League,20,46.0,5,84.0,51.0,53.0,87.5,35,32,68.3,8.78,43.86,0,3,12,3,17,2,0,3,13.1,64.15
pascal-struijk,Pascal Struijk,Defender,Brighton & Hove Albion FC,Premier League,27,46.0,1,28.8,47.0,49.0,82.5,33,29,65.8,11.37,37.27,0,1,5,8,13,5,1,7,3.7,19.84
ethan-ampadu,Ethan Ampadu,Midfielder,Leeds United FC,Premier League,26,46.0,5,90.0,47.0,53.0,97.5,39,39,86.6,15.85,37.05,0,3,8,7,16,3,0,3,4.51,31.88
wilson-isidor,Wilson Isidor,Forward,Sunderland AFC,Premier League,26,46.0,1,32.2,47.0,40.0,85.0,34,10,27.6,0.0,40.15,0,0,6,0,8,20,0,6,7.68,17.63
ferdi-erenay-kadioglu,Ferdi Kadıoğlu,Defender,Brighton & Hove Albion FC,Premier League,26,46.0,4,66.6,48.0,51.0,90.0,36,36,79.0,13.34,37.78,2,1,5,10,13,4,1,4,7.55,36.5
nathan-michael-collins,Nathan Collins,Defender,Brentford FC,Premier League,25,46.0,3,39.4,44.0,51.0,87.5,35,32,73.2,12.32,38.43,0,5,4,6,14,5,1,5,6.13,22.68
kai-havertz,Kai Havertz,Forward,Arsenal FC,Premier League,27,46.0,4,61.0,48.0,53.0,77.5,31,19,44.7,3.95,48.39,0,3,10,0,11,4,0,12,27.4,133.14
harrison-armstrong,Harrison Armstrong,Midfielder,Everton FC,Premier League,19,46.0,5,89.2,41.0,45.0,72.5,29,22,46.4,6.61,38.45,0,0,4,2,20,3,0,11,5.97,15.68
dominic-calvert-lewin,Dominic Calvert-Lewin,Forward,Leeds United FC,Premier League,29,46.0,3,67.6,48.0,47.0,95.0,38,33,74.9,-0.81,46.18,0,3,12,0,7,15,1,2,6.85,55.98
antonee-robinson,Antonee Robinson,Defender,Fulham FC,Premier League,29,46.0,5,86.2,53.0,52.0,77.5,31,26,59.6,14.13,37.42,0,2,5,5,12,4,0,12,4.44,26.96
thierno-barry-2002-10-21,Thierno Barry,Forward,Everton FC,Premier League,23,46.0,5,83.8,44.0,40.0,95.0,38,25,57.7,-1.57,41.18,0,1,8,0,11,19,1,0,4.49,28.44
ehor-yarmolyuk,Yehor Yarmolyuk,Midfielder,Brentford FC,Premier League,22,45.0,2,43.6,48.0,45.0,97.5,39,29,65.1,8.19,36.92,0,2,3,7,19,8,0,1,4.62,16.78
liam-delap,Liam Delap,Forward,Nottingham Forest FC,Premier League,23,45.0,3,55.4,37.0,39.0,85.0,34,14,36.8,1.04,37.94,0,0,4,1,16,13,0,6,5.82,42.88
jaydee-canvot,Jaydee Canvot,Defender,Crystal Palace FC,Premier League,20,45.0,3,57.2,46.0,51.0,75.0,30,26,60.6,16.46,34.67,1,2,5,8,6,6,2,10,8.41,33.09
tyler-dibling,Tyler-Jay Dibling,Forward,Everton FC,Premier League,20,45.0,0,4.8,38.0,38.0,35.0,14,4,9.7,3.07,35.0,0,0,0,1,9,5,0,25,1.1,18.48
victor-nilsson-lindelof,Victor Lindelöf,Defender,Aston Villa FC,Premier League,32,45.0,5,90.0,41.0,41.0,65.0,26,24,51.1,5.38,35.19,0,2,0,3,15,5,1,14,4.1,17.56
mathias-jensen,Mathias Jensen,Midfielder,Brentford FC,Premier League,30,45.0,1,13.4,51.0,45.0,87.5,35,25,56.5,8.09,37.14,0,1,6,2,20,6,0,5,5.22,10.39
dario-esteban-osorio-osorio,Darío Osorio,Midfielder,Crystal Palace FC,Premier League,22,49.0,1,18.2,61.0,55.0,87.5,35,29,59.6,12.25,42.57,1,5,5,6,16,2,0,5,5.05,23.56
brandon-thomas-asante,Brandon Thomas-Asante,Forward,Coventry City FC,Premier League,27,45.0,2,45.6,45.0,43.0,60.0,24,9,24.1,3.94,39.17,0,1,4,0,14,5,0,16,3.22,23.78
ayyoub-bouaddi,Ayyoub Bouaddi,Midfielder,Manchester City FC,Premier League,19,45.0,1,19.4,44.0,46.0,80.0,32,28,57.5,12.04,34.06,0,1,5,3,15,5,2,9,12.25,27.03
dan-ndoye,Dan Ndoye,Forward,Nottingham Forest FC,Premier League,25,45.0,5,66.8,51.0,48.0,70.0,28,16,36.6,7.24,40.36,0,2,3,1,17,4,0,13,10.18,41.02
mateus-goncalo-espanha-fernandes,Mateus Fernandes,Midfielder,Tottenham Hotspur FC,Premier League,22,45.0,3,50.0,52.0,56.0,97.5,39,36,76.5,16.13,39.49,1,6,6,7,16,4,0,0,18.08,57.19
david-affengruber-2001-03-19,David Affengruber,Defender,Fulham FC,Premier League,25,45.0,3,54.0,50.0,52.0,80.0,32,30,64.2,15.09,37.34,1,4,4,10,8,3,2,8,2.64,15.31
jacob-ramsey,Jacob Ramsey,Midfielder,Newcastle United FC,Premier League,25,45.0,0,13.8,50.0,46.0,82.5,33,17,41.3,7.62,37.73,0,2,4,4,18,5,0,7,4.47,18.06
victor-munoz-villanueva,Víctor Muñoz,Forward,Liverpool FC,Premier League,23,45.0,2,52.4,51.0,52.0,70.0,28,24,50.8,7.91,44.29,0,3,6,1,13,3,0,14,5.41,57.96
valentin-barco,Valentín Barco,Midfielder,Chelsea FC,Premier League,22,45.0,1,23.2,50.0,52.0,60.0,24,18,40.9,12.9,39.17,0,1,6,4,10,4,0,15,7.28,23.04
iliman-ndiaye,Iliman Ndiaye,Forward,Manchester City FC,Premier League,26,45.0,3,65.0,53.0,50.0,80.0,32,28,61.7,9.58,40.78,0,3,5,3,18,3,0,8,9.36,76.59
jordan-brian-henderson,Jordan Henderson,Midfielder,Chelsea FC,Premier League,36,45.0,1,18.0,42.0,42.0,55.0,22,12,26.6,4.44,37.27,0,0,3,0,17,3,0,17,4.53,14.05
damian-emiliano-martinez,Emiliano Martínez,Goalkeeper,Chelsea FC,Premier League,34,44.0,4,72.0,43.0,53.0,90.0,36,36,82.8,9.78,43.33,0,3,11,4,13,5,0,4,29.57,157.13
robin-roefs,Robin Roefs,Goalkeeper,Sunderland AFC,Premier League,23,44.0,2,54.0,44.0,44.0,75.0,30,30,66.4,3.9,39.67,0,3,5,0,13,5,4,10,16.42,106.48
matz-sels,Matz Sels,Goalkeeper,Nottingham Forest FC,Premier League,34,44.0,5,90.0,51.0,50.0,62.5,25,24,53.2,6.48,43.0,0,0,8,3,7,7,0,15,9.36,95.08
lukas-nmecha,Lukas Nmecha,Forward,Leeds United FC,Premier League,27,44.0,0,12.8,42.0,42.0,75.0,30,9,26.3,1.71,40.33,0,1,5,0,15,11,0,8,1.33,11.73
tatsuhiro-sakamoto,Tatsuhiro Sakamoto,Midfielder,Coventry City FC,Premier League,29,43.0,0,6.2,52.0,53.0,67.5,27,22,48.3,10.4,42.22,1,2,4,4,14,2,0,13,1.51,22.85
hayden-hackney,Hayden Hackney,Midfielder,Everton FC,Premier League,24,44.0,1,27.6,58.0,60.0,75.0,30,25,56.9,17.94,42.0,1,4,12,4,7,2,0,10,4.3,12.18
kristoffer-vassbakk-ajer,Kristoffer Ajer,Defender,Brentford FC,Premier League,28,44.0,5,90.0,46.0,41.0,82.5,33,29,65.0,7.08,33.79,0,1,3,1,11,14,1,9,3.75,20.08
riccardo-calafiori,Riccardo Calafiori,Defender,Arsenal FC,Premier League,24,44.0,3,54.0,48.0,47.0,52.5,21,17,33.9,10.41,36.43,0,3,3,3,4,7,1,19,15.41,91.21
milos-kerkez,Milos Kerkez,Defender,Liverpool FC,Premier League,22,44.0,4,80.6,41.0,48.0,90.0,36,29,65.6,9.74,37.78,0,0,9,4,15,7,0,5,7.73,38.97
philip-foden,Phil Foden,Midfielder,Manchester City FC,Premier League,26,44.0,3,42.4,48.0,49.0,85.0,34,21,48.3,8.54,41.03,2,3,2,4,17,5,1,6,18.93,97.85
florian-wirtz,Florian Wirtz,Midfielder,Liverpool FC,Premier League,23,44.0,4,73.0,54.0,55.0,90.0,36,33,69.8,11.63,44.44,1,7,5,4,16,2,0,5,42.25,189.02
nilson-david-angulo-ramirez,Nilson Angulo,Forward,Sunderland AFC,Premier League,23,44.0,4,56.4,48.0,51.0,85.0,34,28,57.6,9.09,42.21,0,5,3,5,19,2,0,6,4.63,19.13
yoane-wissa,Yoane Wissa,Forward,Newcastle United FC,Premier League,30,44.0,5,88.2,47.0,41.0,80.0,32,15,40.3,0.48,40.31,0,0,6,0,14,12,0,8,8.58,86.67
guemissongui-ouattara,Abdoul Ouattara,Defender,Ipswich Town FC,Premier League,20,44.0,1,26.2,44.0,45.0,75.0,30,17,41.4,8.65,36.67,0,1,5,3,13,8,0,10,4.78,13.88
harry-amass,Harry Amass,Defender,Manchester United FC,Premier League,19,44.0,0,3.6,49.0,48.0,37.5,15,13,30.0,9.71,38.33,0,3,3,1,2,5,1,25,3.3,2.55
daniel-ballard,Daniel Ballard,Defender,Sunderland AFC,Premier League,27,43.0,3,79.4,35.0,43.0,82.5,33,30,67.1,6.86,35.76,0,0,5,5,8,11,2,9,2.19,17.72
aaron-hickey,Aaron Hickey,Defender,Brentford FC,Premier League,24,43.0,2,43.4,43.0,40.0,65.0,26,12,25.4,5.05,35.0,0,0,1,2,14,8,0,15,1.21,14.74
jaidon-anthony,Jaidon Anthony,Forward,Brentford FC,Premier League,26,43.0,3,54.0,47.0,47.0,92.5,37,30,67.4,6.56,40.41,0,3,6,2,21,7,0,1,4.93,28.54
anton-stach,Anton Stach,Midfielder,Leeds United FC,Premier League,27,43.0,3,60.0,49.0,54.0,75.0,30,27,56.5,12.5,41.67,0,4,7,4,12,4,0,9,4.33,63.37
jack-grealish,Jack Grealish,Midfielder,Everton FC,Premier League,31,43.0,1,27.2,45.0,49.0,47.5,19,15,36.6,10.18,38.42,0,2,2,3,12,2,0,19,7.97,55.4
kevin-schade,Kevin Schade,Midfielder,Brentford FC,Premier League,24,46.0,5,79.8,47.0,47.0,85.0,34,31,65.4,4.37,41.91,0,2,9,2,16,6,1,4,17.01,62.33
bazoumana-toure,Bazoumana Touré,Forward,Newcastle United FC,Premier League,20,43.0,0,10.0,47.0,51.0,75.0,30,21,43.0,5.66,45.33,0,2,10,0,12,7,0,9,3.5,22.41
honest-ahanor,Honest Ahanor,Defender,Crystal Palace FC,Premier League,18,43.0,2,36.0,43.0,43.0,57.5,23,12,30.3,9.35,34.13,0,1,2,3,11,5,0,18,6.23,22.0
tyler-adams,Tyler Adams,Midfielder,AFC Bournemouth,Premier League,27,43.0,4,66.0,44.0,45.0,65.0,26,20,41.8,7.81,36.92,0,0,4,2,17,3,0,14,4.08,18.23
jose-diogo-dalot-teixeira,Diogo Dalot,Defender,Manchester United FC,Premier League,27,43.0,2,36.2,45.0,47.0,82.5,33,26,58.5,10.36,36.52,1,2,3,5,15,6,0,8,3.64,29.42
nikola-milenkovic,Nikola Milenković,Defender,Nottingham Forest FC,Premier League,28,43.0,3,54.0,47.0,49.0,92.5,37,32,78.1,12.94,36.08,0,3,5,7,12,9,1,3,5.96,19.69
diego-alexander-gomez-amarilla,Diego Gómez,Midfielder,Brighton & Hove Albion FC,Premier League,23,43.0,5,83.2,45.0,43.0,87.5,35,33,66.1,4.45,38.14,0,3,4,1,14,10,2,6,6.35,18.74
reece-james,Reece James,Defender,Chelsea FC,Premier League,26,43.0,3,58.4,46.0,52.0,70.0,28,20,47.0,15.49,37.14,1,0,8,6,8,4,0,13,7.2,101.01
aurele-amenda,Aurèle Amenda,Defender,Coventry City FC,Premier League,23,43.0,4,72.0,41.0,44.0,70.0,28,23,52.9,9.67,34.46,0,1,3,4,10,6,2,14,4.3,17.16
marcelino-ignacio-nunez-espinoza,Marcelino Núñez,Midfielder,Ipswich Town FC,Premier League,26,43.0,2,28.4,38.0,47.0,77.5,31,24,50.4,5.59,41.45,0,2,6,2,12,8,1,9,3.16,12.03
chuba-akpom,Chuba Akpom,Forward,Ipswich Town FC,Premier League,30,43.0,0,15.6,38.0,40.0,60.0,24,3,15.1,1.98,38.13,0,0,3,0,13,8,0,16,5.07,6.97
james-maddison,James Maddison,Midfielder,Tottenham Hotspur FC,Premier League,29,43.0,0,11.8,39.0,39.0,15.0,6,0,2.3,4.43,35.0,0,0,0,1,4,1,0,34,4.8,45.08
harry-maguire,Harry Maguire,Defender,Manchester United FC,Premier League,33,43.0,4,72.0,55.0,51.0,62.5,25,24,50.6,15.31,35.8,0,2,6,5,8,3,1,15,5.34,26.15
jake-o-brien-ie,Jake O'Brien,Defender,Everton FC,Premier League,25,43.0,2,39.2,36.0,43.0,90.0,36,32,70.3,6.95,34.86,0,1,8,4,9,9,4,5,1.5,16.27
lucas-bergvall,Lucas Bergvall,Midfielder,Tottenham Hotspur FC,Premier League,20,43.0,2,42.6,41.0,38.0,62.5,25,9,23.6,2.15,36.2,0,0,2,1,13,7,2,15,4.15,20.39
carl-rushworth,Carl Rushworth,Goalkeeper,Coventry City FC,Premier League,25,42.0,5,90.0,47.0,49.0,100.0,40,40,90.0,5.99,42.75,1,4,9,2,11,11,2,0,9.28,78.51
mohamed-ali-cho,Cho,Forward,Hull City AFC,Premier League,22,42.0,0,20.4,38.0,44.0,82.5,33,23,49.5,3.19,40.61,0,2,5,0,16,10,0,7,5.99,16.71
lukas-hornicek,Lukáš Horníček,Goalkeeper,Newcastle United FC,Premier League,24,42.0,4,90.0,43.0,52.0,85.0,34,34,76.2,7.94,43.82,0,5,6,2,12,6,0,9,18.28,120.67
aaron-wan-bissaka,Aaron Wan-Bissaka,Defender,Aston Villa FC,Premier League,28,42.0,3,44.0,50.0,47.0,70.0,28,25,54.0,8.51,38.21,0,1,9,1,11,3,3,12,5.77,19.7
thomas-meunier,Thomas Meunier,Defender,Sunderland AFC,Premier League,35,42.0,4,66.4,42.0,48.0,72.5,29,22,45.7,7.02,40.52,0,1,6,4,10,6,2,11,4.92,23.0
melvin-bard,Melvin Bard,Defender,Leeds United FC,Premier League,25,42.0,5,38.0,47.0,44.0,77.5,31,38,62.4,8.23,35.48,0,1,9,4,17,7,2,0,15.67,76.38
bernd-leno,Bernd Leno,Goalkeeper,Fulham FC,Premier League,34,42.0,5,90.0,49.0,46.0,95.0,38,38,90.0,6.2,39.87,0,1,9,4,17,7,2,0,15.67,76.38
levi-colwill,Levi Colwill,Defender,Chelsea FC,Premier League,23,42.0,4,68.4,46.0,46.0,17.5,7,6,14.2,10.6,35.0,0,0,1,0,5,1,0,33,4.16,36.69
igor-jesus-maciel-da-cruz,Igor Jesus,Forward,Nottingham Forest FC,Premier League,25,42.0,2,51.2,43.0,46.0,95.0,38,29,63.3,1.81,43.68,0,0,12,0,17,9,0,2,2.14,22.14
lamar-bogarde,Lamare Bogarde,Midfielder,Aston Villa FC,Premier League,22,42.0,0,4.4,39.0,39.0,72.5,29,13,32.2,4.6,34.31,0,0,1,2,17,9,0,11,2.18,16.12
ross-barkley,Ross Barkley,Midfielder,Aston Villa FC,Premier League,32,42.0,3,51.8,43.0,45.0,50.0,20,11,26.8,5.89,38.75,0,1,3,0,10,5,1,20,2.97,11.09
john-egan,John Egan,Defender,Hull City AFC,Premier League,33,42.0,4,69.2,50.0,50.0,90.0,36,34,73.4,13.0,36.53,0,0,9,11,11,4,0,5,2.24,17.85
alysson-edward-franco-da-rocha-dos-santos,Alysson,Forward,Aston Villa FC,Premier League,20,42.0,0,20.2,40.0,39.0,35.0,14,4,10.5,2.49,36.79,0,0,1,0,9,4,0,26,3.54,21.26
cesar-palacios-perez,César Palacios,Midfielder,Fulham FC,Premier League,21,42.0,3,45.8,39.0,39.0,25.0,10,3,9.9,1.46,37.5,0,0,1,0,6,3,0,22,5.78,9.06
ryan-gravenberch,Ryan Gravenberch,Midfielder,Liverpool FC,Premier League,24,42.0,3,49.4,43.0,51.0,97.5,39,33,71.9,11.45,39.74,1,2,8,5,20,3,0,1,9.68,48.03
alex-toth,Alex Tóth,Midfielder,AFC Bournemouth,Premier League,20,42.0,0,7.4,40.0,42.0,60.0,24,9,23.0,5.1,37.08,0,1,4,2,8,12,0,13,1.21,17.53
gabriel-gudmundsson,Gabriel Gudmundsson,Defender,Leeds United FC,Premier League,27,42.0,4,69.4,37.0,37.0,80.0,32,30,63.5,2.41,34.38,0,0,2,3,15,8,4,8,1.07,18.53
harry-wilson,Harry Wilson,Forward,Leeds United FC,Premier League,29,41.0,0,29.2,43.0,56.0,92.5,37,32,69.7,11.1,46.08,1,6,7,3,15,2,0,6,2.34,36.5
loum-tchaouna,Loum Tchaouna,Forward,Coventry City FC,Premier League,23,41.0,2,42.6,45.0,41.0,70.0,28,14,34.0,3.04,37.68,0,0,3,1,20,6,0,10,4.4,9.66
rodrigo-bentancur-colman,Rodrigo Bentancur,Midfielder,Tottenham Hotspur FC,Premier League,29,41.0,4,74.4,50.0,50.0,60.0,24,22,47.5,15.87,34.38,0,1,1,11,8,2,1,16,5.27,12.89
oluwatosin-adarabioyo,Tosin Adarabioyo,Defender,Tottenham Hotspur FC,Premier League,29,41.0,0,1.0,41.0,44.0,32.5,13,6,13.5,10.75,33.46,0,1,0,2,6,4,0,27,3.27,17.32
oliver-mcburnie,Oliver McBurnie,Forward,Hull City AFC,Premier League,30,41.0,5,88.4,48.0,48.0,90.0,36,32,72.7,2.07,45.56,0,1,13,0,13,9,0,4,4.62,16.97
matt-grimes,Matthew Grimes,Midfielder,Coventry City FC,Premier League,31,41.0,5,88.8,53.0,54.0,100.0,40,40,89.8,17.54,36.38,0,5,5,10,18,2,0,0,4.64,19.11
jeremie-frimpong,Jeremie Frimpong,Defender,Liverpool FC,Premier League,25,41.0,0,9.6,34.0,40.0,70.0,28,19,37.6,4.48,35.89,0,0,2,6,10,7,2,13,6.03,20.48
zian-flemming,Zian Flemming,Forward,Ipswich Town FC,Premier League,28,41.0,1,27.6,46.0,46.0,77.5,31,23,50.8,0.38,45.32,0,1,11,0,6,14,0,8,4.68,18.72
mason-mount,Mason Mount,Midfielder,Manchester United FC,Premier League,27,41.0,0,11.0,41.0,43.0,52.5,21,9,22.4,4.43,38.57,0,0,3,1,12,6,0,18,5.54,21.08
kjell-scherpen,Kjell Scherpen,Goalkeeper,Ipswich Town FC,Premier League,26,41.0,4,72.0,45.0,48.0,85.0,34,34,75.4,5.75,42.5,0,3,10,0,12,5,4,6,3.48,35.92
joe-rodon,Joseph Rodon,Defender,Leeds United FC,Premier League,28,41.0,2,24.8,39.0,43.0,85.0,34,32,70.5,8.67,34.41,0,2,2,6,13,10,1,6,5.2,8.03
sven-botman,Sven Botman,Defender,Newcastle United FC,Premier League,26,41.0,5,90.0,51.0,51.0,62.5,25,21,47.6,13.08,38.2,0,0,9,5,6,5,0,15,3.9,22.31
archie-gray,Archie Gray,Midfielder,Tottenham Hotspur FC,Premier League,20,41.0,3,62.0,42.0,41.0,80.0,32,26,55.1,2.98,38.28,0,0,6,2,15,6,3,8,2.13,16.08
brennan-johnson,Brennan Johnson,Forward,Everton FC,Premier League,25,40.0,5,76.0,38.0,40.0,87.5,35,22,49.9,3.31,37.14,0,1,3,0,20,11,0,5,3.92,16.17
lucas-gourna-douath,Lucas Gourna-Douath,Midfielder,Hull City AFC,Premier League,23,40.0,1,27.8,41.0,41.0,52.5,21,17,39.0,8.49,32.14,0,0,1,3,13,2,2,19,4.04,17.42
mahdi-nicoll-jazuli,Mahdi Nicoll-Jazuli,Midfielder,Chelsea FC,Premier League,16,40.0,0,0.6,40.0,40.0,2.5,1,0,0.6,4.8,35.0,0,0,0,0,1,0,0,4,,
merlin-rohl,Merlin Röhl,Midfielder,Everton FC,Premier League,24,40.0,3,50.2,39.0,37.0,45.0,18,9,23.8,0.49,36.39,0,0,1,0,10,8,0,21,4.57,20.47
jair-paula-da-cunha-filho,Jair,Defender,Nottingham Forest FC,Premier League,21,40.0,4,72.0,37.0,38.0,40.0,16,13,26.6,3.62,34.06,0,0,2,1,7,4,2,24,2.31,20.49
dango-aboubacar-faissal-ouattara,Dango Ouattara,Forward,Brentford FC,Premier League,24,40.0,2,36.0,47.0,52.0,87.5,35,27,61.2,7.24,44.71,0,3,9,1,17,5,0,5,6.73,52.81
sidiki-cherif,Sidiki Chérif,Forward,Coventry City FC,Premier League,19,40.0,0,6.0,37.0,43.0,70.0,28,18,40.7,1.17,41.25,0,0,7,0,11,10,0,12,1.99,20.52
ethan-pinnock,Ethan Pinnock,Defender,Coventry City FC,Premier League,33,40.0,3,56.4,58.0,58.0,25.0,10,9,20.9,17.74,40.0,0,2,4,0,1,3,0,30,3.07,17.62
jeremy-doku,Jeremy Doku,Forward,Manchester City FC,Premier League,24,40.0,0,3.0,51.0,56.0,70.0,28,19,40.7,14.79,42.32,2,3,1,4,15,0,0,15,30.66,205.62
michael-svoboda,Michael Svoboda,Defender,Brighton & Hove Albion FC,Premier League,27,40.0,0,0.8,53.0,62.0,72.5,29,28,60.0,21.69,40.34,1,6,13,2,5,2,0,11,1.9,23.89
joe-gelhardt,Joe Gelhardt,Forward,Hull City AFC,Premier League,24,40.0,0,1.4,46.0,52.0,72.5,29,24,48.0,5.72,45.69,0,3,9,1,12,4,0,11,3.12,12.19
michael-zetterer,Michael Zetterer,Goalkeeper,Leeds United FC,Premier League,31,39.0,1,18.0,46.0,46.0,57.5,23,22,51.6,5.2,40.0,0,1,6,1,10,3,2,17,2.23,24.09
gonzalo-garcia-torres,Gonzalo García,Forward,Fulham FC,Premier League,22,39.0,5,85.4,43.0,41.0,77.5,31,15,36.6,0.82,40.48,0,1,5,1,10,13,0,10,8.2,27.64
lewis-miley,Lewis Miley,Midfielder,Newcastle United FC,Premier League,20,39.0,5,79.8,42.0,50.0,60.0,24,19,45.4,13.11,37.08,1,1,3,6,9,4,0,16,7.71,20.32
matthew-o-riley,Matt O’Riley,Midfielder,Brighton & Hove Albion FC,Premier League,25,39.0,1,18.2,37.0,40.0,52.5,21,5,16.9,2.5,37.38,0,0,2,0,14,5,0,19,2.71,15.68
hidemasa-morita,Hidemasa Morita,Midfielder,Hull City AFC,Premier League,31,39.0,1,9.0,44.0,45.0,87.5,35,23,49.2,7.47,37.29,0,2,4,2,23,4,0,5,2.69,19.48
iyenoma-destiny-udogie,Destiny Udogie,Defender,Tottenham Hotspur FC,Premier League,23,39.0,1,17.4,38.0,42.0,55.0,22,15,34.8,4.51,37.27,0,2,3,1,8,7,1,18,1.39,20.32
jefferson-andres-lerma-solis,Jefferson Lerma,Midfielder,Crystal Palace FC,Premier League,31,39.0,0,10.2,42.0,43.0,70.0,28,19,44.1,7.69,35.71,0,0,1,6,14,5,1,13,3.07,8.12
jack-rudoni,Jack Rudoni,Midfielder,Coventry City FC,Premier League,25,39.0,4,60.2,47.0,49.0,72.5,29,22,46.8,6.14,42.24,0,1,7,4,11,6,0,11,6.9,25.92
dean-henderson,Dean Henderson,Goalkeeper,Crystal Palace FC,Premier League,29,39.0,2,36.0,40.0,46.0,65.0,26,26,56.9,4.86,41.35,1,0,6,1,13,7,0,12,17.33,97.33
lucas-herrington,Lucas Herrington,Defender,Hull City AFC,Premier League,19,39.0,1,39.4,40.0,50.0,70.0,28,20,70.6,12.98,36.79,0,2,3,6,10,4,0,2,0.86,13.3
vitor-de-oliveira-nunes-dos-reis,Vitor Reis,Defender,Manchester City FC,Premier League,20,39.0,0,0.2,48.0,51.0,80.0,32,31,69.8,11.34,39.06,0,2,7,10,6,7,1,7,6.85,15.7
lewie-coyle,Lewie Coyle,Defender,Hull City AFC,Premier League,30,38.0,5,70.2,42.0,43.0,95.0,38,38,79.3,6.22,36.97,0,1,6,4,16,11,0,2,4.16,20.15
andrey-nascimento-dos-santos,Andrey Santos,Midfielder,Manchester United FC,Premier League,22,38.0,0,8.4,46.0,45.0,67.5,27,0,33.1,8.7,35.93,0,0,0,0,10,2,0,28,2.9,14.65
treymaurice-nyoni,Treymaurice Nyoni,Midfielder,Liverpool FC,Premier League,19,38.0,0,7.6,36.0,36.0,30.0,12,0,2.1,1.27,35.0,0,0,0,0,10,2,0,28,2.9,14.65
elliot-karl-stroud,Elliot Stroud,Midfielder,Hull City AFC,Premier League,24,38.0,3,42.6,38.0,38.0,25.0,10,7,41.2,2.76,35.0,0,0,0,1,5,3,0,7,3.4,22.35
mathys-tel,Mathys Tel,Forward,Tottenham Hotspur FC,Premier League,21,38.0,3,51.8,43.0,44.0,77.5,31,15,38.0,6.37,37.58,0,1,3,3,17,7,0,9,6.49,20.93
joshua-zirkzee,Joshua Zirkzee,Forward,Manchester United FC,Premier League,25,38.0,0,9.2,36.0,40.0,60.0,24,5,14.9,1.48,38.13,0,0,3,1,10,10,0,16,1.69,13.98
jorrel-hato,Jorrel Hato,Defender,Chelsea FC,Premier League,20,38.0,1,21.0,45.0,43.0,67.5,27,18,37.2,5.24,37.04,0,0,4,4,10,6,1,15,2.82,27.81
daniel-nii-tackie-mensah-welbeck,Danny Welbeck,Forward,Chelsea FC,Premier League,35,38.0,1,17.2,42.0,46.0,87.5,35,24,55.1,2.68,43.14,0,3,8,1,16,8,1,3,3.61,22.69
joel-latibeaudiere,Joel Latibeaudiere,Defender,Coventry City FC,Premier League,26,38.0,0,0.2,54.0,50.0,45.0,18,17,37.1,11.59,38.06,0,2,3,3,7,3,0,22,6.58,13.03
ogochukwu-onyeka-frank,Frank Onyeka,Midfielder,Coventry City FC,Premier League,28,38.0,4,63.2,49.0,47.0,57.5,23,21,43.0,10.31,37.17,0,1,1,7,9,4,0,18,2.93,9.06
luke-chambers-2004-06-24,Luke Chambers,Defender,Liverpool FC,Premier League,22,38.0,1,23.4,37.0,41.0,42.5,17,15,55.1,4.7,36.47,0,1,1,1,9,7,1,20,,
eberechi-eze,Eberechi Eze,Midfielder,Arsenal FC,Premier League,28,38.0,1,18.4,41.0,45.0,85.0,34,18,42.6,7.1,38.24,0,2,3,1,24,3,0,7,5.52,20.89
chukwunonso-madueke,Noni Madueke,Forward,Arsenal FC,Premier League,24,38.0,0,3.6,47.0,49.0,75.0,30,18,36.9,9.44,39.5,0,4,3,1,20,1,0,11,3.52,24.55
kouassi-ryan-sessegnon,Ryan Sessegnon,Midfielder,Fulham FC,Premier League,26,37.0,0,10.0,46.0,41.0,65.0,26,16,41.1,1.01,39.04,0,1,5,2,10,7,3,12,3.82,12.97
ryan-mcaidoo,Ryan McAidoo,Forward,Manchester City FC,Premier League,18,38.0,0,2.2,38.0,38.0,5.0,2,0,0.3,3.25,35.0,0,0,0,0,2,0,0,38,4.55,18.38
ibrahim-osman,Ibrahim Osman,Forward,Brighton & Hove Albion FC,Premier League,21,38.0,0,10.4,44.0,41.0,82.5,33,18,40.3,3.71,37.58,0,1,2,2,20,7,0,8,3.13,13.35
ben-doak,Ben Doak,Forward,AFC Bournemouth,Premier League,20,38.0,0,8.4,41.0,42.0,40.0,16,4,11.3,2.31,39.69,0,0,2,0,10,3,0,25,1.25,9.48
tim-iroegbunam,Timothy Iroegbunam,Midfielder,Hull City AFC,Premier League,23,38.0,0,14.0,40.0,45.0,70.0,28,14,35.1,8.32,36.96,0,1,4,2,17,4,1,11,4.24,5.05
noussair-mazraoui,Noussair Mazraoui,Defender,Manchester United FC,Premier League,28,37.0,1,21.6,46.0,51.0,70.0,28,19,44.2,16.52,34.29,0,4,3,6,10,4,1,12,6.66,22.15
rio-ngumoha,Rio Ngumoha,Forward,Liverpool FC,Premier League,18,37.0,1,19.4,42.0,44.0,55.0,22,7,19.0,6.59,37.27,0,1,1,1,15,3,0,19,5.39,52.57
kaden-braithwaite,Kaden Braithwaite,Defender,Manchester City FC,Premier League,18,37.0,0,0.2,37.0,37.0,2.5,1,0,0.0,1.8,35.0,0,0,0,0,1,0,0,39,,
rodrigo-muniz-carvalho,Rodrigo Muniz,Forward,Fulham FC,Premier League,25,37.0,0,7.6,36.0,37.0,50.0,20,6,18.9,1.7,35.0,0,0,1,1,15,5,0,18,3.62,22.54
kasey-mcateer,Kasey McAteer,Midfielder,Ipswich Town FC,Premier League,24,37.0,0,8.4,47.0,42.0,60.0,24,9,22.6,2.91,39.17,0,1,3,0,13,7,0,16,2.9,18.49
florentino-ibrain-morris-luis,Florentino Luís,Midfielder,Ipswich Town FC,Premier League,27,37.0,0,6.0,41.0,43.0,77.5,31,24,53.3,8.79,34.52,0,1,1,6,18,7,0,7,5.39,21.59
kevin-danso,Kevin Danso,Defender,Sunderland AFC,Premier League,28,37.0,4,88.8,41.0,43.0,70.0,28,22,52.4,7.79,35.36,0,0,2,9,9,4,3,13,6.21,21.41
lewis-cook,Lewis Cook,Midfielder,AFC Bournemouth,Premier League,29,37.0,1,21.2,40.0,45.0,55.0,22,10,26.9,9.73,35.23,0,1,3,2,9,7,0,18,2.24,22.95
jaden-philogene-bidace,Jaden Philogene,Forward,Ipswich Town FC,Premier League,24,37.0,0,10.4,50.0,52.0,67.5,27,17,35.7,8.35,43.33,0,4,5,1,16,1,0,13,1.81,4.49
martin-zubimendi-ibanez,Zubimendi,Midfielder,Arsenal FC,Premier League,27,37.0,0,14.0,38.0,45.0,77.5,31,19,43.1,8.16,36.61,0,2,2,4,18,4,0,10,3.78,16.54
daniel-munoz-mejia,Daniel Muñoz,Defender,Nottingham Forest FC,Premier League,30,37.0,3,51.8,49.0,49.0,87.5,35,32,67.3,10.62,38.0,0,3,10,0,11,7,1,8,6.68,66.82
temitayo-olufisayo-olaoluwa-aina,Ola Aina,Defender,Nottingham Forest FC,Premier League,29,37.0,4,61.8,50.0,50.0,67.5,27,24,53.7,13.7,35.93,0,0,6,7,9,5,0,13,2.91,13.29
matt-targett,Matt Targett ,Defender,Hull City AFC,Premier League,31,37.0,0,1.0,61.0,56.0,87.5,35,32,69.7,17.64,39.0,1,4,9,10,9,0,2,5,3.75,16.74
omar-marmoush,Omar Marmoush,Forward,Tottenham Hotspur FC,Premier League,27,37.0,4,68.2,39.0,45.0,77.5,31,19,46.1,3.95,40.65,0,0,6,1,14,7,0,12,6.34,58.1
emile-smith-rowe,Emile Smith Rowe,Midfielder,Fulham FC,Premier League,26,37.0,0,7.6,40.0,43.0,87.5,35,22,49.2,6.92,36.43,0,0,2,5,23,7,0,3,4.71,20.51
ismaila-sarr,Ismaïla Sarr,Forward,Crystal Palace FC,Premier League,28,37.0,0,4.8,52.0,51.0,87.5,35,27,63.8,4.49,46.86,0,3,11,0,12,7,0,7,11.94,56.94
jean-matteo-bahoya,Jean-Mattéo Bahoya,Forward,Leeds United FC,Premier League,21,37.0,1,3.6,55.0,45.0,77.5,31,13,31.5,6.77,37.74,0,3,2,1,21,4,0,9,5.92,19.47
max-robert-dowman,Max Dowman,Forward,Arsenal FC,Premier League,16,37.0,0,1.8,43.0,43.0,17.5,7,1,4.4,4.79,38.57,0,0,1,0,6,0,0,33,9.91,44.13
malick-martin-fofana,Malick Fofana,Midfielder,Sunderland AFC,Premier League,21,37.0,1,31.2,48.0,45.0,35.0,14,4,12.4,5.97,38.57,0,1,1,0,10,2,0,26,5.62,33.27
estevao-willian-almeida-de-oliveira-goncalves,Estêvão,Forward,Chelsea FC,Premier League,19,37.0,0,4.6,40.0,44.0,52.5,21,11,21.1,3.69,40.24,0,2,2,0,10,7,0,19,8.59,49.32
el-hadji-malick-diouf,El Diouf,Defender,Brentford FC,Premier League,21,37.0,0,7.8,36.0,45.0,70.0,28,22,49.8,9.62,35.71,0,3,3,2,10,9,1,12,3.42,16.28
amar-dedic,Amar Dedić,Defender,Newcastle United FC,Premier League,24,37.0,4,65.6,37.0,42.0,70.0,28,23,54.4,5.45,36.96,0,2,3,4,9,6,4,12,6.49,15.39
ibrahim-sangare,Ibrahim Sangaré,Midfielder,Nottingham Forest FC,Premier League,28,37.0,1,21.0,47.0,46.0,82.5,33,24,52.2,9.46,36.52,0,2,1,4,19,6,0,8,5.51,17.72
omar-federico-alderete-fernandez,Omar Alderete,Defender,Sunderland AFC,Premier League,29,37.0,1,10.4,37.0,41.0,80.0,32,31,65.5,6.31,34.38,0,0,4,6,10,11,0,9,2.19,13.51
sean-steur,Sean Steur,Midfielder,Newcastle United FC,Premier League,18,37.0,2,45.0,40.0,45.0,72.5,29,19,41.3,8.29,36.9,0,0,3,5,17,4,0,11,4.32,10.58
joao-pedro-loureiro-da-costa,Costinha,Defender,Brighton & Hove Albion FC,Premier League,26,37.0,0,17.4,43.0,45.0,30.0,12,4,31.1,8.13,37.08,0,3,2,7,17,6,0,5,3.28,17.93
timothy-castagne,Timothy Castagne,Defender,Fulham FC,Premier League,30,36.0,5,86.4,43.0,49.0,87.5,35,27,63.2,9.57,39.29,0,4,4,7,17,4,0,4,3.09,18.26
georginio-rutter,Georginio Rutter,Forward,Brighton & Hove Albion FC,Premier League,24,36.0,0,2.8,45.0,44.0,77.5,31,19,43.3,4.86,39.19,0,2,5,1,16,6,1,9,7.59,25.94
robinio-vaz,Robinio Vaz,Forward,Hull City AFC,Premier League,19,36.0,0,4.0,41.0,40.0,67.5,27,2,15.4,1.66,38.15,0,1,2,0,17,7,0,13,4.49,22.27
jens-hjerto-dahl,Jens Hjertø-Dahl,Midfielder,Hull City AFC,Premier League,20,36.0,0,1.6,51.0,55.0,57.5,23,21,62.8,8.61,46.09,0,3,8,5,10,4,1,9,3.45,7.52
ellis-simms,Ellis Simms,Forward,Coventry City FC,Premier League,25,36.0,1,21.0,39.0,42.0,92.5,37,15,37.9,1.01,40.81,0,4,3,0,11,19,0,3,5.33,18.05
brenden-aaronson,Brenden Aaronson,Midfielder,Leeds United FC,Premier League,25,36.0,2,39.0,37.0,41.0,85.0,34,27,51.3,1.6,39.41,0,1,7,0,14,12,1,5,1.91,19.47
sindre-walle-egeli,Sindre Egeli,Forward,Ipswich Town FC,Premier League,20,36.0,0,2.0,42.0,44.0,57.5,23,15,31.0,3.3,40.43,0,0,5,2,11,5,0,17,4.79,12.13
aladji-bamba,Aladji Bamba,Midfielder,Newcastle United FC,Premier League,20,36.0,0,5.4,45.0,42.0,52.5,21,9,20.7,4.82,37.38,0,2,0,1,12,6,0,19,4.84,5.59
takehiro-tomiyasu,Takehiro Tomiyasu,Defender,Crystal Palace FC,Premier League,27,36.0,2,34.4,41.0,43.0,40.0,16,6,19.1,5.77,36.88,0,0,3,2,7,3,1,24,4.21,10.23
josep-maria-chavarria-perez,Pep Chavarría,Defender,Chelsea FC,Premier League,28,36.0,1,41.6,39.0,42.0,82.5,33,26,62.7,6.57,35.15,0,1,2,5,13,11,1,7,2.76,13.37
alejandro-garnacho-ferreyra,Alejandro Garnacho,Forward,Aston Villa FC,Premier League,22,36.0,0,5.4,39.0,44.0,70.0,28,12,31.1,5.86,38.04,0,2,1,3,17,5,0,12,2.77,24.78
lewis-koumas,Lewis Koumas,Forward,Liverpool FC,Premier League,21,36.0,1,22.2,39.0,40.0,82.5,33,8,29.8,1.46,38.18,0,0,4,0,19,8,1,8,,
victor-torp-overgaard,Victor Torp,Midfielder,Coventry City FC,Premier League,27,36.0,0,10.6,50.0,52.0,80.0,32,15,39.0,9.0,43.13,1,2,8,3,12,6,0,8,3.3,7.67
igor-thiago-nascimento-rodrigues,Thiago,Forward,Brentford FC,Premier League,25,36.0,5,88.6,35.0,46.0,90.0,36,35,73.8,-0.35,45.0,0,6,7,0,6,17,0,4,7.75,34.87
ilyas-ansah,Ilyas Ansah,Forward,Hull City AFC,Premier League,21,36.0,1,13.0,37.0,38.0,72.5,29,19,47.4,0.28,37.59,0,1,5,0,15,14,0,5,5.89,19.37
matty-crooks,Matt Crooks,Midfielder,Hull City AFC,Premier League,32,36.0,3,40.8,49.0,46.0,72.5,29,28,59.9,6.29,39.83,0,2,5,3,11,8,0,11,1.82,20.64
kevin-santos-lopes-de-macedo,Kevin,Forward,Fulham FC,Premier League,23,36.0,0,12.2,38.0,43.0,70.0,28,9,27.9,5.24,37.68,0,1,2,3,18,6,0,10,5.43,13.28
daniel-james,Dan James,Forward,Leeds United FC,Premier League,28,36.0,1,24.8,40.0,44.0,55.0,22,7,20.0,4.09,39.55,0,0,3,0,13,5,0,19,1.49,15.09
fabian-lukas-schar,Fabian Schar,Defender,Newcastle United FC,Premier League,34,35.0,0,5.0,45.0,42.0,32.5,13,8,18.8,5.16,36.92,0,1,1,0,6,5,0,27,2.55,20.47
ousmane-diomande,Ousmane Diomande,Defender,Nottingham Forest FC,Premier League,22,35.0,2,32.8,47.0,48.0,62.5,25,20,38.9,10.06,38.0,0,1,5,2,8,6,0,18,4.64,26.22
will-hughes,Will Hughes,Midfielder,Crystal Palace FC,Premier League,31,35.0,0,5.8,37.0,39.0,70.0,28,14,31.2,5.13,34.29,0,0,0,2,20,5,1,12,1.67,19.51
pedro-antonio-porro-sauceda,Pedro Porro,Defender,Tottenham Hotspur FC,Premier League,27,35.0,3,39.8,60.0,58.0,75.0,30,30,62.2,18.57,40.33,1,5,8,3,5,9,0,9,11.62,119.45
ibrahim-mbaye,Ibrahim Mbaye,Forward,Aston Villa FC,Premier League,18,35.0,0,6.6,47.0,45.0,50.0,20,4,16.3,5.1,40.0,0,0,3,0,13,2,0,22,8.2,39.76
nicolas-gonzalez-iglesias,Nico González,Midfielder,Newcastle United FC,Premier League,24,35.0,3,33.4,41.0,48.0,60.0,24,18,36.8,11.73,36.04,0,1,4,4,12,3,0,16,8.93,64.94
chris-wood,Chris Wood ,Forward,Nottingham Forest FC,Premier League,34,35.0,0,12.4,41.0,41.0,50.0,20,12,26.5,1.91,39.25,0,1,2,0,9,6,0,22,3.16,16.96
callum-wilson,Callum Wilson,Forward,Brentford FC,Premier League,34,35.0,0,2.6,40.0,40.0,75.0,30,10,28.6,-0.26,40.33,0,1,5,0,10,16,0,8,3.39,17.9
luca-netz,Luca Netz,Defender,Nottingham Forest FC,Premier League,23,35.0,0,5.4,37.0,41.0,50.0,20,12,28.9,4.6,36.25,0,1,0,3,8,7,1,20,1.75,19.81
daniel-jebbison,Daniel Jebbison,Forward,AFC Bournemouth,Premier League,23,35.0,0,3.2,34.0,38.0,85.0,34,19,41.7,0.31,38.09,0,0,4,0,10,17,1,8,1.77,26.79
christopher-rigg,Christopher Rigg,Midfielder,Sunderland AFC,Premier League,19,35.0,0,2.6,42.0,40.0,45.0,18,10,19.2,1.92,37.78,0,0,3,0,8,8,0,21,3.92,19.05
mikel-merino-zazon,Merino,Midfielder,Arsenal FC,Premier League,30,35.0,1,24.2,40.0,41.0,45.0,18,3,10.7,3.44,37.78,0,1,2,0,10,4,0,23,4.11,30.59
joshua-kofi-acheampong,Joshua Acheampong,Defender,Chelsea FC,Premier League,20,35.0,2,44.2,36.0,35.0,47.5,19,7,16.9,1.52,33.95,0,0,0,2,7,9,1,21,6.28,15.09
bradley-barcola,Bradley Barcola,Forward,Liverpool FC,Premier League,24,35.0,4,58.6,40.0,49.0,87.5,35,23,45.9,5.03,43.57,0,1,12,1,17,4,0,5,22.08,121.44
mathias-fernandez-pardo,Matias Fernandez-Pardo,Midfielder,Newcastle United FC,Premier League,21,34.0,2,34.2,36.0,42.0,82.5,33,23,53.2,1.52,40.91,0,2,5,0,12,11,1,9,3.77,34.95
daniel-bentley,Daniel Bentley,Goalkeeper,Coventry City FC,Premier League,33,35.0,1,18.0,35.0,35.0,10.0,4,4,9.5,0.43,35.0,0,0,0,0,2,2,0,36,1.89,12.22
jacob-murphy,Jacob Murphy,Midfielder,Newcastle United FC,Premier League,31,38.0,2,36.4,42.0,42.0,85.0,34,16,36.5,4.36,37.35,0,1,3,2,19,8,1,6,2.41,26.18
george-lawrence-hemmings,George Hemmings,Midfielder,Aston Villa FC,Premier League,19,34.0,4,59.8,35.0,35.0,17.5,7,6,11.5,0.45,35.0,0,0,0,0,5,5,0,30,4.91,20.0
malick-thiaw-2001-08-08,Malick Thiaw,Defender,Newcastle United FC,Premier League,25,35.0,5,90.0,40.0,47.0,85.0,34,31,70.5,10.36,36.76,1,2,5,10,9,5,4,4,4.12,17.07
jurrien-maduro,Jurriën Timber,Defender,Arsenal FC,Premier League,25,35.0,1,23.0,48.0,51.0,52.5,21,18,39.5,8.52,42.14,0,3,4,2,9,2,0,20,12.63,66.21
sean-longstaff,Sean Longstaff,Midfielder,Leeds United FC,Premier League,28,35.0,0,2.0,39.0,46.0,50.0,20,7,18.9,7.85,39.25,1,0,2,4,10,5,0,18,2.36,19.41
carlos-alcaraz,Carlos Alcaraz,Midfielder,Everton FC,Premier League,23,35.0,0,1.0,39.0,39.0,45.0,18,5,15.1,2.17,36.39,0,0,1,1,9,8,0,21,4.57,18.52
arnaud-kalimuendo-muinga,Arnaud Kalimuendo,Forward,Nottingham Forest FC,Premier League,24,35.0,0,0.2,49.0,47.0,65.0,26,20,41.9,3.49,43.65,0,1,8,1,9,7,0,14,3.84,9.34
malo-gusto,Malo Gusto,Defender,Chelsea FC,Premier League,23,35.0,3,54.8,36.0,43.0,80.0,32,24,49.9,4.79,37.81,1,2,4,2,13,9,2,7,2.3,23.54
moises-isaac-caicedo-corozo,Moisés Caicedo,Midfielder,Chelsea FC,Premier League,24,35.0,0,2.8,55.0,55.0,85.0,34,33,71.7,18.93,36.03,1,3,4,12,9,2,1,8,27.68,192.43
mykhailo-mudryk,Mykhailo Mudryk,Midfielder,Tottenham Hotspur FC,Premier League,25,35.0,0,3.2,35.0,35.0,2.5,1,0,0.4,0.4,35.0,0,0,0,0,1,0,0,39,5.15,11.94
shea-lacey,Shea Lacey,Forward,Manchester United FC,Premier League,19,34.0,0,3.6,36.0,36.0,12.5,5,0,2.1,1.06,35.0,0,0,0,0,4,1,0,28,3.09,16.66
anis-mehmeti,Anis Mehmeti,Midfielder,Ipswich Town FC,Premier League,25,34.0,0,3.2,40.0,45.0,82.5,33,25,54.2,5.35,40.45,1,2,3,2,14,10,0,8,1.58,23.71
matty-cash,Matty Cash,Defender,Aston Villa FC,Premier League,29,34.0,2,42.2,36.0,43.0,85.0,34,30,68.6,6.57,36.62,0,2,5,6,8,8,5,6,2.71,19.21
dominic-solanke,Dominic Solanke,Forward,Tottenham Hotspur FC,Premier League,29,34.0,2,34.4,37.0,43.0,57.5,23,14,34.0,2.11,40.87,0,0,5,0,11,5,0,19,5.92,17.83
kevin-oghenetega-tamaraebi-bakumo-abraham,Tammy Abraham,Forward,Aston Villa FC,Premier League,29,34.0,0,16.0,40.0,42.0,75.0,30,10,26.2,0.89,40.83,0,0,7,0,12,11,0,10,3.48,11.69
rico-henry,Rico Henry,Defender,Brentford FC,Premier League,29,34.0,0,0.4,39.0,36.0,55.0,22,13,29.6,-1.36,36.36,0,0,2,1,10,7,2,18,2.5,20.48
sorba-thomas,Sorba Thomas,Forward,Hull City AFC,Premier League,27,34.0,2,44.6,40.0,52.0,95.0,38,34,73.9,11.39,40.13,0,5,5,7,17,1,2,3,1.62,21.63
hugo-larsson,Hugo Larsson,Midfielder,Fulham FC,Premier League,22,34.0,0,9.4,49.0,44.0,70.0,28,20,45.1,7.32,36.96,0,1,5,3,12,6,1,12,1.06,19.21
ryan-christie-1995-02-22,Ryan Christie,Midfielder,AFC Bournemouth,Premier League,31,34.0,1,25.4,37.0,41.0,70.0,28,12,28.1,6.11,34.46,0,1,1,1,19,5,0,13,2.95,22.7
valentino-livramento,Tino Livramento,Defender,Newcastle United FC,Premier League,23,34.0,0,6.6,39.0,40.0,40.0,16,9,22.2,4.95,35.0,0,0,1,3,6,6,1,23,6.13,18.61
zadok-yohanna,Zadok Yohanna,Forward,Brighton & Hove Albion FC,Premier League,19,34.0,0,4.8,34.0,34.0,7.5,3,0,5.6,-1.23,35.0,0,0,0,0,0,3,0,8,2.19,25.95
ian-maatsen,Ian Maatsen,Defender,Aston Villa FC,Premier League,24,34.0,4,67.6,33.0,39.0,77.5,31,20,44.5,3.2,35.81,0,1,3,3,12,10,3,8,5.1,20.2
jacob-greaves,Jacob Greaves,Defender,Ipswich Town FC,Premier League,26,34.0,4,71.6,47.0,52.0,52.5,21,20,44.4,14.37,37.14,0,0,9,2,6,3,1,19,5.95,8.01
brooke-dion-nelson-norton-cuffy,Brooke Norton-Cuffy,Defender,Hull City AFC,Premier League,22,34.0,2,42.8,43.0,39.0,67.5,27,23,53.0,0.96,37.04,0,1,4,2,10,10,1,12,5.55,10.23
paddy-mcnair,Patrick McNair,Defender,Hull City AFC,Premier League,31,33.0,0,0.2,39.0,38.0,60.0,24,11,29.8,2.47,35.21,0,0,1,4,7,11,1,16,4.78,24.43
luke-o-nien,Luke O'Nien,Midfielder,Sunderland AFC,Premier League,31,,0,0.0,38.0,36.0,47.5,19,12,16.2,3.56,32.31,0,0,1,2,5,2,3,27,1.76,27.37
oscar-mingueza-garcia,Óscar Mingueza,Defender,Crystal Palace FC,Premier League,27,33.0,0,8.8,42.0,44.0,80.0,32,19,44.6,7.33,35.94,0,1,5,5,10,10,1,8,2.95,21.89
nicolas-dominguez,Nicolás Domínguez,Midfielder,Nottingham Forest FC,Premier League,28,33.0,0,0.2,48.0,47.0,82.5,33,22,44.0,9.28,37.27,0,2,1,10,13,7,0,7,2.65,17.44
daizen-maeda,Daizen Maeda,Forward,Ipswich Town FC,Premier League,28,33.0,3,52.4,44.0,47.0,95.0,38,34,71.0,2.37,43.68,0,2,12,1,14,10,0,1,3.28,7.77
david-brooks,David Brooks,Midfielder,AFC Bournemouth,Premier League,29,35.0,1,21.2,40.0,43.0,82.5,33,10,27.5,3.92,39.09,0,2,2,2,14,11,0,9,2.08,22.61
christian-walton,Christian Walton,Goalkeeper,Ipswich Town FC,Premier League,30,33.0,1,18.0,53.0,55.0,90.0,36,36,81.0,8.78,45.83,0,7,9,4,10,5,1,4,3.76,37.05
alvaro-daniel-rodriguez-munoz,Álvaro Rodríguez,Forward,AFC Bournemouth,Premier League,22,33.0,0,5.8,45.0,46.0,82.5,33,21,51.1,4.82,41.06,0,2,6,1,16,8,0,7,2.16,23.5
caleb-marfo-yirenkyi,Caleb Yirenkyi,Midfielder,Coventry City FC,Premier League,20,33.0,3,53.2,39.0,48.0,92.5,37,34,72.1,9.67,38.38,0,3,4,7,15,6,0,5,3.38,13.08
ephron-mason-clark,Ephron Mason-Clark,Midfielder,Coventry City FC,Premier League,27,33.0,4,46.8,43.0,48.0,95.0,38,31,65.5,4.36,43.68,0,6,6,1,13,12,0,2,1.75,20.16
callum-hudson-odoi,Callum Hudson-Odoi,Forward,Nottingham Forest FC,Premier League,25,32.0,0,0.2,56.0,51.0,62.5,25,18,39.6,10.44,40.8,0,2,5,3,11,4,0,15,4.23,11.16
adam-smith-1991-04-29,Adam Smith,Defender,AFC Bournemouth,Premier League,35,32.0,5,81.6,37.0,39.0,62.5,25,17,35.1,0.6,37.0,0,1,2,1,6,15,0,15,2.24,9.25
evann-guessand,Evann Guessand,Forward,Crystal Palace FC,Premier League,25,32.0,0,5.4,42.0,43.0,52.5,21,8,21.2,2.5,40.0,0,1,3,0,10,7,0,19,2.48,23.69
darnell-furlong,Darnell Furlong,Defender,Ipswich Town FC,Premier League,30,32.0,0,3.4,48.0,47.0,90.0,36,35,77.3,9.22,37.5,0,2,6,7,12,8,1,4,2.51,14.03
gustavo-hamer,Gustavo Hamer,Midfielder,Coventry City FC,Premier League,29,32.0,0,6.4,54.0,54.0,77.5,31,19,44.8,7.56,46.45,1,6,7,2,7,8,0,9,1.1,9.87
romaine-mundle-2003-04-24,Romaine Mundle,Forward,Sunderland AFC,Premier League,23,32.0,0,0.2,36.0,35.0,37.5,15,2,10.3,0.25,35.0,0,0,0,1,6,8,0,25,4.74,20.76
zavier-gozo,Zavier Gozo,Forward,Crystal Palace FC,Premier League,19,31.0,0,5.6,51.0,57.0,50.0,20,18,49.9,9.95,47.25,0,6,8,1,9,3,0,13,1.9,6.05
taiwo-michael-awoniyi,Taiwo Awoniyi,Forward,Coventry City FC,Premier League,29,31.0,3,46.8,44.0,41.0,42.5,17,5,14.6,-0.38,40.88,0,1,3,0,5,7,1,23,4.48,13.51
dorde-petrovic-1999-10-08,Đorđe Petrović,Goalkeeper,AFC Bournemouth,Premier League,26,31.0,3,54.0,45.0,43.0,87.5,35,35,77.6,5.19,38.29,0,4,3,1,17,7,3,5,14.12,94.41
milan-van-ewijk,Milan van Ewijk,Defender,Coventry City FC,Premier League,26,30.0,4,72.0,41.0,48.0,92.5,37,36,79.6,11.34,36.49,0,3,6,6,14,7,1,3,3.64,14.98
nico-o-reilly,Nico O'Reilly,Defender,Manchester City FC,Premier League,21,29.0,1,20.6,38.0,44.0,82.5,33,27,58.7,3.51,39.85,0,2,8,0,8,12,2,8,9.91,28.02
promise-oluwatobi-emmanuel-akinpelu,Promise David,Forward,Brighton & Hove Albion FC,Premier League,25,29.0,0,4.6,43.0,45.0,45.0,18,12,24.9,0.52,43.89,0,0,6,0,5,6,0,23,3.59,20.15
ben-davies-1993-04-24,Ben Davies,Defender,Tottenham Hotspur FC,Premier League,33,29.0,2,36.0,41.0,42.0,15.0,6,4,8.5,5.76,35.83,0,0,1,0,4,0,1,34,1.33,8.7
richarlison-de-andrade,Richarlison,Forward,Tottenham Hotspur FC,Premier League,29,29.0,1,13.6,49.0,48.0,67.5,27,19,43.2,1.15,46.11,0,0,13,0,5,8,1,13,2.1,15.6
myles-anthony-lewis-skelly,Myles Lewis-Skelly,Defender,Arsenal FC,Premier League,20,27.0,3,36.4,42.0,45.0,52.5,21,15,33.5,7.51,37.38,0,0,4,2,6,7,1,20,5.85,28.13
bafode-diakite,Bafodé Diakité,Defender,AFC Bournemouth,Premier League,25,27.0,0,5.4,46.0,44.0,37.5,15,11,24.1,4.72,38.67,0,0,4,3,5,3,1,24,3.83,17.81
kenny-tete,Kenny Tete,Defender,Fulham FC,Premier League,30,24.0,0,5.4,47.0,49.0,45.0,18,16,36.1,12.88,36.39,0,2,3,5,7,3,0,20,4.62,10.06
dayann-methalie,Dayann Méthalie,Defender,Sunderland AFC,Premier League,20,24.0,1,18.0,35.0,34.0,57.5,23,19,46.6,-6.04,38.48,0,1,3,2,7,12,4,11,4.11,16.2
max-edgar-henri-chabot,Max-Edgar Chabot,Goalkeeper,Manchester City FC,Premier League,18,,0,0.0,0.0,0.0,0.0,0,0,0.0,0.0,0.0,0,0,0,0,0,0,0,3,,
nick-pope,Nick Pope,Goalkeeper,Newcastle United FC,Premier League,34,,0,0.0,40.0,44.0,50.0,20,20,45.0,7.46,37.0,0,2,2,3,8,2,3,20,4.49,17.72
tyler-robert-fletcher,Tyler Fletcher,Midfielder,Manchester United FC,Premier League,19,,0,0.0,35.0,35.0,7.5,3,21,0.9,0.43,35.0,0,1,3,3,14,2,0,17,4.26,18.82
amadou-zeund-georges-mvom-onana,Amadou Onana,Midfielder,Aston Villa FC,Premier League,25,,0,0.0,45.0,50.0,67.5,27,21,42.6,12.67,36.85,0,1,3,3,14,2,0,17,4.26,18.82
chemsdine-talbi,Chemsdine Talbi,Forward,Sunderland AFC,Premier League,21,,0,0.0,40.0,41.0,52.5,21,9,24.8,2.77,38.57,0,1,2,0,12,4,0,21,3.64,25.76
jonny-ngandu,Jonny Ngandu,Midfielder,Coventry City FC,Premier League,24,,0,0.0,0.0,0.0,0.0,0,0,0.0,0.0,0.0,0,0,0,0,0,0,0,40,,
dermot-mee,Dermot Mee,Goalkeeper,Manchester United FC,Premier League,23,,0,0.0,0.0,0.0,0.0,0,0,0.0,0.0,0.0,0,0,0,0,0,0,0,35,5.16,23.68
jean-philippe-mateta,Jean-Philippe Mateta,Forward,Crystal Palace FC,Premier League,29,,0,0.0,41.0,43.0,52.5,21,9,20.6,-0.35,42.62,0,1,5,0,7,9,0,18,6.2,17.19
vakhtang-salia,Vakhtang Salia,Forward,Newcastle United FC,Premier League,19,,0,0.0,0.0,0.0,0.0,0,0,0.0,0.0,0.0,0,0,0,0,0,0,0,16,,
teddy-sharman-lowe,Teddy Sharman-Lowe,Goalkeeper,Chelsea FC,Premier League,23,,0,0.0,0.0,0.0,0.0,0,0,0.0,0.0,0.0,0,0,0,0,0,0,0,39,3.86,28.05
abdulkadir-omur,Abdülkadir Ömür,Midfielder,Hull City AFC,Premier League,27,,0,0.0,39.0,40.0,47.5,19,11,27.1,4.94,35.0,0,0,1,1,19,4,0,15,4.58,14.97
ifeoluwa-david-ibrahim,Ifeoluwa Ibrahim,Midfielder,Arsenal FC,Premier League,18,,0,0.0,33.0,33.0,2.5,1,0,0.0,-2.4,35.0,0,0,0,0,0,1,0,23,,
xavi-simons,Xavi Simons,Midfielder,Tottenham Hotspur FC,Premier League,23,,0,0.0,52.0,51.0,70.0,28,19,42.3,10.73,40.71,1,2,8,2,10,3,1,13,6.42,24.72
jack-hinshelwood,Jack Hinshelwood,Midfielder,Brighton & Hove Albion FC,Premier League,21,,0,0.0,55.0,47.0,65.0,26,19,42.9,2.5,43.27,0,1,8,1,9,7,0,14,8.65,46.14
kieran-dowell,Kieran Dowell,Midfielder,Hull City AFC,Premier League,28,,0,0.0,36.0,37.0,35.0,14,1,6.7,1.91,35.36,0,0,1,0,6,7,0,26,5.66,13.02
josh-eccles,Josh Eccles,Midfielder,Coventry City FC,Premier League,26,,0,0.0,45.0,45.0,77.5,31,17,34.1,5.52,39.03,0,1,4,3,18,5,0,9,4.77,14.56
cedric-kipre,Cédric Kipré,Defender,Ipswich Town FC,Premier League,29,,0,0.0,46.0,53.0,70.0,28,25,55.7,14.79,38.04,0,2,8,5,11,2,0,12,3.54,17.03
mason-miley,Mason Miley,Midfielder,Newcastle United FC,Premier League,18,,0,0.0,0.0,0.0,0.0,0,0,0.0,0.0,0.0,0,0,0,0,0,0,0,2,,
sebastian-jonathan-williams,Sebastian Williams,Midfielder,Crystal Palace FC,Premier League,19,,0,0.0,0.0,0.0,0.0,0,0,0.0,0.0,0.0,0,0,0,0,0,0,0,2,,
joe-gomez,Joe Gomez,Defender,Liverpool FC,Premier League,29,,0,0.0,30.0,37.0,55.0,22,11,22.9,-0.5,37.27,0,1,2,0,6,12,1,18,4.1,15.38
jack-butland,Jack Butland,Goalkeeper,Hull City AFC,Premier League,33,,0,0.0,36.0,50.0,87.5,35,35,78.8,7.12,42.71,0,9,6,1,6,10,3,5,4.96,18.97
freddie-woodman,Frederick Woodman,Goalkeeper,Liverpool FC,Premier League,29,,0,0.0,42.0,42.0,7.5,3,2,5.3,7.23,35.0,0,0,0,1,1,1,0,37,6.57,15.2
harvey-foster,Harvey Foster,Midfielder,Everton FC,Premier League,19,,0,0.0,0.0,0.0,0.0,0,0,0.0,0.0,0.0,0,0,0,0,0,0,0,4,,
luca-jamie-williams-barnett,Luca Williams-Barnett,Midfielder,Tottenham Hotspur FC,Premier League,18,,0,0.0,0.0,0.0,0.0,0,0,0.0,0.0,0.0,0,0,0,0,0,0,0,40,,
michele-di-gregorio,Michele Di Gregorio,Goalkeeper,AFC Bournemouth,Premier League,29,,0,0.0,52.0,55.0,60.0,24,23,52.9,6.4,48.54,0,4,9,0,6,5,0,16,4.8,47.98
theo-devon-julienne,Theo Julienne,Midfielder,Arsenal FC,Premier League,18,,0,0.0,0.0,0.0,0.0,0,0,0.0,0.0,0.0,0,0,0,0,0,0,0,1,,
leon-goretzka,Leon Goretzka,Midfielder,Aston Villa FC,Premier League,31,,0,0.0,47.0,48.0,72.5,29,17,38.0,7.08,40.86,0,5,1,4,13,6,0,11,6.49,27.35
djiamgone-jocelin-ta-bi,Jocelin Bi,Forward,Sunderland AFC,Premier League,21,,0,0.0,38.0,38.0,2.5,1,1,1.7,3.4,35.0,0,0,0,0,1,0,0,22,4.31,22.82
ayden-heaven,Ayden Heaven,Defender,Manchester United FC,Premier League,20,,0,0.0,45.0,47.0,42.5,17,12,25.9,7.6,39.71,0,1,3,5,4,3,1,23,5.77,27.96
tymur-tutierov,Tymur Tutierov,Forward,Sunderland AFC,Premier League,21,,0,0.0,0.0,0.0,0.0,0,0,0.0,0.0,0.0,0,0,0,0,0,0,0,40,,
veljko-milosavljevic,Veljko Milosavljević,Defender,AFC Bournemouth,Premier League,19,,0,0.0,45.0,42.0,15.0,6,3,7.9,6.66,35.0,0,0,0,2,1,3,0,34,5.61,20.18
malik-olayiwola,Malik Olayiwola,Midfielder,Everton FC,Premier League,17,,0,0.0,0.0,0.0,0.0,0,0,0.0,0.0,0.0,0,0,0,0,0,0,0,18,,
brandon-austin,Brandon Austin,Goalkeeper,Tottenham Hotspur FC,Premier League,27,,0,0.0,0.0,0.0,0.0,0,0,0.0,0.0,0.0,0,0,0,0,0,0,0,40,3.16,17.41
darko-gyabi,Darko Gyabi,Midfielder,Hull City AFC,Premier League,22,,0,0.0,40.0,40.0,27.5,11,5,11.9,2.55,37.27,0,0,1,0,6,4,0,29,3.71,4.77
wataru-endo,Wataru Endō,Midfielder,Liverpool FC,Premier League,33,,0,0.0,40.0,41.0,12.5,5,1,5.5,5.66,35.0,0,0,0,0,4,1,0,35,4.02,14.93
amad-diallo-traore,Amad Diallo,Forward,Manchester United FC,Premier League,24,,0,0.0,53.0,52.0,72.5,29,22,44.2,10.15,41.9,0,7,1,5,14,2,0,11,10.96,50.28
geovany-tcherno-quenda,Geovany Quenda,Midfielder,Chelsea FC,Premier League,19,36.0,0,5.4,45.0,47.0,0.0,0,0,15.0,4.25,42.94,0,1,4,1,9,2,0,23,5.67,24.12
darryl-merveil-ombang,Darryl Ombang,Goalkeeper,Leeds United FC,Premier League,21,,0,0.0,0.0,0.0,0.0,0,0,0.0,0.0,0.0,0,0,0,0,0,0,0,5,,
carlos-balepa-noom-quomah,Carlos Baleba,Midfielder,Manchester United FC,Premier League,22,,0,0.0,43.0,41.0,65.0,26,19,35.8,6.76,34.23,0,0,2,3,12,7,1,15,9.06,49.81
miodrag-pivas,Miodrag Pivaš,Defender,Newcastle United FC,Premier League,21,,0,0.0,0.0,0.0,0.0,0,0,0.0,0.0,0.0,0,0,0,0,2,3,0,26,0.82,3.66
marcus-bettinelli,Marcus Bettinelli,Goalkeeper,Manchester City FC,Premier League,34,,0,0.0,0.0,0.0,0.0,0,0,0.0,0.0,0.0,0,0,0,0,0,0,0,40,2.39,25.18
emanuel-emegha,Emanuel Emegha,Forward,Chelsea FC,Premier League,23,,0,0.0,40.0,42.0,32.5,13,4,11.9,-0.48,41.54,0,1,2,0,7,3,0,27,7.08,10.26
brian-djomeni-madjo,Brian Madjo,Forward,Aston Villa FC,Premier League,17,,0,0.0,34.0,33.0,2.5,1,0,0.1,-2.5,35.0,0,0,0,0,0,1,0,39,4.98,30.27
oscar-zambrano,Óscar Zambrano,Midfielder,Hull City AFC,Premier League,22,,0,0.0,0.0,0.0,0.0,0,0,0.0,0.0,0.0,0,0,0,0,0,0,0,40,4.58,14.09
gabriel-slonina,Gabriel Slonina,Goalkeeper,Chelsea FC,Premier League,22,,0,0.0,0.0,0.0,0.0,0,0,0.0,0.0,0.0,0,0,0,0,0,0,0,40,6.37,15.41
kyran-thompson,Kyran Thompson,Forward,Newcastle United FC,Premier League,17,,0,0.0,0.0,0.0,0.0,0,0,0.0,0.0,0.0,0,0,0,0,0,0,0,1,,
marco-palestra,Marco Palestra,Defender,Chelsea FC,Premier League,21,,0,0.0,40.0,44.0,85.0,34,30,69.5,6.01,37.5,0,1,2,9,15,7,1,5,6.73,46.9
chadi-riad-dnanou,Chadi Riad,Defender,Crystal Palace FC,Premier League,23,,0,0.0,51.0,44.0,47.5,19,15,34.6,8.1,36.32,0,0,4,2,7,3,1,23,4.67,22.08
karl-darlow,Karl Darlow,Goalkeeper,Manchester United FC,Premier League,35,,0,0.0,55.0,51.0,55.0,22,22,50.2,9.84,40.91,0,2,5,3,6,3,1,20,6.83,18.48
giovanni-leoni,Giovanni Leoni,Defender,Liverpool FC,Premier League,19,,0,0.0,0.0,0.0,0.0,0,0,0.0,0.0,0.0,0,0,0,0,0,0,0,40,8.06,27.01
younes-ibrahim,Younes Ibrahim,Midfielder,Brighton & Hove Albion FC,Premier League,18,,0,0.0,0.0,0.0,0.0,0,0,0.0,0.0,0.0,0,0,0,0,0,0,0,2,,
evan-ferguson,Evan Ferguson,Forward,Brighton & Hove Albion FC,Premier League,21,,0,0.0,47.0,48.0,30.0,12,8,16.4,2.63,45.0,0,1,3,0,6,2,0,28,5.67,19.42
ryan-yates-1997-01-28,Ryan Yates,Midfielder,Nottingham Forest FC,Premier League,28,,0,0.0,39.0,41.0,50.0,20,6,20.4,3.11,37.75,0,1,2,0,9,7,1,20,4.36,17.38
joelinton-cassio-apolinario-de-lira,Joelinton,Midfielder,Newcastle United FC,Premier League,30,,0,0.0,45.0,48.0,60.0,24,19,41.4,7.55,40.21,0,1,5,1,16,1,0,16,5.01,17.63
macauley-adams-zepa,Macaulay Zepa,Forward,Fulham FC,Premier League,18,,0,0.0,0.0,0.0,0.0,0,0,0.0,0.0,0.0,0,0,0,0,0,0,0,4,,
pelenda-joshua-tunga-dasilva,Josh Dasilva,Midfielder,Brentford FC,Premier League,27,,0,0.0,36.0,36.0,5.0,2,0,0.1,0.7,35.0,0,0,0,0,1,1,0,38,3.54,7.62
dillon-phillips,Dillon Phillips,Goalkeeper,Hull City AFC,Premier League,31,,0,0.0,64.0,64.0,2.5,1,1,2.2,29.2,35.0,0,0,1,0,0,0,0,39,1.8,24.06
james-mcconnell,James McConnell,Midfielder,Liverpool FC,Premier League,22,,0,0.0,41.0,41.0,12.5,5,2,5.6,0.54,40.0,0,0,1,0,4,2,0,33,1.13,1.3
marli-ellis-salmon,Marli Salmon,Defender,Arsenal FC,Premier League,17,,0,0.0,35.0,35.0,2.5,1,0,0.2,-0.02,35.0,0,0,0,0,0,1,0,36,,
alan-browne,Alan Browne,Midfielder,Sunderland AFC,Premier League,31,,0,0.0,45.0,45.0,77.5,31,21,48.1,4.75,40.16,1,0,5,2,14,9,0,9,2.88,27.12
jonah-daniel-kusi-asare,Jonah Kusi-Asare,Forward,Fulham FC,Premier League,19,,0,0.0,34.0,34.0,17.5,7,0,1.3,-1.09,35.0,0,0,0,0,2,5,0,33,3.73,20.7
taylor-harwood-bellis,Taylor Harwood-Bellis,Defender,Aston Villa FC,Premier League,24,,0,0.0,59.0,58.0,80.0,32,32,72.8,17.05,40.47,0,3,10,9,9,1,0,8,1.33,19.04
christos-mouzakitis,Christos Mouzakitis,Midfielder,Hull City AFC,Premier League,19,,0,0.0,41.0,42.0,37.5,15,9,43.4,7.84,33.67,0,2,1,4,12,7,0,12,3.52,27.79
kaoru-mitoma,Kaoru Mitoma,Midfielder,Brighton & Hove Albion FC,Premier League,29,,0,0.0,47.0,45.0,52.5,21,15,33.2,6.91,38.57,0,0,2,1,17,0,0,20,6.88,23.31
juan-riquelme-angulo-caiced,Riquelme Angulo,Forward,Sunderland AFC,Premier League,18,,0,0.0,55.0,48.0,50.0,20,7,18.6,1.72,45.5,0,1,7,0,4,8,0,20,5.08,19.94
michael-mills,Michael Mills,Forward,Newcastle United FC,Premier League,17,,0,0.0,0.0,0.0,0.0,0,0,0.0,0.0,0.0,0,0,0,0,0,0,0,1,,
tom-cairney,Tom Cairney,Midfielder,Fulham FC,Premier League,35,,0,0.0,45.0,44.0,52.5,21,6,19.2,6.49,37.38,0,1,1,3,15,3,0,17,4.45,16.3
jason-steele,Jason Steele,Goalkeeper,Brighton & Hove Albion FC,Premier League,36,,0,0.0,0.0,0.0,0.0,0,0,0.0,0.0,0.0,0,0,0,0,0,0,0,40,1.65,21.17
azor-matusiwa,Azor Matusiwa,Midfielder,Ipswich Town FC,Premier League,28,,0,0.0,57.0,54.0,87.5,35,35,75.0,16.5,37.43,0,3,9,7,15,1,0,5,1.21,21.8
stefanos-tzimas,Stefanos Tzimas,Forward,Brighton & Hove Albion FC,Premier League,20,,0,0.0,42.0,42.0,20.0,8,1,2.8,0.04,41.25,0,0,2,0,3,3,0,32,4.32,26.61
reece-chadwick,Reece Chadwick,Midfielder,Leeds United FC,Premier League,19,,0,0.0,0.0,0.0,0.0,0,0,0.0,0.0,0.0,0,0,0,0,0,0,0,8,,
john-victor-maciel-furtado,John,Goalkeeper,Nottingham Forest FC,Premier League,30,,0,0.0,42.0,34.0,15.0,6,6,13.2,-1.63,35.83,0,0,1,0,1,3,1,34,2.75,24.5
kepa-arrizabalaga-revuelta,Kepa Arrizabalaga,Goalkeeper,Arsenal FC,Premier League,31,,0,0.0,38.0,38.0,5.0,2,2,4.5,2.8,35.0,0,0,0,0,1,1,0,38,7.06,43.3
dejan-kulusevski,Dejan Kulusevski,Forward,Tottenham Hotspur FC,Premier League,26,,0,0.0,0.0,0.0,0.0,0,0,0.0,0.0,0.0,0,0,0,0,0,0,0,40,4.68,18.81
mark-travers,Mark Travers,Goalkeeper,Everton FC,Premier League,27,,0,0.0,36.0,36.0,5.0,2,2,3.0,0.85,35.0,0,0,0,0,0,0,0,40,4.59,23.18
matthew-charles-compton,Charles Compton,Midfielder,Ipswich Town FC,Premier League,19,,0,0.0,0.0,0.0,0.0,0,0,0.0,0.0,0.0,0,0,0,0,0,0,0,4,,
thomas-mcgill,Thomas McGill,Goalkeeper,Brighton & Hove Albion FC,Premier League,26,,0,0.0,0.0,0.0,0.0,0,0,0.0,0.0,0.0,0,0,0,0,0,0,0,40,4.04,4.5
sepp-van-den-berg,Sepp van den Berg,Defender,Brentford FC,Premier League,24,,0,0.0,57.0,51.0,67.5,27,25,60.8,13.8,37.04,0,0,7,9,9,3,1,11,5.93,14.19
fraser-forster,Fraser Forster,Goalkeeper,AFC Bournemouth,Premier League,38,,0,0.0,0.0,0.0,0.0,0,0,0.0,0.0,0.0,0,0,0,0,0,0,0,40,4.4,19.48
hugo-ekitike,Hugo Ekitike,Forward,Liverpool FC,Premier League,24,,0,0.0,51.0,51.0,62.5,25,21,43.3,4.14,46.4,0,3,5,0,11,6,0,15,15.71,42.71
julian-araujo,Julián Araujo,Defender,AFC Bournemouth,Premier League,25,,0,0.0,53.0,51.0,27.5,11,10,21.9,14.17,37.27,0,1,4,1,3,1,1,29,4.91,19.57
kaye-furo-tamuno-iyowuna,Kaye Furo,Forward,Brentford FC,Premier League,19,,0,0.0,43.0,43.0,12.5,5,0,2.0,2.8,40.0,0,0,1,0,3,1,0,35,3.57,18.82
mike-penders,Mike Penders,Goalkeeper,Chelsea FC,Premier League,21,,0,0.0,53.0,53.0,67.5,27,27,60.8,13.61,39.07,0,4,3,7,9,4,0,13,4.95,42.58
jayden-danns,Jayden Danns,Forward,Liverpool FC,Premier League,20,,0,0.0,0.0,0.0,0.0,0,0,0.0,0.0,0.0,0,0,0,0,0,0,0,40,,
gustavo-nunes-fernandes-gomes,Gustavo Nunes,Forward,Brentford FC,Premier League,20,,0,0.0,42.0,41.0,30.0,12,5,14.0,4.18,37.08,0,0,2,0,7,3,0,28,1.8,11.78
manuel-ugarte-ribeiro,Manuel Ugarte,Midfielder,Manchester United FC,Premier League,25,,0,0.0,41.0,43.0,47.5,19,9,24.0,8.23,35.0,0,0,1,3,13,2,0,21,5.1,21.54
martin-dubravka,Martin Dúbravka,Goalkeeper,Tottenham Hotspur FC,Premier League,37,,0,0.0,36.0,43.0,77.5,31,31,69.8,5.96,36.94,1,0,4,2,11,10,2,10,5.27,24.12
luke-woolfenden,Luke Woolfenden,Defender,Coventry City FC,Premier League,27,,0,0.0,53.0,50.0,35.0,14,10,23.2,15.0,35.0,0,0,3,3,6,2,0,26,3.55,11.74
amine-adli,Amine Adli,Forward,AFC Bournemouth,Premier League,26,,0,0.0,37.0,43.0,67.5,27,10,23.9,3.33,39.63,0,0,5,1,16,4,0,14,3.62,20.34
jules-ahoka-jules,Jules Ahoka,Midfielder,Sunderland AFC,Premier League,20,,0,0.0,60.0,60.0,10.0,4,3,7.0,19.15,41.25,0,1,0,2,0,1,0,36,3.11,19.21
alex-palmer,Alexander Palmer,Goalkeeper,Ipswich Town FC,Premier League,30,,0,0.0,45.0,0.0,0.0,0,0,0.0,0.0,0.0,0,0,0,0,0,0,0,40,4.76,20.8
jack-andrew-davidson-fletcher,Jack Fletcher,Midfielder,Manchester United FC,Premier League,19,,0,0.0,38.0,38.0,7.5,3,0,3.1,2.6,35.0,0,0,0,0,2,1,0,37,1.39,22.88
wilson-odobert,Wilson Odobert,Forward,Tottenham Hotspur FC,Premier League,21,,0,0.0,51.0,48.0,50.0,20,11,24.3,7.1,40.5,0,3,1,0,14,2,0,20,3.08,19.01
matthijs-de-ligt,Matthijs de Ligt,Defender,Manchester United FC,Premier League,27,,0,0.0,53.0,54.0,20.0,8,8,18.0,15.95,38.13,0,1,3,1,1,2,0,32,7.9,21.42
federico-chiesa,Federico Chiesa,Midfielder,Liverpool FC,Premier League,28,,0,0.0,35.0,38.0,50.0,20,1,5.2,0.83,37.5,0,0,2,0,14,4,0,20,6.86,17.73
kaine-kessler,Kaine Kesler-Hayden,Defender,Coventry City FC,Premier League,23,,0,0.0,44.0,42.0,37.5,15,5,12.6,5.79,36.67,0,1,1,1,9,3,0,25,5.66,19.12
allan-andrade-elias,Allan,Forward,Manchester City FC,Premier League,22,,0,0.0,56.0,54.0,80.0,32,29,58.8,11.16,42.5,0,4,7,7,12,2,0,8,7.28,28.86
rory-mahady,Rory Mahady,Goalkeeper,Leeds United FC,Premier League,20,,0,0.0,0.0,0.0,0.0,0,0,0.0,0.0,0.0,0,0,0,0,0,0,0,5,,
braiden-graham,Braiden Graham,Forward,Everton FC,Premier League,18,,0,0.0,0.0,0.0,0.0,0,0,0.0,0.0,0.0,0,0,0,0,0,0,0,25,,
david-button,David Button,Goalkeeper,Ipswich Town FC,Premier League,37,,0,0.0,0.0,0.0,0.0,0,0,0.0,0.0,0.0,0,0,0,0,0,0,0,40,4.57,17.06
maximillian-james-aarons,Max Aarons,Defender,AFC Bournemouth,Premier League,26,,0,0.0,35.0,42.0,52.5,21,10,24.6,5.77,36.19,0,0,5,1,6,8,1,19,5.61,19.11
juan-luis-sanchez-velasco,Juanlu Sánchez,Midfielder,AFC Bournemouth,Premier League,23,,0,0.0,45.0,44.0,67.5,27,20,42.6,7.21,36.3,0,2,2,3,14,4,3,12,4.23,19.03
antoni-djibu-milambo,Antoni-Djibu Milambo,Midfielder,Brentford FC,Premier League,21,,0,0.0,0.0,0.0,0.0,0,0,0.0,0.0,0.0,0,0,0,0,0,0,0,40,2.5,10.53
remi-matthews,Remi Matthews,Goalkeeper,Crystal Palace FC,Premier League,32,,0,0.0,0.0,0.0,0.0,0,0,0.0,0.0,0.0,0,0,0,0,0,0,0,40,4.44,22.42
jack-whittaker,Jack Whittaker,Midfielder,Sunderland AFC,Premier League,19,,0,0.0,0.0,0.0,0.0,0,0,0.0,0.0,0.0,0,0,0,0,0,0,0,39,,
jayden-lienou,Jayden Lienou,Defender,Leeds United FC,Premier League,18,,0,0.0,0.0,0.0,0.0,0,0,0.0,0.0,0.0,0,0,0,0,0,0,0,11,,
melker-ellborg,Melker Ellborg,Goalkeeper,Sunderland AFC,Premier League,23,,0,0.0,45.0,45.0,20.0,8,8,22.5,5.83,38.75,0,0,2,0,4,2,0,32,2.38,16.92
marco-bizot,Marco Bizot,Goalkeeper,Aston Villa FC,Premier League,35,,0,0.0,54.0,48.0,17.5,7,6,14.6,9.83,38.57,0,1,0,1,3,2,0,33,4.69,22.75
jack-taylor,Jack Taylor,Midfielder,Ipswich Town FC,Premier League,28,,0,0.0,50.0,45.0,80.0,32,20,44.4,7.97,37.34,0,1,5,3,18,5,0,8,5.68,22.36
geronimo-rulli,Gerónimo Rulli,Goalkeeper,Manchester City FC,Premier League,34,,0,0.0,54.0,47.0,52.5,21,21,47.2,8.38,39.05,0,4,1,1,11,3,3,17,7.54,42.9
aimuamwonsa-presly-owen-asemota,Owen Asemota,Goalkeeper,Aston Villa FC,Premier League,18,,0,0.0,0.0,0.0,0.0,0,0,0.0,0.0,0.0,0,0,0,0,0,0,0,6,,
thomas-king,Thomas King,Goalkeeper,Everton FC,Premier League,31,,0,0.0,0.0,0.0,0.0,0,0,0.0,0.0,0.0,0,0,0,0,0,0,0,40,0.62,16.22
harvey-davies,Harvey Davies,Goalkeeper,Liverpool FC,Premier League,23,,0,0.0,0.0,0.0,0.0,0,0,0.0,0.0,0.0,0,0,0,0,0,0,0,40,10.74,83.71
haji-wright,Haji Wright,Forward,Coventry City FC,Premier League,28,,0,0.0,37.0,43.0,70.0,28,18,38.6,0.06,41.96,0,1,6,0,10,11,0,12,4.71,18.69
alfie-cresswell,Alfie Cresswell,Midfielder,Leeds United FC,Premier League,19,,0,0.0,0.0,0.0,0.0,0,0,0.0,0.0,0.0,0,0,0,0,0,0,0,7,,
lucca-benetton,Lucca Benetton,Goalkeeper,Crystal Palace FC,Premier League,16,,0,0.0,0.0,0.0,0.0,0,0,0.0,0.0,0.0,0,0,0,0,0,0,0,2,,
alex-cairns,Alexander Cairns,Goalkeeper,Leeds United FC,Premier League,33,,0,0.0,0.0,0.0,0.0,0,0,0.0,0.0,0.0,0,0,0,0,0,0,0,40,1.11,8.64
rico-lewis,Rico Lewis,Defender,Manchester City FC,Premier League,21,,0,0.0,40.0,38.0,22.5,9,5,10.5,2.86,35.0,0,0,0,1,5,3,0,31,6.57,22.71
jaouen-hadjam,Jaouen Hadjam,Defender,Brighton & Hove Albion FC,Premier League,23,,0,0.0,47.0,46.0,32.5,13,7,14.0,10.68,35.0,0,1,2,0,6,3,0,28,1.94,18.54
yankuba-minteh,Yankuba Minteh,Forward,Brighton & Hove Albion FC,Premier League,22,,0,0.0,50.0,48.0,72.5,29,21,49.6,7.94,40.17,0,2,3,3,15,4,0,13,8.83,31.8
aaron-anselmino,Aarón Anselmino,Defender,Chelsea FC,Premier League,21,,0,0.0,52.0,49.0,22.5,9,4,9.6,8.72,40.56,0,1,2,1,4,1,0,31,6.08,24.41
ellery-balcombe,Ellery Balcombe,Goalkeeper,Brentford FC,Premier League,26,,0,0.0,0.0,0.0,0.0,0,0,0.0,0.0,0.0,0,0,0,0,0,0,0,40,3.41,20.99
ben-wilson,Ben Wilson,Goalkeeper,Coventry City FC,Premier League,34,,0,0.0,0.0,0.0,0.0,0,0,0.0,0.0,0.0,0,0,0,0,0,0,0,40,0.77,6.86
william-saliba,William Saliba,Defender,Arsenal FC,Premier League,25,,0,0.0,53.0,54.0,67.5,27,27,58.9,17.98,35.93,0,1,6,10,9,2,0,12,17.38,66.07
luke-edwards,Luke Edwards,Midfielder,Hull City AFC,Premier League,0,,0,0.0,0.0,0.0,0.0,0,0,0.0,0.0,0.0,0,0,0,0,0,0,0,40,,
james-wright-2004-12-02,James Wright,Goalkeeper,Aston Villa FC,Premier League,21,,0,0.0,0.0,0.0,0.0,0,0,0.0,0.0,0.0,0,0,0,0,0,0,0,40,,
aidan-harris,Aidan Harris,Goalkeeper,Newcastle United FC,Premier League,19,,0,0.0,0.0,0.0,0.0,0,0,0.0,0.0,0.0,0,0,0,0,0,0,0,27,0.71,9.64
manuel-angel-moran-ibanez,Manuel Ángel,Midfielder,Fulham FC,Premier League,22,,0,0.0,37.0,37.0,15.0,6,1,3.7,4.85,31.67,0,0,0,0,4,2,0,28,3.4,14.12
mark-gillespie,Mark Gillespie,Goalkeeper,Newcastle United FC,Premier League,34,,0,0.0,0.0,0.0,0.0,0,0,0.0,0.0,0.0,0,0,0,0,0,0,0,40,5.43,3.0
floyd-samba,Floyd Samba,Midfielder,Manchester City FC,Premier League,17,,0,0.0,0.0,0.0,0.0,0,0,0.0,0.0,0.0,0,0,0,0,0,0,0,18,,
olutayo-peter-gabriel-subuloye,Olutayo Subuloye,Defender,Chelsea FC,Premier League,18,,0,0.0,0.0,0.0,0.0,0,0,0.0,0.0,0.0,0,0,0,0,0,0,0,5,,
conor-bradley-2003-07-09,Conor Bradley,Defender,Liverpool FC,Premier League,23,,0,0.0,46.0,46.0,17.5,7,5,10.6,7.67,38.57,0,1,0,2,2,2,0,33,6.61,22.86
kim-ji-soo,Kim Ji-Soo,Defender,Brentford FC,Premier League,21,,0,0.0,42.0,43.0,27.5,11,8,24.0,7.86,35.0,0,1,1,4,4,7,0,23,5.67,17.37
tom-heaton,Thomas Heaton,Goalkeeper,Manchester United FC,Premier League,40,,0,0.0,0.0,0.0,0.0,0,0,0.0,0.0,0.0,0,0,0,0,0,0,0,40,5.37,14.24
julio-cesar-soler-barreto,Julio Soler,Defender,AFC Bournemouth,Premier League,21,,0,0.0,32.0,32.0,5.0,2,0,0.8,-3.5,35.0,0,0,0,0,0,2,0,38,2.71,22.13
nicolo-savona,Nicolò Savona,Defender,Nottingham Forest FC,Premier League,23,,0,0.0,40.0,36.0,15.0,6,5,10.4,0.51,35.0,0,0,0,1,1,4,0,34,2.86,11.09
jenson-oliver-jones,Jenson Jones,Defender,Sunderland AFC,Premier League,20,,0,0.0,0.0,0.0,0.0,0,0,0.0,0.0,0.0,0,0,0,0,0,0,0,39,,
charlie-hughes,Charlie Hughes,Defender,Hull City AFC,Premier League,22,,0,0.0,44.0,52.0,70.0,28,26,57.2,12.82,38.93,0,2,6,6,10,3,1,12,3.72,19.64
bradley-gregory-slade,Bradley Slade,Defender,Fulham FC,Premier League,19,,0,0.0,0.0,0.0,0.0,0,0,0.0,0.0,0.0,0,0,0,0,0,0,0,4,,
dan-burn,Dan Burn,Defender,Newcastle United FC,Premier League,34,,0,0.0,43.0,40.0,62.5,25,18,37.4,1.74,38.2,0,0,4,1,10,4,3,18,4.62,12.49
christian-norgaard,Christian Nørgaard,Midfielder,Everton FC,Premier League,32,,0,0.0,47.0,47.0,25.0,10,4,10.9,9.38,37.5,0,1,1,1,4,3,0,30,5.45,15.25
steven-benda,Steven-Andreas Benda,Goalkeeper,Nottingham Forest FC,Premier League,28,,0,0.0,46.0,42.0,7.5,3,3,6.8,-2.63,45.0,0,0,2,0,0,0,1,37,3.29,17.4
callum-mills,Callum Mills,Midfielder,Leeds United FC,Premier League,18,,0,0.0,0.0,0.0,0.0,0,0,0.0,0.0,0.0,0,0,0,0,0,0,0,5,,
mack-allan,Mack Allan,Goalkeeper,AFC Bournemouth,Premier League,20,,0,0.0,0.0,0.0,0.0,0,0,0.0,0.0,0.0,0,0,0,0,0,0,0,2,,
benjamin-lecomte,Benjamin Lecomte,Goalkeeper,Fulham FC,Premier League,35,,0,0.0,0.0,0.0,0.0,0,0,0.0,0.0,0.0,0,0,0,0,0,0,0,40,1.29,5.43
vitezslav-jaros,Vítězslav Jaroš,Goalkeeper,Liverpool FC,Premier League,25,,0,0.0,43.0,48.0,37.5,15,15,33.8,7.2,40.33,0,1,4,1,3,6,0,25,6.85,16.33
nehemiah-said-oriola-ii,Nehemiah Oriola,Midfielder,Brighton & Hove Albion FC,Premier League,19,,0,0.0,35.0,35.0,2.5,1,0,0.0,0.0,35.0,0,0,0,0,1,0,0,37,,
alexander-borto,Alexander Borto,Goalkeeper,Fulham FC,Premier League,22,,0,0.0,0.0,0.0,0.0,0,0,0.0,0.0,0.0,0,0,0,0,0,0,0,31,0.5,2.75
jamie-jermaine-bynoe-gittens,Jamie Bynoe-Gittens,Forward,Chelsea FC,Premier League,22,,0,0.0,41.0,43.0,32.5,13,5,11.2,3.67,38.85,0,1,1,0,7,4,0,27,1.73,16.84
chibuzo-udo-nwoko-junior,Chibuzo Nwoko,Midfielder,Fulham FC,Premier League,20,,0,0.0,0.0,0.0,0.0,0,0,0.0,0.0,0.0,0,0,0,0,0,0,0,4,,
cheick-oumar-doucoure,Cheick Doucouré,Midfielder,Crystal Palace FC,Premier League,26,,0,0.0,0.0,0.0,0.0,0,0,0.0,0.0,0.0,0,0,0,0,0,0,0,40,3.88,20.44
tom-proctor,Tom Proctor,Midfielder,Sunderland AFC,Premier League,17,,0,0.0,0.0,0.0,0.0,0,0,0.0,0.0,0.0,0,0,0,0,0,0,0,3,,
eli-junior-kroupi,Eli Junior Kroupi,Forward,AFC Bournemouth,Premier League,20,,0,0.0,52.0,49.0,75.0,30,21,42.9,3.68,45.33,0,1,11,2,8,8,0,10,17.9,46.18
harrison-reed,Harrison Reed,Midfielder,Fulham FC,Premier League,31,,0,0.0,39.0,39.0,17.5,7,1,2.4,0.71,38.57,0,0,1,0,4,2,0,33,4.4,22.39
illan-meslier,Illan Meslier,Goalkeeper,Arsenal FC,Premier League,26,,0,0.0,0.0,0.0,0.0,0,0,0.0,0.0,0.0,0,0,0,0,0,0,0,40,6.36,25.8
michael-keane,Michael Keane,Defender,Everton FC,Premier League,33,,0,0.0,48.0,53.0,70.0,28,24,56.3,12.49,40.71,1,1,9,1,16,2,0,10,5.64,6.93
ewen-jaouen,Ewen Jaouen,Goalkeeper,Newcastle United FC,Premier League,20,,0,0.0,45.0,50.0,70.0,28,28,76.4,3.45,46.25,0,5,10,1,10,5,4,5,3.35,18.63
benjamin-chiemela-fredrick,Benjamin Fredrick,Defender,Brentford FC,Premier League,21,,0,0.0,38.0,38.0,15.0,6,5,12.0,2.81,35.0,0,0,0,2,5,1,1,31,3.68,14.41
simon-moore,Simon Moore,Goalkeeper,Sunderland AFC,Premier League,36,,0,0.0,0.0,0.0,0.0,0,0,0.0,0.0,0.0,0,0,0,0,0,0,0,40,3.59,20.1
brandon-pierrick,Brandon Pierrick,Midfielder,Crystal Palace FC,Premier League,24,,0,0.0,0.0,0.0,0.0,0,0,0.0,0.0,0.0,0,0,0,0,0,0,0,40,,
eliot-matazo,Eliot Matazo,Midfielder,Hull City AFC,Premier League,24,,0,0.0,36.0,36.0,2.5,1,1,0.3,0.7,35.0,0,0,0,0,1,0,0,39,3.68,16.33
reggie-watson,Reggie Watson,Midfielder,Chelsea FC,Premier League,16,,0,0.0,0.0,0.0,0.0,0,0,0.0,0.0,0.0,0,0,0,0,0,0,0,5,,
shane-kojo-nti,Shane Nti,Midfielder,Brighton & Hove Albion FC,Premier League,19,,0,0.0,0.0,0.0,0.0,0,0,0.0,0.0,0.0,0,0,0,0,0,0,0,5,,
anan-khalaili,Anan Khalaili,Defender,Crystal Palace FC,Premier League,22,42.0,5,81.6,51.0,58.0,0.0,0,0,74.0,15.32,42.71,0,6,7,9,9,2,0,7,3.26,32.18
modou-keba-cisse,Modou Cissé,Defender,Aston Villa FC,Premier League,21,,0,0.0,53.0,57.0,52.5,21,21,59.5,17.53,38.81,0,4,7,5,10,1,1,12,3.74,8.39
archie-howard,Archie Howard,Goalkeeper,Hull City AFC,Premier League,19,,0,0.0,0.0,0.0,0.0,0,0,0.0,0.0,0.0,0,0,0,0,0,0,0,20,,
jake-bidwell,Jake Bidwell,Defender,Coventry City FC,Premier League,33,,0,0.0,45.0,48.0,20.0,8,3,9.4,9.95,38.13,0,1,0,2,3,2,0,32,2.52,27.4
lamine-yamal-nasraoui-ebana,Lamine Yamal,Forward,FC Barcelona,Primera División,19,92.0,5,85.2,83.0,71.0,85.0,34,32,67.0,20.28,52.5,8,6,9,5,5,0,0,7,269.99,898.65
raphael-dias-belloli,Raphinha,Forward,FC Barcelona,Primera División,29,88.0,5,79.4,78.0,67.0,70.0,28,26,50.1,14.73,54.11,3,9,2,6,3,3,0,14,172.38,547.63
jules-kounde,Jules Koundé,Defender,FC Barcelona,Primera División,27,78.0,1,18.0,48.0,53.0,67.5,27,22,48.6,17.13,36.11,0,3,7,5,6,6,0,13,14.67,63.52
kylian-mbappe-lottin,Kylian Mbappé,Forward,Real Madrid,Primera División,27,73.0,5,83.6,71.0,62.0,82.5,33,30,64.0,9.83,53.03,1,11,9,0,6,5,0,8,174.87,762.98
yuri-berchiche-izeta,Yuri,Defender,Athletic Club,Primera División,36,70.0,4,71.2,62.0,58.0,75.0,30,30,62.3,18.21,39.67,0,6,7,7,6,3,1,10,12.29,58.62
rodrigo-hernandez-cascante,Rodrigo,Midfielder,FC Barcelona,Primera División,30,69.0,5,82.8,61.0,61.0,82.5,33,30,65.8,25.32,35.61,1,6,10,7,7,0,1,8,122.08,432.31
sebastian-enzo-caceres-ramos-1999-08-18,Sebastián Cáceres,Defender,RC Celta,Primera División,27,69.0,2,36.0,57.0,53.0,62.5,25,25,53.3,17.22,36.0,0,1,6,7,11,1,0,14,4.35,17.51
umar-sadiq-mesbah,Sadiq,Forward,Valencia CF,Primera División,29,69.0,1,18.0,44.0,44.0,67.5,27,11,30.2,-0.79,44.26,0,0,10,0,6,11,0,13,4.62,8.27
sergio-camello-perez,Sergio Camello,Forward,Rayo Vallecano,Primera División,25,69.0,5,70.8,64.0,51.0,70.0,28,14,32.1,4.92,46.25,0,3,8,0,12,5,0,12,15.57,52.96
diego-villares-yanez,Diego Villares,Midfielder,Real Club Deportivo de La Coruña,Primera División,30,67.0,0,11.2,47.0,47.0,75.0,30,20,47.0,9.82,37.5,0,1,6,0,21,2,0,10,4.58,11.08
marc-bartra-aregall,Marc Bartra,Defender,Real Betis,Primera División,35,67.0,3,48.6,58.0,54.0,65.0,26,21,47.7,15.26,39.23,1,6,3,4,7,3,2,14,9.99,32.94
alejandro-grimaldo-garcia,Alejandro Grimaldo,Defender,Atlético de Madrid,Primera División,31,66.0,3,59.2,52.0,59.0,70.0,28,27,58.1,16.79,42.5,2,4,10,3,7,1,1,12,31.57,119.28
justin-de-haas,Justin de Haas,Defender,Valencia CF,Primera División,26,66.0,2,34.4,58.0,56.0,70.0,28,28,70.5,18.19,38.21,1,5,9,6,6,4,2,7,5.78,26.45
jude-bellingham,Jude Bellingham,Midfielder,Real Madrid,Primera División,23,65.0,4,74.8,72.0,62.0,77.5,31,25,54.6,15.7,47.1,2,8,5,4,8,2,0,11,143.53,529.11
antonio-sivera-salva,Sivera,Goalkeeper,D. Alavés,Primera División,30,65.0,5,90.0,61.0,46.0,100.0,40,40,90.0,5.66,40.0,0,2,8,5,14,7,4,0,12.85,86.45
hugo-gonzalez-sotos,Hugo González,Forward,RC Celta,Primera División,23,65.0,3,44.8,55.0,55.0,15.0,6,4,6.9,7.92,47.5,0,1,2,0,3,0,0,34,8.47,23.79
alvaro-valles-rosa,Álvaro Valles,Goalkeeper,Real Betis,Primera División,29,65.0,5,90.0,61.0,56.0,77.5,31,31,69.8,11.58,44.35,1,7,6,1,11,5,0,9,45.16,183.58
alvaro-nunez-cobo,A.Nuñez,Defender,RC Celta,Primera División,26,64.0,3,50.2,50.0,53.0,42.5,17,16,31.3,16.39,36.47,0,1,3,6,7,0,0,23,3.41,18.2
aitor-paredes-casamichana,Aitor Paredes,Defender,Athletic Club,Primera División,26,64.0,2,45.0,55.0,52.0,50.0,20,19,43.5,12.04,38.75,0,2,4,3,9,2,0,20,4.59,17.62
arda-guler,Arda Güler,Midfielder,Real Madrid,Primera División,21,64.0,4,64.0,69.0,64.0,85.0,34,29,58.2,20.44,43.09,0,7,12,9,5,1,0,6,88.29,294.64
natan-bernardo-de-souza,Natan,Defender,Real Betis,Primera División,25,64.0,5,84.2,54.0,51.0,80.0,32,31,66.2,13.8,37.34,0,3,6,6,12,5,0,8,9.16,44.79
jonathan-david,Jonathan David,Forward,Atlético de Madrid,Primera División,26,63.0,2,35.4,55.0,49.0,87.5,35,25,54.7,3.88,44.57,0,4,7,0,13,11,0,5,30.25,77.42
aymeric-laporte,Aymeric Laporte,Defender,Athletic Club,Primera División,32,63.0,4,90.0,55.0,57.0,80.0,32,31,67.0,19.52,37.5,0,7,3,6,12,0,1,11,23.25,80.17
daniel-olmo-carvajal,Dani Olmo,Midfielder,FC Barcelona,Primera División,28,63.0,2,58.6,58.0,52.0,100.0,40,28,56.7,10.11,42.13,1,4,9,5,18,2,0,1,41.84,120.32
renato-de-palma-veiga,Renato Veiga,Defender,Villarreal CF,Primera División,23,63.0,5,90.0,50.0,46.0,92.5,37,35,75.4,9.72,36.62,0,2,4,7,17,3,2,5,9.73,33.67
pierre-emerick-aubameyang,Pierre-Emerick Aubameyang,Forward,Real Club Deportivo de La Coruña,Primera División,37,62.0,4,77.0,58.0,52.0,95.0,38,30,68.6,4.8,46.58,0,4,12,1,13,6,1,3,4.15,56.68
fernando-nino-rodriguez,Fer Niño,Forward,Elche CF,Primera División,25,62.0,4,66.4,54.0,47.0,90.0,36,30,65.2,5.04,42.22,0,2,8,1,17,8,0,4,7.47,35.41
gerard-martin-langreo,Gerard Martín,Defender,FC Barcelona,Primera División,24,61.0,3,51.2,65.0,59.0,85.0,34,32,67.0,20.73,38.68,1,5,8,8,10,2,0,6,43.41,201.22
karim-adeyemi,Karim Adeyemi,Forward,FC Barcelona,Primera División,24,61.0,3,56.2,58.0,49.0,85.0,34,15,34.7,2.54,46.03,0,2,13,0,8,10,1,6,26.54,127.95
moriba-kourouma-kourouma,Ilaix Moriba,Midfielder,RC Celta,Primera División,23,61.0,4,68.8,56.0,48.0,90.0,36,29,65.2,9.75,38.19,1,2,2,6,19,5,1,4,3.95,21.94
carlos-soler-barragan,Carlos Soler,Midfielder,Real Sociedad,Primera División,29,61.0,3,52.0,49.0,51.0,90.0,36,30,65.5,10.8,40.14,0,3,7,5,18,4,0,3,7.34,23.76
pablo-barrios-rivas,Pablo Barrios,Midfielder,Atlético de Madrid,Primera División,23,61.0,2,33.4,54.0,56.0,40.0,16,13,25.9,17.51,38.13,1,1,4,2,6,2,0,24,20.42,74.9
moises-gomez-bordonado,Moi Gómez,Forward,CA Osasuna,Primera División,32,59.0,2,27.4,51.0,45.0,67.5,27,13,31.8,8.77,36.3,0,0,4,3,15,5,0,13,3.17,12.12
marcos-llorente-moreno,Marcos Llorente,Midfielder,Atlético de Madrid,Primera División,31,66.0,5,84.0,63.0,56.0,70.0,28,22,50.0,16.0,39.82,0,8,2,5,10,5,0,10,34.42,108.72
alejandro-baena-rodriguez,Álex Baena,Midfielder,Atlético de Madrid,Primera División,25,61.0,4,64.8,62.0,52.0,85.0,34,24,50.7,10.5,41.47,0,6,3,6,17,2,0,6,26.52,120.52
jan-oblak,Jan Oblak,Goalkeeper,Atlético de Madrid,Primera División,33,60.0,5,90.0,53.0,51.0,75.0,30,30,67.5,8.02,43.0,1,3,6,3,11,4,1,11,56.64,178.59
inigo-vicente-elorduy,Iñigo Vicente,Forward,Real Racing Club de Santander,Primera División,28,60.0,4,72.8,65.0,68.0,97.5,39,37,78.8,22.38,47.31,4,12,7,6,10,0,0,1,15.42,86.32
mario-soriano-carreno,Mario Soriano,Midfielder,Real Club Deportivo de La Coruña,Primera División,24,60.0,3,70.4,56.0,58.0,100.0,40,25,84.3,15.89,42.5,1,0,2,7,10,7,3,10,3.87,12.37
unai-nunez-gestoso,Unai Núñez,Defender,RCD Espanyol de Barcelona,Primera División,29,60.0,3,48.6,48.0,43.0,75.0,30,25,53.9,7.69,35.17,1,0,2,7,10,7,3,10,3.87,12.37
antonio-rudiger,Antonio Rüdiger,Defender,Real Madrid,Primera División,33,60.0,1,25.2,51.0,50.0,62.5,25,21,48.8,10.13,39.0,0,1,6,4,11,3,0,15,8.66,31.14
troy-parrott,Troy Parrott,Forward,Real Betis,Primera División,24,59.0,3,45.6,50.0,52.0,85.0,34,29,64.2,3.26,48.09,0,3,14,0,6,9,1,7,14.38,41.59
german-valera-karabinaite,Germán Valera,Forward,Elche CF,Primera División,24,59.0,5,80.2,53.0,54.0,97.5,39,36,77.8,12.88,41.54,0,7,8,4,18,1,1,1,4.73,33.87
alvaro-fernandez-carreras,Álvaro Carreras,Defender,Real Madrid,Primera División,23,59.0,1,19.0,54.0,56.0,57.5,23,20,43.1,17.45,38.91,1,3,7,3,5,4,0,17,6.37,38.23
mohamed-yassir-zabiri,Yassir Zabiri,Forward,Real Racing Club de Santander,Primera División,21,59.0,4,67.8,46.0,47.0,55.0,22,11,28.9,2.9,43.64,0,4,2,0,7,11,0,16,5.62,26.16
zaid-abner-romero,Zaid Romero,Defender,Getafe CF,Primera División,26,59.0,4,67.4,54.0,53.0,60.0,24,23,51.4,16.37,36.46,0,3,4,6,8,2,1,16,11.11,34.0
unai-simon-mendibil,Unai Simón,Goalkeeper,Athletic Club,Primera División,29,59.0,4,90.0,57.0,52.0,92.5,37,24,82.9,8.91,43.51,2,6,2,6,6,2,1,15,25.1,107.27
cristian-gabriel-romero,Cristian Romero,Defender,Atlético de Madrid,Primera División,28,58.0,4,71.0,61.0,60.0,62.5,25,24,47.3,21.06,39.2,2,6,2,6,6,2,1,15,25.1,107.27
sergio-gomez-martin,Sergio Gómez,Forward,Real Sociedad,Primera División,26,60.0,5,85.8,55.0,52.0,92.5,37,34,76.1,13.23,39.19,0,6,8,3,14,5,1,3,7.73,22.16
francisco-jose-garcia-torres,Fran García,Defender,Real Betis,Primera División,27,58.0,3,55.8,52.0,49.0,50.0,20,13,32.8,10.2,39.0,0,2,4,2,7,4,1,20,9.59,40.54
alberto-moleiro-gonzalez,Alberto Moleiro,Midfielder,Villarreal CF,Primera División,23,61.0,3,59.6,52.0,49.0,95.0,38,30,63.1,6.34,43.03,1,4,6,0,18,9,0,2,16.67,58.12
marcos-alonso-mendoza,Marcos Alonso,Defender,RC Celta,Primera División,35,58.0,4,72.0,56.0,54.0,85.0,34,34,75.2,19.8,34.56,0,2,10,8,12,2,0,6,9.45,17.14
igor-zubeldia-elorza,Zubeldia,Defender,Real Sociedad,Primera División,29,58.0,2,36.0,44.0,45.0,60.0,24,21,48.4,4.83,40.21,0,1,5,1,13,3,1,16,3.39,9.97
odisseas-vlachodimos,Odysseas,Goalkeeper,Sevilla FC,Primera División,32,58.0,2,54.0,45.0,45.0,87.5,35,35,78.8,4.58,40.0,0,1,7,4,17,7,0,4,16.1,36.95
andres-castrin,Andrés Castrín,Defender,Sevilla FC,Primera División,23,58.0,4,78.0,57.0,51.0,52.5,21,15,36.9,13.52,37.86,1,1,2,5,10,2,0,19,2.73,12.57
pablo-ramon-parra,Pablo Ramón,Defender,Real Racing Club de Santander,Primera División,25,57.0,2,43.0,53.0,49.0,67.5,27,23,51.4,14.34,34.44,0,1,6,2,14,3,1,13,2.52,17.55
pablo-fornals-malla,Pablo Fornals,Midfielder,Real Betis,Primera División,30,57.0,4,68.6,58.0,55.0,92.5,37,33,68.6,14.67,40.68,0,6,8,6,14,3,0,3,18.7,118.52
unai-lopez-cabrera,Unai López,Midfielder,Rayo Vallecano,Primera División,30,57.0,5,77.6,51.0,50.0,77.5,31,24,50.3,11.22,38.39,0,3,6,7,8,7,0,9,6.98,23.6
jon-mikel-aramburu-mejias,Jon Aramburu,Defender,Real Sociedad,Primera División,24,57.0,4,72.0,40.0,42.0,92.5,37,34,74.9,6.46,35.54,0,2,4,5,12,12,1,4,7.09,18.72
xavi-espart-font,Xavi Espart,Defender,FC Barcelona,Primera División,19,57.0,2,34.0,53.0,52.0,27.5,11,6,15.8,14.27,37.73,1,1,1,2,5,0,1,29,25.13,172.51
federico-redondo-solari,Federico Redondo,Midfielder,Elche CF,Primera División,23,57.0,3,37.2,48.0,45.0,35.0,14,6,12.2,7.2,37.5,0,2,2,0,4,5,1,26,6.12,14.9
giorgi-kochorashvili,Kochorashvili,Midfielder,Sevilla FC,Primera División,27,57.0,3,55.0,46.0,47.0,42.5,17,6,15.4,8.59,38.24,0,2,2,0,11,1,1,23,4.91,10.38
mathew-ryan,Mathew Ryan,Goalkeeper,Levante UD,Primera División,34,57.0,5,90.0,57.0,54.0,90.0,36,35,78.8,10.56,43.19,0,7,3,10,10,7,0,3,12.58,68.33
robert-navarro-munoz,Navarro,Midfielder,Athletic Club,Primera División,24,58.0,4,63.4,52.0,49.0,82.5,33,15,41.3,6.15,42.42,0,2,7,1,20,3,0,7,6.08,30.61
jonathan-castro-otto,Jonny,Defender,D. Alavés,Primera División,32,56.0,4,70.0,48.0,46.0,87.5,35,35,76.5,10.05,35.71,0,2,5,5,13,9,1,5,4.08,3.55
jose-antonio-morente-oliva,Tete Morente,Midfielder,Elche CF,Primera División,29,56.0,3,60.8,48.0,43.0,77.5,31,20,45.6,4.66,38.39,0,0,5,0,19,6,1,9,4.77,18.38
ilias-akhomach-chakkour,Ilias Akhomach,Forward,Villarreal CF,Primera División,22,56.0,2,27.4,47.0,44.0,60.0,24,13,30.2,5.85,38.33,0,1,3,3,12,4,1,16,7.03,27.59
luka-sucic,Luka Sučić,Midfielder,Real Sociedad,Primera División,24,56.0,3,69.4,49.0,45.0,75.0,30,16,40.6,4.05,40.83,0,2,5,0,12,8,0,13,5.56,38.41
andres-martin-garcia,Andrés Martín,Forward,Real Racing Club de Santander,Primera División,27,56.0,1,11.8,63.0,62.0,87.5,35,35,72.2,11.45,49.86,0,8,11,3,12,1,0,5,7.97,35.38
miguel-roman-gonzalez,Miguel Román,Midfielder,RC Celta,Primera División,23,56.0,5,88.8,54.0,52.0,62.5,25,20,48.2,12.02,40.4,1,1,4,6,12,1,0,15,6.68,25.06
ayoze-perez-gutierrez,Ayoze Pérez,Forward,Villarreal CF,Primera División,33,56.0,3,41.2,50.0,45.0,77.5,31,19,38.8,2.68,42.42,0,2,6,1,17,5,0,9,6.75,25.27
abdessamad-ezzalzouli,Abde,Forward,Real Betis,Primera División,24,56.0,3,45.6,56.0,59.0,85.0,34,30,64.2,12.39,46.91,0,8,9,7,8,1,0,7,42.67,149.4
pape-gueye,Pape Gueye,Midfielder,Villarreal CF,Primera División,27,55.0,4,69.2,58.0,52.0,85.0,34,31,64.0,12.06,39.85,1,6,4,5,13,4,1,6,14.09,47.4
ante-budimir,Budimir,Forward,CA Osasuna,Primera División,35,55.0,3,65.4,51.0,50.0,95.0,38,33,69.8,3.36,46.32,0,3,13,0,12,8,1,3,7.86,25.45
aaron-ndive-mayol-de-la-cueva,Aaron Mayol,Midfielder,Valencia CF,Primera División,18,55.0,2,36.0,55.0,55.0,5.0,2,2,9.0,7.45,47.5,0,0,1,0,1,0,0,18,,
lucas-antonio-cepeda-barturen,Lucas Cepeda,Forward,Elche CF,Primera División,23,55.0,1,34.2,50.0,51.0,72.5,29,17,42.7,9.79,41.03,0,2,6,7,12,4,0,9,4.77,16.54
juan-antonio-iglesias-sanchez,Juan Iglesias,Defender,Sevilla FC,Primera División,28,55.0,5,90.0,49.0,47.0,100.0,40,40,88.2,8.4,38.38,0,2,8,6,14,6,4,0,3.1,18.45
ville-koski,Ville Koski,Defender,D. Alavés,Primera División,24,55.0,5,81.0,49.0,44.0,67.5,27,25,51.9,7.15,36.85,0,1,5,2,13,3,2,14,8.04,26.11
miguel-angel-sierra-ortega,Miguel Sierra,Forward,Sevilla FC,Primera División,22,55.0,5,76.2,50.0,49.0,27.5,11,7,13.8,7.61,41.82,0,1,2,1,7,0,0,29,,
inigo-ruiz-de-galarreta-etxeberria,Ruiz de Galarreta,Midfielder,Athletic Club,Primera División,33,55.0,4,56.0,53.0,47.0,90.0,36,30,55.8,9.21,37.78,0,4,4,1,21,6,0,4,4.7,21.09
pedro-gonzalez-lopez,Pedri,Midfielder,FC Barcelona,Primera División,23,54.0,4,59.2,61.0,61.0,92.5,37,27,60.5,20.62,40.41,0,8,8,7,11,0,0,6,105.18,584.03
pathe-ciss,Pathé Ciss,Midfielder,Rayo Vallecano,Primera División,32,54.0,5,90.0,50.0,52.0,85.0,34,25,64.0,13.28,39.12,0,3,8,5,15,3,0,6,3.67,18.21
julian-alvarez,Julián Álvarez,Forward,Atlético de Madrid,Primera División,26,54.0,1,29.8,46.0,51.0,65.0,26,15,41.3,6.57,44.81,0,3,6,0,12,6,0,13,32.39,124.13
ramon-terrats-espacio,Ramon Terrats,Midfielder,Getafe CF,Primera División,25,54.0,4,70.6,51.0,44.0,80.0,32,19,40.9,5.48,38.13,0,0,6,3,14,9,0,8,3.02,16.7
federico-santiago-valverde-dipetta,Federico Valverde,Midfielder,Real Madrid,Primera División,28,53.0,5,79.4,55.0,63.0,90.0,36,36,76.4,16.99,45.83,1,11,5,4,13,1,0,5,29.7,182.62
roberto-fernandez-jaen,Roberto Fernández,Forward,RCD Espanyol de Barcelona,Primera División,24,53.0,3,86.6,51.0,44.0,95.0,38,27,67.2,0.6,42.76,0,1,10,0,11,16,0,2,9.3,28.62
alejandro-remiro-gargallo,Álex Remiro,Goalkeeper,Real Sociedad,Primera División,31,53.0,3,54.0,47.0,43.0,82.5,33,33,74.2,7.34,36.06,0,2,3,4,16,8,2,5,11.55,73.04
david-hancko,Dávid Hancko,Defender,Atlético de Madrid,Primera División,28,53.0,4,69.4,56.0,54.0,77.5,31,29,63.5,14.94,39.35,1,4,5,8,7,4,1,10,22.76,55.03
francisco-roman-alarcon-suarez,Isco,Midfielder,Real Betis,Primera División,34,53.0,4,53.6,51.0,47.0,37.5,15,6,14.7,8.64,38.33,0,1,1,1,11,1,0,25,13.18,70.27
alexander-freeman,Alex Freeman,Defender,Villarreal CF,Primera División,22,53.0,3,65.8,52.0,49.0,70.0,28,17,41.3,10.92,38.57,1,2,6,6,8,6,0,11,9.98,13.5
yoel-lago-amil,Yoel Lago,Defender,RC Celta,Primera División,22,53.0,4,72.0,50.0,43.0,42.5,17,15,33.0,10.31,32.65,0,0,4,1,8,2,2,23,5.67,12.39
omar-el-hilali,Omar El Hilali,Defender,RCD Espanyol de Barcelona,Primera División,23,53.0,4,69.0,46.0,46.0,90.0,36,32,71.0,8.89,36.67,0,1,7,7,10,8,2,5,4.58,50.08
david-soria-solis,David Soria,Goalkeeper,Getafe CF,Primera División,33,53.0,5,90.0,56.0,51.0,100.0,40,40,90.0,7.99,42.75,0,8,6,4,10,9,3,0,14.0,79.41
pau-cubarsi-paredes,Pau Cubarsí,Defender,FC Barcelona,Primera División,19,53.0,4,72.0,65.0,66.0,80.0,32,32,69.3,25.79,39.84,0,9,9,6,7,2,0,7,111.21,547.19
joao-pedro-cavaco-cancelo,João Cancelo,Defender,FC Barcelona,Primera División,32,53.0,4,71.4,51.0,52.0,90.0,36,27,55.2,11.82,40.83,1,4,5,5,14,4,0,7,28.32,146.82
lucas-ariel-boye,Lucas Boyé,Forward,D. Alavés,Primera División,30,53.0,5,84.4,44.0,47.0,82.5,33,27,58.2,2.48,44.55,1,2,9,0,11,10,0,7,5.94,39.76
yan-diomande,Yan Diomande,Forward,Real Madrid,Primera División,19,53.0,2,46.8,51.0,61.0,97.5,39,31,70.2,15.22,45.38,0,14,3,7,13,2,0,1,43.34,149.49
diego-valentin-gomez,Valentín Gómez,Defender,Real Betis,Primera División,23,53.0,1,39.4,45.0,43.0,67.5,27,18,46.0,8.33,34.26,0,1,2,4,14,4,2,13,6.19,16.88
morten-hjulmand,Morten Hjulmand,Midfielder,Atlético de Madrid,Primera División,27,52.0,3,54.8,49.0,56.0,77.5,31,26,59.3,19.57,36.13,1,2,9,4,12,2,0,10,11.54,84.25
aissa-mandi,Aïssa Mandi,Defender,Levante UD,Primera División,34,52.0,5,84.6,56.0,58.0,92.5,37,34,78.9,21.77,36.35,0,5,13,7,8,4,0,3,5.38,38.45
robin-aime-robert-le-normand,Robin Le Normand,Defender,Atlético de Madrid,Primera División,29,52.0,1,20.8,50.0,47.0,80.0,32,15,41.9,9.91,37.19,0,3,6,1,15,5,1,9,3.35,26.15
manuel-sanchez-de-la-pena,Manu Sánchez,Defender,Levante UD,Primera División,26,52.0,5,86.2,44.0,46.0,85.0,34,32,74.9,8.52,37.21,1,1,4,4,15,10,0,5,4.75,12.56
ivan-azon-monzon,Ivan Azón,Forward,Getafe CF,Primera División,23,52.0,3,54.4,46.0,43.0,82.5,33,20,44.8,0.03,42.88,0,1,9,0,9,14,0,7,3.34,14.77
job-nguono-ochieng,Job Ochieng,Forward,Real Sociedad,Primera División,23,52.0,2,33.8,53.0,57.0,32.5,13,12,23.1,5.17,51.15,0,2,6,0,2,2,1,27,,
nathan-saliba,Nathan Saliba,Midfielder,Villarreal CF,Primera División,22,52.0,4,71.0,48.0,47.0,82.5,33,27,56.3,9.08,37.58,0,3,2,4,17,3,1,10,9.66,32.38
angel-ortiz-monterrey,Ángel Ortiz,Defender,Real Betis,Primera División,22,52.0,1,9.0,46.0,46.0,40.0,16,11,21.7,10.96,35.0,0,0,3,2,9,2,0,24,2.84,11.45
lucien-agoume,Lucien Agoumé,Midfielder,Sevilla FC,Primera División,24,52.0,5,90.0,53.0,47.0,90.0,36,33,72.0,10.96,36.39,0,0,4,11,17,4,0,4,7.86,35.98
eduardo-exposito-jaen,Edu Expósito,Midfielder,RCD Espanyol de Barcelona,Primera División,30,52.0,4,76.8,49.0,51.0,97.5,39,34,70.0,11.79,39.49,0,2,9,8,16,4,0,1,6.57,30.66
angel-recio-gutierrez,Ángel Recio,Defender,Málaga CF,Primera División,23,52.0,5,90.0,45.0,40.0,37.5,15,13,29.8,3.13,37.0,0,1,2,1,5,4,2,25,3.05,11.16
andreas-christensen,Andreas Christensen,Defender,FC Barcelona,Primera División,30,52.0,2,62.4,49.0,46.0,32.5,13,5,16.8,6.91,38.85,0,0,2,3,2,3,0,30,7.85,42.09
adrian-de-la-fuente,Dela,Defender,Levante UD,Primera División,27,52.0,5,86.2,56.0,53.0,87.5,35,33,75.3,14.73,39.57,1,4,7,8,8,6,1,5,6.29,13.74
giuliano-simeone,Giuliano Simeone,Forward,Atlético de Madrid,Primera División,23,52.0,4,70.2,51.0,47.0,77.5,31,25,47.5,7.33,39.84,1,3,2,0,18,6,0,10,15.98,57.08
gabriel-alonso-suazo-urbina,Gabriel Suazo,Defender,Sevilla FC,Primera División,29,52.0,5,90.0,44.0,47.0,82.5,33,30,62.5,11.43,35.3,1,3,6,5,6,10,2,7,5.59,15.64
gabriel-fernando-de-jesus,Gabriel Jesus,Forward,FC Barcelona,Primera División,29,52.0,0,8.2,46.0,44.0,60.0,24,4,15.4,1.56,41.67,0,1,5,0,11,7,0,16,13.31,38.01
nelson-alexander-deossa-suarez,Nelson Deossa,Midfielder,Real Betis,Primera División,26,51.0,2,41.0,46.0,43.0,72.5,29,13,31.1,7.01,35.86,0,0,3,3,18,5,0,11,5.02,19.55
andrei-florin-ratiu,Andrei Rațiu,Defender,Rayo Vallecano,Primera División,28,51.0,4,90.0,50.0,48.0,90.0,36,32,72.3,8.38,39.58,1,4,9,0,9,9,3,5,5.76,14.95
ander-guevara-lajo,Guevara,Midfielder,D. Alavés,Primera División,29,51.0,1,19.0,40.0,39.0,62.5,25,3,16.7,3.11,36.2,0,0,3,0,14,8,0,15,2.9,9.47
trent-alexander-arnold,Trent Alexander-Arnold,Defender,Real Madrid,Primera División,27,51.0,2,33.2,52.0,55.0,60.0,24,18,39.7,14.33,41.25,1,1,8,4,7,3,0,16,14.7,75.23
luis-miguel-cruz-hernandez,Luismi Cruz,Midfielder,Real Club Deportivo de La Coruña,Primera División,25,51.0,4,61.4,52.0,52.0,95.0,38,27,56.8,10.12,41.84,0,5,6,4,20,3,0,2,3.58,23.46
julen-agirrezabala-astulez,Julen Agirrezabala,Goalkeeper,Real Racing Club de Santander,Primera División,25,51.0,5,90.0,52.0,52.0,50.0,20,20,45.0,10.18,41.25,0,0,6,5,8,1,0,20,11.31,76.37
luis-jesus-rioja-gonzalez,L. Rioja,Forward,Valencia CF,Primera División,32,51.0,1,16.2,49.0,50.0,90.0,36,28,60.1,8.79,41.25,0,2,7,3,23,1,0,4,4.02,10.0
guido-rodriguez,Guido Rodríguez,Midfielder,Valencia CF,Primera División,32,51.0,2,27.8,58.0,50.0,62.5,25,19,43.3,12.46,38.0,0,2,4,6,11,2,0,15,9.52,17.87
yangel-clemente-herrera-ravelo,Yangel Herrera,Midfielder,Real Sociedad,Primera División,28,51.0,4,64.2,44.0,41.0,52.5,21,13,26.9,2.36,38.57,0,0,3,1,9,7,0,20,3.92,17.45
vanja-drkusic,Vanja Drkušić,Defender,RCD Espanyol de Barcelona,Primera División,26,51.0,1,13.0,45.0,49.0,72.5,29,17,47.4,13.1,35.86,0,1,6,6,13,5,0,9,2.01,14.94
gerard-moreno-balaguero,Gerard Moreno,Forward,Villarreal CF,Primera División,34,50.0,2,33.8,51.0,51.0,67.5,27,15,36.4,7.34,43.7,0,2,7,1,14,3,0,13,6.48,19.82
peter-gulacsi,Péter Gulácsi,Goalkeeper,Villarreal CF,Primera División,36,50.0,4,72.0,44.0,52.0,57.5,23,23,52.9,8.97,42.61,0,4,5,2,9,5,0,15,14.61,51.87
juan-camilo-hernandez-suarez,Cucho Hernández,Forward,Real Betis,Primera División,27,50.0,3,52.0,48.0,48.0,70.0,28,22,47.3,5.45,42.5,0,3,6,2,13,4,0,12,5.33,26.38
antony-matheus-dos-santos,Antony,Forward,Real Betis,Primera División,26,50.0,4,68.4,54.0,60.0,92.5,37,33,69.4,15.69,44.05,0,9,8,7,12,1,0,3,44.55,140.98
carlos-macia-coves,Carlos Maciá,Midfielder,Villarreal CF,Primera División,18,50.0,0,2.6,41.0,41.0,22.5,9,0,3.9,2.81,37.78,0,0,1,0,6,2,0,26,5.53,17.31
hector-bellerin-moruno,Bellerín,Defender,Real Betis,Primera División,31,50.0,4,81.0,40.0,45.0,60.0,24,16,39.7,8.56,36.46,0,2,5,1,10,2,4,16,7.31,18.74
alejandro-berenguer-remiro,Álex Berenguer,Forward,Athletic Club,Primera División,31,50.0,1,38.0,45.0,47.0,85.0,34,24,55.0,8.39,38.38,0,4,1,3,21,5,0,6,1.83,10.92
karl-edouard-blaise-etta-eyong,Edouard Eyong,Forward,Levante UD,Primera División,22,50.0,0,3.8,41.0,40.0,75.0,30,9,25.9,0.54,39.17,0,1,3,0,14,12,0,10,1.61,14.44
nicolas-pepe,Nicolas Pépé,Forward,Villarreal CF,Primera División,31,50.0,2,41.6,58.0,57.0,95.0,38,29,62.2,10.46,47.11,2,8,5,4,14,4,0,3,25.99,115.15
eric-garcia-martret,Eric García,Defender,FC Barcelona,Primera División,25,50.0,3,59.8,55.0,60.0,65.0,26,25,47.4,22.89,37.12,0,7,6,5,4,3,0,15,41.2,200.61
alejandro-balde-martinez,Alejandro Balde,Defender,FC Barcelona,Primera División,22,50.0,0,2.4,41.0,47.0,60.0,24,16,37.8,11.26,36.04,0,0,4,5,10,5,0,16,4.76,38.72
enzo-bardeli,Enzo Bardeli,Midfielder,Levante UD,Primera División,25,50.0,4,67.0,51.0,55.0,82.5,33,31,79.7,12.15,42.42,2,5,6,9,14,3,0,1,4.03,31.72
marc-roca-junque,Marc Roca,Midfielder,Real Betis,Primera División,29,50.0,3,56.4,51.0,48.0,80.0,32,26,59.3,11.1,37.34,0,2,5,5,18,2,0,8,3.36,29.29
francisco-femenia-far,Kiko Femenía,Defender,Getafe CF,Primera División,35,50.0,2,19.6,38.0,42.0,72.5,29,27,51.2,7.1,34.66,0,1,4,4,12,6,2,11,3.64,13.08
gerard-fernandez-castellano,Peque Fernández,Forward,Sevilla FC,Primera División,23,50.0,1,13.6,41.0,44.0,62.5,25,14,27.1,6.5,38.0,0,2,2,3,12,6,0,15,3.89,9.48
martin-adrian-satriano-costa,Martín Satriano,Forward,Getafe CF,Primera División,25,50.0,5,76.4,49.0,48.0,95.0,38,35,75.3,5.52,41.97,0,5,4,2,20,7,0,2,5.05,25.27
thomas-lemar,Thomas Lemar,Midfielder,Elche CF,Primera División,30,50.0,1,33.0,45.0,46.0,70.0,28,14,32.0,6.43,39.46,0,0,5,2,18,3,0,12,1.44,13.12
nicholas-williams-arthuer,Nico Williams,Forward,Athletic Club,Primera División,24,49.0,4,65.4,46.0,45.0,67.5,27,17,36.6,5.97,39.44,0,2,2,2,16,4,0,14,20.12,79.96
jorge-salinas-viadero,Jorge Salinas,Defender,Real Racing Club de Santander,Primera División,19,49.0,4,72.8,48.0,48.0,80.0,32,28,61.6,8.15,40.16,0,2,6,8,6,7,3,8,3.04,28.48
eduardo-camavinga,Eduardo Camavinga,Midfielder,Real Madrid,Primera División,23,49.0,1,33.2,46.0,47.0,82.5,33,18,43.0,13.25,33.79,0,0,5,11,12,4,1,7,8.51,30.99
santiago-comesana-veiga,Santi Comesaña,Midfielder,Villarreal CF,Primera División,29,49.0,3,49.0,41.0,45.0,90.0,36,30,64.8,6.23,38.89,0,0,9,5,11,10,1,4,5.24,21.18
youssouf-fofana,Youssouf Fofana,Midfielder,Sevilla FC,Primera División,27,49.0,3,55.2,43.0,44.0,82.5,33,27,54.5,5.36,38.18,0,0,5,3,19,5,1,7,6.48,32.72
joao-lucas-de-souza-cardoso,João Cardoso,Midfielder,Atlético de Madrid,Primera División,25,49.0,2,44.0,44.0,46.0,65.0,26,15,35.2,8.95,36.92,0,3,0,4,11,7,0,15,4.83,23.09
mamadou-sarr,Mamadou Sarr,Defender,Real Sociedad,Primera División,21,49.0,3,47.6,41.0,42.0,35.0,14,10,23.4,8.35,33.57,0,0,0,3,4,5,1,27,7.1,20.12
nicolas-valentini,Nicolás Valentini,Defender,D. Alavés,Primera División,25,49.0,2,45.0,42.0,41.0,62.5,25,17,41.0,4.91,36.2,0,0,3,3,9,9,1,15,3.18,15.87
jorge-resurreccion-merodio,Koke,Midfielder,Atlético de Madrid,Primera División,34,49.0,2,51.0,51.0,51.0,92.5,37,25,56.9,14.59,36.35,0,2,6,9,16,4,0,3,2.67,32.41
denzel-dumfries,Denzel Dumfries,Defender,Real Madrid,Primera División,30,49.0,4,70.2,43.0,43.0,65.0,26,20,46.8,3.9,38.08,0,1,3,2,10,5,2,17,16.68,67.84
pablo-duran-fernandez,Pablo Durán,Forward,RC Celta,Primera División,25,49.0,2,42.6,44.0,41.0,67.5,27,13,31.0,2.49,38.15,0,1,2,0,17,7,0,13,4.4,14.36
tajon-buchanan,Tajon Buchanan,Midfielder,Villarreal CF,Primera División,27,49.0,4,65.4,45.0,43.0,90.0,36,25,50.4,5.28,37.78,0,0,6,2,17,11,0,4,3.16,17.73
unai-marrero-larranaga,Unai Marrero,Goalkeeper,Real Sociedad,Primera División,24,49.0,2,36.0,52.0,52.0,7.5,3,3,6.8,17.3,35.0,0,0,1,1,1,0,0,37,6.37,21.76
gonzalo-villar-del-fraile,Gonzalo Villar,Midfielder,Elche CF,Primera División,28,49.0,5,78.6,50.0,47.0,65.0,26,16,35.9,8.69,37.88,0,1,2,6,14,3,0,14,1.71,13.11
bright-ede,Bright Ede,Defender,Real Club Deportivo de La Coruña,Primera División,19,49.0,2,36.0,47.0,47.0,10.0,4,3,40.9,10.35,36.25,0,0,1,0,2,1,0,3,1.01,16.77
kang-in-lee,Kang-In Lee,Midfielder,Atlético de Madrid,Primera División,25,48.0,5,71.4,54.0,51.0,80.0,32,20,42.4,11.9,39.53,1,4,3,3,13,4,1,11,38.44,104.82
einar-galilea-azaceta,Einar Galilea,Defender,Málaga CF,Primera División,32,48.0,4,59.8,44.0,47.0,62.5,25,24,50.0,11.36,35.6,0,1,3,7,8,6,0,15,4.55,8.13
benat-turrientes-imaz,Turrientes,Midfielder,Real Sociedad,Primera División,24,48.0,2,29.2,41.0,45.0,70.0,28,18,36.4,7.47,37.32,0,1,3,3,14,7,0,12,5.42,11.51
lucas-noubi-ngnokam,Lucas Noubi,Defender,Real Club Deportivo de La Coruña,Primera División,21,48.0,3,54.0,48.0,46.0,75.0,30,28,61.8,11.42,34.5,1,0,5,6,9,6,3,10,2.86,12.71
benat-gerenabarrena-zendoia,Beñat Gerenabarrena,Midfielder,Athletic Club,Primera División,23,48.0,3,58.0,51.0,53.0,90.0,36,33,72.0,16.86,36.67,1,4,6,7,14,3,1,4,2.31,34.07
quilindschy-hartman,Quilindschy Hartman,Defender,RCD Espanyol de Barcelona,Primera División,24,48.0,1,27.8,44.0,45.0,45.0,18,15,33.7,7.83,37.22,0,0,4,2,7,3,1,23,1.95,16.89
roger-hinojo-estrada,Roger Hinojo,Defender,RCD Espanyol de Barcelona,Primera División,21,48.0,5,71.2,47.0,43.0,92.5,37,34,73.7,6.38,36.76,0,1,5,3,16,11,1,3,2.74,14.9
bernardo-mota-veiga-de-carvalho-e-silva,Bernardo Silva,Midfielder,Real Madrid,Primera División,32,48.0,0,16.0,42.0,50.0,87.5,35,28,55.4,11.79,37.71,0,3,7,4,14,5,1,6,7.03,44.11
adria-giner-pedrosa,Adrià Pedrosa,Defender,Rayo Vallecano,Primera División,28,48.0,4,79.6,43.0,39.0,75.0,30,11,34.7,1.33,37.67,0,1,4,1,9,13,2,10,4.2,19.77
jon-ander-olasagasti-imizcoz,Olasagasti,Midfielder,Levante UD,Primera División,26,48.0,5,83.0,54.0,46.0,90.0,36,23,54.2,5.6,39.72,0,2,7,3,14,10,1,3,4.22,23.37
pau-navarro-badenes,Pau Navarro,Defender,Villarreal CF,Primera División,21,48.0,4,68.4,39.0,44.0,70.0,28,27,57.6,8.98,35.36,0,4,2,3,8,8,3,12,6.38,17.49
joan-garcia-pons,Joan García,Goalkeeper,FC Barcelona,Primera División,25,48.0,4,63.0,52.0,57.0,70.0,28,28,59.7,11.79,44.82,0,10,3,1,13,2,0,11,154.59,584.44
pablo-martinez-andres,P. Martínez,Midfielder,Málaga CF,Primera División,28,47.0,3,61.4,54.0,46.0,67.5,27,20,46.2,5.73,40.0,0,4,1,0,15,8,0,12,3.84,18.25
felix-alexandre-andrade-sanches-correia,Félix Correia,Forward,Sevilla FC,Primera División,25,47.0,4,56.8,45.0,46.0,97.5,39,29,58.0,7.36,38.33,0,1,5,5,26,1,1,1,5.47,15.67
daniel-ceballos-fernandez,Dani Ceballos,Midfielder,Real Betis,Primera División,30,47.0,0,14.6,39.0,38.0,30.0,12,1,8.8,6.56,31.67,0,0,0,2,6,3,1,28,11.49,44.52
roger-brugue-ayguade,R. Brugué,Midfielder,Levante UD,Primera División,29,50.0,5,88.8,44.0,42.0,47.5,19,11,27.7,2.03,39.74,0,2,2,0,7,8,1,20,3.98,4.05
ander-barrenetxea-muguruza,Barrenetxea,Forward,Real Sociedad,Primera División,24,47.0,3,51.0,43.0,46.0,75.0,30,20,39.7,5.56,40.0,0,0,7,3,16,5,0,9,4.56,16.95
lucas-frederic-stassin,Lucas Stassin,Forward,Sevilla FC,Primera División,21,47.0,2,39.0,45.0,50.0,85.0,34,27,61.8,5.54,44.56,1,5,7,0,19,2,1,5,3.17,19.93
juan-berrocal-gonzalez,Juan Berrocal,Defender,Málaga CF,Primera División,27,47.0,1,18.4,49.0,48.0,37.5,15,13,43.8,10.7,36.67,0,0,1,8,9,5,1,16,3.27,10.78
anthony-gordon,Anthony Gordon,Forward,FC Barcelona,Primera División,25,47.0,3,50.0,58.0,57.0,75.0,30,24,49.7,8.81,48.83,1,6,8,1,10,3,0,11,37.63,176.11
stole-dimitrievski,Stole Dimitrievski,Goalkeeper,Valencia CF,Primera División,32,47.0,5,90.0,45.0,46.0,77.5,31,31,69.8,5.66,40.81,0,3,6,2,11,4,4,10,9.26,50.67
carlos-dotor-gonzalez,Carlos Dotor,Midfielder,Málaga CF,Primera División,25,47.0,4,65.4,49.0,50.0,85.0,34,33,66.2,10.84,38.82,0,4,3,4,18,3,0,8,3.27,11.06
johan-andres-mojica-palacio,J. Mojica,Defender,Getafe CF,Primera División,34,47.0,4,81.0,52.0,44.0,87.5,35,32,71.4,7.4,36.86,0,2,6,4,13,8,2,5,3.93,22.57
aliou-dieng,Aliou Dieng,Midfielder,Valencia CF,Primera División,28,47.0,2,40.8,42.0,42.0,25.0,10,6,56.3,7.3,35.0,0,0,1,3,6,2,0,18,2.17,9.07
jose-antonio-fernandez-pomares,Josan Ferrández,Midfielder,Elche CF,Primera División,36,49.0,0,5.0,48.0,46.0,52.5,21,3,12.5,6.22,39.76,0,2,2,0,16,1,0,19,3.64,10.96
david-otorbi-ejededawe,David Otorbi,Forward,Valencia CF,Primera División,18,47.0,2,52.2,46.0,46.0,15.0,6,2,6.7,6.63,39.17,0,0,1,1,4,0,0,34,3.06,4.87
enrique-ribes-recaj,Quique Ribes,Defender,RC Celta,Primera División,22,47.0,3,49.8,61.0,61.0,17.5,7,7,46.9,19.28,42.14,0,2,0,3,2,0,0,6,,
giacomo-quagliata,Giacomo Quagliata,Defender,Real Club Deportivo de La Coruña,Primera División,26,47.0,4,77.8,41.0,42.0,97.5,39,36,77.3,6.02,36.41,0,0,5,6,19,8,1,1,3.74,2.76
carlos-espi-escrihuela,Carlos Espí,Forward,Real Madrid,Primera División,21,47.0,0,2.4,54.0,50.0,70.0,28,13,33.6,3.65,45.54,0,2,9,0,9,8,0,12,14.01,37.49
miguel-loureiro-ameijeda,Miguel Loureiro Ameijenda,Defender,Real Club Deportivo de La Coruña,Primera División,29,47.0,1,24.2,45.0,47.0,82.5,33,30,67.1,10.73,35.91,0,1,5,6,14,7,0,7,2.64,9.54
jesus-areso-blanco,Areso,Defender,Athletic Club,Primera División,27,47.0,3,57.2,38.0,43.0,65.0,26,14,35.3,8.99,34.42,0,1,3,4,10,6,2,14,2.72,13.71
marcos-fernandez-sanchez,Marcos Fernández,Forward,RCD Espanyol de Barcelona,Primera División,23,47.0,1,41.4,47.0,46.0,85.0,34,28,64.9,0.7,44.71,0,1,13,0,9,10,1,6,2.48,10.11
thibaut-courtois,Thibaut Courtois,Goalkeeper,Real Madrid,Primera División,34,47.0,5,90.0,47.0,52.0,80.0,32,32,71.2,9.84,41.72,0,3,6,6,15,1,1,8,88.97,347.56
mikel-jauregizar-alboniga,Mikel Jauregizar,Midfielder,Athletic Club,Primera División,22,47.0,2,42.4,39.0,44.0,90.0,36,30,62.0,8.99,34.58,0,0,4,7,15,9,1,4,6.7,21.34
lorenzo-amatucci,Lorenzo Amatucci,Midfielder,Real Club Deportivo de La Coruña,Primera División,22,46.0,4,72.0,54.0,53.0,95.0,38,36,79.2,15.14,37.63,0,3,9,9,13,4,0,2,7.0,22.93
alvaro-garcia-rivera,Álvaro García,Midfielder,Rayo Vallecano,Primera División,33,50.0,5,85.0,42.0,50.0,82.5,33,24,52.5,6.59,43.33,0,4,7,1,14,7,0,7,3.87,13.48
alex-marchal-garcia,Alex Marchal,Forward,Real Sociedad,Primera División,19,46.0,1,13.4,47.0,44.0,37.5,15,7,16.4,7.57,36.67,0,1,0,3,9,2,0,25,,
javier-morcillo-rodrigalvarez,Javier Morcillo,Midfielder,Elche CF,Primera División,20,46.0,3,59.6,41.0,41.0,25.0,10,4,23.8,6.15,35.0,0,0,0,2,5,3,0,10,,
ferran-jutlga-blanc,Ferran Jutglà,Forward,RC Celta,Primera División,27,46.0,4,55.8,42.0,45.0,85.0,34,21,46.2,3.16,41.76,1,0,7,0,18,8,0,6,3.43,13.64
rafael-garrido-hierro,Rafita,Defender,Málaga CF,Primera División,21,46.0,4,76.4,50.0,51.0,82.5,33,32,71.0,13.37,37.27,0,1,8,6,11,5,0,9,3.57,6.55
ivan-romero-de-avila-araque,I.Romero,Forward,Levante UD,Primera División,25,46.0,4,63.0,42.0,45.0,82.5,33,28,58.5,5.49,39.85,0,1,6,5,14,8,0,6,4.61,13.18
jon-martin-vicente,Jon Martín,Defender,Real Sociedad,Primera División,20,46.0,3,55.2,46.0,49.0,80.0,32,31,69.1,10.92,38.28,1,2,4,7,9,7,1,9,7.36,18.84
aitor-fernandez-abarisketa,AITOR FDEZ.,Goalkeeper,CA Osasuna,Primera División,35,45.0,2,36.0,46.0,46.0,10.0,4,3,7.9,10.9,35.0,0,0,0,2,2,0,0,36,5.95,20.51
emil-audero-mulyadi,Emil Audero,Goalkeeper,Rayo Vallecano,Primera División,29,45.0,3,54.0,51.0,48.0,82.5,33,33,74.2,7.37,40.3,0,1,11,3,6,10,2,7,11.82,59.24
rockson-yeboah,Rockson Yeboah,Defender,CA Osasuna,Primera División,22,45.0,2,42.0,45.0,45.0,7.5,3,2,30.0,9.71,35.0,0,0,1,0,1,1,0,17,2.36,9.16
aurelien-tchouameni,Aurélien Tchouaméni,Midfielder,Real Madrid,Primera División,26,45.0,2,37.8,61.0,60.0,70.0,28,25,51.8,21.55,38.57,2,4,5,7,10,1,0,11,27.21,52.45
luken-beitia-aguirregomezcorta,Luken Beitia,Defender,Real Sociedad,Primera División,22,44.0,3,54.0,45.0,44.0,35.0,14,13,28.6,8.22,35.71,0,1,2,3,2,5,1,26,,
adrian-nino-heredia,Adrián Niño,Forward,Málaga CF,Primera División,22,44.0,0,19.4,42.0,47.0,77.5,31,12,30.9,2.74,44.03,0,2,8,0,10,9,0,11,3.75,1.22
javier-rueda-garcia,Javi Rueda,Defender,RC Celta,Primera División,24,44.0,3,47.8,43.0,46.0,77.5,31,21,43.6,5.21,40.65,0,0,10,2,7,11,1,9,2.96,11.47
bryan-zaragoza-martinez,Bryan Zaragoza,Midfielder,RCD Espanyol de Barcelona,Primera División,25,44.0,1,27.4,44.0,49.0,62.5,25,16,32.7,8.09,41.4,0,2,4,3,15,1,0,15,4.64,23.6
mikel-rodriguez-ulacia,Mikel Rodríguez,Midfielder,D. Alavés,Primera División,24,44.0,1,10.8,43.0,44.0,67.5,27,20,42.8,7.46,36.3,0,3,1,2,15,4,2,13,3.77,12.38
ruben-sanchez-saez,Rubén Sánchez,Defender,Elche CF,Primera División,25,44.0,0,17.8,41.0,40.0,57.5,23,8,21.9,4.28,35.65,0,2,2,1,10,6,2,17,4.27,10.17
goncalo-manuel-ganchinho-guedes,Gonçalo Guedes,Forward,Real Sociedad,Primera División,29,44.0,3,56.8,44.0,50.0,65.0,26,18,38.0,6.37,43.46,0,1,7,4,14,2,0,12,6.72,22.53
denis-suarez-fernandez,Denis Suárez,Midfielder,D. Alavés,Primera División,32,44.0,2,39.0,41.0,42.0,82.5,33,17,39.2,4.48,37.27,0,0,3,1,23,6,0,7,2.75,7.2
zakaria-eddahchouri,Zakaria Eddahchouri,Forward,Real Club Deportivo de La Coruña,Primera División,26,44.0,0,7.8,44.0,45.0,77.5,31,13,29.2,1.67,42.9,0,1,8,0,13,9,0,9,3.22,10.38
johaneko-louisjean,Johaneko Louis-Jean,Defender,Athletic Club,Primera División,22,44.0,2,33.6,44.0,44.0,12.5,5,2,28.0,8.54,35.0,0,0,1,0,4,2,0,25,,19.33
ivan-martin-nunez,Iván Martín,Midfielder,Real Racing Club de Santander,Primera División,27,44.0,4,70.8,46.0,46.0,90.0,36,30,65.6,11.29,34.44,0,1,2,9,22,1,1,4,5.45,30.4
javier-rodriguez-galiano,Javi Rodríguez,Defender,RC Celta,Primera División,23,44.0,1,19.2,49.0,48.0,85.0,34,31,65.1,9.26,37.94,0,2,6,4,15,6,1,6,2.97,13.51
vinicius-jose-paixao-de-oliveira-junior,Vinícius Júnior,Forward,Real Madrid,Primera División,26,44.0,5,77.6,53.0,60.0,95.0,38,37,79.0,11.66,48.68,1,9,10,6,11,1,0,2,66.73,279.48
pablo-ibanez-lumbreras,Ibáñez,Midfielder,D. Alavés,Primera División,28,44.0,5,80.0,46.0,45.0,97.5,39,31,62.3,7.87,36.92,0,0,9,5,15,10,0,1,1.34,24.13
marko-dmitrovic,Marko Dmitrović,Goalkeeper,RCD Espanyol de Barcelona,Primera División,34,44.0,5,90.0,49.0,50.0,97.5,39,39,87.8,9.07,41.28,0,5,7,6,11,7,3,1,11.33,69.65
georges-mikautadze,Georges Mikautadze,Forward,Villarreal CF,Primera División,25,44.0,3,59.4,50.0,51.0,95.0,38,26,61.5,5.21,45.53,0,3,11,2,19,3,0,2,24.01,72.24
francisco-javier-hernandez-coarasa,Javi Hernández,Midfielder,RCD Espanyol de Barcelona,Primera División,22,44.0,5,80.8,50.0,51.0,70.0,28,28,60.5,5.0,45.89,0,3,10,1,8,6,0,12,4.9,29.8
inaki-williams-arthuer,Williams,Forward,Athletic Club,Primera División,32,44.0,5,66.8,46.0,44.0,75.0,30,26,50.6,2.01,41.83,0,4,3,1,10,11,0,11,6.1,18.71
facundo-valentin-buonanotte,Facundo Buonanotte,Midfielder,Elche CF,Primera División,21,44.0,3,38.6,37.0,36.0,20.0,8,3,6.8,-2.39,38.13,0,0,1,0,1,6,0,32,1.89,14.98
jose-luis-gaya-pena,Gayà,Defender,Valencia CF,Primera División,31,44.0,3,58.2,55.0,49.0,82.5,33,31,64.0,11.2,38.03,0,3,4,7,13,5,1,7,2.42,23.01
andres-garcia-robledo,Andrés García,Defender,Getafe CF,Primera División,23,44.0,3,61.2,42.0,41.0,37.5,15,6,16.0,3.87,36.67,0,0,1,1,11,2,0,25,2.74,10.8
diego-javier-llorente-rios,Diego Llorente,Defender,Real Betis,Primera División,33,44.0,1,7.8,58.0,54.0,60.0,24,20,43.9,16.61,37.29,0,6,2,6,4,5,1,16,5.84,14.32
carlos-francisco-puga-medina,Carlos Puga,Defender,Málaga CF,Primera División,25,43.0,2,36.2,54.0,55.0,92.5,37,34,75.5,16.46,37.84,0,9,6,2,10,6,2,5,4.63,14.58
oihan-sancet-tirapu,Oihan Sancet,Midfielder,Athletic Club,Primera División,26,43.0,5,85.0,47.0,42.0,77.5,31,25,51.2,3.26,39.19,0,1,5,1,11,13,0,9,12.05,42.79
jon-gorrotxategi-etxaniz,Jon Gorrotxategi,Midfielder,Real Sociedad,Primera División,24,43.0,1,32.4,41.0,46.0,77.5,31,23,51.0,8.24,37.58,0,2,4,2,19,3,1,9,5.11,20.4
pedro-diaz-fanjul,Pedro Diaz,Midfielder,Rayo Vallecano,Primera División,28,43.0,3,62.0,42.0,41.0,90.0,36,15,41.0,4.93,36.39,0,0,2,0,28,6,0,4,3.45,15.71
yeray-alvarez-lopez,Yeray,Defender,Athletic Club,Primera División,31,43.0,3,45.0,44.0,45.0,27.5,11,10,20.7,9.34,35.45,0,0,2,0,6,3,0,29,4.29,10.05
carles-alena-castillo,Carles Aleñà,Midfielder,D. Alavés,Primera División,28,43.0,1,20.8,41.0,42.0,87.5,35,19,42.7,4.21,37.43,0,1,2,2,22,8,0,5,1.81,10.29
antonio-blanco-conde,Antonio Blanco,Midfielder,D. Alavés,Primera División,26,43.0,4,69.4,44.0,49.0,95.0,38,37,79.8,11.0,38.29,0,2,8,4,17,7,0,2,4.26,15.71
jose-maria-gimenez-de-vargas,José María Giménez,Defender,Real Club Deportivo de La Coruña,Primera División,31,43.0,4,70.6,43.0,46.0,50.0,20,13,30.7,10.83,35.5,0,3,0,5,5,3,2,22,5.99,25.63
nemanja-gudelj,Nemanja Gudelj,Midfielder,Getafe CF,Primera División,34,43.0,4,73.8,39.0,41.0,92.5,37,28,62.9,3.63,37.7,0,0,4,2,20,10,0,4,2.24,8.08
marc-bernal-casas,Marc Bernal,Midfielder,FC Barcelona,Primera División,19,43.0,0,22.4,48.0,48.0,75.0,30,14,32.8,8.6,39.17,0,2,5,1,17,5,0,10,18.71,51.55
jorge-herrando-oroz,HERRANDO,Defender,CA Osasuna,Primera División,25,43.0,1,7.8,44.0,42.0,72.5,29,20,43.2,4.05,37.59,0,0,4,4,12,8,1,11,3.1,9.4
sergio-carreira-vilarino,Sergio Carreira,Defender,RC Celta,Primera División,25,43.0,3,68.2,46.0,44.0,97.5,39,28,71.0,6.16,37.69,0,1,6,5,15,11,1,1,1.8,12.31
sergio-canales-madrazo,Canales,Midfielder,Real Racing Club de Santander,Primera División,35,43.0,4,73.2,43.0,54.0,77.5,31,27,59.6,10.29,43.23,0,8,2,5,10,6,0,9,4.35,30.16
arnaut-danjuma-groeneveld,Arnaut Danjuma,Forward,Valencia CF,Primera División,29,43.0,4,77.6,41.0,43.0,80.0,32,20,46.0,4.19,38.13,0,0,5,3,13,11,0,8,2.15,14.42
yeremay-hernandez-cubas,Yeremay Hernández,Forward,Real Club Deportivo de La Coruña,Primera División,23,43.0,1,28.8,50.0,57.0,87.5,35,25,59.3,12.07,45.14,2,7,4,4,15,2,1,5,6.77,35.93
enrique-jesus-salas-valiente,Kike Salas,Defender,Sevilla FC,Primera División,24,43.0,4,72.0,54.0,51.0,70.0,28,26,59.5,12.75,38.04,0,4,4,4,8,8,0,12,5.47,26.59
leandro-daniel-cabrera-sasia,Leandro Cabrera,Defender,RCD Espanyol de Barcelona,Primera División,35,43.0,4,72.0,44.0,44.0,90.0,36,36,81.0,7.76,36.53,0,2,4,4,17,8,1,4,1.33,15.56
joaquin-navarro-jimenez,Ximo Navarro,Defender,Real Club Deportivo de La Coruña,Primera División,36,43.0,4,70.6,48.0,48.0,55.0,22,18,39.7,12.34,36.14,0,1,5,3,10,3,0,18,1.45,17.75
mikel-oyarzabal-ugarte,Oyarzabal,Forward,Real Sociedad,Primera División,29,42.0,4,63.6,43.0,53.0,95.0,38,32,67.3,5.46,47.11,0,4,10,3,16,5,0,2,22.49,84.64
abderrahman-rebbach,A. Rebbach,Forward,D. Alavés,Primera División,28,42.0,5,76.4,47.0,45.0,85.0,34,22,49.8,7.26,37.65,0,2,2,5,18,7,0,6,2.16,14.43
carlos-nahuel-benavidez-protesoni,C. Benavìdez,Midfielder,D. Alavés,Primera División,28,42.0,1,27.8,38.0,37.0,37.5,15,4,11.2,3.43,33.67,0,0,0,0,13,2,0,25,2.28,9.82
pablo-garcia-fernandez,Pablo García,Forward,Real Racing Club de Santander,Primera División,20,42.0,3,48.0,42.0,39.0,45.0,18,5,13.8,1.48,37.78,0,0,2,0,12,4,0,22,3.89,27.63
juan-cruz-diaz-esposito,Juan Cruz,Midfielder,Málaga CF,Primera División,26,44.0,2,32.6,39.0,49.0,97.5,39,33,70.1,9.46,39.36,1,2,5,3,24,4,0,1,1.96,8.24
maguette-gueye,Maguette Gueye,Midfielder,Real Racing Club de Santander,Primera División,23,42.0,1,20.2,43.0,41.0,85.0,34,21,45.8,3.06,37.21,0,0,4,1,17,12,0,6,2.15,10.5
victor-chust-garcia,Víctor Chust,Defender,Elche CF,Primera División,26,42.0,5,90.0,46.0,48.0,87.5,35,27,64.5,10.19,37.0,0,4,6,5,12,5,3,5,4.98,14.38
sergi-cardona-bermudez,Sergi Cardona,Defender,Villarreal CF,Primera División,27,42.0,4,63.0,43.0,43.0,77.5,31,20,47.5,4.98,37.58,0,1,4,2,14,9,1,9,5.16,15.39
giovani-lo-celso,Giovani Lo Celso,Midfielder,Real Betis,Primera División,30,42.0,0,1.2,47.0,47.0,27.5,11,6,11.8,7.82,39.55,0,0,2,0,6,2,0,30,4.85,15.37
angel-perez-hidalgo,Ángel Pérez,Defender,D. Alavés,Primera División,24,58.0,4,69.4,52.0,49.0,62.5,25,22,70.4,8.95,40.0,0,3,4,6,21,5,0,1,7.9,21.24
peio-canales-urtasun,Peio Canales,Midfielder,Athletic Club,Primera División,21,42.0,1,26.0,51.0,52.0,85.0,34,31,67.6,10.74,41.91,1,3,5,6,15,4,0,6,4.17,24.42
mujaid-sadick-aliu,Mujaid Sadick,Defender,Rayo Vallecano,Primera División,26,41.0,2,33.2,47.0,50.0,82.5,33,29,66.2,12.82,36.52,0,2,1,11,17,2,0,7,2.01,9.48
ibrahima-konate,Ibrahima Konaté,Defender,Real Madrid,Primera División,27,41.0,4,90.0,44.0,54.0,72.5,29,28,60.6,10.93,43.1,0,6,4,5,9,3,1,12,18.44,55.65
dominik-livakovic,Dominik Livaković,Goalkeeper,FC Barcelona,Primera División,31,41.0,2,36.0,54.0,50.0,65.0,26,26,58.5,6.45,43.65,0,2,7,1,7,5,0,18,22.68,92.79
mariano-diaz-mejia,Mariano Díaz,Forward,D. Alavés,Primera División,33,41.0,3,52.4,46.0,45.0,30.0,12,5,12.2,0.93,43.75,0,1,2,0,4,5,0,28,3.64,7.49
javier-galan-gil,Javier Galán,Defender,RC Celta,Primera División,31,41.0,1,20.4,37.0,48.0,65.0,26,22,47.6,12.85,34.62,0,2,4,5,9,5,1,14,2.32,7.36
hector-junior-firpo-adames,Junior Firpo,Defender,Real Betis,Primera División,30,41.0,2,34.2,37.0,37.0,25.0,10,8,16.3,1.87,35.0,0,0,0,1,4,5,0,30,4.53,13.13
jose-salinas-moran,José Salinas,Defender,Málaga CF,Primera División,26,41.0,4,68.4,31.0,34.0,37.5,15,6,14.9,-0.09,33.67,0,0,0,2,4,7,2,25,3.78,11.29
hugo-duro-perales,Hugo Duro,Forward,Valencia CF,Primera División,26,41.0,2,39.2,41.0,42.0,95.0,38,22,49.3,0.49,40.92,0,0,9,0,9,20,0,2,1.4,13.01
ruben-garcia-santos,Rubén García,Midfielder,CA Osasuna,Primera División,33,42.0,4,53.0,43.0,47.0,92.5,37,31,60.6,7.87,39.32,0,3,3,4,23,4,0,3,2.55,7.85
filip-ugrinic,Filip Ugrinic,Midfielder,Valencia CF,Primera División,27,41.0,5,81.0,42.0,46.0,77.5,31,23,48.9,7.32,38.23,0,1,4,3,18,5,0,9,4.51,11.19
jose-luis-garcia-vaya,Pepelu,Midfielder,Valencia CF,Primera División,28,41.0,5,78.0,40.0,47.0,87.5,35,31,65.3,10.34,36.43,0,2,2,5,24,2,0,5,3.93,19.67
orel-mangala,Orel Mangala,Midfielder,Getafe CF,Primera División,28,41.0,4,75.0,41.0,42.0,52.5,21,13,30.3,7.02,35.0,0,0,0,3,16,2,0,19,3.31,23.48
clemens-riedel,Clemens Riedel,Defender,RCD Espanyol de Barcelona,Primera División,23,41.0,2,41.4,44.0,43.0,65.0,26,20,44.0,5.24,37.88,0,2,3,4,8,8,1,14,3.65,13.72
ifeanyi-ndukwe,Ifeanyi Ndukwe,Defender,Levante UD,Primera División,18,41.0,0,9.2,40.0,40.0,7.5,3,0,1.6,4.63,35.0,0,0,0,1,1,1,0,37,2.85,16.56
thiago-cruz-fernandez,Thiago Fernández,Forward,Levante UD,Primera División,22,41.0,4,58.0,40.0,43.0,50.0,20,13,30.9,3.95,39.0,0,0,4,0,12,4,0,20,2.39,11.33
logan-costa,Logan Costa,Defender,Villarreal CF,Primera División,25,41.0,1,16.6,39.0,39.0,7.5,3,1,2.8,4.21,35.0,0,0,0,0,3,0,0,37,2.45,6.99
david-larrubia-romano,David Larrubia,Forward,Málaga CF,Primera División,24,41.0,5,90.0,45.0,54.0,92.5,37,35,76.7,11.14,42.97,1,3,6,8,16,1,0,5,3.29,22.33
youssef-enriquez-lekhedim,Youssef Lekhedim,Defender,D. Alavés,Primera División,20,41.0,0,20.6,39.0,38.0,72.5,29,13,36.5,1.73,35.86,0,1,0,1,12,14,1,11,2.95,15.1
rodrigo-riquelme-reche,Rodrigo Riquelme,Midfielder,Real Betis,Primera División,26,44.0,2,38.0,51.0,44.0,67.5,27,7,21.7,4.01,39.63,0,2,3,0,13,9,0,13,4.44,27.89
facundo-bernal-cruz,Facundo Bernal,Midfielder,Real Betis,Primera División,23,41.0,3,51.8,43.0,40.0,65.0,26,15,30.4,5.42,34.23,0,0,1,4,14,6,1,14,6.21,20.35
alex-douma-johan-lebarbier,Alex Lebarbier,Midfielder,Real Sociedad,Primera División,22,41.0,1,19.0,40.0,40.0,22.5,9,6,12.4,1.96,37.78,0,0,1,1,4,3,0,31,,
alfonso-herrero-peinador,Alfonso Herrero,Goalkeeper,Málaga CF,Primera División,32,41.0,5,90.0,43.0,49.0,100.0,40,40,90.0,8.94,40.38,0,2,8,5,17,5,1,2,6.96,42.5
francho-serrano-gracia,Francho Serrano,Midfielder,Getafe CF,Primera División,24,40.0,3,52.2,40.0,44.0,77.5,31,30,65.7,5.78,38.71,0,2,3,1,19,6,0,9,1.57,5.55
iago-aspas-juncal,Iago Aspas,Forward,RC Celta,Primera División,39,40.0,1,19.4,42.0,46.0,85.0,34,12,30.1,6.61,39.41,0,2,4,1,23,3,1,6,2.8,14.99
roy-revivo,Roy Revivo,Defender,Elche CF,Primera División,23,40.0,4,86.0,44.0,41.0,45.0,18,17,81.9,-1.33,41.39,0,2,4,3,6,8,4,13,4.86,8.78
jon-pacheco-dozagarat,Jon Pacheco,Defender,Real Sociedad,Primera División,25,40.0,0,4.0,39.0,45.0,52.5,21,19,41.2,9.95,35.0,0,2,3,1,10,4,1,19,3.61,12.42
jon-moncayola-tollar,Moncayola,Midfielder,CA Osasuna,Primera División,28,40.0,4,71.6,42.0,43.0,95.0,38,36,76.9,6.05,36.97,0,0,6,3,17,12,0,2,2.04,11.54
abiel-osorio,Abiel Osorio,Forward,Elche CF,Primera División,24,40.0,1,35.0,41.0,43.0,40.0,16,12,34.8,3.09,40.31,0,1,3,1,15,4,0,16,3.35,8.87
gnangoro-bouare-samake,Gnangoro,Midfielder,Rayo Vallecano,Primera División,22,40.0,2,37.8,40.0,40.0,12.5,5,2,37.8,5.4,35.0,0,0,0,1,4,0,0,0,3.02,9.53
carl-starfelt,Carl Starfelt,Defender,RC Celta,Primera División,31,40.0,3,48.6,45.0,46.0,47.5,19,16,35.0,8.95,36.84,0,1,0,5,8,4,0,22,2.08,10.32
djene-dakonam-ortega,Djené Dakonam,Defender,Getafe CF,Primera División,34,40.0,5,85.0,40.0,42.0,90.0,36,34,71.8,9.15,33.33,0,0,4,7,13,8,3,5,2.61,13.44
harvey-elliot,Harvey Elliott,Midfielder,Valencia CF,Primera División,23,40.0,0,17.0,39.0,39.0,17.5,7,1,4.9,4.2,35.0,0,0,0,0,5,2,0,33,5.39,22.44
jonathan-asp-jensen,Jonathan Jensen,Midfielder,Real Club Deportivo de La Coruña,Primera División,20,40.0,1,21.0,49.0,44.0,82.5,33,31,66.2,1.88,41.36,0,4,5,0,17,5,3,6,3.26,21.81
pablo-martin-paez-gavira,Gavi,Midfielder,FC Barcelona,Primera División,22,40.0,0,7.2,41.0,43.0,45.0,18,10,21.9,8.97,33.89,0,0,0,4,12,0,0,24,10.13,38.55
carlos-romero-serrano,Carlos Romero,Defender,Villarreal CF,Primera División,24,40.0,1,23.4,57.0,51.0,87.5,35,34,76.2,11.55,39.57,1,2,11,5,7,7,2,5,4.89,24.82
marc-casado-torras,Marc Casadó,Midfielder,Real Club Deportivo de La Coruña,Primera División,23,40.0,2,24.0,38.0,40.0,50.0,20,7,17.6,5.58,34.0,0,0,1,0,16,2,1,20,4.42,27.82
oscar-valentin-martin-luengo,Óscar Valentín,Midfielder,Rayo Vallecano,Primera División,32,40.0,3,51.8,44.0,45.0,92.5,37,25,52.0,9.12,36.08,0,0,4,6,22,5,0,3,3.63,10.19
nahuel-tenaglia,Nahuel Tenaglia,Defender,D. Alavés,Primera División,30,40.0,5,81.0,50.0,50.0,95.0,38,38,84.3,13.8,36.32,0,3,8,7,10,9,1,2,5.77,26.92
alejandro-catena-marugan,Catena,Defender,CA Osasuna,Primera División,31,39.0,4,72.0,46.0,45.0,90.0,36,36,79.1,9.57,35.14,0,2,6,7,11,7,3,4,4.84,25.61
haitam-abaida-el-achhab,Haitam Abaida,Forward,Málaga CF,Primera División,24,39.0,0,3.2,40.0,41.0,22.5,9,0,3.0,2.93,37.78,0,0,1,0,4,4,0,31,2.84,12.7
domingos-andre-ribeiro-almeida,André Almeida,Midfielder,Real Racing Club de Santander,Primera División,26,39.0,1,24.4,45.0,47.0,57.5,23,12,27.6,10.63,36.3,0,0,5,3,10,4,1,17,2.79,19.51
aboubacar-sangare-traore,Buba Sangaré,Defender,Elche CF,Primera División,19,39.0,5,72.0,32.0,33.0,47.5,19,15,27.0,-2.7,35.0,0,0,0,0,11,5,3,21,4.41,13.76
tyrhys-dolan,Tyrhys Dolan,Forward,RCD Espanyol de Barcelona,Primera División,24,39.0,3,52.4,47.0,47.0,92.5,37,29,62.6,7.58,39.19,0,0,8,5,17,7,0,3,3.45,17.62
raul-moro-prescoli,Raúl Moro,Forward,CA Osasuna,Primera División,23,39.0,1,30.6,36.0,41.0,70.0,28,12,28.8,3.5,37.86,0,0,4,0,16,8,0,12,3.09,14.4
antonio-martinez-lopez,Toni Martínez,Forward,D. Alavés,Primera División,29,39.0,2,33.8,46.0,51.0,95.0,38,33,69.2,5.06,45.26,0,6,8,0,15,9,0,2,6.0,26.7
jeremy-toljan,Jeremy Toljan,Defender,Levante UD,Primera División,32,39.0,2,50.0,36.0,41.0,95.0,38,34,77.3,4.27,36.58,0,1,6,4,14,11,3,1,4.31,8.73
daniel-raba-antoli,Dani Raba,Forward,Valencia CF,Primera División,30,39.0,0,1.6,37.0,37.0,25.0,10,0,2.2,2.01,35.0,0,0,0,0,8,2,0,30,4.42,12.54
ionu-andrei-radu,Ionuț Radu,Goalkeeper,RC Celta,Primera División,29,39.0,5,90.0,48.0,46.0,100.0,40,40,90.0,5.76,40.38,0,4,8,3,10,13,2,0,11.53,76.58
ibai-aguirre-basurco,Ibai Aguirre,Midfielder,Real Sociedad,Primera División,19,39.0,1,17.0,39.0,38.0,40.0,16,12,23.7,1.61,36.56,0,0,1,1,5,9,0,24,,
jens-lys-michel-cajuste,Jens Cajuste,Midfielder,Málaga CF,Primera División,27,39.0,0,0.8,42.0,41.0,50.0,20,7,16.4,2.44,38.75,0,0,3,0,11,6,0,20,4.55,10.35
romain-del-castillo,Romain Del Castillo,Forward,CA Osasuna,Primera División,30,39.0,1,20.4,54.0,55.0,77.5,31,29,69.1,12.59,41.94,0,10,2,7,15,1,1,4,2.03,18.06
leonardo-roman-riquelme,Leo Román,Goalkeeper,Real Club Deportivo de La Coruña,Primera División,26,39.0,5,90.0,43.0,44.0,87.5,35,35,76.9,7.23,36.43,0,2,3,2,21,5,2,5,9.53,70.84
sergio-herrera-piron,S. HERRERA,Goalkeeper,CA Osasuna,Primera División,33,38.0,3,54.0,37.0,44.0,92.5,37,37,82.1,6.76,37.57,0,3,5,4,14,8,3,3,4.02,67.07
joaquin-munoz-benavides,Joaquín Muñoz,Forward,Málaga CF,Primera División,27,38.0,3,49.8,45.0,51.0,97.5,39,31,63.1,9.14,42.18,0,6,4,2,22,3,0,3,4.35,12.55
jon-guridi-aldalur,Guridi,Midfielder,Sevilla FC,Primera División,31,38.0,3,45.2,45.0,40.0,75.0,30,15,32.5,3.35,36.67,0,0,3,2,15,10,0,10,1.91,8.3
ramon-enriquez-rodriguez,Ramón Enríquez,Midfielder,Málaga CF,Primera División,25,38.0,0,20.4,37.0,40.0,42.5,17,1,8.9,4.75,35.29,0,1,0,0,9,5,1,24,3.76,9.86
francisco-cortes-gracia,Paco Cortés,Forward,Levante UD,Primera División,19,38.0,0,3.8,40.0,40.0,50.0,20,5,16.0,3.34,36.75,0,1,0,0,16,3,0,20,4.36,10.61
matia-barzic-gutierrez,Matia Barzić,Defender,Elche CF,Primera División,22,38.0,0,2.6,30.0,40.0,70.0,28,26,58.3,5.47,34.29,0,0,3,3,14,4,4,12,2.44,1.04
borja-iglesias-quintas,Borja Iglesias,Forward,RC Celta,Primera División,33,38.0,0,12.2,38.0,42.0,62.5,25,14,26.1,1.11,40.2,0,0,8,0,7,10,1,14,3.77,16.51
hugo-burcio-garcia,Hugo Burcio,Midfielder,RC Celta,Primera División,19,38.0,2,30.0,42.0,43.0,17.5,7,4,9.6,8.23,35.0,0,0,0,2,4,1,0,33,,
fermin-lopez-martin,Fermín,Midfielder,FC Barcelona,Primera División,23,38.0,2,37.0,56.0,56.0,90.0,36,25,56.3,9.04,46.67,1,6,6,4,15,3,0,5,45.58,286.83
inaki-ruperez-urtasun,Iñaki Rupérez,Defender,Real Sociedad,Primera División,23,38.0,1,18.0,50.0,50.0,10.0,4,2,4.8,6.19,43.75,1,0,0,0,2,1,0,36,0.64,2.79
heorhii-tsitaishvili,Giorgi Tsitaishvili,Forward,Rayo Vallecano,Primera División,25,38.0,3,55.0,45.0,48.0,82.5,33,28,62.9,9.6,38.03,0,2,3,7,18,3,0,7,3.73,15.91
rafael-rodriguez-ruiz,Rafa Rodríguez,Midfielder,Málaga CF,Primera División,23,38.0,2,23.8,37.0,38.0,82.5,33,9,26.3,1.15,36.82,0,1,1,1,15,12,1,9,2.71,11.8
oriol-rey-erenas,O.Rey,Midfielder,Levante UD,Primera División,28,38.0,4,76.6,41.0,39.0,52.5,21,14,34.9,3.29,36.19,0,1,0,0,16,5,0,18,2.42,14.45
couhaib-driouech,Couhaib Driouech,Forward,RC Celta,Primera División,24,38.0,1,23.8,51.0,47.0,80.0,32,6,26.9,4.2,42.81,0,2,8,1,13,7,1,8,3.2,11.19
chidera-ejuke,Chidera Ejuke,Forward,Sevilla FC,Primera División,28,38.0,1,30.6,43.0,42.0,65.0,26,4,22.6,5.15,36.92,0,0,2,2,16,6,0,14,0.62,15.05
ali-houary-jeddoub,Ali Houary,Forward,Elche CF,Primera División,21,38.0,1,9.0,38.0,41.0,45.0,18,12,24.2,6.95,34.17,0,0,1,2,12,2,1,22,4.48,9.89
ademola-lookman,Ademola Lookman,Forward,Atlético de Madrid,Primera División,28,37.0,3,51.2,44.0,47.0,82.5,33,24,46.3,5.33,41.82,0,1,8,1,17,6,0,7,14.66,80.26
marc-pubill-pages,Marc Pubill,Defender,Atlético de Madrid,Primera División,23,37.0,4,67.4,40.0,46.0,62.5,25,20,44.0,6.2,39.4,0,0,6,2,10,5,1,16,11.51,37.36
takefusa-kubo,Take,Forward,Real Sociedad,Primera División,25,37.0,1,17.2,42.0,53.0,57.5,23,16,33.5,11.18,41.52,1,3,4,0,13,2,0,17,7.27,32.51
miguel-rodriguez-vidal,Miguel Rodríguez,Forward,D. Alavés,Primera División,23,37.0,0,2.2,36.0,44.0,60.0,24,15,33.8,6.88,37.29,0,1,3,1,16,2,1,16,3.74,12.12
marc-cucurella-saseta,Marc Cucurella,Defender,Real Madrid,Primera División,28,37.0,4,72.2,46.0,49.0,92.5,37,31,72.0,11.28,38.11,0,4,4,6,13,9,1,3,26.16,156.97
aimar-oroz-huarte,Aimar,Midfielder,CA Osasuna,Primera División,24,37.0,1,14.2,38.0,43.0,75.0,30,24,49.7,5.89,36.67,0,1,2,1,21,5,0,10,4.75,14.48
aleix-febas-perez,Febas,Midfielder,RC Celta,Primera División,30,37.0,0,3.6,48.0,54.0,82.5,33,32,70.3,16.92,37.58,0,5,7,7,9,4,1,7,3.74,20.94
nacho-perez-gomez,Nacho Pérez,Defender,Levante UD,Primera División,18,37.0,3,43.8,42.0,42.0,20.0,8,5,11.3,9.0,32.5,0,0,2,0,3,3,0,32,4.57,12.35
carlos-ruiz-rubio,Chupe,Forward,Málaga CF,Primera División,22,37.0,4,76.6,43.0,52.0,97.5,39,30,68.6,4.18,47.82,0,7,8,0,12,10,0,3,3.23,17.49
raul-garcia-de-haro,Raúl,Forward,CA Osasuna,Primera División,25,37.0,3,51.4,44.0,43.0,95.0,38,9,31.6,3.41,39.74,0,0,8,1,19,9,1,2,3.41,7.78
asier-villalibre-molina,Asier Villalibre,Forward,Real Racing Club de Santander,Primera División,29,37.0,1,22.6,48.0,48.0,70.0,28,11,26.4,3.15,44.64,0,2,8,0,12,6,0,12,4.55,12.75
alvaro-fidalgo-fernandez,Álvaro Fidalgo,Midfielder,Real Betis,Primera División,29,37.0,0,12.0,44.0,45.0,60.0,24,17,32.9,8.35,37.08,0,0,3,5,16,0,0,16,1.75,9.71
david-mella-boullon,David Mella,Forward,Real Club Deportivo de La Coruña,Primera División,21,37.0,1,15.0,43.0,46.0,57.5,23,15,35.0,7.07,39.35,0,1,4,1,15,2,0,17,4.63,17.03
daniel-lorenzo-guerrero,Dani Lorenzo,Midfielder,Málaga CF,Primera División,23,37.0,3,49.2,49.0,51.0,80.0,32,30,59.5,13.05,37.5,0,1,4,7,17,1,0,10,3.04,4.57
hugo-sotelo,Hugo Sotelo,Midfielder,Levante UD,Primera División,22,37.0,1,19.8,45.0,43.0,42.5,17,11,20.8,7.83,35.29,0,1,1,1,10,3,1,23,2.1,15.82
tani-oluwaseyi,Tani Oluwaseyi,Forward,Villarreal CF,Primera División,26,37.0,1,20.0,37.0,37.0,70.0,28,11,26.1,0.35,36.79,0,0,3,0,15,11,0,11,2.06,9.74
aitor-manas-buenadicha,Aitor Mañas,Forward,D. Alavés,Primera División,23,37.0,0,6.0,35.0,35.0,32.5,13,1,6.5,-0.03,35.0,0,0,0,0,8,5,0,27,1.77,12.57
izan-merino-rodriguez,Izan Merino,Midfielder,Málaga CF,Primera División,20,37.0,3,49.2,39.0,42.0,95.0,38,34,74.0,5.4,36.32,0,1,1,0,27,7,0,4,2.6,11.41
alvaro-santiago-mourino-gonzalez,Santiago Mouriño,Defender,Villarreal CF,Primera División,24,36.0,2,37.4,39.0,46.0,72.5,29,26,56.9,7.26,37.59,0,1,4,5,12,6,1,11,5.7,15.04
iker-munoz-cameros,Iker Muñoz,Midfielder,CA Osasuna,Primera División,24,36.0,4,68.2,38.0,39.0,62.5,25,13,35.6,4.14,35.0,0,0,1,1,16,7,0,15,3.38,11.87
alfonso-gonzalez-martinez,Alfon González,Forward,Sevilla FC,Primera División,27,36.0,0,4.2,38.0,37.0,47.5,19,4,12.4,1.04,36.32,0,0,1,0,12,6,0,21,1.44,5.51
arnau-ortiz-sanchez,Arnau Ortiz,Forward,Atlético de Madrid,Primera División,24,36.0,0,13.6,37.0,37.0,12.5,5,1,18.6,1.64,35.0,0,0,1,0,17,5,1,16,0.85,6.94
asier-osambela-larraya,Asier Osambela,Midfielder,CA Osasuna,Primera División,21,36.0,2,40.0,35.0,36.0,50.0,20,5,14.3,-0.03,36.25,0,0,1,0,10,9,0,20,2.69,9.28
martim-carvalho-neto,Martim Neto,Midfielder,Elche CF,Primera División,23,36.0,1,15.0,41.0,44.0,60.0,24,15,32.1,4.24,39.38,0,1,4,0,14,4,1,16,2.25,13.61
aihen-munoz-capellan,Aihen,Defender,Real Sociedad,Primera División,29,36.0,0,4.2,38.0,37.0,47.5,19,7,17.4,0.45,36.32,0,0,1,0,11,7,0,21,1.81,12.01
hector-fort-garcia,Héctor Fort,Defender,Real Sociedad,Primera División,20,36.0,1,10.8,45.0,43.0,35.0,14,8,12.8,1.77,41.07,0,0,3,2,3,6,0,26,4.87,15.21
saba-sazonov,Saba Sazonov,Defender,Getafe CF,Primera División,24,36.0,0,1.4,32.0,32.0,15.0,6,2,3.9,0.68,31.67,0,0,0,0,2,4,0,34,2.85,10.64
alvaro-mantilla-perez,Álvaro Mantilla,Defender,Real Racing Club de Santander,Primera División,26,36.0,4,66.4,36.0,39.0,70.0,28,28,56.1,1.11,37.14,0,0,6,2,7,10,3,12,4.35,13.34
oscar-lopez,O. López,Midfielder,Getafe CF,Primera División,20,36.0,0,2.0,37.0,37.0,7.5,3,0,1.6,2.17,35.0,0,0,0,0,3,0,0,12,,
xanet-olaiz-ibarzabal,Xanet Oláiz,Defender,D. Alavés,Primera División,21,36.0,0,2.0,36.0,36.0,2.5,1,0,0.3,1.18,35.0,0,0,0,0,1,0,0,30,,
ezequiel-ponce-martinez,Ezequiel Ponce,Forward,Elche CF,Primera División,29,36.0,1,20.0,40.0,37.0,57.5,23,17,51.3,0.58,36.09,0,0,4,1,11,16,0,8,4.48,13.46
bil-dornol-nsongo-tonfack,Bil Nsongo,Forward,Real Club Deportivo de La Coruña,Primera División,22,36.0,5,68.0,43.0,44.0,60.0,24,16,34.9,1.29,41.67,0,1,5,0,11,7,0,14,2.42,14.46
urko-gonzalez-de-zarate-quiros,Urko González De Zarate,Defender,RCD Espanyol de Barcelona,Primera División,25,36.0,4,59.0,42.0,41.0,97.5,39,32,71.4,5.13,35.64,0,0,2,4,20,12,1,1,1.95,13.96
pere-milla-pena,Pere Milla,Midfielder,RCD Espanyol de Barcelona,Primera División,34,36.0,0,9.2,43.0,44.0,85.0,34,21,46.1,5.38,38.68,0,1,6,0,18,9,0,6,1.81,10.48
jofre-carreras-pages,Jofre Carreras,Forward,RCD Espanyol de Barcelona,Primera División,25,36.0,0,1.4,37.0,40.0,67.5,27,8,21.7,3.9,35.93,0,0,1,2,18,6,0,13,3.68,16.12
inigo-sainz-maza-serna,Íñigo Sainz-Maza,Defender,Real Racing Club de Santander,Primera División,28,36.0,1,16.8,39.0,40.0,45.0,18,7,14.4,5.24,35.0,0,0,1,1,12,4,0,22,2.86,13.11
endrick-felipe-moreira-de-sousa,Endrick,Forward,Real Madrid,Primera División,20,35.0,0,0.8,46.0,56.0,62.5,25,16,38.8,8.79,47.2,1,5,3,0,8,6,1,16,7.49,27.94
flavien-enzo-boyomos,Boyomo,Defender,CA Osasuna,Primera División,24,35.0,2,40.2,39.0,45.0,65.0,26,22,48.5,5.96,39.42,1,3,1,1,10,8,1,15,2.04,14.4
enrique-barja-afonso,Kike Barja,Midfielder,CA Osasuna,Primera División,29,35.0,2,32.0,43.0,41.0,77.5,31,5,16.3,1.78,39.03,0,1,4,0,17,9,0,9,2.18,8.54
pol-lozano-vizuete,Pol Lozano,Midfielder,RCD Espanyol de Barcelona,Primera División,26,35.0,0,1.2,37.0,42.0,77.5,31,23,46.0,5.08,36.77,0,0,3,2,18,7,1,9,1.43,11.64
enes-unal,Enes Ünal,Forward,Getafe CF,Primera División,29,35.0,4,81.0,45.0,38.0,80.0,32,7,23.1,0.05,38.13,0,0,4,0,14,14,0,8,4.04,38.06
jorge-de-frutos-sebastian,De Frutos,Midfielder,Rayo Vallecano,Primera División,29,35.0,3,38.6,39.0,43.0,90.0,36,29,59.0,4.16,39.17,0,2,4,2,18,9,1,4,5.86,14.96
jesus-vazquez-alcalde,Jesús Vázquez,Defender,Valencia CF,Primera División,23,35.0,2,33.4,39.0,36.0,67.5,27,10,28.1,1.1,35.0,0,0,0,2,13,12,0,13,3.99,5.75
arsen-zakharyan,Arsen Zakharyan,Midfielder,Real Sociedad,Primera División,23,35.0,0,2.8,35.0,36.0,47.5,19,3,10.4,0.92,35.0,0,0,0,0,10,9,0,21,3.8,13.58
ricardo-rodriguez-gil-carcedo,Riki,Midfielder,Real Club Deportivo de La Coruña,Primera División,29,35.0,4,48.0,37.0,41.0,67.5,27,21,41.6,6.04,35.0,0,0,1,2,19,5,0,13,3.72,9.7
lucas-torro-marset,TORRÓ,Midfielder,CA Osasuna,Primera División,32,35.0,1,26.0,37.0,40.0,85.0,34,28,52.5,3.96,35.74,0,0,1,2,23,8,0,6,1.74,10.64
maroan-sannadi-harrouch,Maroan Sannadi,Forward,Athletic Club,Primera División,25,35.0,0,7.4,37.0,36.0,15.0,6,0,3.2,1.05,35.0,0,0,0,0,4,2,0,34,3.28,7.5
juan-carlos-arana-gomez,Arana,Forward,Real Racing Club de Santander,Primera División,26,34.0,1,12.0,42.0,42.0,25.0,10,2,6.3,-0.47,42.5,0,1,2,0,1,5,1,30,4.82,11.52
giorgi-guliashvili,Giorgi Guliashvili,Forward,Real Racing Club de Santander,Primera División,25,34.0,0,12.6,41.0,43.0,55.0,22,16,37.8,0.5,42.05,0,1,4,0,8,12,0,15,4.21,15.07
manuel-bueno-sebastian,Manu Bueno,Midfielder,Sevilla FC,Primera División,22,34.0,0,3.8,36.0,36.0,22.5,9,2,7.1,0.98,35.0,0,0,0,0,4,5,0,31,1.98,11.19
borja-mayoral-moya,Borja Mayoral,Forward,Getafe CF,Primera División,29,34.0,0,0.8,34.0,41.0,37.5,15,8,19.2,0.54,40.0,0,0,3,0,6,6,0,25,2.98,11.87
isaac-romero-bernal,Isaac Romero,Forward,Sevilla FC,Primera División,26,34.0,1,24.2,38.0,39.0,75.0,30,17,35.4,0.78,38.33,0,2,2,0,9,16,1,10,1.67,11.92
williot-swedberg,Williot Swedberg,Forward,RC Celta,Primera División,22,34.0,1,25.4,39.0,47.0,85.0,34,18,39.6,3.39,43.38,0,1,10,1,12,9,0,7,4.29,14.45
iker-cordoba-sanchez,Iker Córdoba,Defender,Valencia CF,Primera División,20,34.0,0,20.4,32.0,34.0,45.0,18,9,24.6,0.01,33.33,0,0,0,1,9,6,2,22,2.55,11.92
petar-ratkov,Petar Ratkov,Forward,Levante UD,Primera División,23,34.0,1,13.0,36.0,38.0,57.5,23,11,25.1,0.4,37.39,0,0,3,0,10,10,1,16,3.7,15.29
jonathan-dubasin,Dubasin,Forward,CA Osasuna,Primera División,26,34.0,1,37.0,38.0,51.0,87.5,35,28,60.6,6.73,43.86,1,3,8,3,14,5,1,5,2.57,11.29
gorka-guruzeta-rodriguez,Gorka Guruzeta,Forward,Athletic Club,Primera División,30,34.0,1,24.0,45.0,46.0,90.0,36,29,62.6,2.71,43.47,0,2,9,1,16,8,0,4,2.24,13.88
dean-donny-huijsen,Dean Huijsen,Defender,Real Madrid,Primera División,21,34.0,3,46.4,50.0,56.0,75.0,30,26,58.6,18.95,36.67,0,3,9,5,9,4,0,10,44.32,206.54
daniel-requena-sanchez,Reque,Midfielder,Levante UD,Primera División,22,34.0,1,22.4,45.0,47.0,80.0,32,30,59.8,10.9,36.56,0,2,3,8,14,5,0,8,1.43,12.91
nicolas-serrano-galdeano,Nico Serrano,Forward,Athletic Club,Primera División,23,34.0,0,0.8,42.0,42.0,42.5,17,2,7.4,4.24,37.94,0,1,1,1,10,4,0,23,2.85,13.84
alexandre-zurawski,Alemão,Forward,Rayo Vallecano,Primera División,28,34.0,0,19.2,37.0,42.0,70.0,28,10,28.7,1.27,40.71,0,2,4,0,11,11,0,12,2.11,7.34
kevin-lomonaco,Kevin Lomónaco,Defender,Elche CF,Primera División,24,33.0,1,18.0,44.0,50.0,80.0,32,29,70.6,14.5,35.16,0,1,6,8,15,5,0,5,3.02,12.68
alvaro-djalo-dias-fernandes,Álvaro Djaló,Forward,Athletic Club,Primera División,27,33.0,0,1.8,45.0,45.0,15.0,6,4,29.9,5.67,39.17,0,0,1,1,9,5,0,24,2.9,9.65
matteo-prati,Matteo Prati,Midfielder,Real Racing Club de Santander,Primera División,22,33.0,3,52.0,37.0,38.0,82.5,33,21,46.8,1.7,35.91,0,0,2,0,18,13,0,7,3.83,15.17
altay-bayindir,Altay Bayındır,Goalkeeper,RC Celta,Primera División,28,33.0,1,18.4,37.0,33.0,5.0,2,1,2.3,-2.35,35.0,0,0,0,0,1,1,0,38,2.05,20.16
yanis-kasonga-musuayi,Yanis Musuayi,Forward,Levante UD,Primera División,19,33.0,0,11.4,33.0,33.0,5.0,2,0,9.5,-2.05,35.0,0,0,0,0,1,1,0,4,2.15,8.35
juan-sebastian-boselli-graf,Sebastián Boselli,Defender,Getafe CF,Primera División,22,33.0,1,21.2,35.0,36.0,40.0,16,5,13.3,1.1,35.0,0,0,0,1,8,7,1,23,1.72,10.49
jose-manuel-hernando-riol,Manu H. ,Defender,Real Racing Club de Santander,Primera División,28,33.0,3,47.0,40.0,46.0,60.0,24,21,46.5,6.2,39.17,0,0,7,1,10,5,1,16,3.31,11.37
javier-guerra-moreno,Javi Guerra,Midfielder,Valencia CF,Primera División,23,33.0,5,77.0,42.0,44.0,95.0,38,27,57.2,3.59,40.0,0,0,8,3,14,12,1,2,3.38,21.71
daniel-cardenas-lindez,Cárdenas,Goalkeeper,Rayo Vallecano,Primera División,29,33.0,2,36.0,47.0,47.0,17.5,7,6,14.2,7.2,40.0,0,1,1,0,2,3,0,33,2.36,25.09
alberto-risco,Alberto Risco,Midfielder,Getafe CF,Primera División,21,33.0,0,6.8,33.0,33.0,10.0,4,0,1.5,-1.53,35.0,0,0,0,0,0,4,0,36,0.3,0.71
jose-luis-perez-del-amo,Joselu Pérez,Forward,Getafe CF,Primera División,22,33.0,0,1.2,35.0,35.0,7.5,3,0,0.7,-0.5,35.0,0,0,0,0,1,2,0,37,,
randy-ntekja,Randy Nteka,Midfielder,Rayo Vallecano,Primera División,28,32.0,0,3.0,38.0,37.0,35.0,14,4,12.9,-3.06,40.36,0,1,2,0,4,5,2,26,2.85,12.42
jones-el-abdellaoui,Jones El Abdellaoui,Forward,RC Celta,Primera División,20,32.0,1,12.8,34.0,37.0,55.0,22,6,20.2,-0.15,37.27,0,0,2,0,9,11,0,18,3.76,12.42
alex-calatrava-torrado,Cala,Midfielder,RCD Espanyol de Barcelona,Primera División,26,32.0,3,50.0,46.0,54.0,97.5,39,36,78.3,8.92,44.62,0,5,11,4,14,5,0,1,2.76,21.13
marc-aguado-pallares,Marc Aguado,Midfielder,Elche CF,Primera División,26,32.0,2,20.6,47.0,48.0,87.5,35,31,63.7,9.31,38.57,0,1,4,5,21,4,0,5,2.59,12.84
robbie-ure,Robert Ure,Forward,Sevilla FC,Primera División,22,32.0,3,47.8,39.0,39.0,20.0,8,5,58.0,-3.15,41.25,0,0,2,0,2,3,1,32,3.71,20.24
gorka-carrera-zarranz,Gorka Carrera,Forward,Real Sociedad,Primera División,21,32.0,2,32.2,42.0,44.0,47.5,19,16,35.2,2.38,41.58,0,0,5,0,8,6,0,21,,
adama-traore-diarra,Adama Traoré,Forward,Real Club Deportivo de La Coruña,Primera División,30,32.0,0,22.4,33.0,35.0,62.5,25,1,11.3,0.82,34.2,0,0,0,0,11,15,0,14,2.51,13.65
jose-angel-carmona-navarro,José Ángel Carmona,Defender,Sevilla FC,Primera División,24,32.0,0,8.2,43.0,41.0,85.0,34,25,56.8,3.59,36.91,0,4,3,1,9,15,2,6,1.43,8.06
iker-luque-sierra,Iker Luque,Forward,Real Racing Club de Santander,Primera División,21,32.0,1,27.4,39.0,39.0,10.0,4,1,4.8,2.75,36.25,0,0,1,0,1,1,1,30,4.94,17.78
julio-diaz-del-romo,Julio Díaz,Defender,Sevilla FC,Primera División,21,32.0,1,14.2,43.0,43.0,20.0,8,5,10.7,4.68,38.13,0,0,2,0,5,1,0,29,2.3,13.28
jeanuel-belocian,Jeanuël Belocian,Defender,Real Racing Club de Santander,Primera División,21,32.0,2,43.0,52.0,42.0,70.0,28,22,52.4,6.77,35.36,0,2,3,3,9,8,3,12,4.65,28.24
eneko-jauregi-escobar,Jauregi,Forward,Málaga CF,Primera División,30,31.0,1,9.0,38.0,39.0,37.5,15,4,8.5,1.93,36.67,0,0,1,0,8,6,0,25,0.76,10.55
diego-rico-salguero,Rico,Defender,CA Osasuna,Primera División,33,31.0,2,20.2,34.0,37.0,62.5,25,15,35.1,1.93,35.0,0,1,0,1,13,9,1,15,1.39,3.31
florian-lejeune,Florian Lejeune,Defender,Rayo Vallecano,Primera División,35,31.0,5,90.0,49.0,58.0,95.0,38,38,85.5,20.74,37.63,2,9,5,6,12,3,1,2,7.47,34.24
aitor-fraga-torres,Aitor Fraga,Goalkeeper,Real Sociedad,Primera División,23,31.0,2,36.0,39.0,42.0,37.5,15,15,33.8,5.26,36.33,0,1,1,2,5,5,1,25,2.66,6.74
ivan-balliu-campeny,Iván Balliu,Defender,Rayo Vallecano,Primera División,34,31.0,0,23.8,35.0,37.0,45.0,18,9,20.4,2.21,35.0,0,0,2,1,5,5,3,24,1.23,3.54
arnau-martinez-lopez,Arnau Martínez,Defender,Valencia CF,Primera División,23,31.0,3,48.4,51.0,54.0,92.5,37,34,71.7,13.37,39.73,0,4,12,5,12,3,1,3,5.55,24.35
abel-bretones-cruz,Abel Bretones,Defender,CA Osasuna,Primera División,26,31.0,3,69.8,39.0,39.0,80.0,32,19,47.0,0.97,37.34,0,0,4,4,10,10,4,8,1.49,13.53
victor-garcia-raja,Víctor García,Defender,Levante UD,Primera División,29,30.0,1,29.4,38.0,40.0,57.5,23,13,30.3,1.96,37.61,0,0,2,4,8,7,2,17,2.76,12.91
gabriel-silva-moscardo-de-salles,Gabriel Moscardo,Midfielder,RCD Espanyol de Barcelona,Primera División,21,30.0,2,34.6,38.0,37.0,72.5,29,9,26.9,3.17,34.31,0,0,0,1,22,5,1,11,2.3,14.01
pablo-maffeo-becerra,Pablo Maffeo,Defender,Valencia CF,Primera División,29,29.0,3,50.8,39.0,47.0,87.5,35,32,70.5,8.0,39.43,1,2,7,1,14,7,3,5,3.74,16.6
francisco-perez-martinez,Fran Pérez,Forward,Rayo Vallecano,Primera División,24,29.0,0,13.4,32.0,38.0,62.5,25,10,25.5,0.51,37.2,0,0,3,0,10,11,1,15,1.35,9.95
adria-altimira-reynaldos,Adrià Altimira,Defender,Real Club Deportivo de La Coruña,Primera División,25,29.0,1,21.4,45.0,53.0,65.0,26,25,53.1,9.93,41.35,0,1,9,5,6,5,0,14,5.17,6.42
rafel-bauza-sureda,Rafel Bauzà,Midfielder,RCD Espanyol de Barcelona,Primera División,21,29.0,1,13.0,48.0,44.0,87.5,35,32,70.0,5.19,38.71,0,0,7,4,14,9,1,5,1.67,11.35
hugo-rincon-lumbreras,Hugo Rincón,Defender,Athletic Club,Primera División,23,29.0,1,18.0,41.0,43.0,77.5,31,16,42.4,5.29,37.58,0,2,3,3,14,9,1,8,1.1,12.42
david-cordon-mancha,Davinchi,Defender,Getafe CF,Primera División,18,28.0,1,9.4,31.0,29.0,30.0,12,5,9.2,-5.67,35.0,0,0,0,0,4,5,3,28,2.41,9.92
facundo-gonzalez-molino,Facundo González,Defender,Real Racing Club de Santander,Primera División,23,28.0,3,46.2,38.0,42.0,67.5,27,22,48.0,5.32,36.85,0,0,5,3,7,11,1,13,4.54,14.29
unai-santos-maneru,Unai Santos,Defender,CA Osasuna,Primera División,20,28.0,2,32.6,28.0,28.0,5.0,2,2,5.6,-6.98,35.0,0,0,0,0,0,2,0,27,,
orri-steinn-oskarsson,Orri Óskarsson,Forward,Real Sociedad,Primera División,22,28.0,2,44.0,39.0,44.0,67.5,27,13,34.0,0.65,43.33,0,1,7,0,8,8,1,15,7.07,18.68
matias-ezequiel-dituro,Matías Dituro,Goalkeeper,Elche CF,Primera División,39,28.0,5,90.0,32.0,43.0,62.5,25,25,56.2,8.21,34.8,0,1,4,4,7,6,3,15,5.14,22.45
ryunosuke-sato,Ryunosuke Sato,Midfielder,Valencia CF,Primera División,19,31.0,2,30.0,45.0,51.0,70.0,28,23,58.0,8.28,42.5,0,5,4,1,18,4,0,8,4.73,10.36
cesar-tarrega-requeni,César Tárrega,Defender,Valencia CF,Primera División,24,27.0,2,30.0,40.0,41.0,80.0,32,28,61.9,5.17,36.25,0,1,6,1,12,8,4,8,0.9,11.26
mario-martin-rielves,Mario Martín,Midfielder,Getafe CF,Primera División,22,27.0,3,53.4,30.0,34.0,82.5,33,23,50.5,-1.67,35.91,0,0,2,1,12,15,3,7,3.15,13.56
alassane-diatta,Alassane Diatta,Midfielder,Villarreal CF,Primera División,21,27.0,0,3.0,37.0,37.0,7.5,3,1,3.0,2.43,35.0,0,0,0,0,2,1,0,37,,
aimar-blazquez-labraca,Aimar Blázquez,Forward,Valencia CF,Primera División,20,26.0,0,1.6,26.0,26.0,2.5,1,0,0.2,-9.1,35.0,0,0,0,0,0,1,0,39,,
jozhua-vertrouwd,Jozhua Vertrouwd,Defender,Rayo Vallecano,Primera División,22,25.0,1,6.4,36.0,36.0,22.5,9,5,11.3,4.03,31.67,0,0,0,3,1,4,1,31,3.24,8.37
inigo-arguibide-goni,Íñigo Arguibide,Defender,CA Osasuna,Primera División,21,25.0,5,79.0,31.0,32.0,32.5,13,9,21.5,-1.71,33.46,0,0,0,1,5,4,3,27,1.89,13.48
pedro-bigas-rigo,Bigas,Defender,Elche CF,Primera División,36,25.0,2,36.4,45.0,47.0,67.5,27,22,45.4,10.18,36.48,0,3,5,3,7,6,3,13,2.59,7.48
mouctar-diakhaby,Mouctar Diakhaby,Defender,Valencia CF,Primera División,29,24.0,2,30.4,41.0,41.0,20.0,8,7,14.1,7.85,33.13,0,0,0,0,3,2,2,33,2.93,11.12
aaron-martin-caricol,Aarón Martín,Defender,Real Racing Club de Santander,Primera División,29,23.0,1,23.6,35.0,44.0,80.0,32,23,48.0,4.59,39.06,0,2,5,3,11,9,2,8,5.19,18.02
luiz-lucio-reis-junior,Luíz Júnior,Goalkeeper,Villarreal CF,Primera División,25,23.0,1,18.0,40.0,43.0,67.5,27,27,60.8,6.07,37.22,0,2,3,2,11,7,2,13,4.93,51.87
jose-angel-lopez-galvez,José Ángel,Defender,RCD Espanyol de Barcelona,Primera División,20,20.0,1,18.0,20.0,20.0,2.5,1,1,2.6,-14.9,35.0,0,0,0,0,0,1,0,39,,
arouna-sangante,Arouna Sangante,Defender,Sevilla FC,Primera División,24,18.0,2,24.8,39.0,45.0,67.5,27,27,60.7,10.96,33.89,0,3,2,6,10,6,4,9,3.47,14.4
pedro-felipe-de-jesus-gomes,Pedro Felipe,Defender,Real Racing Club de Santander,Primera División,22,18.0,1,12.0,34.0,34.0,15.0,6,3,5.1,-3.38,34.17,0,0,1,0,2,2,1,34,3.75,13.13
wojciech-szczesny,Wojciech Szczęsny,Goalkeeper,FC Barcelona,Primera División,36,10.0,0,9.0,45.0,35.0,10.0,4,2,5.8,4.7,30.0,0,0,0,0,3,0,1,36,6.93,36.12
jose-angel-esmoris-tasende,Angeliño,Defender,Real Club Deportivo de La Coruña,Primera División,29,5.0,1,11.8,32.0,30.0,10.0,4,1,2.2,-0.46,30.0,0,0,0,0,3,0,1,36,4.19,20.84
adam-boayar-benaisa,Adam El Mokhtari,Forward,Elche CF,Primera División,20,,0,0.0,41.0,41.0,17.5,7,0,2.5,2.36,38.57,0,0,1,0,5,1,0,33,4.48,6.26
rodrygo-silva-de-goes,Rodrygo,Forward,Real Madrid,Primera División,25,,0,0.0,57.0,62.0,20.0,8,4,11.5,15.48,47.5,1,2,1,0,3,1,0,32,12.74,41.39
alex-pastor-carayol,Álex Pastor,Defender,Málaga CF,Primera División,27,,0,0.0,0.0,0.0,0.0,0,0,0.0,0.0,0.0,0,0,0,0,0,0,0,40,4.48,8.75
bambo-diaby,Bambo Diaby,Defender,Elche CF,Primera División,28,,0,0.0,39.0,39.0,25.0,10,6,13.6,1.05,37.5,0,0,2,0,3,4,1,30,3.63,7.84
yago-de-santiago-alonso,Yago Santiago,Forward,Elche CF,Primera División,23,,0,0.0,36.0,36.0,22.5,9,3,7.0,0.96,35.0,0,0,0,0,6,3,0,31,4.49,10.67
jiri-letacek,Jiří Letáček,Goalkeeper,Getafe CF,Primera División,27,,0,0.0,0.0,0.0,0.0,0,0,0.0,0.0,0.0,0,0,0,0,0,0,0,40,4.16,16.77
luiz-felipe-ramos-marchi,Luiz Felipe,Defender,Rayo Vallecano,Primera División,29,,0,0.0,54.0,52.0,27.5,11,9,18.7,17.09,35.0,0,2,2,0,4,3,0,29,3.02,12.39
adrian-molina-colorado,Adrián Molina,Goalkeeper,Rayo Vallecano,Primera División,21,,0,0.0,0.0,0.0,0.0,0,0,0.0,0.0,0.0,0,0,0,0,0,0,0,40,,
cristian-rivero-sabater,Cristian Rivero,Goalkeeper,Valencia CF,Primera División,28,,0,0.0,0.0,0.0,0.0,0,0,0.0,0.0,0.0,0,0,0,0,0,0,0,40,3.78,11.2
jose-manuel-arias-copete,Copete,Defender,Valencia CF,Primera División,26,,0,0.0,44.0,45.0,42.5,17,16,37.4,10.95,34.41,0,0,4,3,3,7,0,23,4.48,1.1
german-parreno-boix,Germán,Goalkeeper,Real Club Deportivo de La Coruña,Primera División,33,,0,0.0,54.0,53.0,27.5,11,11,24.8,8.5,44.09,0,2,2,2,4,1,0,29,1.43,13.43
diego-jose-conde-alcolado,Diego Conde,Goalkeeper,Real Betis,Primera División,27,,0,0.0,0.0,0.0,0.0,0,0,0.0,0.0,0.0,0,0,0,0,0,0,0,40,5.37,19.15
enrique-garcia-martinez,Kike G.,Forward,RCD Espanyol de Barcelona,Primera División,36,,0,0.0,42.0,45.0,80.0,32,16,39.1,4.01,40.63,0,2,6,0,16,7,1,8,4.48,15.33
rodrigo-gamon-martin,Rodrigo Gamón,Midfielder,Valencia CF,Primera División,18,,0,0.0,0.0,0.0,0.0,0,0,0.0,0.0,0.0,0,0,0,0,0,0,0,4,,
samuel-becerra-gomez,Samu Becerra,Midfielder,Rayo Vallecano,Primera División,20,,0,0.0,34.0,0.0,0.0,0,0,0.0,0.0,0.0,0,0,0,0,0,0,0,40,,
marco-roman-santos,Marco Román,Midfielder,Rayo Vallecano,Primera División,20,,0,0.0,0.0,0.0,0.0,0,0,0.0,0.0,0.0,0,0,0,0,0,0,0,40,,
manuel-angel-castillo-rodriguez,Manuel Ángel Castillo,Forward,Sevilla FC,Primera División,18,,0,0.0,0.0,0.0,0.0,0,0,0.0,0.0,0.0,0,0,0,0,0,0,0,6,,
jorge-cabello-trujillo,Jorge Cabello,Defender,Levante UD,Primera División,22,,0,0.0,43.0,41.0,60.0,24,22,50.0,5.25,35.42,0,1,2,1,12,5,3,16,3.63,13.15
alvaro-odriozola-arzallus,Odriozola,Defender,Real Sociedad,Primera División,30,,0,0.0,48.0,48.0,12.5,5,2,5.0,2.96,45.0,0,0,2,0,2,1,0,35,3.18,11.08
marc-santos-gavilan,Marc Santos,Defender,Levante UD,Primera División,15,,0,0.0,33.0,33.0,2.5,1,0,4.3,-1.84,35.0,0,0,0,0,0,1,0,5,,
jesus-lopez,Jesús,Goalkeeper,Elche CF,Primera División,24,,0,0.0,0.0,0.0,0.0,0,0,0.0,0.0,0.0,0,0,0,0,0,0,0,40,1.15,26.25
rafael-fernandez-rodriguez,Rafa Fernández,Goalkeeper,CA Osasuna,Primera División,22,,0,0.0,0.0,0.0,0.0,0,0,0.0,0.0,0.0,0,0,0,0,0,0,0,11,,
ivan-alonso-martin,Iván Alonso,Midfielder,Rayo Vallecano,Primera División,20,,0,0.0,0.0,0.0,0.0,0,0,0.0,0.0,0.0,0,0,0,0,0,0,0,7,,
sergio-jose-lozano-martinez,Sergio Lozano,Defender,Rayo Vallecano,Primera División,20,,0,0.0,0.0,0.0,0.0,0,0,0.0,0.0,0.0,0,0,0,0,0,0,0,40,,
grady-diangana,Grady Diangana,Forward,Elche CF,Primera División,28,,0,0.0,37.0,38.0,47.5,19,13,22.8,2.54,35.0,0,0,0,0,11,6,0,23,4.49,11.26
hugo-novoa-ramos,Hugo Novoa,Forward,D. Alavés,Primera División,23,,0,0.0,38.0,38.0,60.0,24,17,35.7,-2.78,39.17,0,0,4,1,6,11,2,16,4.49,9.6
salvador-esquivel-gamez,Salvi Esquivel,Goalkeeper,Atlético de Madrid,Primera División,21,,0,0.0,0.0,0.0,0.0,0,0,0.0,0.0,0.0,0,0,0,0,0,0,0,40,3.07,15.73
axel-tape-kobrissa,Axel Tape,Defender,Levante UD,Primera División,19,,0,0.0,31.0,29.0,5.0,2,0,1.4,-5.87,35.0,0,0,0,0,0,2,0,38,2.31,13.58
mikel-santos-linares,Mikel Santos,Goalkeeper,Athletic Club,Primera División,21,,0,0.0,0.0,0.0,0.0,0,0,0.0,0.0,0.0,0,0,0,0,0,0,0,40,,
andriy-lunin,Andriy Lunin,Goalkeeper,Real Madrid,Primera División,27,,0,0.0,53.0,53.0,22.5,9,8,19.1,12.82,40.56,0,2,0,2,4,1,0,31,8.56,40.09
llorenc-serred,Llorenç Serred,Goalkeeper,RCD Espanyol de Barcelona,Primera División,21,,0,0.0,0.0,0.0,0.0,0,0,0.0,0.0,0.0,0,0,0,0,0,0,0,40,,
diego-murillo-dominguez,Diego Murillo,Defender,Málaga CF,Primera División,25,,0,0.0,60.0,59.0,70.0,28,27,59.9,21.48,38.04,1,6,7,4,5,2,1,14,4.62,14.07
miguel-llorente-cubo,Cubo,Forward,Atlético de Madrid,Primera División,18,,0,0.0,53.0,53.0,5.0,2,0,2.8,5.05,47.5,0,0,1,0,1,0,0,15,,
juan-francisco-fernandez-martin,Juani,Forward,Málaga CF,Primera División,19,,0,0.0,0.0,0.0,0.0,0,0,0.0,0.0,0.0,0,0,0,0,0,0,0,7,,
abdoulaye-faye,Abdoulaye Faye,Defender,RC Celta,Primera División,22,,0,0.0,46.0,46.0,35.0,14,14,31.8,13.49,32.14,0,0,1,5,6,4,1,23,4.47,11.27
manuel-gonzalez-pallares,Manu González,Goalkeeper,Real Betis,Primera División,19,,0,0.0,0.0,0.0,0.0,0,0,0.0,0.0,0.0,0,0,0,0,0,0,0,40,,
cheikh-ahmad-tidiane-thiam,Cheikh Thiam,Midfielder,Villarreal CF,Primera División,20,,0,0.0,0.0,0.0,0.0,0,0,0.0,0.0,0.0,0,0,0,0,0,0,0,8,,
julen-lobete-cienfuegos,Julen Lobete,Forward,Málaga CF,Primera División,26,,0,0.0,39.0,41.0,45.0,18,3,8.9,4.11,36.39,0,0,1,1,9,6,0,23,4.96,11.25
pelayo-fernandez-balboa,Pelayo Fernández,Defender,Rayo Vallecano,Primera División,23,,0,0.0,45.0,46.0,27.5,11,8,19.6,7.6,37.73,1,0,2,2,1,4,1,29,4.49,9.27
aitor-ruibal-garcia,Aitor Ruibal,Forward,Real Betis,Primera División,30,,0,0.0,44.0,48.0,62.5,25,21,44.8,9.0,38.8,0,1,4,3,14,2,1,15,4.29,4.15
marash-kumbulla,Marash Kumbulla,Defender,Rayo Vallecano,Primera División,26,,0,0.0,32.0,32.0,10.0,4,2,5.7,-3.43,35.0,0,0,0,0,0,4,0,36,0.41,4.22
rodrigo-mendoza-martinez-moya,Rodrigo Mendoza,Midfielder,Atlético de Madrid,Primera División,21,,0,0.0,41.0,38.0,45.0,18,11,18.9,1.3,36.39,0,0,1,0,10,7,0,22,3.24,12.15
sergi-canos-tenes,Sergi Canós,Forward,Valencia CF,Primera División,29,,0,0.0,49.0,44.0,45.0,18,10,21.5,4.97,39.17,0,1,2,1,11,3,0,22,3.63,11.75
sergio-mestre-sanchez,Sergio Mestre,Goalkeeper,Real Madrid,Primera División,21,,0,0.0,0.0,0.0,0.0,0,0,0.0,0.0,0.0,0,0,0,0,0,0,0,40,,
brahim-abdelkader-diaz,Brahim,Forward,Real Madrid,Primera División,27,56.0,1,20.2,55.0,51.0,87.5,35,22,47.6,8.23,43.14,0,4,7,2,20,1,0,6,9.2,28.77
ihor-galdin,Ihor Haldin,Goalkeeper,Levante UD,Primera División,16,,0,0.0,0.0,0.0,0.0,0,0,0.0,0.0,0.0,0,0,0,0,0,0,0,6,,
jesse-bisiwu,Jesse Bisiwu,Forward,FC Barcelona,Primera División,18,,0,0.0,0.0,0.0,0.0,0,0,0.0,0.0,0.0,0,0,0,0,0,0,0,11,5.41,34.5
jorge-dominguez-lituba,Jorge Domínguez,Defender,Atlético de Madrid,Primera División,16,,0,0.0,19.0,19.0,2.5,1,1,5.6,-15.86,35.0,0,0,0,0,0,0,1,7,,
valentin-rosier,Valentin Rosier,Defender,CA Osasuna,Primera División,30,,0,0.0,53.0,46.0,65.0,26,25,53.9,7.65,37.88,0,2,3,3,10,8,0,14,3.25,7.67
pablo-cunat-campos,P. Campos,Goalkeeper,Levante UD,Primera División,24,,0,0.0,0.0,0.0,0.0,0,0,0.0,0.0,0.0,0,0,0,0,0,0,0,40,2.66,12.63
marcos-do-nascimento-teixeira,MARCAO,Defender,Sevilla FC,Primera División,30,,0,0.0,35.0,35.0,22.5,9,9,18.6,1.38,33.33,0,0,2,1,0,4,2,31,2.37,10.06
alvaro-fernandez-llorente,Álvaro Fernández,Goalkeeper,Real Club Deportivo de La Coruña,Primera División,28,,0,0.0,52.0,49.0,55.0,22,22,49.5,5.61,42.95,0,1,6,1,8,6,0,18,3.45,14.97
hamza-mohamed-abdel-karim,Hamza Abdelkarim,Forward,FC Barcelona,Primera División,18,,0,0.0,35.0,35.0,15.0,6,0,4.7,0.47,35.0,0,0,0,0,2,3,0,11,4.93,35.52
adrian-corral-alciturri-2003-01-05,Adrián Corral,Defender,Atlético de Madrid,Primera División,23,,0,0.0,0.0,0.0,0.0,0,0,0.0,0.0,0.0,0,0,0,0,0,0,0,40,,
javier-gil-puche,Javier Gil,Defender,Atlético de Madrid,Primera División,20,,0,0.0,0.0,0.0,0.0,0,0,0.0,0.0,0.0,0,0,0,0,0,0,0,40,,
rafael-romero,Rafael Romero,Goalkeeper,Sevilla FC,Primera División,23,,0,0.0,0.0,0.0,0.0,0,0,0.0,0.0,0.0,0,0,0,0,0,0,0,40,3.08,20.1
jose-antonio-morante-antunez,José Antonio Morante,Forward,Real Betis,Primera División,19,,0,0.0,14.0,14.0,2.5,1,0,0.6,-1.2,15.0,0,0,0,0,0,0,1,39,,
marcos-navarro,Marcos Navarro,Defender,Valencia CF,Primera División,22,,0,0.0,0.0,0.0,0.0,0,0,0.0,0.0,0.0,0,0,0,0,0,0,0,40,,
eder-aller-gonzalez,Eder Aller,Goalkeeper,FC Barcelona,Primera División,19,,0,0.0,0.0,0.0,0.0,0,0,0.0,0.0,0.0,0,0,0,0,0,0,0,40,,
marco-de-las-sias-lopez,Marco de las Sías,Defender,Rayo Vallecano,Primera División,20,,0,0.0,0.0,0.0,0.0,0,0,0.0,0.0,0.0,0,0,0,0,0,0,0,40,1.23,
diego-ferrer-martinez,Diego Ferrer,Goalkeeper,Getafe CF,Primera División,19,,0,0.0,0.0,0.0,0.0,0,0,0.0,0.0,0.0,0,0,0,0,0,0,0,40,,
alvaro-de-pablo-casado,Álvaro de Pablo,Goalkeeper,Real Betis,Primera División,24,,0,0.0,0.0,0.0,0.0,0,0,0.0,0.0,0.0,0,0,0,0,0,0,0,40,,
carlos-lopez-nogueras,Carlos López,Goalkeeper,Málaga CF,Primera División,21,,0,0.0,0.0,0.0,0.0,0,0,0.0,0.0,0.0,0,0,0,0,0,0,0,40,3.02,10.72
benat-prados-diaz,Beñat Prados,Midfielder,Athletic Club,Primera División,25,,0,0.0,0.0,0.0,0.0,0,0,0.0,0.0,0.0,0,0,0,0,0,0,0,40,1.52,5.76
dimitri-foulquier,Dimitri Foulquier,Defender,Valencia CF,Primera División,33,,0,0.0,33.0,33.0,25.0,10,7,17.4,-0.42,33.0,0,0,0,0,3,5,2,30,3.64,11.98
francisco-javier-gonzalez-perez,Fran González,Goalkeeper,Sevilla FC,Primera División,21,,0,0.0,0.0,0.0,0.0,0,0,0.0,0.0,0.0,0,0,0,0,0,0,0,40,3.95,11.92
noe-carrillo-collazo,Noé,Midfielder,Real Club Deportivo de La Coruña,Primera División,19,,0,0.0,40.0,40.0,15.0,6,1,4.7,0.67,39.17,0,0,1,0,3,2,0,26,3.92,20.13
mauro-echegoyen-berrozpe,Mauro Echegoyen,Midfielder,CA Osasuna,Primera División,21,,0,0.0,0.0,0.0,0.0,0,0,0.0,0.0,0.0,0,0,0,0,0,0,0,40,,
alexis-ciria-flores,Alexis Ciria,Midfielder,Real Madrid,Primera División,18,,0,0.0,0.0,0.0,0.0,0,0,0.0,0.0,0.0,0,0,0,0,0,0,0,8,,
javier-navarro-jimenez,Javi Navarro,Goalkeeper,Real Madrid,Primera División,19,,0,0.0,0.0,0.0,0.0,0,0,0.0,0.0,0.0,0,0,0,0,0,0,0,40,,
juan-agustin-musso,Juan Musso,Goalkeeper,Atlético de Madrid,Primera División,32,,0,0.0,49.0,52.0,30.0,12,12,24.9,10.41,41.67,0,2,1,4,0,2,1,30,5.46,31.78
daniel-yanez-barla,Daniel Yáñez,Forward,Real Madrid,Primera División,19,,0,0.0,54.0,54.0,5.0,2,0,2.5,6.95,47.5,0,0,1,0,1,0,0,38,,
alejandro-iturbe-encabo,Alejandro Iturbe,Goalkeeper,Elche CF,Primera División,23,,0,0.0,0.0,0.0,0.0,0,0,0.0,0.0,0.0,0,0,0,0,0,0,0,40,3.1,8.35
arnau-comas-freixas,Arnau Comas,Defender,Real Club Deportivo de La Coruña,Primera División,26,,0,0.0,44.0,44.0,45.0,18,13,31.9,10.38,33.89,0,0,3,2,10,2,1,22,,
alejandro-panach-olmo,Alex Panach,Defender,Valencia CF,Primera División,20,,0,0.0,0.0,0.0,0.0,0,0,0.0,0.0,0.0,0,0,0,0,0,0,0,35,,
andres-cespedes-rubio,Andrés Céspedes,Goalkeeper,Málaga CF,Primera División,22,,0,0.0,0.0,0.0,0.0,0,0,0.0,0.0,0.0,0,0,0,0,0,0,0,40,,
javier-puado-diaz,Javi Puado,Forward,RCD Espanyol de Barcelona,Primera División,28,,0,0.0,41.0,41.0,12.5,5,3,6.7,0.78,40.0,0,0,1,0,1,3,0,35,3.11,13.6
andoni-gorosabel-espinosa,Gorosabel,Defender,RCD Espanyol de Barcelona,Primera División,30,,0,0.0,44.0,41.0,62.5,25,16,37.3,4.94,36.0,0,0,3,2,12,7,1,15,3.7,13.43
christantus-ugonna-uche,Christantus Uche,Midfielder,Getafe CF,Primera División,23,,0,0.0,40.0,37.0,20.0,8,0,2.5,-0.79,38.13,0,0,1,0,1,6,0,32,4.44,11.16
fernando-calero-villa,Fernando Calero,Defender,Málaga CF,Primera División,31,,0,0.0,46.0,48.0,57.5,23,20,44.9,9.67,38.04,0,1,3,5,10,4,0,17,3.87,12.14
lars-simon-albin-eriksson,Simon Eriksson,Goalkeeper,Real Racing Club de Santander,Primera División,20,,0,0.0,43.0,43.0,15.0,6,6,20.0,3.83,39.17,0,0,1,1,2,2,0,21,4.09,25.79
joseph-otunenche-otu,Joseph Otu,Midfielder,Málaga CF,Primera División,21,,0,0.0,0.0,0.0,0.0,0,0,0.0,0.0,0.0,0,0,0,0,0,0,0,7,,
adam-aznou-ben-cheikh,Adam Aznou,Defender,Málaga CF,Primera División,20,,0,0.0,0.0,0.0,0.0,0,0,0.0,0.0,0.0,0,0,0,0,0,0,0,40,2.83,10.74
daniel-barcia-rama,Dani Barcia,Defender,Real Club Deportivo de La Coruña,Primera División,23,,0,0.0,50.0,47.0,40.0,16,12,26.9,5.83,41.56,0,2,4,1,2,6,1,24,3.68,11.64
isaac-palazon-camacho,Isi Palazón,Midfielder,Rayo Vallecano,Primera División,31,,0,0.0,48.0,50.0,72.5,29,26,52.4,9.41,40.69,0,5,2,1,19,1,1,11,4.97,9.74
obed-vaargas,Obed Vargas,Midfielder,Atlético de Madrid,Primera División,21,,0,0.0,46.0,44.0,42.5,17,10,21.7,7.48,36.47,0,1,2,2,13,0,0,22,4.61,20.1
andres-vallecillo-arce,Andrés Vallecillo,Midfielder,Real Racing Club de Santander,Primera División,20,,0,0.0,0.0,0.0,0.0,0,0,0.0,0.0,0.0,0,0,0,0,0,0,0,38,,
ferland-mendy,Ferland Mendy,Defender,Real Madrid,Primera División,31,,0,0.0,40.0,39.0,17.5,7,5,8.5,3.02,35.71,0,1,0,0,3,2,1,33,7.1,13.34
brian-farinas-perez,Brian Fariñas,Midfielder,FC Barcelona,Primera División,20,,0,0.0,0.0,0.0,0.0,0,0,0.0,0.0,0.0,0,0,0,0,0,0,0,8,,
daniel-vivian-moreno,Dani Vivian,Defender,Athletic Club,Primera División,27,,0,0.0,45.0,42.0,62.5,25,22,51.3,7.1,34.4,0,1,4,2,10,5,3,15,4.96,15.14
adrian-rodriguez-gimenez,Adrián,Goalkeeper,D. Alavés,Primera División,25,,0,0.0,44.0,44.0,22.5,9,9,19.1,8.0,35.56,0,1,0,0,6,1,1,31,2.5,11.87
ebrahima-drammeh-jaiteh,Ebrahima Ebrahima,Forward,Getafe CF,Primera División,19,,0,0.0,0.0,0.0,0.0,0,0,0.0,0.0,0.0,0,0,0,0,0,0,0,9,,
ibrahima-sow-2007-01-26,Ibrahima Sow,Forward,Sevilla FC,Primera División,19,,0,0.0,0.0,0.0,0.0,0,0,0.0,0.0,0.0,0,0,0,0,0,0,0,33,,
ruben-vargas,Ruben Vargas,Midfielder,Sevilla FC,Primera División,28,,0,0.0,51.0,47.0,52.5,21,14,28.3,7.09,40.24,0,2,3,2,12,2,0,19,2.25,16.86
abdelkabir-abqar,A. Abqar,Defender,Getafe CF,Primera División,27,,0,0.0,35.0,37.0,55.0,22,15,31.4,3.11,33.41,0,0,2,2,10,4,3,19,2.32,12.88
iker-losada-aragunde,Iker Losada,Forward,Real Betis,Primera División,25,,0,0.0,45.0,44.0,50.0,20,10,21.5,3.73,40.0,0,0,4,1,10,5,0,20,2.67,14.59
ivan-villar-martinez,Iván Villar,Goalkeeper,RC Celta,Primera División,29,,0,0.0,54.0,0.0,0.0,0,0,0.0,0.0,0.0,0,0,0,0,0,0,0,40,1.98,15.14
andres-antanon-vieites,Andrés Antañón,Midfielder,RC Celta,Primera División,19,,0,0.0,41.0,41.0,15.0,6,4,7.6,1.73,39.17,0,0,1,0,2,3,0,34,,
hugo-perez-sanudo,Hugo Pérez,Forward,Real Racing Club de Santander,Primera División,19,,0,0.0,0.0,0.0,0.0,0,0,0.0,0.0,0.0,0,0,0,0,0,0,0,6,,
eduardo-altozano-agudo,Edu Altozano,Midfielder,Sevilla FC,Primera División,19,,0,0.0,0.0,0.0,0.0,0,0,0.0,0.0,0.0,0,0,0,0,0,0,0,40,,
nizar-el-jmili-ben-hamou,Nizar,Forward,Villarreal CF,Primera División,21,,0,0.0,0.0,0.0,0.0,0,0,0.0,0.0,0.0,0,0,0,0,0,0,0,7,,
iker-monreal-agundez,Iker Monreal,Defender,Athletic Club,Primera División,21,,0,0.0,0.0,0.0,0.0,0,0,0.0,0.0,0.0,0,0,0,0,0,0,0,40,,
alexander-sorloth,Sorloth,Forward,Atlético de Madrid,Primera División,30,,0,0.0,36.0,41.0,70.0,28,16,40.9,-0.39,41.79,0,2,5,0,6,15,0,12,7.66,27.85
jesus-fortea-tejedo,Jesús Fortea,Defender,Real Madrid,Primera División,19,,0,0.0,0.0,0.0,0.0,0,0,0.0,0.0,0.0,0,0,0,0,0,0,0,40,,
iker-rodriguez-medina,Iker Rodríguez,Goalkeeper,FC Barcelona,Primera División,18,,0,0.0,0.0,0.0,0.0,0,0,0.0,0.0,0.0,0,0,0,0,0,0,0,1,,
frenkie-de-jong,Frenkie de Jong,Midfielder,FC Barcelona,Primera División,29,,0,0.0,51.0,57.0,50.0,20,12,31.1,17.46,40.0,2,2,3,4,8,1,0,20,18.7,52.84
unai-eguiluz-arroyo,Unai Eguíluz,Defender,Athletic Club,Primera División,24,,0,0.0,0.0,0.0,0.0,0,0,0.0,0.0,0.0,0,0,0,0,0,0,0,40,4.5,11.5
mamadou-selu-diallo-diallo,Selu Diallo,Midfielder,D. Alavés,Primera División,23,,0,0.0,34.0,39.0,67.5,27,17,35.9,2.12,36.85,0,1,1,2,14,9,0,13,2.83,13.75
alejandro-rego-mora,Alejandro Rego,Midfielder,Athletic Club,Primera División,23,,0,0.0,41.0,41.0,72.5,29,15,38.0,5.36,35.17,0,0,1,4,18,5,1,11,2.15,8.43
victor-mullerat-tomas,Víctor Mullerat,Forward,RCD Espanyol de Barcelona,Primera División,18,,0,0.0,0.0,0.0,0.0,0,0,0.0,0.0,0.0,0,0,0,0,0,0,0,1,,
nicolas-guillen-peguero,Nico Guillén,Midfielder,Sevilla FC,Primera División,18,,0,0.0,40.0,40.0,5.0,2,1,7.5,5.1,35.0,0,0,0,1,0,1,0,10,,
gregoire-swiderski,Grégoire Świderski,Goalkeeper,D. Alavés,Primera División,20,,0,0.0,0.0,0.0,0.0,0,0,0.0,0.0,0.0,0,0,0,0,0,0,0,40,,
jorge-castillo-frutos,Jorge Castillo,Midfielder,Atlético de Madrid,Primera División,20,,0,0.0,0.0,0.0,0.0,0,0,0.0,0.0,0.0,0,0,0,0,0,0,0,21,,
angel-fortuno-vinas,Ángel Fortuño,Goalkeeper,RCD Espanyol de Barcelona,Primera División,24,,0,0.0,52.0,52.0,2.5,1,1,2.2,17.1,35.0,0,0,0,1,0,0,0,39,4.13,13.6
sergio-martinez-montero,Sergio Martínez,Midfielder,Real Madrid,Primera División,19,,0,0.0,40.0,40.0,17.5,7,2,6.6,1.59,38.57,0,0,1,1,3,2,0,33,0.85,12.63
pablo-marin-tejada,Pablo Marín,Midfielder,Real Sociedad,Primera División,23,,0,0.0,43.0,37.0,70.0,28,10,27.8,0.3,36.79,0,0,2,1,11,14,0,12,2.93,14.06
raul-asencio-del-rosario,Raúl Asencio,Defender,Real Madrid,Primera División,23,,0,0.0,42.0,48.0,45.0,18,18,36.7,11.16,36.67,1,0,3,2,8,3,1,22,5.26,20.14
facundo-tomas-garces,Facundo Garcés,Defender,D. Alavés,Primera División,27,,0,0.0,33.0,33.0,12.5,5,3,8.6,-1.77,35.0,0,0,0,0,2,3,0,35,4.49,11.43
mario-rivas-lago,Mario Rivas,Defender,Real Madrid,Primera División,19,,0,0.0,0.0,0.0,0.0,0,0,0.0,0.0,0.0,0,0,0,0,0,0,0,40,,
roony-bardghji,Roony Bardghji,Forward,FC Barcelona,Primera División,20,,0,0.0,42.0,43.0,42.5,17,6,13.3,5.59,37.06,0,1,0,1,14,1,0,23,7.45,34.13
raul-de-tomas-gomez,Raúl de Tomás,Forward,Rayo Vallecano,Primera División,31,,0,0.0,0.0,0.0,0.0,0,0,0.0,0.0,0.0,0,0,0,0,1,1,0,38,4.58,10.41
augusto-martin-batalla-barga,Augusto Batalla,Goalkeeper,Rayo Vallecano,Primera División,30,,0,0.0,54.0,50.0,77.5,31,31,69.0,5.12,44.52,0,5,6,1,11,8,0,9,5.25,22.7
juan-miguel-jimenez-lopez,Juanmi,Forward,Getafe CF,Primera División,33,,0,0.0,38.0,38.0,20.0,8,0,4.3,-0.56,38.13,0,0,1,0,3,4,0,32,2.93,8.23
yakiv-kinareykin,Yakiv Kinareikin,Goalkeeper,Villarreal CF,Primera División,22,,0,0.0,0.0,0.0,0.0,0,0,0.0,0.0,0.0,0,0,0,0,0,1,0,12,,
arnau-sola-mateu,Arnau Solà,Defender,Atlético de Madrid,Primera División,23,,0,0.0,43.0,43.0,17.5,7,6,28.9,3.95,38.57,0,0,1,1,4,4,1,29,1.04,8.19
izei-hernandez-canas,Izei Hernández,Forward,D. Alavés,Primera División,19,,0,0.0,0.0,0.0,0.0,0,0,0.0,0.0,0.0,0,0,0,0,0,0,0,32,,
carlos-sanchez-martos,Carlos Sánchez,Defender,Real Racing Club de Santander,Primera División,21,,0,0.0,0.0,0.0,0.0,0,0,0.0,0.0,0.0,0,0,0,0,0,0,0,18,,
thiago-pitarch-pinar,Thiago Pitarch,Midfielder,Real Madrid,Primera División,19,,0,0.0,42.0,40.0,40.0,16,11,20.4,2.64,37.19,0,1,0,0,9,6,0,24,5.31,23.74
hugo-alvarez-antunez,Hugo Álvarez,Midfielder,RC Celta,Primera División,23,56.0,2,36.4,46.0,46.0,0.0,0,0,37.6,5.18,40.61,0,1,6,1,22,3,0,7,4.49,11.81
rayane-belaid,Rayane Belaid,Forward,Rayo Vallecano,Primera División,21,34.0,0,4.6,30.0,30.0,5.0,2,1,3.9,-5.1,35.0,0,0,0,0,0,3,0,37,4.0,
jaume-dura-i-soler,Jaume Durá,Midfielder,Valencia CF,Primera División,18,,0,0.0,0.0,0.0,0.0,0,0,0.0,0.0,0.0,0,0,0,0,0,0,0,7,,
selton-sued-sanchez-camilo,Selton Sánchez,Midfielder,Athletic Club,Primera División,19,,0,0.0,38.0,38.0,25.0,10,2,6.9,-0.13,37.5,0,0,1,0,4,5,0,29,0.35,8.31
moussa-diarra-2002-01-20,Moussa Diarra,Defender,Málaga CF,Primera División,24,,0,0.0,0.0,0.0,0.0,0,0,0.0,0.0,0.0,0,0,0,0,0,0,0,40,0.4,2.83
jorge-castellanos-del-olmo,Jorge Castellanos,Midfielder,Real Racing Club de Santander,Primera División,20,,0,0.0,0.0,0.0,0.0,0,0,0.0,0.0,0.0,0,0,0,0,0,0,0,7,,
diego-lopez-noguerol,Diego López,Forward,Valencia CF,Primera División,24,,0,0.0,44.0,42.0,72.5,29,15,34.3,3.75,38.45,0,0,4,1,17,7,0,11,2.88,7.79
jorge-cestero-sancho,Cestero,Midfielder,Real Madrid,Primera División,20,,0,0.0,35.0,35.0,7.5,3,0,0.6,-0.17,35.0,0,0,0,0,1,2,0,36,,
jean-yves-valou,Jean Valou,Defender,Getafe CF,Primera División,20,,0,0.0,21.0,21.0,2.5,1,0,0.4,-14.46,35.0,0,0,0,0,0,1,0,39,2.83,5.69
alvaro-padilla-escriba,Álvaro Padilla,Forward,Elche CF,Primera División,20,,0,0.0,36.0,36.0,2.5,1,0,1.3,1.1,35.0,0,0,0,0,1,0,0,6,,
iker-ortin-munoz,Iker Muñoz,Defender,Sevilla FC,Primera División,22,,0,0.0,0.0,0.0,0.0,0,0,0.0,0.0,0.0,0,0,0,0,0,0,0,30,,
jordi-pesquer-barraquer,Jordi Pesquer,Defender,FC Barcelona,Primera División,17,,0,0.0,0.0,0.0,0.0,0,0,0.0,0.0,0.0,0,0,0,0,0,0,0,8,,
fabio-rafael-rodrigues-cardoso,Fábio Cardoso,Defender,Sevilla FC,Primera División,32,,0,0.0,36.0,36.0,10.0,4,4,7.5,6.07,30.0,0,0,1,0,0,2,1,36,3.69,13.21
mohamed-yassine-hamdoune,Mohamed Hamdoune,Defender,Getafe CF,Primera División,22,,0,0.0,0.0,0.0,0.0,0,0,0.0,0.0,0.0,0,0,0,0,0,0,0,5,,
ruben-gomez-peris,Rubén Gómez,Goalkeeper,Villarreal CF,Primera División,24,,0,0.0,0.0,0.0,0.0,0,0,0.0,0.0,0.0,0,0,0,0,0,0,0,40,0.68,6.09
kayne-van-oevelen,Kayne van Oevelen,Goalkeeper,Valencia CF,Primera División,23,,0,0.0,51.0,48.0,65.0,26,26,66.0,10.09,37.88,0,0,8,4,14,5,0,9,4.13,16.06
asier-bonel-aicua,Asier Bonel,Forward,CA Osasuna,Primera División,18,,0,0.0,0.0,0.0,0.0,0,0,0.0,0.0,0.0,0,0,0,0,0,0,0,6,,
moha-achraf,Moha Achraf,Forward,Getafe CF,Primera División,20,,0,0.0,0.0,0.0,0.0,0,0,0.0,0.0,0.0,0,0,0,0,0,0,0,3,,
eder-gabriel-militao,Éder Militão,Defender,Real Madrid,Primera División,28,,0,0.0,50.0,47.0,15.0,6,4,7.0,3.22,43.33,0,0,2,0,2,2,0,34,15.11,47.89
juan-marcos-foyth,Juan Foyth,Defender,Villarreal CF,Primera División,28,,0,0.0,50.0,51.0,27.5,11,10,20.1,18.53,32.27,0,1,3,3,1,2,1,29,7.65,35.1
francisco-burgos-barrionuevo,Curro Burgos,Defender,Getafe CF,Primera División,22,,0,0.0,0.0,0.0,0.0,0,0,0.0,0.0,0.0,0,0,0,0,0,0,0,7,,
alejandro-primo-hernandez,Álex Primo,Goalkeeper,Levante UD,Primera División,22,,0,0.0,0.0,0.0,0.0,0,0,0.0,0.0,0.0,0,0,0,0,0,0,0,40,2.98,17.13
joan-martinez-lozano,Joan Martínez,Defender,Real Madrid,Primera División,19,,0,0.0,0.0,0.0,0.0,0,0,0.0,0.0,0.0,0,0,0,0,0,0,0,36,,
alejandro-padilla-perez,Á. Padilla,Goalkeeper,Athletic Club,Primera División,23,,0,0.0,26.0,26.0,2.5,1,1,2.2,-9.1,35.0,0,0,0,0,0,1,0,39,3.71,12.87
laro-gomez-rodriguez,Laro Gómez,Goalkeeper,Real Racing Club de Santander,Primera División,19,,0,0.0,25.0,25.0,2.5,1,1,2.3,-10.2,35.0,0,0,0,0,0,1,0,39,,
alberto-calatrava-ragull,Alberto Calatrava,Midfielder,Levante UD,Primera División,21,,0,0.0,0.0,0.0,0.0,0,0,0.0,0.0,0.0,0,0,0,0,0,0,0,6,,
manel-usedo-domingo,Manel Usedo,Midfielder,Levante UD,Primera División,19,,0,0.0,0.0,0.0,0.0,0,0,0.0,0.0,0.0,0,0,0,0,0,0,0,6,,
aaron-ochoa-moloney,Aarón Ochoa,Midfielder,Málaga CF,Primera División,19,,0,0.0,41.0,45.0,62.5,25,6,19.3,4.64,40.2,0,0,7,1,11,4,0,17,4.49,9.08
asier-hierro-campo,Asier Hierro,Forward,Athletic Club,Primera División,21,,0,0.0,36.0,36.0,10.0,4,0,1.9,1.23,35.0,0,0,0,0,3,1,0,34,,
adama-timera,Adama Timera,Defender,RCD Espanyol de Barcelona,Primera División,21,,0,0.0,0.0,0.0,0.0,0,0,0.0,0.0,0.0,0,0,0,0,0,0,0,18,,
daniel-martinez-moreno,Dani Martínez,Defender,Atlético de Madrid,Primera División,22,,0,0.0,31.0,31.0,5.0,2,2,4.5,5.51,25.0,0,0,0,0,1,1,0,38,,
kevin-sanchez-rey,Kevin Sánchez,Forward,Real Club Deportivo de La Coruña,Primera División,21,,0,0.0,35.0,35.0,2.5,1,0,0.7,0.4,35.0,0,0,0,0,2,3,0,35,4.21,12.0
cristian-sleiker-casseres-yepes,Cristian Cásseres Jr.,Midfielder,Toulouse FC,Ligue 1,26,86.0,5,90.0,74.0,60.0,80.0,32,30,78.8,18.86,41.88,1,6,9,8,10,3,1,2,37.1,181.69
zachary-athekame,Zachary Athekame,Defender,Olympique Lyonnais,Ligue 1,21,81.0,4,72.0,62.0,47.0,77.5,31,12,32.6,5.21,41.77,1,2,5,3,12,7,0,10,25.56,87.44
jordan-teze,Jordan Teze,Defender,AS Monaco,Ligue 1,27,74.0,0,7.6,55.0,51.0,87.5,35,26,62.0,10.67,39.86,0,4,7,7,10,6,1,5,7.42,21.51
otavio-ataide-da-silva,Otávio,Defender,Paris FC,Ligue 1,24,72.0,2,34.6,57.0,55.0,55.0,22,20,53.3,18.58,36.36,1,3,5,1,9,5,1,15,12.09,38.98
alexsandro-victor-de-souza-ribeiro,Alexsandro,Defender,LOSC Lille,Ligue 1,27,72.0,5,90.0,66.0,59.0,32.5,13,11,21.3,19.29,39.62,1,4,2,1,2,1,2,27,33.53,105.91
lassine-sinayoko,Lassine Sinayoko,Forward,Paris FC,Ligue 1,26,71.0,5,87.0,73.0,57.0,92.5,37,37,83.4,10.22,47.16,2,6,8,3,13,4,0,4,51.28,150.92
anthony-lopes,Anthony Lopes,Goalkeeper,Angers SCO,Ligue 1,36,71.0,5,90.0,56.0,50.0,77.5,31,31,84.5,8.75,41.61,0,8,4,2,17,6,1,2,20.29,83.75
florian-thauvin,Florian Thauvin,Forward,RC Lens,Ligue 1,33,71.0,5,90.0,68.0,60.0,92.5,37,32,72.4,13.62,47.03,2,8,9,1,15,3,0,2,61.96,187.89
marcos-aoas-correa,Marquinhos,Defender,Paris Saint-Germain,Ligue 1,32,70.0,4,72.0,61.0,57.0,70.0,28,27,62.2,18.29,38.21,0,3,13,2,7,3,0,12,17.66,55.93
lamine-camara-2004-01-01,Lamine Camara,Midfielder,AS Monaco,Ligue 1,22,69.0,5,90.0,63.0,56.0,90.0,36,30,69.2,17.8,38.33,0,7,5,9,11,3,1,4,39.93,198.57
dominik-greif,Dominik Greif,Goalkeeper,Olympique Lyonnais,Ligue 1,29,69.0,3,72.0,54.0,56.0,82.5,33,33,74.2,10.02,45.76,0,7,6,3,11,5,0,8,40.24,134.38
adrien-monfray,Adrien Monfray,Defender,ESTAC Troyes,Ligue 1,35,68.0,5,90.0,62.0,59.0,77.5,31,31,84.5,23.29,35.97,0,10,10,6,10,1,1,2,13.15,60.46
pierre-lees-melou,Pierre Lees-Melou,Midfielder,Paris FC,Ligue 1,33,67.0,5,90.0,60.0,55.0,60.0,24,23,59.8,16.15,38.54,0,3,8,2,13,2,1,11,21.24,141.54
anthony-rouault,Anthony Rouault,Defender,Stade Rennais F.C.,Ligue 1,25,66.0,3,54.0,53.0,46.0,47.5,19,17,44.1,12.75,32.89,0,3,4,6,3,7,1,16,7.01,32.65
gessime-yassine,Gessime Yassine,Forward,RC Strasbourg Alsace,Ligue 1,20,65.0,5,86.8,54.0,51.0,70.0,28,16,34.6,9.64,41.07,0,5,5,3,12,2,0,13,17.62,83.77
mamadou-coulibaly-2004-04-21,Mamadou Coulibaly,Midfielder,AS Monaco,Ligue 1,22,64.0,3,43.8,46.0,45.0,75.0,30,19,43.5,6.01,39.83,1,0,5,3,15,6,0,10,5.31,23.91
ernest-appiah-nuamah,Ernest Nuamah,Forward,Olympique Lyonnais,Ligue 1,22,64.0,4,61.4,56.0,49.0,37.5,15,9,17.5,5.83,43.0,0,2,2,1,7,2,0,26,19.0,84.07
thomas-jorgensen,Thomas Jørgensen,Midfielder,Toulouse FC,Ligue 1,21,64.0,2,54.4,53.0,58.0,77.5,31,30,74.6,15.1,42.9,1,6,13,5,9,3,0,3,15.09,73.86
joaquin-martinez-gauna,Oso,Defender,RC Strasbourg Alsace,Ligue 1,23,65.0,4,69.6,54.0,50.0,65.0,26,19,47.0,10.62,39.81,0,2,4,6,13,1,0,14,5.76,43.71
paris-josua-brunner,Paris Brunner,Forward,AS Monaco,Ligue 1,20,64.0,5,84.6,53.0,51.0,27.5,11,7,15.4,3.82,47.27,0,2,3,0,2,4,0,29,39.04,104.85
mamady-diambou,Mamady Diambou,Midfielder,Stade Brestois 29,Ligue 1,23,64.0,1,20.4,47.0,46.0,22.5,9,7,10.7,8.39,37.78,0,1,0,1,6,1,0,31,4.46,12.46
nathaniel-adjei,Nathaniel Adjei,Defender,FC Lorient,Ligue 1,24,63.0,5,87.0,49.0,44.0,52.5,21,15,38.8,10.95,33.1,0,1,2,3,10,4,0,20,7.51,19.74
cameron-archer,Cameron Archer,Forward,AJ Auxerre,Ligue 1,24,63.0,3,50.8,55.0,44.0,57.5,23,9,20.6,-0.7,44.13,0,0,8,0,6,9,0,17,8.17,24.2
hugo-magnetti,Hugo Magnetti,Midfielder,Stade Brestois 29,Ligue 1,28,62.0,3,54.0,50.0,50.0,82.5,33,30,77.2,13.76,36.67,0,3,5,9,14,6,1,2,5.89,31.29
bradley-locko,Bradley Locko,Defender,Stade Brestois 29,Ligue 1,24,62.0,5,89.6,55.0,51.0,52.5,21,14,37.9,13.18,37.38,0,0,7,4,8,7,1,13,8.25,38.81
branco-van-den-boomen,Branco van den Boomen,Midfielder,Angers SCO,Ligue 1,31,62.0,5,90.0,56.0,53.0,50.0,20,19,42.3,14.09,38.75,0,1,4,5,10,0,0,20,7.99,60.44
guillaume-restes,Guillaume Restes,Goalkeeper,Toulouse FC,Ligue 1,21,62.0,2,32.2,48.0,49.0,77.5,31,31,80.6,7.54,41.45,0,3,7,1,15,11,0,3,23.19,101.07
yacine-titraoui,Yacine Titraoui,Midfielder,RC Lens,Ligue 1,23,62.0,2,30.0,59.0,56.0,70.0,28,26,56.2,17.36,38.93,0,6,5,6,9,3,0,11,10.5,44.75
adil-ali-mohamed-bourabaa,Adil Bourabaa,Midfielder,Le Mans FC,Ligue 1,21,62.0,5,79.6,55.0,48.0,42.5,17,10,58.4,5.41,42.94,0,0,5,1,10,2,0,0,7.93,32.74
desire-doue,Désiré Doué,Forward,Paris Saint-Germain,Ligue 1,21,61.0,2,44.8,55.0,58.0,90.0,36,26,54.9,13.01,44.72,1,8,8,2,15,3,0,3,62.47,220.92
mark-mckenzie,Mark McKenzie,Defender,Toulouse FC,Ligue 1,27,61.0,5,90.0,55.0,50.0,82.5,33,31,65.3,10.65,38.94,0,3,6,4,12,6,1,8,5.9,19.14
brice-samba,Brice Samba,Goalkeeper,Stade Rennais F.C.,Ligue 1,32,61.0,4,72.0,55.0,53.0,65.0,26,26,58.5,9.8,43.08,0,6,7,1,9,2,2,13,32.32,122.69
ferran-torres-garcia,Ferran Torres,Forward,Paris Saint-Germain,Ligue 1,26,61.0,3,52.6,56.0,51.0,92.5,37,17,43.5,3.73,46.49,0,4,8,0,10,12,0,6,49.36,122.67
ousmane-camara-2003-03-06,Ousmane Camara,Defender,Angers SCO,Ligue 1,23,60.0,5,90.0,43.0,51.0,90.0,36,35,79.7,13.82,37.36,0,4,9,8,6,7,1,5,4.65,22.39
ayase-ueda,Ayase Ueda,Forward,LOSC Lille,Ligue 1,28,60.0,4,70.2,54.0,51.0,90.0,36,34,68.0,3.53,48.19,1,4,10,1,8,12,0,4,19.04,75.2
mohamed-ouedraogo,Mohamed Ouédraogo,Defender,Olympique Lyonnais,Ligue 1,23,60.0,1,9.0,40.0,43.0,70.0,28,26,58.8,2.37,38.04,0,0,6,7,8,7,2,10,3.2,12.22
eric-dier,Eric Dier,Defender,AS Monaco,Ligue 1,32,60.0,5,90.0,54.0,50.0,27.5,11,9,21.7,12.35,37.73,0,2,0,1,5,2,1,29,9.51,62.43
mohamed-amine-sbai,Amine Sbaï,Forward,Angers SCO,Ligue 1,25,60.0,5,85.4,50.0,46.0,80.0,32,29,56.7,7.22,38.59,1,2,3,2,17,7,0,8,8.15,17.73
raul-torrente-navarro,Raúl Torrente,Defender,Le Mans FC,Ligue 1,25,60.0,1,14.8,55.0,55.0,7.5,3,1,2.8,7.95,46.67,0,1,0,0,2,0,0,37,4.91,11.22
vitor-machado-ferreira,Vitinha,Midfielder,Paris Saint-Germain,Ligue 1,26,59.0,4,79.0,61.0,58.0,90.0,36,32,68.2,21.33,36.67,1,2,14,8,9,1,0,5,79.02,282.81
ilan-kebbal,Ilan Kebbal,Midfielder,Paris FC,Ligue 1,28,60.0,5,81.0,53.0,57.0,75.0,30,26,56.4,12.92,44.0,1,4,6,3,14,1,0,11,21.02,94.03
dembo-sylla,Dembo Sylla,Defender,FC Lorient,Ligue 1,23,59.0,5,86.4,49.0,44.0,77.5,31,26,66.9,5.93,38.23,0,2,2,3,19,5,2,7,5.76,11.07
nuno-mendes,Nuno Mendes,Defender,Paris Saint-Germain,Ligue 1,24,59.0,5,82.4,59.0,58.0,75.0,30,27,54.5,18.53,40.33,2,6,8,2,7,3,0,12,43.45,257.57
kamory-doumbia,Kamory Doumbia,Midfielder,Stade Brestois 29,Ligue 1,23,59.0,5,81.4,52.0,52.0,70.0,28,24,50.2,8.32,43.75,0,3,8,2,9,5,0,13,9.1,69.7
tiago-santos-carvalho,Tiago Santos,Defender,LOSC Lille,Ligue 1,24,58.0,5,90.0,51.0,47.0,70.0,28,17,39.5,8.48,38.57,0,5,0,3,12,7,1,12,9.08,53.33
montassar-talbi,Montassar Talbi,Defender,FC Lorient,Ligue 1,28,58.0,5,90.0,50.0,53.0,87.5,35,35,79.5,12.96,39.29,0,3,8,8,12,3,0,6,8.38,21.56
flavio-basilua-jacinto-nazinho,Flávio Nazinho,Defender,AS Monaco,Ligue 1,23,58.0,5,90.0,49.0,54.0,75.0,30,27,70.5,11.55,42.33,2,6,6,6,5,7,2,6,18.85,91.63
ousmane-dembele,Ousmane Dembélé,Forward,Paris Saint-Germain,Ligue 1,29,58.0,4,64.0,59.0,62.0,80.0,32,25,50.9,11.49,50.78,1,12,5,3,12,0,1,6,72.12,263.91
sebastian-szymanski,Sebastian Szymański,Midfielder,Stade Rennais F.C.,Ligue 1,27,58.0,3,50.2,55.0,50.0,82.5,33,20,40.7,9.03,41.36,1,2,7,2,15,5,0,8,12.09,41.8
valentin-rongier,Valentin Rongier,Midfielder,Stade Rennais F.C.,Ligue 1,31,58.0,4,72.2,58.0,61.0,80.0,32,31,79.7,20.33,41.56,1,5,10,7,13,1,0,3,29.26,132.9
aleksandr-golovin,Aleksandr Golovin,Midfielder,AS Monaco,Ligue 1,30,58.0,5,80.6,50.0,53.0,85.0,34,30,59.4,9.84,43.09,0,3,8,6,13,4,0,6,9.55,51.39
xavier-junior-mandza-tsiendi,Xavier Mandza,Midfielder,OGC Nice,Ligue 1,17,58.0,5,89.6,58.0,58.0,7.5,3,3,89.6,22.57,35.0,0,0,3,1,1,0,0,0,14.57,38.73
kevin-trapp,Kevin Trapp,Goalkeeper,Paris FC,Ligue 1,36,57.0,5,90.0,50.0,50.0,65.0,26,26,68.8,5.44,44.81,0,2,9,1,7,9,1,11,22.88,89.77
carlens-arcus,Carlens Arcus,Defender,Angers SCO,Ligue 1,30,57.0,4,66.0,47.0,50.0,80.0,32,28,57.0,11.06,38.44,1,2,7,2,10,7,2,9,4.08,19.22
maurits-kjaergaard,Maurits Kjærgaard,Midfielder,LOSC Lille,Ligue 1,23,57.0,0,13.8,54.0,51.0,52.5,21,11,29.6,8.93,42.14,0,1,7,2,9,2,0,19,4.14,38.05
maghnes-akliouche,Maghnes Akliouche,Midfielder,Paris Saint-Germain,Ligue 1,24,52.0,2,43.2,48.0,55.0,75.0,30,24,46.2,11.15,44.0,0,7,3,5,13,2,0,10,12.43,62.34
daniel-loader,Danny Namaso,Forward,AJ Auxerre,Ligue 1,26,56.0,5,81.2,46.0,45.0,92.5,37,37,75.8,5.79,39.19,0,0,8,4,14,9,0,5,6.6,25.57
illia-zabarnyi,Illia Zabarnyi,Defender,Paris Saint-Germain,Ligue 1,24,56.0,2,36.0,62.0,56.0,55.0,22,18,43.8,19.7,36.82,1,3,7,1,7,2,1,18,6.64,37.12
kyllian-anderson-antonio,Kyllian Antonio,Defender,RC Lens,Ligue 1,18,56.0,4,72.0,57.0,57.0,20.0,8,6,15.7,19.1,38.13,0,2,1,2,3,0,0,32,8.81,58.12
abdelhamid-ait-boudlal,Abdelhamid Aït Boudlal,Defender,Stade Rennais F.C.,Ligue 1,20,56.0,2,38.0,55.0,50.0,55.0,22,18,40.1,8.1,41.82,0,1,8,2,7,3,1,18,7.67,50.42
abdallah-dipo-sima,Abdallah Sima,Forward,RC Lens,Ligue 1,25,56.0,5,77.6,50.0,46.0,65.0,26,12,32.1,2.83,42.69,0,0,8,0,14,6,0,12,10.05,30.65
mbwana-ally-samatta,Mbwana Samatta,Forward,Le Havre AC,Ligue 1,33,56.0,5,85.6,52.0,42.0,77.5,31,20,47.4,2.6,39.35,0,1,4,2,13,12,0,8,4.21,13.13
rasmus-nicolaisen,Rasmus Nicolaisen,Defender,Toulouse FC,Ligue 1,29,56.0,3,54.0,50.0,49.0,75.0,30,30,78.4,12.78,36.17,0,2,4,8,13,5,4,4,5.42,20.1
fabian-ruiz-pena,Fabián Ruiz,Midfielder,Paris Saint-Germain,Ligue 1,30,55.0,4,70.4,60.0,54.0,65.0,26,16,33.8,13.9,40.19,0,3,6,4,10,2,0,15,27.51,85.84
filip-jorgensen,Filip Jörgensen,Goalkeeper,RC Strasbourg Alsace,Ligue 1,24,55.0,4,90.0,54.0,49.0,35.0,14,13,28.7,10.02,38.93,0,1,2,2,6,1,1,27,23.87,131.49
andrija-bulatovic,Andrija Bulatović,Midfielder,RC Lens,Ligue 1,19,55.0,4,75.6,53.0,49.0,70.0,28,12,35.7,10.54,38.75,0,3,3,4,15,2,1,12,6.83,44.91
ahmed-touba,Ahmed Touba,Defender,Le Havre AC,Ligue 1,28,55.0,4,72.0,54.0,53.0,42.5,17,16,66.4,15.16,38.24,0,3,5,1,11,2,1,17,5.59,16.33
adrien-thomasson,Adrien Thomasson,Midfielder,Stade Rennais F.C.,Ligue 1,32,55.0,4,74.6,54.0,56.0,82.5,33,31,77.2,11.63,44.24,1,6,7,6,13,5,0,2,24.71,111.99
vanderson-de-oliveira-campos,Vanderson,Defender,AS Monaco,Ligue 1,25,55.0,5,79.6,52.0,52.0,57.5,23,18,36.4,13.6,38.26,0,3,6,3,7,3,1,17,13.19,52.05
merwan-ifnaoui,Merwan Ifnaoui,Midfielder,ESTAC Troyes,Ligue 1,27,47.0,3,47.2,51.0,56.0,65.0,26,24,58.7,14.38,41.25,0,4,4,8,14,0,0,10,5.29,11.31
pablo-pagis,Pablo Pagis,Forward,Paris FC,Ligue 1,23,55.0,5,72.8,63.0,58.0,77.5,31,26,59.8,11.18,46.94,0,9,8,0,16,1,0,6,21.65,109.04
casper-tengstedt,Casper Tengstedt,Forward,Toulouse FC,Ligue 1,26,55.0,1,28.4,41.0,45.0,52.5,21,5,16.7,1.27,43.81,0,1,6,0,9,5,0,19,6.21,27.46
maxime-lopez,Maxime Lopez,Midfielder,Paris FC,Ligue 1,28,55.0,4,76.4,48.0,47.0,65.0,26,21,55.6,10.13,36.92,0,2,6,6,13,5,0,8,9.46,31.08
ruben-aguilar,Ruben Aguilar,Defender,RC Lens,Ligue 1,33,55.0,3,61.2,50.0,50.0,65.0,26,18,47.1,10.71,39.81,1,3,4,5,14,4,0,9,5.16,18.12
felix-bacher,Felix Bacher,Defender,Olympique Lyonnais,Ligue 1,25,54.0,1,62.2,51.0,51.0,82.5,33,32,76.9,14.77,36.52,0,3,5,8,14,2,1,7,6.58,33.58
berke-ozer,Berke Özer,Goalkeeper,LOSC Lille,Ligue 1,26,54.0,5,90.0,55.0,52.0,97.5,39,39,87.3,6.31,46.28,1,2,15,1,10,9,1,1,38.42,199.62
panos-katseris,Panos Katseris,Defender,FC Lorient,Ligue 1,25,54.0,3,35.4,55.0,47.0,45.0,18,9,23.3,4.33,42.5,0,3,2,1,12,3,0,19,8.22,26.02
amine-gouiri,Amine Gouiri,Forward,Olympique de Marseille,Ligue 1,26,54.0,4,76.2,53.0,51.0,75.0,30,21,49.1,5.52,45.5,0,6,5,0,13,4,0,12,16.92,96.08
hakon-arnar-haraldsson,Hákon Haraldsson,Midfielder,LOSC Lille,Ligue 1,23,54.0,5,79.0,52.0,49.0,97.5,39,35,74.0,9.13,39.87,0,3,7,5,16,7,0,2,17.1,71.15
matthieu-udol,Matthieu Udol,Defender,RC Lens,Ligue 1,30,54.0,5,76.8,50.0,54.0,87.5,35,34,86.8,13.34,40.43,1,4,6,10,15,3,1,0,13.19,53.05
sadibou-sane,Sadibou Sané,Defender,AS Monaco,Ligue 1,22,54.0,5,90.0,51.0,54.0,67.5,27,26,64.2,17.11,37.22,1,1,10,5,7,2,3,11,16.45,79.63
pierre-ismaelo-ganiou,Pierre-Ismaëlo Ganiou,Defender,RC Lens,Ligue 1,21,54.0,3,54.0,65.0,56.0,67.5,27,26,67.5,19.23,36.67,2,5,3,3,9,3,2,13,21.3,117.86
ibrahima-balde-2003-01-17,Ibrahima Baldé,Forward,FC Lorient,Ligue 1,23,54.0,4,64.2,55.0,50.0,82.5,33,26,59.9,2.3,48.03,0,3,13,0,10,10,0,4,7.18,47.95
moussa-niakhate,Moussa Niakhaté,Defender,Olympique Lyonnais,Ligue 1,30,54.0,5,81.0,56.0,61.0,90.0,36,35,78.5,22.1,38.61,1,4,16,4,8,1,1,5,27.79,109.28
pape-cabral,Pape Cabral,Midfielder,AS Monaco,Ligue 1,19,54.0,0,2.8,41.0,42.0,12.5,5,0,2.6,6.92,35.0,0,0,0,2,1,2,0,35,5.16,10.83
joseph-kalulu-kyatengwa,Joseph Kalulu,Defender,Angers SCO,Ligue 1,21,54.0,4,72.0,49.0,47.0,85.0,34,33,84.9,10.65,36.03,0,1,12,3,11,9,2,2,7.1,33.46
anis-ouzenadji,Anis Ouzenadji,Defender,ESTAC Troyes,Ligue 1,19,54.0,5,90.0,49.0,47.0,52.5,21,9,30.0,6.12,40.95,0,1,6,2,10,7,0,13,4.03,11.53
joris-chotard,Joris Chotard,Midfielder,Stade Brestois 29,Ligue 1,25,54.0,5,86.8,51.0,47.0,85.0,34,33,86.1,10.76,36.62,0,1,7,4,23,3,0,2,3.98,23.75
corentin-tolisso,Corentin Tolisso,Midfielder,Olympique Lyonnais,Ligue 1,32,54.0,4,75.2,62.0,57.0,85.0,34,27,61.6,11.72,45.88,1,7,6,6,10,4,0,6,42.25,159.6
antoine-mille,Antoine Mille,Midfielder,ESTAC Troyes,Ligue 1,29,54.0,4,70.6,58.0,57.0,80.0,32,31,82.8,15.58,41.88,0,8,9,5,14,3,0,1,9.77,37.98
ludovic-ajorque,Ludovic Ajorque,Forward,Stade Brestois 29,Ligue 1,32,54.0,5,89.2,53.0,51.0,80.0,32,32,83.1,5.66,45.16,1,3,11,3,14,5,1,2,10.85,50.82
mahamadou-aboubakar-nagida,Aboubakar Nagida,Defender,Stade Rennais F.C.,Ligue 1,21,53.0,2,46.2,47.0,48.0,62.5,25,12,34.0,11.79,36.2,0,2,3,3,11,4,1,16,5.69,27.76
louis-mafouta,Louis Mafouta,Forward,Le Mans FC,Ligue 1,32,53.0,5,84.6,59.0,52.0,82.5,33,33,86.2,2.48,48.94,0,4,13,0,9,10,0,4,10.17,32.05
khalis-merah,Khalis Merah,Midfielder,Olympique Lyonnais,Ligue 1,19,53.0,0,9.8,48.0,46.0,57.5,23,15,29.6,7.36,38.26,0,0,4,5,11,3,0,17,5.69,17.85
pavel-sulc,Pavel Šulc,Midfielder,Olympique Lyonnais,Ligue 1,25,53.0,4,65.8,45.0,47.0,72.5,29,20,45.9,0.59,45.0,0,0,11,0,9,7,1,12,7.6,45.82
ayumu-seko,Ayumu Seko,Defender,Le Havre AC,Ligue 1,26,53.0,5,90.0,44.0,50.0,85.0,34,32,72.0,13.17,36.47,0,4,2,8,15,4,1,6,2.71,14.98
keito-nakamura,Keito Nakamura,Forward,Olympique Lyonnais,Ligue 1,26,53.0,1,23.2,59.0,58.0,87.5,35,33,67.2,12.32,46.43,3,5,7,3,16,1,0,5,13.82,40.76
gautier-lloris,Gautier Lloris,Defender,Stade Brestois 29,Ligue 1,31,53.0,4,68.2,50.0,53.0,70.0,28,27,67.4,17.03,35.71,0,4,6,9,12,1,2,6,5.48,21.5
amine-el-ouazzani,Amine El Ouazzani,Forward,Angers SCO,Ligue 1,25,52.0,5,77.0,44.0,41.0,35.0,14,10,19.6,1.86,39.29,0,1,1,0,6,6,0,26,5.68,21.49
lukas-hradecky,Lukáš Hradecky,Goalkeeper,AS Monaco,Ligue 1,36,52.0,4,72.0,44.0,44.0,62.5,25,25,54.1,5.29,39.2,0,1,4,4,8,5,1,17,27.24,111.82
michael-amir-richardson,Amir Richardson,Midfielder,Le Havre AC,Ligue 1,24,52.0,5,88.4,48.0,47.0,32.5,13,9,20.9,11.7,35.0,0,0,4,1,5,3,0,27,7.24,22.41
amine-harit,Amine Harit,Midfielder,Olympique de Marseille,Ligue 1,29,56.0,5,84.6,53.0,54.0,72.5,29,26,58.4,12.59,41.03,0,3,7,8,11,1,0,10,10.3,49.7
axel-tuanzebe,Axel Tuanzebe,Defender,AJ Auxerre,Ligue 1,28,52.0,4,72.0,44.0,45.0,50.0,20,20,45.0,6.46,38.0,0,1,3,2,5,6,2,21,4.17,17.07
dilane-bakwa,Dilane Bakwa,Forward,LOSC Lille,Ligue 1,24,51.0,1,40.4,49.0,45.0,55.0,22,8,21.1,4.83,39.55,0,1,3,0,16,2,0,18,7.17,60.17
vincent-julien-sasso,Vincent Sasso,Defender,Le Havre AC,Ligue 1,35,51.0,2,32.2,52.0,60.0,55.0,22,21,55.3,18.4,41.14,0,4,9,8,5,3,0,11,2.57,8.85
simon-ebonog,Simon Ebonog,Midfielder,Le Havre AC,Ligue 1,22,51.0,5,86.8,45.0,43.0,77.5,31,25,62.1,6.76,35.81,0,0,3,5,15,12,0,5,3.66,5.79
diego-coppola,Diego Coppola,Defender,Paris FC,Ligue 1,22,51.0,4,85.0,50.0,49.0,55.0,22,21,47.8,12.03,36.82,0,1,7,4,5,3,2,18,16.44,66.21
arthur-ebong-avon,Arthur Avom,Midfielder,FC Lorient,Ligue 1,21,51.0,3,62.8,48.0,46.0,90.0,36,26,60.9,11.03,35.28,0,1,2,6,21,3,0,7,4.65,16.39
lucas-bretelle,Lucas Bretelle,Midfielder,Le Mans FC,Ligue 1,24,51.0,3,44.8,53.0,51.0,42.5,17,13,33.9,8.6,42.35,0,2,3,2,9,2,0,22,4.92,11.32
timothy-weah,Timothy Weah,Forward,Olympique de Marseille,Ligue 1,26,51.0,5,87.4,42.0,46.0,87.5,35,32,70.1,7.99,38.0,0,2,4,7,12,7,0,8,10.3,35.02
pierre-emile-hojbjerg,Pierre-Emile Højbjerg,Midfielder,Olympique de Marseille,Ligue 1,31,51.0,5,90.0,55.0,61.0,95.0,38,38,84.6,19.47,41.45,0,10,9,8,9,1,0,3,21.63,118.25
charlie-cresswell,Charlie Cresswell,Defender,Stade Rennais F.C.,Ligue 1,24,51.0,5,90.0,45.0,53.0,75.0,30,29,77.2,12.8,40.33,1,2,8,5,14,5,0,5,12.26,42.86
niels-nkounkou,Niels Nkounkou,Defender,OGC Nice,Ligue 1,25,51.0,3,50.0,44.0,46.0,35.0,14,6,15.1,7.51,38.57,0,1,2,0,9,2,0,26,2.69,20.88
stanis-idumbo-muzambo,Stanis Idumbo,Midfielder,AS Monaco,Ligue 1,21,51.0,4,59.8,50.0,50.0,25.0,10,6,13.9,7.4,42.5,0,1,2,1,5,1,0,30,6.65,47.68
pape-demba-diop,Pape Diop,Midfielder,RC Strasbourg Alsace,Ligue 1,23,50.0,3,62.8,47.0,52.0,70.0,28,21,60.9,13.83,38.04,0,3,3,8,15,2,0,9,4.44,37.7
lucas-hernandez-pi,Lucas Hernández,Defender,Paris Saint-Germain,Ligue 1,30,50.0,0,10.4,53.0,52.0,55.0,22,11,28.5,12.15,39.55,1,2,4,3,7,5,0,18,5.23,16.52
achraf-hakimi-mouh,Achraf Hakimi,Defender,Paris Saint-Germain,Ligue 1,27,50.0,4,56.6,58.0,62.0,80.0,32,32,68.1,17.81,43.13,0,5,10,6,7,1,1,10,47.91,199.3
sebastian-nanasi,Sebastian Nanasi,Midfielder,RC Strasbourg Alsace,Ligue 1,24,49.0,4,64.6,56.0,50.0,75.0,30,19,43.0,5.74,44.67,1,3,7,0,17,3,0,9,8.24,23.46
mohamed-abdel-monem-1999-02-01,Mohamed Abdelmonem,Defender,OGC Nice,Ligue 1,27,50.0,4,68.2,42.0,42.0,22.5,9,7,10.1,8.89,32.78,0,0,1,1,4,0,1,33,3.05,9.52
mohamed-el-amine-amoura,Mohammed Amoura,Forward,OGC Nice,Ligue 1,26,50.0,2,37.6,41.0,44.0,80.0,32,24,50.6,2.04,41.56,0,1,7,0,12,9,0,11,8.37,35.44
samir-chergui,Samir Chergui,Defender,Paris FC,Ligue 1,27,50.0,3,54.0,43.0,42.0,37.5,15,12,26.6,4.32,37.0,0,1,1,1,7,1,2,27,4.24,11.92
jeyland-yahir-mitchell-baltodano,Jeyland Mitchell,Defender,RC Strasbourg Alsace,Ligue 1,22,49.0,4,72.0,60.0,56.0,80.0,32,26,55.1,16.81,39.53,2,5,6,6,5,7,1,8,6.97,31.03
nabil-bentaleb,Nabil Bentaleb,Midfielder,LOSC Lille,Ligue 1,31,49.0,5,74.6,51.0,52.0,80.0,32,24,53.0,13.36,38.91,0,3,5,6,17,1,0,8,11.13,56.12
tochukwu-nadi,Tochukwu Nnadi,Midfielder,Olympique de Marseille,Ligue 1,23,49.0,0,5.6,40.0,42.0,50.0,20,12,26.2,6.3,35.5,0,1,1,1,13,4,0,20,5.63,10.06
mika-bieveth,Mika Biereth,Forward,AS Monaco,Ligue 1,23,49.0,0,8.8,41.0,39.0,85.0,34,6,19.3,0.57,38.24,0,1,3,0,15,15,0,6,1.95,16.96
noah-mbamba,Noah Mbamba,Midfielder,FC Lorient,Ligue 1,21,49.0,2,28.4,54.0,52.0,70.0,28,27,69.5,12.88,38.75,0,1,8,9,13,3,1,5,3.04,15.2
jonathan-clauss,Jonathan Clauss,Defender,OGC Nice,Ligue 1,34,49.0,5,85.6,52.0,53.0,87.5,35,32,70.3,13.04,40.43,1,3,9,6,8,7,1,5,6.97,45.95
abner-vinicius-da-silva-santos,Abner,Defender,Olympique Lyonnais,Ligue 1,26,49.0,3,56.0,50.0,49.0,85.0,34,30,65.7,8.45,40.44,0,2,9,5,10,6,2,6,10.26,15.64
sofiane-diop,Sofiane Diop,Midfielder,OGC Nice,Ligue 1,26,50.0,3,51.2,54.0,50.0,90.0,36,28,57.5,9.18,40.83,0,3,6,7,16,4,0,4,4.94,31.46
kandet-diawara,Kandet Diawara,Forward,ESTAC Troyes,Ligue 1,26,49.0,2,43.8,49.0,47.0,52.5,21,12,34.6,5.56,41.43,0,2,3,2,12,4,0,17,4.48,6.98
conrad-jonathan-egan-riley,CJ Egan-Riley,Defender,Olympique de Marseille,Ligue 1,23,49.0,5,90.0,49.0,48.0,37.5,15,12,25.5,14.73,33.67,0,0,4,0,11,0,0,25,5.92,37.51
ismael-landry-doukoure,Ismaël Doukouré,Defender,RC Strasbourg Alsace,Ligue 1,23,49.0,3,50.0,45.0,45.0,75.0,30,28,59.5,9.5,35.33,0,0,5,7,10,6,2,10,4.07,24.93
mika-marcel-godts,Mika Godts,Forward,Paris Saint-Germain,Ligue 1,21,49.0,2,44.6,57.0,64.0,97.5,39,31,71.4,15.37,49.36,3,12,7,5,12,0,0,1,23.07,84.77
antoine-rabillard,Antoine Rabillard,Forward,Le Mans FC,Ligue 1,31,49.0,1,31.8,50.0,48.0,72.5,29,22,47.8,3.1,44.66,0,3,8,0,14,8,1,5,0.96,10.67
raphael-marc-le-guen,Raphaël Le Guen,Defender,Stade Brestois 29,Ligue 1,20,48.0,5,90.0,47.0,47.0,25.0,10,9,24.1,15.08,31.5,0,0,2,3,3,2,1,29,5.32,27.84
matvey-safonov,Matvey Safonov,Goalkeeper,Paris Saint-Germain,Ligue 1,27,48.0,5,90.0,50.0,52.0,82.5,33,33,74.4,8.7,43.79,0,6,8,1,8,8,1,8,52.21,159.64
alec-mathieu-georgen,Alec Georgen,Defender,FC Lorient,Ligue 1,28,48.0,0,3.6,48.0,56.0,70.0,28,27,71.1,19.29,36.96,0,2,11,9,9,1,1,7,1.86,5.4
mahdi-camara,Mahdi Camara,Midfielder,Stade Rennais F.C.,Ligue 1,28,48.0,4,78.0,44.0,48.0,85.0,34,33,83.7,10.67,37.35,0,2,3,8,19,4,1,3,6.58,16.02
dario-cassia-luis-essugo,Dario Essugo,Midfielder,RC Strasbourg Alsace,Ligue 1,21,47.0,0,19.0,41.0,41.0,15.0,6,0,3.0,2.27,39.17,0,0,1,0,3,2,0,34,2.44,14.34
warren-zaire-emery,Warren Zaïre-Emery,Midfielder,Paris Saint-Germain,Ligue 1,20,47.0,4,64.2,42.0,49.0,72.5,29,24,50.7,11.29,37.76,0,3,4,5,18,1,0,9,21.72,47.24
axel-witsel,Axel Witsel,Midfielder,OGC Nice,Ligue 1,37,47.0,4,64.4,42.0,47.0,80.0,32,27,54.4,10.05,36.56,0,2,2,8,16,3,0,9,6.24,33.38
vincent-marchetti,Vincent Marchetti,Midfielder,Paris FC,Ligue 1,29,47.0,0,2.2,42.0,40.0,52.5,21,6,17.1,2.3,37.62,0,0,5,2,12,6,1,14,3.63,7.82
habibou-mouhamadou-diallo,Habib Diallo,Forward,Le Mans FC,Ligue 1,31,47.0,1,22.6,39.0,42.0,67.5,27,18,42.9,1.59,40.0,0,2,4,0,10,11,1,12,4.43,15.7
lucas-maronnier,Lucas Maronnier,Defender,ESTAC Troyes,Ligue 1,26,47.0,3,47.6,43.0,41.0,55.0,22,19,48.4,4.42,35.91,0,0,2,4,14,5,1,14,5.02,6.77
giovanni-reyna,Giovanni Reyna,Midfielder,RC Strasbourg Alsace,Ligue 1,23,47.0,4,61.6,44.0,41.0,72.5,29,9,22.4,3.86,37.59,0,1,2,1,14,9,0,13,4.97,41.74
khvicha-kvaratskhelia,Khvicha Kvaratskhelia,Forward,Paris Saint-Germain,Ligue 1,25,47.0,4,61.0,52.0,61.0,87.5,35,27,54.7,12.41,48.57,0,10,7,4,14,0,0,5,55.05,250.76
matthis-abline,Matthis Abline,Forward,AS Monaco,Ligue 1,23,47.0,1,34.0,45.0,49.0,77.5,31,26,68.7,5.48,42.9,0,3,7,3,16,7,0,4,14.16,56.22
rayan-bamba,Rayan Bamba,Defender,Le Mans FC,Ligue 1,22,47.0,4,72.0,39.0,39.0,50.0,20,15,41.5,0.9,37.5,0,0,3,1,12,7,1,16,2.28,6.8
jean-victor-makengo,Jean-Victor Makengo,Midfielder,FC Lorient,Ligue 1,28,47.0,5,83.6,47.0,46.0,85.0,34,27,63.0,7.29,38.82,0,2,5,8,16,5,1,3,3.88,15.51
mezian-soares-mesloub,Mezian Mesloub,Midfielder,RC Lens,Ligue 1,16,47.0,1,26.6,51.0,51.0,12.5,5,1,16.0,6.36,45.0,0,1,1,0,3,0,0,4,14.39,54.64
kan-guy-arsene-kouassi,Arsène Kouassi,Defender,FC Lorient,Ligue 1,22,47.0,5,90.0,50.0,51.0,90.0,36,36,79.8,9.63,41.67,0,7,6,2,15,7,0,3,3.7,16.64
romain-faivre,Romain Faivre,Midfielder,AJ Auxerre,Ligue 1,28,47.0,2,43.0,50.0,48.0,37.5,15,9,36.3,8.63,39.0,0,1,3,1,11,6,0,18,4.36,13.44
william-joel-pacho-tenorio,Willian Pacho,Defender,Paris Saint-Germain,Ligue 1,24,47.0,5,84.8,52.0,53.0,85.0,34,34,76.6,16.84,36.62,0,1,10,10,12,0,1,6,35.64,108.14
kevin-danois,Kévin Danois,Midfielder,AJ Auxerre,Ligue 1,22,47.0,5,90.0,50.0,54.0,82.5,33,32,83.4,16.84,37.42,1,1,9,10,15,1,1,2,8.71,46.52
egil-selvik,Egil Selvik,Goalkeeper,Stade Brestois 29,Ligue 1,29,46.0,2,54.0,41.0,47.0,80.0,32,32,69.1,6.72,40.0,0,3,5,4,13,7,0,8,11.22,52.3
franjo-ivanovic,Franjo Ivanović,Forward,RC Lens,Ligue 1,23,46.0,2,33.8,49.0,44.0,65.0,26,8,20.4,2.77,41.15,0,1,5,0,14,6,0,14,4.54,20.35
sepe-elye-wahi,Elye Wahi,Forward,OGC Nice,Ligue 1,23,46.0,3,61.4,43.0,44.0,67.5,27,17,39.8,0.73,42.22,0,2,5,0,8,12,0,13,7.57,47.65
remy-labeau-lascary,Rémy Labeau-Lascary,Forward,AJ Auxerre,Ligue 1,23,46.0,4,48.6,42.0,42.0,72.5,29,16,41.1,1.83,40.17,0,1,6,0,10,14,0,9,3.73,18.53
samuel-yohou,Samuel Yohou,Defender,Le Mans FC,Ligue 1,35,46.0,2,39.2,50.0,50.0,70.0,28,27,76.4,11.96,37.86,0,2,6,7,12,7,1,4,3.98,9.96
hugo-picard,Hugo Picard,Midfielder,ESTAC Troyes,Ligue 1,23,46.0,4,63.2,43.0,45.0,75.0,30,20,53.9,6.96,38.33,0,2,3,3,19,8,0,5,3.0,11.39
himad-abdelli,Himad Abdelli,Midfielder,Olympique de Marseille,Ligue 1,26,46.0,5,77.2,42.0,45.0,72.5,29,19,42.9,8.7,36.72,0,1,2,5,15,6,0,11,5.69,18.8
rayan-fofana,Rayan Fofana,Forward,Le Havre AC,Ligue 1,20,46.0,1,24.8,39.0,40.0,57.5,23,4,18.0,1.5,38.7,0,0,6,0,16,6,0,12,3.03,21.33
adama-camara,Adama Camara,Midfielder,Paris FC,Ligue 1,29,46.0,5,90.0,48.0,46.0,75.0,30,28,69.5,10.13,36.0,0,1,3,9,16,6,0,5,5.11,10.97
yehvann-diouf,Yehvann Diouf,Goalkeeper,OGC Nice,Ligue 1,26,46.0,5,90.0,48.0,50.0,45.0,18,18,40.5,6.67,43.33,0,1,5,2,8,3,0,21,14.52,72.16
isak-jensen,Isak Jensen,Forward,FC Lorient,Ligue 1,22,46.0,0,17.2,51.0,51.0,87.5,35,24,51.9,7.82,43.14,0,2,10,4,18,1,0,5,4.34,13.41
emerson-palmieri-dos-santos,Emerson,Defender,Olympique de Marseille,Ligue 1,32,45.0,4,77.0,55.0,55.0,85.0,34,30,66.5,19.56,35.59,1,6,5,6,10,6,0,6,12.09,37.41
robin-risser,Robin Risser,Goalkeeper,RC Lens,Ligue 1,21,45.0,5,90.0,43.0,50.0,72.5,29,29,65.2,5.66,44.66,0,3,9,1,12,5,1,9,29.65,138.1
luca-koleosho,Luca Koleosho,Forward,Paris FC,Ligue 1,22,45.0,4,58.2,48.0,45.0,57.5,23,7,29.5,4.66,40.43,0,0,5,1,14,3,0,17,11.09,23.62
ethan-mbappe-lottin,Ethan Mbappé,Midfielder,LOSC Lille,Ligue 1,19,49.0,4,51.2,47.0,45.0,52.5,21,9,22.2,6.8,38.57,0,0,3,2,14,2,0,19,11.18,34.98
djibril-ouziad,Djibril Ouziad,Defender,Le Havre AC,Ligue 1,17,45.0,3,45.0,45.0,45.0,10.0,4,3,45.0,9.97,35.0,0,0,0,1,3,0,0,1,,
edan-diop,Edan Diop,Midfielder,AS Monaco,Ligue 1,22,45.0,1,12.4,61.0,51.0,65.0,26,26,59.0,7.24,43.65,0,3,8,3,14,3,0,9,5.36,22.73
joao-pedro-goncalves-neves,João Neves,Midfielder,Paris Saint-Germain,Ligue 1,22,45.0,3,47.2,49.0,53.0,82.5,33,25,55.6,14.83,38.03,1,2,5,5,17,2,0,8,24.22,150.4
youssouf-ndayishimiye,Youssouf Ndayishimiye,Midfielder,OGC Nice,Ligue 1,27,49.0,5,83.6,41.0,41.0,17.5,7,6,12.2,10.98,30.0,0,1,1,0,2,1,2,33,3.9,14.18
keyliane-hikram-abdallah,Keyliane Abdallah,Forward,Olympique de Marseille,Ligue 1,20,45.0,1,39.2,49.0,49.0,15.0,6,1,6.8,5.55,43.33,0,1,1,0,2,2,0,34,11.93,21.98
samuel-amo-ameyaw,Samuel Amo-Ameyaw,Forward,RC Strasbourg Alsace,Ligue 1,20,45.0,1,28.2,46.0,44.0,77.5,31,13,33.8,5.74,38.71,0,3,2,1,16,9,0,9,4.24,16.67
osame-sahraoui,Osame Sahraoui,Forward,LOSC Lille,Ligue 1,25,45.0,1,14.2,39.0,41.0,40.0,16,5,12.6,5.91,35.0,0,0,0,1,14,1,0,24,2.33,13.61
yassine-belkdim,Yassin Belkhdim,Midfielder,Angers SCO,Ligue 1,24,45.0,5,89.0,43.0,49.0,67.5,27,26,63.5,11.19,37.78,0,3,3,4,19,3,0,8,4.29,7.13
noah-cadiou,Noah Cadiou,Midfielder,FC Lorient,Ligue 1,27,45.0,5,88.8,48.0,46.0,77.5,31,24,67.1,7.76,38.55,0,1,3,5,19,5,0,7,3.48,14.0
pathe-mboup,Pathé Mboup,Forward,Stade Brestois 29,Ligue 1,22,45.0,5,79.4,42.0,38.0,77.5,31,13,39.4,1.57,36.61,0,2,1,1,17,15,0,4,5.49,13.64
angel-gomes,Angel Gomes,Midfielder,Olympique de Marseille,Ligue 1,26,45.0,4,68.2,45.0,43.0,75.0,30,19,34.4,4.92,38.33,0,0,4,2,16,8,0,10,7.92,11.45
issa-soumare,Issa Soumaré,Forward,Stade Rennais F.C.,Ligue 1,25,45.0,2,25.4,56.0,50.0,82.5,33,31,77.5,6.98,42.88,0,4,9,3,18,4,0,2,4.07,31.47
nathan-ngoy,Nathan Ngoy,Defender,LOSC Lille,Ligue 1,23,45.0,5,90.0,49.0,56.0,87.5,35,34,74.0,18.45,38.43,1,4,5,11,9,3,1,6,16.34,55.78
tyler-morton,Tyler Morton,Midfielder,Olympique Lyonnais,Ligue 1,23,44.0,5,83.8,49.0,51.0,90.0,36,34,73.8,13.98,37.5,0,3,5,10,17,0,1,4,6.83,43.08
benjamin-andre,Benjamin André,Midfielder,LOSC Lille,Ligue 1,36,44.0,4,59.0,47.0,55.0,77.5,31,29,63.1,15.68,39.03,0,5,5,7,10,4,0,9,4.7,45.99
denis-lemi-zakaria-lako-lado,Denis Zakaria,Midfielder,AS Monaco,Ligue 1,29,44.0,5,82.4,46.0,48.0,92.5,37,36,76.8,11.15,36.49,0,0,8,6,17,4,0,5,9.5,26.54
mads-bidstrup,Mads Bidstrup,Midfielder,Olympique Lyonnais,Ligue 1,25,44.0,1,39.4,44.0,49.0,75.0,30,24,53.8,13.14,35.83,0,1,3,10,13,3,0,10,10.02,31.55
mama-samba-balde,Mama Baldé,Forward,Stade Brestois 29,Ligue 1,30,44.0,1,26.2,40.0,42.0,45.0,18,5,16.1,2.48,39.17,0,0,4,0,12,4,0,20,2.85,9.4
gaetan-perrin,Gaëtan Perrin,Forward,LOSC Lille,Ligue 1,30,44.0,1,21.8,39.0,40.0,65.0,26,9,26.7,2.58,37.88,0,1,3,1,20,6,0,9,1.33,9.13
jeffrey-de-lange,Jeffrey de Lange,Goalkeeper,Olympique de Marseille,Ligue 1,28,44.0,5,90.0,44.0,44.0,25.0,10,10,22.5,6.28,37.5,0,0,1,3,1,5,0,30,19.45,73.73
antoine-mendy,Antoine Mendy,Defender,OGC Nice,Ligue 1,22,44.0,1,24.8,43.0,44.0,47.5,19,16,33.3,8.93,35.53,0,2,3,3,5,6,1,20,1.94,5.53
przemyslaw-frankowski,Przemysław Frankowski,Midfielder,Stade Rennais F.C.,Ligue 1,31,42.0,2,42.2,46.0,51.0,57.5,23,17,40.9,12.1,38.7,1,3,4,1,11,2,2,16,3.42,22.55
moustapha-mbow,Moustapha Mbow,Defender,Paris FC,Ligue 1,26,44.0,2,36.2,46.0,51.0,72.5,29,27,69.9,16.62,34.48,0,1,8,8,12,2,0,9,4.85,19.56
jean-vercruysse,Jean Vercruysse,Midfielder,Le Mans FC,Ligue 1,26,44.0,3,45.6,49.0,49.0,17.5,7,5,13.2,6.2,42.14,0,0,2,2,7,2,0,26,2.98,9.06
kaito-mizuta,Kaito Mizuta,Midfielder,Le Havre AC,Ligue 1,26,44.0,2,30.4,44.0,44.0,7.5,3,2,30.4,8.53,35.0,0,0,0,1,2,0,0,21,2.75,8.91
lionel-mpasi-nzau,Lionel Mpasi,Goalkeeper,Le Havre AC,Ligue 1,32,44.0,3,53.8,51.0,53.0,45.0,18,17,40.9,12.41,40.83,0,1,4,6,2,3,0,24,5.21,18.22
diogo-lobao-de-sousa,Diogo Sousa,Midfielder,RC Strasbourg Alsace,Ligue 1,20,44.0,5,76.8,43.0,43.0,65.0,26,17,46.6,4.74,38.27,0,0,4,3,11,9,0,13,6.14,16.21
jeremy-le-douaron,Jérémy Le Douaron,Forward,ESTAC Troyes,Ligue 1,28,44.0,2,40.4,39.0,42.0,95.0,38,26,53.8,0.23,41.58,0,0,10,0,11,17,0,2,5.31,14.89
gauthier-gallon,Gauthier Gallon,Goalkeeper,Le Havre AC,Ligue 1,33,44.0,2,36.2,58.0,52.0,40.0,16,15,41.5,6.14,45.94,0,4,3,0,5,3,1,24,5.09,33.08
sota-nakamura,Sota Nakamura,Forward,Le Havre AC,Ligue 1,23,44.0,1,32.6,55.0,47.0,85.0,34,19,48.1,5.52,41.91,0,3,6,1,16,8,0,6,6.18,41.4
jim-allevinah,Jim Allevinah,Midfielder,Angers SCO,Ligue 1,31,44.0,5,72.8,43.0,44.0,42.5,17,8,19.3,5.66,37.94,0,0,2,0,14,1,0,23,1.56,10.78
hilan-hamzaoui-slimani,Hilan Slimani,Defender,Olympique de Marseille,Ligue 1,20,44.0,0,0.4,44.0,44.0,2.5,1,0,0.3,8.56,35.0,0,0,0,0,1,0,0,6,,
genesis-antwi,Genesis Antwi,Defender,RC Strasbourg Alsace,Ligue 1,19,44.0,5,87.8,44.0,44.0,12.5,5,5,87.8,8.96,35.0,0,0,0,1,6,0,0,15,3.2,12.56
jordan-lefort,Jordan Lefort,Defender,Angers SCO,Ligue 1,33,44.0,5,90.0,49.0,48.0,87.5,35,35,90.0,12.29,35.71,0,5,5,9,14,4,3,0,2.49,10.22
josh-maja,Joshua Maja,Forward,Le Havre AC,Ligue 1,27,43.0,3,53.8,43.0,41.0,90.0,36,16,39.4,2.54,38.47,0,0,5,0,22,9,0,4,3.94,7.92
conrad-harder,Conrad Harder,Forward,RC Strasbourg Alsace,Ligue 1,21,43.0,1,30.4,41.0,41.0,77.5,31,8,28.4,0.75,40.16,0,1,6,0,16,14,0,3,4.83,17.99
renaud-ripart,Renaud Ripart,Forward,ESTAC Troyes,Ligue 1,33,43.0,3,55.0,40.0,45.0,65.0,26,11,39.7,3.84,40.77,0,0,6,1,13,6,0,14,4.77,9.38
theo-le-bris,Théo Le Bris,Midfielder,FC Lorient,Ligue 1,24,43.0,2,54.6,43.0,48.0,72.5,29,23,59.9,8.8,38.79,0,1,6,3,18,6,0,6,2.93,8.06
karim-dermane,Dermane Karim,Midfielder,ESTAC Troyes,Ligue 1,22,43.0,3,55.2,41.0,42.0,72.5,29,14,38.7,6.06,36.21,0,1,1,2,21,6,0,9,3.7,10.09
lillian-rao-lisoa,Lillian Rao-Lisoa,Defender,Angers SCO,Ligue 1,26,43.0,1,23.4,48.0,44.0,77.5,31,17,49.6,2.7,40.65,0,1,8,2,10,14,2,3,1.67,7.84
lois-openda,Loïs Openda,Forward,Olympique Lyonnais,Ligue 1,26,43.0,3,43.8,46.0,39.0,65.0,26,13,30.2,0.72,37.88,0,0,4,0,12,10,0,14,24.46,107.86
bryan-reynolds,Bryan Reynolds,Defender,Stade Rennais F.C.,Ligue 1,25,43.0,1,23.8,47.0,48.0,90.0,36,33,77.0,8.35,39.44,1,1,9,2,14,9,1,3,6.07,12.83
jacobo-ortega-conde,Jacobo Ortega,Forward,RC Strasbourg Alsace,Ligue 1,20,43.0,4,60.4,43.0,43.0,12.5,5,4,60.4,0.48,42.0,0,0,1,0,3,1,0,0,6.12,35.73
niklas-schmidt,Niklas Schmidt,Midfielder,Toulouse FC,Ligue 1,28,43.0,2,43.6,43.0,47.0,47.5,19,11,29.2,8.21,38.95,0,1,2,2,12,2,0,21,2.72,6.51
niko-sigur,Niko Sigur,Midfielder,Toulouse FC,Ligue 1,23,43.0,2,51.0,41.0,50.0,72.5,29,25,58.0,14.23,36.21,0,1,5,3,11,2,0,18,2.54,6.97
pedro-fernandez-sarmiento,Dro Fernández,Midfielder,Paris Saint-Germain,Ligue 1,18,43.0,1,25.8,45.0,44.0,45.0,18,8,20.8,7.64,36.39,0,0,1,3,12,2,0,22,6.88,35.8
djibirin-harouna,Harouna Djibirin,Forward,Angers SCO,Ligue 1,19,42.0,0,18.6,39.0,42.0,50.0,20,1,13.0,1.81,40.0,0,0,4,0,8,8,0,12,3.61,13.37
kail-boudache,Kaïl Boudache,Forward,Olympique Lyonnais,Ligue 1,20,42.0,2,38.8,43.0,39.0,62.5,25,6,31.4,2.43,37.0,0,0,3,0,14,8,0,15,9.86,25.7
olivier-giroud,Olivier Giroud,Forward,LOSC Lille,Ligue 1,40,42.0,2,41.0,42.0,43.0,95.0,38,18,45.6,1.63,40.92,0,1,8,0,17,12,0,2,2.79,11.03
mamadou-diop-2000-01-03,Mamadou Diop,Goalkeeper,AJ Auxerre,Ligue 1,26,42.0,5,90.0,49.0,48.0,77.5,31,31,78.9,7.73,40.65,1,3,4,4,20,4,0,4,10.57,48.65
moussa-al-tamari,Mousa Tamari,Forward,Stade Rennais F.C.,Ligue 1,29,42.0,3,56.8,44.0,51.0,97.5,39,29,67.4,6.62,44.1,0,4,10,2,21,3,0,0,5.77,30.31
rassoul-n-diaye,Rassoul Ndiaye,Midfielder,Le Havre AC,Ligue 1,24,42.0,3,46.6,48.0,50.0,80.0,32,29,73.6,10.57,39.22,0,2,7,7,16,6,0,2,3.02,21.09
lamine-sy,Lamine Sy,Defender,AJ Auxerre,Ligue 1,24,42.0,5,89.8,41.0,44.0,70.0,28,22,57.8,6.28,36.79,0,1,4,4,9,10,1,11,2.96,9.0
senny-mayulu,Senny Mayulu,Midfielder,Paris Saint-Germain,Ligue 1,20,42.0,0,8.8,49.0,50.0,62.5,25,15,32.1,8.97,40.8,0,3,4,2,10,6,0,15,10.08,12.16
nicolas-lemaitre,Nicolas Lemaître,Goalkeeper,Stade Rennais F.C.,Ligue 1,29,42.0,1,18.0,47.0,47.0,12.5,5,5,11.7,11.94,35.0,0,0,3,1,5,1,1,29,4.22,25.27
amadou-haidara,Amadou Haïdara,Midfielder,RC Lens,Ligue 1,28,42.0,3,50.6,46.0,40.0,37.5,15,6,15.5,3.47,37.0,0,0,2,2,5,5,1,25,4.18,13.12
rafik-messali,Rafik Messali,Midfielder,Toulouse FC,Ligue 1,23,40.0,3,49.4,44.0,41.0,40.0,16,8,22.1,5.52,35.0,0,0,1,1,10,6,0,22,3.01,9.55
harold-voyer,Harold Voyer,Defender,Le Mans FC,Ligue 1,29,42.0,4,72.0,42.0,49.0,55.0,22,18,52.5,13.73,35.45,0,5,3,6,8,6,2,9,3.96,8.28
christ-melik-makosso,Christ Makosso,Defender,AJ Auxerre,Ligue 1,22,41.0,4,61.0,43.0,42.0,27.5,11,10,37.2,7.57,35.45,1,0,1,2,11,6,3,16,3.34,10.68
souleymane-faye,Souleymane Faye,Forward,FC Lorient,Ligue 1,23,41.0,0,12.6,37.0,44.0,55.0,22,12,30.2,4.4,39.55,0,1,3,0,11,7,0,18,0.48,8.97
igor-guilherme-barbosa-da-paixao,Igor Paixão,Forward,Olympique de Marseille,Ligue 1,26,41.0,3,44.4,47.0,52.0,95.0,38,28,63.2,8.26,43.95,0,4,10,2,19,2,1,2,18.48,90.5
prosper-peter,Prosper Peter,Forward,Angers SCO,Ligue 1,19,41.0,1,31.6,44.0,40.0,75.0,30,12,34.4,0.44,39.17,0,0,6,0,12,17,0,5,4.82,12.88
moses-daddy-simon,Moses Simon,Forward,Paris FC,Ligue 1,31,41.0,1,26.4,43.0,43.0,85.0,34,22,49.6,6.15,36.47,0,0,4,0,24,4,0,8,4.88,9.09
jacen-russell-rowe,Jacen Russell-Rowe,Forward,Toulouse FC,Ligue 1,24,41.0,4,68.4,41.0,42.0,62.5,25,10,40.3,1.26,40.4,0,0,5,1,16,14,0,4,2.01,16.63
mamadou-kone-ci,Mamadou Koné,Forward,FC Lorient,Ligue 1,19,41.0,3,49.8,41.0,41.0,12.5,5,3,10.8,1.38,40.0,0,0,1,0,3,1,0,18,,
eloge-patrick-zabi-gueu,Patrick Zabi,Midfielder,Paris FC,Ligue 1,20,41.0,0,8.6,44.0,44.0,65.0,26,12,38.0,4.85,39.23,0,1,3,2,19,7,0,8,3.52,26.65
naif-aguerd,Nayef Aguerd,Defender,Olympique de Marseille,Ligue 1,30,41.0,3,61.2,44.0,52.0,60.0,24,21,49.0,14.14,38.13,0,2,6,4,10,2,0,16,13.66,26.74
tanner-tessmann,Tanner Tessmann,Midfielder,Olympique Lyonnais,Ligue 1,25,41.0,1,23.6,40.0,41.0,82.5,33,21,48.8,5.54,35.76,0,1,0,2,21,8,1,7,7.12,13.53
romain-perraud,Romain Perraud,Defender,LOSC Lille,Ligue 1,29,41.0,4,80.6,54.0,50.0,92.5,37,31,68.8,11.7,38.38,0,4,5,13,6,8,1,3,12.13,41.19
everton-pereira-da-silva,Everton Pereira da Silva,Midfielder,OGC Nice,Ligue 1,19,40.0,1,21.4,34.0,34.0,17.5,7,4,12.7,-0.51,35.0,0,0,0,0,4,2,1,33,1.48,6.99
lucas-lopes-beraldo,Beraldo,Defender,Paris Saint-Germain,Ligue 1,22,40.0,1,18.2,46.0,50.0,47.5,19,11,26.9,14.91,36.84,1,1,1,5,10,1,0,21,8.12,20.31
ilyas-azizi,Ilyas Azizi,Forward,Toulouse FC,Ligue 1,18,40.0,3,49.6,38.0,38.0,17.5,7,3,8.3,3.37,35.0,0,0,0,0,6,1,0,33,3.71,11.25
michal-skoras,Michał Skóraś,Forward,RC Lens,Ligue 1,26,40.0,3,43.0,49.0,53.0,90.0,36,33,70.2,13.37,39.31,0,4,4,9,19,0,0,4,3.27,36.41
patrick-beach,Patrick Beach,Goalkeeper,ESTAC Troyes,Ligue 1,23,40.0,5,90.0,47.0,49.0,47.5,19,19,82.1,8.81,40.53,0,1,5,2,7,2,2,6,8.92,30.39
nicolas-kocik,Nicolas Kocik,Goalkeeper,Le Mans FC,Ligue 1,28,40.0,3,52.2,49.0,51.0,70.0,28,28,78.5,5.49,45.0,0,3,10,2,12,7,0,5,4.2,48.82
remy-descamps,Rémy Descamps,Goalkeeper,Olympique Lyonnais,Ligue 1,30,40.0,1,18.0,53.0,53.0,17.5,7,7,15.8,4.11,49.29,0,1,3,0,2,1,0,33,5.62,34.06
hamari-traore,Hamari Traoré,Defender,Paris FC,Ligue 1,34,40.0,3,48.2,42.0,42.0,57.5,23,17,37.3,7.14,35.22,0,0,3,3,12,4,2,16,4.6,10.37
basar-onal,Başar Önal,Forward,LOSC Lille,Ligue 1,22,40.0,2,31.2,50.0,53.0,70.0,28,23,58.0,8.31,44.29,0,4,9,2,12,7,0,6,3.97,35.43
noah-edjouma,Noah Edjouma,Forward,Stade Brestois 29,Ligue 1,20,40.0,0,4.6,39.0,38.0,35.0,14,1,6.0,2.85,35.0,0,0,0,0,13,2,0,25,1.91,9.81
ngal-ayel-mukau,Ngal'ayel Mukau,Midfielder,LOSC Lille,Ligue 1,21,40.0,1,41.0,40.0,42.0,97.5,39,27,58.0,7.8,34.49,0,0,2,4,28,5,0,1,3.7,11.9
giovani-versini,Giovani Versini,Forward,Stade Brestois 29,Ligue 1,22,40.0,3,44.4,39.0,50.0,75.0,30,25,57.3,7.15,43.17,0,3,8,2,20,2,0,5,6.98,19.77
lucas-calodat,Lucas Calodat,Defender,Le Mans FC,Ligue 1,24,56.0,3,55.4,49.0,52.0,77.5,31,25,68.0,10.55,41.0,0,3,7,7,18,2,0,3,6.79,23.11
mathys-detourbet,Mathys Detourbet,Forward,AS Monaco,Ligue 1,19,40.0,0,17.2,44.0,51.0,80.0,32,21,52.4,8.83,41.56,0,4,5,3,24,1,0,3,4.78,21.9
noah-teye-nartey,Noah Nartey,Midfielder,Olympique Lyonnais,Ligue 1,20,40.0,1,23.4,41.0,49.0,65.0,26,16,37.4,6.53,42.31,0,4,4,1,10,7,0,14,6.66,10.95
djibril-coulibaly-2008-11-18,Djibril Coulibaly,Midfielder,OGC Nice,Ligue 1,17,40.0,5,86.6,40.0,40.0,25.0,10,7,14.5,5.41,35.0,0,0,0,1,8,1,0,30,3.6,12.02
michel-diaz,Michel Diaz,Defender,ESTAC Troyes,Ligue 1,23,40.0,5,90.0,45.0,51.0,52.5,21,19,50.6,14.01,37.38,0,1,6,2,12,3,1,15,4.78,5.26
daren-nbenbege-mosengo,Daren Mosengo,Midfielder,Le Havre AC,Ligue 1,20,39.0,0,1.0,36.0,36.0,17.5,7,0,2.9,0.79,35.0,0,0,0,0,6,2,0,32,2.05,4.94
nouhoum-kamissoko,Nouhoum Kamissoko,Midfielder,Olympique de Marseille,Ligue 1,21,39.0,0,1.6,39.0,39.0,7.5,3,0,2.3,3.83,35.0,0,0,0,0,3,0,0,6,,
maik-nawrocki,Maik Nawrocki,Defender,RC Lens,Ligue 1,25,39.0,1,12.4,58.0,61.0,47.5,19,18,43.2,17.83,44.74,2,3,4,3,6,1,0,21,4.0,11.43
ruben-kluivert,Ruben Kluivert,Defender,Olympique Lyonnais,Ligue 1,25,39.0,1,18.8,37.0,43.0,52.5,21,16,33.9,6.78,36.19,1,1,1,0,11,6,1,19,7.1,9.62
hichem-boudaoui,Hicham Boudaoui,Midfielder,OGC Nice,Ligue 1,27,39.0,0,0.8,43.0,44.0,60.0,24,16,36.4,6.74,37.08,0,0,3,4,10,6,0,17,2.09,9.9
dame-gueye,Dame Guèye,Forward,Le Mans FC,Ligue 1,31,39.0,4,59.4,47.0,46.0,80.0,32,19,52.5,2.68,43.44,0,3,10,0,12,14,0,0,1.7,7.05
haris-belkebla,Haris Belkebla,Midfielder,Angers SCO,Ligue 1,32,39.0,0,2.6,45.0,46.0,72.5,29,28,71.8,11.01,35.0,0,1,5,4,16,7,1,6,1.75,15.27
christ-tape,Christ Tapé,Defender,Toulouse FC,Ligue 1,20,39.0,5,88.8,39.0,39.0,12.5,5,5,88.8,-1.43,40.0,0,0,1,1,1,1,1,0,,
mouhamed-diop,Mouhamed Diop,Midfielder,ESTAC Troyes,Ligue 1,26,39.0,5,82.4,43.0,47.0,75.0,30,30,78.6,9.78,37.0,0,2,7,5,19,2,2,3,2.72,4.55
julian-ariel-vignolo,Julián Vignolo,Forward,Toulouse FC,Ligue 1,19,39.0,2,34.2,40.0,41.0,40.0,16,3,10.8,2.38,38.13,0,0,2,0,8,6,0,22,2.57,8.61
christian-mawissa-elebi,Christian Mawissa Elebi,Defender,AS Monaco,Ligue 1,21,39.0,0,0.6,46.0,47.0,42.5,17,10,23.2,10.38,36.47,0,0,2,4,9,2,0,23,3.74,10.91
isak-jansson,Isak Jansson,Forward,OGC Nice,Ligue 1,24,39.0,0,4.2,36.0,39.0,60.0,24,6,15.0,2.51,36.04,0,0,1,0,15,8,0,16,1.76,11.21
geoffrey-kondogbia,Geoffrey Kondogbia,Midfielder,Olympique de Marseille,Ligue 1,33,39.0,1,11.6,47.0,46.0,32.5,13,11,19.6,11.1,35.0,0,1,1,1,10,0,0,27,6.62,13.07
yvon-landry-mvogo,Yvon Mvogo,Goalkeeper,FC Lorient,Ligue 1,32,39.0,3,72.0,47.0,50.0,72.5,29,29,65.2,6.89,42.24,0,5,4,3,9,7,2,10,9.33,62.32
rudy-matondo,Rudy Matondo,Midfielder,Paris FC,Ligue 1,18,38.0,1,29.8,48.0,40.0,72.5,29,15,43.5,4.43,35.52,0,1,0,4,17,8,2,8,5.33,21.72
joseph-nonge-boende-ruiz,Joseph Nonge,Midfielder,Stade Brestois 29,Ligue 1,21,38.0,1,24.2,42.0,38.0,60.0,24,10,28.3,3.47,35.0,0,1,0,4,16,9,0,10,3.47,7.47
florian-sotoca,Florian Sotoca,Forward,RC Lens,Ligue 1,35,38.0,0,7.2,43.0,39.0,62.5,25,4,14.4,2.92,36.0,0,0,1,0,17,11,0,11,3.24,6.77
alexandre-phliponeau,Alexandre Phliponeau,Midfielder,ESTAC Troyes,Ligue 1,26,38.0,0,3.8,38.0,37.0,30.0,12,2,7.2,2.07,35.0,0,0,0,1,10,4,0,25,2.7,6.62
nicolas-alejandro-tagliafico,Nicolás Tagliafico,Defender,Olympique Lyonnais,Ligue 1,34,38.0,1,25.0,40.0,39.0,52.5,21,15,31.0,4.96,34.29,0,1,0,2,13,4,1,19,7.06,7.25
bane-diatta,Bané Diatta,Midfielder,Angers SCO,Ligue 1,18,38.0,1,24.6,39.0,39.0,12.5,5,1,11.6,3.5,35.0,0,0,0,0,3,2,0,6,,
aristide-zossou,Aristide Zossou,Midfielder,AJ Auxerre,Ligue 1,21,39.0,1,23.8,41.0,43.0,77.5,31,25,52.8,4.79,37.86,0,1,5,0,22,5,1,6,0.8,11.86
sion-uno-kobi-oppong,Sion Oppong,Forward,Toulouse FC,Ligue 1,19,38.0,0,14.8,38.0,38.0,10.0,4,0,14.8,3.28,35.0,0,0,0,0,4,0,0,1,4.65,12.21
thibault-de-smet,Thibault De Smet,Defender,Paris FC,Ligue 1,28,38.0,0,7.2,37.0,38.0,37.5,15,11,29.3,3.94,33.67,0,0,1,0,12,6,0,21,2.86,6.97
safouane-benzahra,Safouane Benzahra,Midfielder,AS Monaco,Ligue 1,18,38.0,0,5.4,37.0,37.0,7.5,3,0,4.0,2.2,35.0,0,0,0,0,3,0,0,4,,
alexandre-lauray,Alexandre Lauray,Midfielder,Le Mans FC,Ligue 1,29,38.0,3,57.2,44.0,45.0,77.5,31,22,60.7,8.76,36.61,0,0,4,6,21,6,0,2,2.6,1.27
mathis-laine,Mathis Lainé,Midfielder,Stade Brestois 29,Ligue 1,19,38.0,0,2.4,38.0,38.0,7.5,3,0,0.5,2.9,35.0,0,0,0,0,3,0,0,20,,
souleymane-sagnan,Souleymane Sagnan,Defender,RC Lens,Ligue 1,21,38.0,2,43.6,54.0,54.0,10.0,4,3,51.3,17.61,36.25,1,0,0,1,0,2,0,15,1.44,29.7
arthur-piedfort,Arthur Piedfort,Midfielder,AJ Auxerre,Ligue 1,21,38.0,5,76.8,43.0,54.0,92.5,37,37,81.2,15.56,38.78,1,3,9,8,12,6,0,1,4.21,19.3
boulaye-dia,Boulaye Dia,Forward,Stade Rennais F.C.,Ligue 1,29,37.0,2,31.6,43.0,40.0,57.5,23,9,20.1,2.01,38.26,0,0,3,0,13,7,0,17,4.16,15.09
gabin-bernardeau,Gabin Bernardeau,Midfielder,FC Lorient,Ligue 1,20,37.0,5,66.6,38.0,38.0,22.5,9,6,10.7,3.33,35.0,0,0,0,1,5,3,0,31,2.41,11.69
tadjidine-mmadi,Tadjidine Mmadi,Forward,Olympique de Marseille,Ligue 1,19,37.0,0,5.6,34.0,34.0,17.5,7,0,2.0,1.39,32.14,0,0,0,0,2,4,1,29,,
bilal-brahimi,Billal Brahimi,Forward,Le Mans FC,Ligue 1,26,37.0,0,8.6,36.0,36.0,20.0,8,0,4.3,3.9,32.5,0,0,0,0,5,4,0,31,3.76,9.51
omar-sissoko,Omar Sissoko,Forward,Paris FC,Ligue 1,20,37.0,0,2.4,47.0,43.0,50.0,20,10,26.2,2.76,40.0,0,1,4,0,11,5,0,19,3.75,9.7
anis-soubeir,Anis Soubeir,Midfielder,AS Monaco,Ligue 1,19,37.0,1,14.6,37.0,37.0,15.0,6,1,20.1,1.97,35.0,0,0,0,0,6,0,0,1,,
marius-louar,Marius Louãr,Defender,Angers SCO,Ligue 1,19,37.0,0,0.6,40.0,40.0,25.0,10,6,16.0,7.31,33.0,0,0,1,1,5,3,0,30,3.98,5.95
iron-gomis,Iron Gomis,Midfielder,ESTAC Troyes,Ligue 1,26,37.0,3,54.4,37.0,37.0,12.5,5,3,54.4,1.86,35.0,0,0,1,0,12,8,0,19,2.84,12.68
timothee-nkada,Timothé Nkada,Forward,ESTAC Troyes,Ligue 1,27,37.0,1,20.4,41.0,37.0,80.0,32,12,33.3,-0.67,38.13,0,0,4,0,8,20,0,8,3.9,13.18
alexis-vossah,Alexis Vossah,Midfielder,Toulouse FC,Ligue 1,18,37.0,2,31.2,35.0,36.0,60.0,24,14,36.1,0.47,35.21,0,0,2,0,13,11,1,12,3.27,12.83
odsonne-edouard,Odsonne Edouard,Forward,RC Lens,Ligue 1,28,37.0,1,25.0,36.0,47.0,80.0,32,26,53.6,1.8,44.53,0,1,10,0,14,10,0,5,5.46,24.17
eliezer-mayenda-dossou,Eliezer Mayenda,Forward,Stade Rennais F.C.,Ligue 1,21,37.0,1,21.0,38.0,37.0,52.5,21,6,16.6,0.93,36.19,0,0,1,0,11,10,0,18,3.8,16.12
mickael-cuisance,Michaël Cuisance,Midfielder,RC Lens,Ligue 1,27,37.0,3,47.2,41.0,46.0,75.0,30,27,67.3,6.33,39.67,1,3,3,3,16,10,0,4,3.55,9.54
ilane-toure,Ilane Touré,Midfielder,AS Monaco,Ligue 1,20,37.0,0,2.8,35.0,35.0,10.0,4,0,2.0,-0.05,35.0,0,0,0,0,2,2,0,25,,
kenny-lala,Kenny Lala,Defender,Stade Brestois 29,Ligue 1,34,37.0,5,76.4,38.0,43.0,80.0,32,31,80.1,7.66,35.16,0,2,6,4,15,7,4,2,2.95,19.12
elias-jelert-kristensen,Elias Jelert,Defender,Le Havre AC,Ligue 1,23,36.0,3,55.8,45.0,43.0,22.5,9,5,13.0,5.7,37.78,0,0,3,1,1,3,1,31,1.75,12.92
ibrahim-yayiya-kante,Ibrahim Kanté,Forward,Stade Brestois 29,Ligue 1,19,36.0,0,1.6,36.0,36.0,2.5,1,0,0.3,0.8,35.0,0,0,0,0,1,0,0,39,0.33,1.78
thorgan-hazard,Thorgan Hazard,Midfielder,RC Lens,Ligue 1,33,36.0,1,26.6,33.0,49.0,87.5,35,26,60.5,6.87,42.57,0,5,5,3,14,7,1,5,3.04,11.55
abdoul-karim-coulibaly,K. Coulibaly,Defender,RC Strasbourg Alsace,Ligue 1,19,36.0,1,23.6,37.0,39.0,65.0,26,21,54.9,3.73,35.19,0,0,1,3,14,10,2,10,2.71,22.98
mohamed-salisu-abdul-karim,Mohammed Salisu,Defender,AS Monaco,Ligue 1,27,36.0,0,0.2,53.0,55.0,32.5,13,12,27.0,11.98,43.08,0,2,5,1,3,2,0,27,4.36,16.12
fredrik-oppegard,Fredrik Oppegård,Defender,AJ Auxerre,Ligue 1,24,36.0,2,41.0,39.0,39.0,52.5,21,15,37.2,3.95,35.0,0,0,1,1,16,9,0,13,1.91,2.08
yvann-titi,Yvann Titi,Defender,ESTAC Troyes,Ligue 1,20,36.0,1,11.0,54.0,49.0,45.0,18,14,38.6,8.3,40.56,1,1,5,1,9,4,0,19,3.42,15.01
arnaud-nordin,Arnaud Nordin,Forward,Stade Rennais F.C.,Ligue 1,28,36.0,1,21.8,40.0,42.0,62.5,25,11,24.8,3.88,38.0,0,0,3,1,16,5,0,15,2.62,5.41
fabio-amadu-uri-balde,Fábio Baldé,Forward,RC Strasbourg Alsace,Ligue 1,21,36.0,0,2.4,40.0,41.0,40.0,16,3,12.1,2.54,38.13,0,0,2,0,12,5,0,21,2.9,9.26
ugo-lamare-el-kadmiri,Ugo El Kadmiri,Forward,Olympique de Marseille,Ligue 1,19,36.0,0,0.4,34.0,34.0,7.5,3,0,2.3,-1.13,35.0,0,0,0,0,1,2,0,4,,
lucas-digne,Lucas Digne,Defender,Paris Saint-Germain,Ligue 1,33,36.0,0,8.8,41.0,44.0,65.0,26,20,45.3,7.02,35.96,0,2,5,3,10,5,2,13,7.12,21.55
folarin-balogun,Folarin Balogun,Forward,AS Monaco,Ligue 1,25,36.0,0,2.8,45.0,50.0,80.0,32,31,61.9,2.85,46.88,0,1,14,2,11,3,0,9,11.67,27.11
yaya-dieme,Yaya Diémé,Forward,RC Strasbourg Alsace,Ligue 1,18,36.0,0,0.6,39.0,39.0,10.0,4,2,15.8,-1.78,41.25,0,0,1,0,1,2,0,6,2.14,10.16
timothee-pembele,Timothee Pembele,Defender,Le Havre AC,Ligue 1,24,36.0,3,41.6,35.0,36.0,42.5,17,5,15.7,1.35,35.0,0,0,0,1,9,7,0,23,2.45,9.63
neal-maupay,Neal Maupay,Forward,Olympique de Marseille,Ligue 1,30,36.0,2,36.0,39.0,41.0,45.0,18,12,26.3,1.98,39.17,0,0,3,0,9,6,0,22,5.72,8.57
aboulaye-camara,Aboulaye Camara,Midfielder,OGC Nice,Ligue 1,18,36.0,0,1.0,36.0,36.0,2.5,1,0,1.0,1.0,35.0,0,0,0,0,1,0,0,4,,
ismail-bouneb,Ismaïl Bouneb,Midfielder,Le Havre AC,Ligue 1,20,35.0,0,3.6,35.0,35.0,5.0,2,0,3.6,-0.3,35.0,0,0,0,0,1,1,0,38,2.21,11.52
nanitamo-jonathan-ikone,Jonathan Ikoné,Forward,Paris FC,Ligue 1,28,35.0,0,5.0,48.0,42.0,62.5,25,13,33.1,3.88,38.4,0,1,2,0,18,6,0,13,4.79,11.73
djelan-morana,Djelan Morana,Forward,OGC Nice,Ligue 1,18,35.0,0,2.0,35.0,35.0,2.5,1,0,2.0,0.4,35.0,0,0,0,0,1,0,0,3,,
junior-mwanga,Junior Mwanga,Midfielder,Le Havre AC,Ligue 1,23,35.0,3,49.0,38.0,39.0,50.0,20,19,38.5,5.42,33.5,0,0,2,1,10,4,3,20,1.21,5.61
yacouba-kone,Yacouba Koné,Forward,ESTAC Troyes,Ligue 1,19,35.0,0,5.8,35.0,35.0,12.5,5,0,5.8,0.14,35.0,0,0,0,0,4,1,0,0,,
louis-mouton,Louis Mouton,Midfielder,Angers SCO,Ligue 1,24,35.0,0,0.4,35.0,40.0,72.5,29,20,48.5,2.67,37.59,0,0,3,2,14,13,1,7,2.9,8.27
elikya-legros,Elikya Legros,Defender,AJ Auxerre,Ligue 1,18,35.0,2,28.2,35.0,35.0,7.5,3,2,4.2,-0.41,35.0,0,0,0,0,2,1,0,36,1.85,9.02
nathan-n-goumou-minpole,Nathan Ngoumou,Forward,OGC Nice,Ligue 1,26,35.0,2,30.8,35.0,35.0,12.5,5,2,4.4,0.42,35.0,0,0,0,0,2,3,0,35,3.46,7.69
mateo-del-blanco,Mateo del Blanco,Defender,RC Strasbourg Alsace,Ligue 1,22,35.0,0,2.4,50.0,55.0,70.0,28,26,74.5,15.64,39.46,1,7,8,7,8,5,1,3,2.48,9.44
seny-koumbassa,Seny Koumbassa,Defender,Toulouse FC,Ligue 1,19,35.0,2,38.4,42.0,41.0,27.5,11,7,18.9,0.26,40.0,0,0,4,0,4,4,1,26,2.68,15.78
justin-bourgault,Justin Bourgault,Defender,Stade Brestois 29,Ligue 1,21,35.0,0,0.4,45.0,47.0,32.5,13,12,29.7,10.94,35.38,0,0,1,3,8,2,0,26,2.02,9.71
hakim-dongopandji,Hakim Dongopandji,Forward,Le Havre AC,Ligue 1,19,35.0,0,0.5,35.0,35.0,2.5,1,0,0.5,0.0,35.0,0,0,0,0,1,0,0,1,,
junior-morau-kadile,Junior-Morau Kadile,Forward,RC Lens,Ligue 1,23,35.0,1,16.8,69.0,66.0,37.5,15,13,56.2,11.41,54.67,1,5,11,1,9,6,0,7,5.11,40.87
santiago-hidalgo-massa,Santiago Hidalgo,Forward,Toulouse FC,Ligue 1,21,35.0,3,40.6,42.0,43.0,70.0,28,17,42.5,1.44,41.61,0,1,8,0,10,15,0,6,3.38,15.96
naouirou-ahamada-2002-03-29,Naouirou Ahamada,Midfielder,AJ Auxerre,Ligue 1,24,35.0,3,57.4,41.0,41.0,50.0,20,11,24.1,5.36,35.25,0,1,0,1,11,6,1,20,1.82,11.63
faris-pemi-moumbagna,Faris Moumbagna,Forward,Olympique de Marseille,Ligue 1,26,34.0,0,2.8,34.0,34.0,20.0,8,0,2.2,-1.15,35.0,0,0,0,0,2,6,0,32,5.17,15.12
usman-mamadou-simbakoli,Usman Simbakoli,Forward,Angers SCO,Ligue 1,24,34.0,0,13.0,34.0,34.0,12.5,5,0,13.0,-0.74,35.0,0,0,2,0,9,8,0,10,4.02,6.86
lucas-tousart,Lucas Tousart,Midfielder,Stade Brestois 29,Ligue 1,29,34.0,1,27.2,37.0,38.0,72.5,29,10,28.3,1.22,36.72,0,0,2,2,13,13,0,10,1.72,8.45
jean-clair-todibo,Jean-Clair Todibo,Defender,RC Lens,Ligue 1,26,34.0,1,16.0,40.0,44.0,57.5,23,21,44.2,6.99,36.74,0,1,5,0,10,6,1,17,10.35,62.69
ulisses-alexandre-garcia-lopes,Ulisses Garcia,Defender,Olympique de Marseille,Ligue 1,30,34.0,1,13.0,43.0,42.0,47.5,19,13,29.6,5.64,36.58,0,0,3,4,6,6,0,21,3.47,7.33
djylian-n-guessan,Djylian N´Guessan,Forward,Stade Brestois 29,Ligue 1,18,34.0,0,4.8,36.0,36.0,15.0,6,0,2.2,0.6,35.0,0,0,0,0,3,3,0,34,3.84,12.42
pierre-ekwah-elimby,Pierre-Emmanuel Ekwah,Midfielder,AJ Auxerre,Ligue 1,24,34.0,0,7.0,41.0,41.0,25.0,10,3,8.1,6.23,35.0,0,0,1,1,5,3,0,30,0.75,7.17
kelyann-bezahaf,Kelyann Bezahaf,Defender,Olympique de Marseille,Ligue 1,20,34.0,0,1.2,34.0,34.0,2.5,1,0,0.7,-1.26,35.0,0,0,0,0,0,1,0,8,,
erwan-colas,Erwan Colas,Forward,Le Mans FC,Ligue 1,29,34.0,0,5.4,45.0,44.0,67.5,27,14,43.3,1.39,41.48,0,1,8,0,12,9,0,10,3.78,11.2
lamfia-dioubate,Lamfia Dioubaté,Midfielder,AJ Auxerre,Ligue 1,19,33.0,0,6.8,33.0,33.0,7.5,3,0,1.5,-1.6,35.0,0,0,0,0,2,1,0,20,,
ismail-diallo,Ismail Diallo,Defender,Toulouse FC,Ligue 1,23,33.0,2,29.2,33.0,33.0,10.0,4,2,29.2,-2.34,35.0,0,0,0,0,1,3,0,1,2.44,10.24
yasser-larouci,Yasser Larouci,Defender,Le Mans FC,Ligue 1,25,33.0,2,30.2,33.0,33.0,7.5,3,2,30.2,-2.33,35.0,0,0,5,3,14,9,2,7,1.14,6.31
william-harhouz,William Harhouz,Forward,Le Mans FC,Ligue 1,26,33.0,0,3.6,32.0,41.0,45.0,18,2,17.1,0.17,40.56,0,0,4,0,10,9,0,16,1.52,0.56
tosin-aiyegun,Aiyegun Tosin,Forward,FC Lorient,Ligue 1,28,33.0,0,8.8,39.0,39.0,70.0,28,11,28.9,1.94,36.79,0,0,2,1,19,6,0,12,4.61,9.97
lucas-buades,Lucas Buades,Defender,Le Mans FC,Ligue 1,28,33.0,2,36.0,50.0,60.0,67.5,27,26,70.2,16.54,42.78,0,5,10,6,8,3,0,8,3.97,14.28
esteban-lepaul,Esteban Lepaul,Forward,Stade Rennais F.C.,Ligue 1,26,33.0,3,52.4,49.0,54.0,90.0,36,33,75.4,3.81,49.72,0,4,16,0,11,9,0,0,37.11,189.49
djibril-sidibe,Djibril Sidibé,Defender,Le Mans FC,Ligue 1,34,32.0,1,27.2,36.0,44.0,75.0,30,23,61.8,6.09,37.33,0,3,5,3,11,12,3,3,5.27,11.21
daouda-traore-2006-07-22,Daouda Traoré,Midfielder,Le Mans FC,Ligue 1,20,32.0,0,5.0,37.0,37.0,25.0,10,3,15.7,1.98,35.0,0,0,0,0,6,5,0,29,2.76,6.63
sekou-mara,Sékou Mara,Forward,RC Strasbourg Alsace,Ligue 1,24,32.0,1,15.2,45.0,41.0,67.5,27,13,34.6,2.49,38.52,0,1,2,0,18,8,0,11,1.81,4.88
jonathan-gradit,Jonathan Gradit,Defender,RC Lens,Ligue 1,33,32.0,1,20.0,45.0,45.0,20.0,8,7,15.7,14.08,30.63,0,2,2,2,4,1,1,28,4.56,10.93
clement-akpa,Clément Akpa,Defender,AJ Auxerre,Ligue 1,24,32.0,5,90.0,36.0,40.0,70.0,28,23,60.4,7.33,32.32,0,0,2,4,14,5,5,10,2.58,9.13
alidu-seidu,Alidu Seidu,Defender,OGC Nice,Ligue 1,26,32.0,0,6.4,36.0,43.0,50.0,20,12,27.8,8.21,35.25,0,2,0,2,7,7,0,22,5.47,9.64
noah-donkor-znamensky,Noah Donkor,Defender,ESTAC Troyes,Ligue 1,19,31.0,1,30.2,33.0,33.0,17.5,7,1,6.4,-1.77,35.0,0,0,0,0,3,4,0,20,1.95,7.02
enzo-koffi-vinette,Enzo Koffi Vinette,Forward,Le Havre AC,Ligue 1,20,48.0,0,24.6,38.0,38.0,35.0,14,4,14.7,2.79,35.28,0,1,0,1,10,5,2,16,1.77,7.46
quentin-merlin,Quentin Merlin,Midfielder,Stade Rennais F.C.,Ligue 1,24,31.0,3,43.8,46.0,50.0,80.0,32,25,66.1,11.37,38.28,0,3,7,8,11,6,2,3,4.54,15.43
sinaly-diomande,Sinaly Diomande,Defender,AJ Auxerre,Ligue 1,25,31.0,2,36.0,48.0,50.0,65.0,26,26,68.1,10.84,38.46,0,1,8,3,10,3,2,13,3.24,12.88
anthony-bermont,Anthony Bermont,Midfielder,Angers SCO,Ligue 1,21,34.0,3,35.0,36.0,36.0,27.5,11,3,6.8,1.23,35.0,0,0,0,0,11,3,0,26,1.56,7.72
noa-boisse,Noa Boissé,Defender,Le Mans FC,Ligue 1,20,29.0,4,63.0,43.0,49.0,35.0,14,14,37.8,15.57,33.57,0,1,3,5,4,2,1,23,4.14,9.3
nosa-edward-obaretin,Nosa Obaretin,Defender,FC Lorient,Ligue 1,23,29.0,0,3.0,37.0,43.0,70.0,28,26,57.1,6.66,36.79,0,2,2,1,12,11,0,12,2.27,9.34
calvin-verdonk,Calvin Verdonk,Defender,LOSC Lille,Ligue 1,29,29.0,1,11.0,39.0,41.0,55.0,22,9,21.8,6.66,34.09,0,0,0,4,13,4,1,18,2.48,10.71
ewan-hatfout,Ewan Hatfout,Goalkeeper,Le Mans FC,Ligue 1,26,28.0,2,37.8,41.0,41.0,12.5,5,4,11.5,5.46,36.0,0,1,1,0,2,1,1,33,2.14,14.13
ali-abdi,Ali Abdi,Defender,OGC Nice,Ligue 1,32,28.0,0,9.4,36.0,39.0,75.0,30,18,46.0,-0.33,38.83,0,0,5,3,9,10,4,9,2.15,4.48
srdan-kuzmic,Srđan Kuzmić,Defender,FC Lorient,Ligue 1,22,27.0,0,15.6,46.0,50.0,67.5,27,27,69.8,11.23,38.7,1,1,5,4,15,4,0,10,4.04,11.48
zoumana-diallo,Zoumana Diallo,Forward,OGC Nice,Ligue 1,21,27.0,1,12.0,32.0,32.0,5.0,2,1,2.5,-3.5,35.0,0,0,0,0,1,1,0,38,,
derek-cornelius,Derek Cornelius,Defender,Olympique de Marseille,Ligue 1,28,27.0,1,17.2,36.0,36.0,27.5,11,8,13.6,2.78,33.18,0,0,1,0,3,2,2,32,3.74,10.37
theo-eyoum-mouen,Théo Eyoum,Defender,Le Mans FC,Ligue 1,24,25.0,2,36.0,46.0,52.0,50.0,20,19,53.6,15.68,36.25,2,0,3,7,10,3,1,13,2.19,5.51
hamza-koutoune,Hamza Koutoune,Defender,OGC Nice,Ligue 1,20,25.0,0,3.4,28.0,28.0,17.5,7,3,7.8,-6.63,35.0,0,0,0,0,4,6,1,29,0.71,5.1
mathys-sauveur-niflore,Mathys Niflore,Goalkeeper,Toulouse FC,Ligue 1,19,24.0,1,21.8,36.0,44.0,62.5,25,24,68.1,6.6,37.6,0,2,3,3,11,6,3,12,3.17,18.07
lucas-hogsberg,Lucas Høgsberg,Defender,RC Strasbourg Alsace,Ligue 1,20,24.0,0,2.2,41.0,43.0,65.0,26,20,41.4,8.14,35.0,0,0,1,6,11,7,0,15,3.57,10.45
samir-el-mourabet,Samir El Mourabet,Midfielder,RC Strasbourg Alsace,Ligue 1,20,23.0,2,27.0,38.0,47.0,90.0,36,27,53.8,12.25,34.72,0,3,3,7,16,4,2,5,3.98,14.52
clinton-mukoni-mata-pedro-lourenco,Clinton Mata,Defender,Olympique Lyonnais,Ligue 1,33,17.0,1,18.0,40.0,50.0,77.5,31,29,66.0,12.75,36.94,1,2,4,9,8,4,3,9,6.14,10.81
tolikpaley-luc-evrad-zogbe,Luck Zogbé,Defender,Stade Brestois 29,Ligue 1,21,16.0,0,13.6,30.0,30.0,22.5,9,3,10.3,-3.17,32.78,0,0,0,1,1,5,2,31,1.81,9.31
abdoulaye-toure-1994-03-03,Abdoulaye Touré,Midfielder,Le Havre AC,Ligue 1,32,,0,0.0,52.0,52.0,17.5,7,6,15.6,9.59,42.14,0,0,3,2,2,2,0,31,0.27,0.46
noe-poillion,Noé Poillion,Goalkeeper,Stade Brestois 29,Ligue 1,19,,0,0.0,0.0,0.0,0.0,0,0,0.0,0.0,0.0,0,0,0,0,0,0,0,5,2.24,9.84
melvin-zinga,Melvin Zinga,Goalkeeper,Angers SCO,Ligue 1,24,,0,0.0,45.0,45.0,7.5,3,2,6.5,1.23,43.33,0,0,1,0,0,2,1,36,3.66,9.11
david-uyoyo-odogu,David Odogu,Defender,Toulouse FC,Ligue 1,20,,0,0.0,36.0,36.0,5.0,2,0,0.1,0.64,35.0,0,0,0,0,1,1,0,38,1.58,7.92
milosz-piekutowski,Miłosz Piekutowski,Goalkeeper,RC Strasbourg Alsace,Ligue 1,20,,0,0.0,47.0,47.0,5.0,2,2,13.8,11.9,35.0,0,0,0,0,2,0,0,29,3.18,10.48
ghianny-kodia-ladji,Ghianny Kodia,Forward,RC Strasbourg Alsace,Ligue 1,19,,0,0.0,0.0,0.0,0.0,0,0,0.0,0.0,0.0,0,0,0,0,0,0,0,40,,
aron-donnum,Aron Dønnum,Midfielder,Toulouse FC,Ligue 1,28,,0,0.0,46.0,53.0,62.5,25,23,56.9,13.1,40.4,0,7,1,4,10,4,1,13,3.64,23.33
paul-nardi,Paul Nardi,Goalkeeper,AJ Auxerre,Ligue 1,32,,0,0.0,38.0,38.0,25.0,10,9,22.0,0.17,37.5,0,0,1,1,4,2,2,30,2.79,12.06
emmanuel-alexi-koum-mbondo,Alexi Koum,Defender,Olympique de Marseille,Ligue 1,20,,0,0.0,0.0,0.0,0.0,0,0,0.0,0.0,0.0,0,0,0,0,0,1,0,35,,
djaoui-cisse-2004-01-31,Djaoui Cissé,Midfielder,Stade Rennais F.C.,Ligue 1,22,,0,0.0,38.0,39.0,50.0,20,11,23.8,3.8,35.0,0,0,1,0,16,7,0,16,1.91,9.36
maxima-adeagan-goffi,Maxima Goffi,Defender,LOSC Lille,Ligue 1,18,,0,0.0,44.0,0.0,0.0,0,0,0.0,0.0,0.0,0,0,0,0,0,0,0,40,,
christ-brunel-neyjunior-batola,Christ Batola,Forward,ESTAC Troyes,Ligue 1,17,,0,0.0,0.0,0.0,0.0,0,0,0.0,0.0,0.0,0,0,0,0,0,0,0,22,1.37,9.78
lassine-diarra,Lassine Diarra,Goalkeeper,Olympique Lyonnais,Ligue 1,23,,0,0.0,0.0,0.0,0.0,0,0,0.0,0.0,0.0,0,0,0,0,0,0,0,40,4.57,9.39
rayan-edwards-kwedi-mandengue,Rayan Mandengue,Defender,AJ Auxerre,Ligue 1,20,43.0,0,10.8,43.0,43.0,0.0,0,0,10.8,1.3,41.25,0,0,1,0,2,1,0,23,1.53,13.07
noham-kamara,Noham Kamara,Defender,Olympique Lyonnais,Ligue 1,19,,0,0.0,34.0,34.0,5.0,2,0,0.1,-1.14,35.0,0,0,0,0,1,1,0,38,5.33,11.19
benjamin-leroy,Benjamin Leroy,Goalkeeper,FC Lorient,Ligue 1,37,,0,0.0,0.0,0.0,0.0,0,0,0.0,0.0,0.0,0,0,0,0,0,0,0,40,1.58,7.46
alvin-petit-dol,Alvin Petit Dol,Defender,AJ Auxerre,Ligue 1,19,,0,0.0,0.0,0.0,0.0,0,0,0.0,0.0,0.0,0,0,0,0,0,0,0,36,1.77,9.41
felix-khonde-mambimbi,Felix Mambimbi,Forward,Le Havre AC,Ligue 1,25,,0,0.0,39.0,38.0,30.0,12,7,13.8,0.38,37.08,0,0,1,0,9,8,0,22,2.78,5.12
moussa-diarra-ci,Moussa Diarra,Forward,RC Lens,Ligue 1,19,,0,0.0,0.0,0.0,0.0,0,0,0.0,0.0,0.0,0,0,0,0,0,0,0,6,,
martin-ponsot,Martin Ponsot,Goalkeeper,OGC Nice,Ligue 1,17,,0,0.0,0.0,0.0,0.0,0,0,0.0,0.0,0.0,0,0,0,0,0,0,0,5,,
arnaud-bodart,Arnaud Bodart,Goalkeeper,Le Havre AC,Ligue 1,28,,0,0.0,27.0,21.0,5.0,2,1,3.4,-3.65,25.0,0,0,0,0,0,1,1,38,6.17,17.78
naime-ben-zayer-said-mchindra,Naïme Saïd Mchindra,Goalkeeper,Toulouse FC,Ligue 1,21,,0,0.0,0.0,0.0,0.0,0,0,0.0,0.0,0.0,0,0,0,0,0,0,0,40,,
aymen-amaaouch,Aymen Amaaouch,Forward,Toulouse FC,Ligue 1,17,,0,0.0,0.0,0.0,0.0,0,0,0.0,0.0,0.0,0,0,0,0,0,0,0,4,,
louis-mezerette,Louis Mezerette,Goalkeeper,AJ Auxerre,Ligue 1,20,,0,0.0,0.0,0.0,0.0,0,0,0.0,0.0,0.0,0,0,0,0,0,0,0,39,3.65,5.65
joaquin-panichelli,Joaquín Panichelli,Forward,RC Strasbourg Alsace,Ligue 1,23,,0,0.0,50.0,49.0,57.5,23,19,44.4,4.28,44.57,0,2,6,2,6,7,0,17,8.77,28.38
theo-collin,Théo Collin,Goalkeeper,Toulouse FC,Ligue 1,20,,0,0.0,0.0,0.0,0.0,0,0,0.0,0.0,0.0,0,0,0,0,0,0,0,2,,
mael-gernigon,Maël Gernigon,Defender,Angers SCO,Ligue 1,17,,0,0.0,0.0,0.0,0.0,0,0,0.0,0.0,0.0,0,0,0,0,0,0,0,23,,
martin-rossignol,Martin Rossignol,Midfielder,Le Mans FC,Ligue 1,22,,0,0.0,38.0,38.0,47.5,19,8,23.9,0.71,37.63,0,0,2,0,12,10,0,15,3.51,5.67
bandiougou-fadiga,Bandiougou Fadiga,Midfielder,FC Lorient,Ligue 1,25,,0,0.0,0.0,0.0,0.0,0,0,0.0,0.0,0.0,0,0,0,0,0,0,0,40,2.9,9.42
salis-abdul-samed,Salis Samed,Midfielder,OGC Nice,Ligue 1,26,,0,0.0,38.0,38.0,47.5,19,13,27.3,2.08,36.32,0,0,1,1,11,6,0,21,2.05,7.9
mamadou-diallo-2010-04-05,Mamadou Diallo,Forward,Angers SCO,Ligue 1,16,,0,0.0,0.0,0.0,0.0,0,0,0.0,0.0,0.0,0,0,0,0,0,0,0,5,,
mathis-clement-2006-01-23,Mathis Clement,Defender,Olympique de Marseille,Ligue 1,20,,0,0.0,0.0,0.0,0.0,0,0,0.0,0.0,0.0,0,0,0,0,0,0,0,30,,
ismael-boura,Ismaël Boura,Defender,ESTAC Troyes,Ligue 1,26,,0,0.0,49.0,52.0,60.0,24,22,52.8,13.85,38.13,1,4,6,3,6,6,0,14,3.64,9.88
lucas-chevalier,Lucas Chevalier,Goalkeeper,Paris Saint-Germain,Ligue 1,24,,0,0.0,46.0,51.0,10.0,4,4,9.0,3.95,47.5,0,1,1,0,2,2,0,34,15.18,52.87
loun-srdanovic,Loun Srdanovic,Defender,LOSC Lille,Ligue 1,20,,0,0.0,51.0,51.0,17.5,7,4,7.6,12.15,38.57,0,1,1,0,5,1,0,32,2.8,8.56
guy-noel-prince-zohouri,Guy-Noël Zohouri,Midfielder,Le Havre AC,Ligue 1,19,,0,0.0,0.0,0.0,0.0,0,0,0.0,0.0,0.0,0,0,0,0,0,0,0,40,2.32,5.98
daniel-xavier-semedo,Daniel Semedo,Midfielder,FC Lorient,Ligue 1,22,,0,0.0,35.0,35.0,2.5,1,0,0.8,-0.4,35.0,0,0,0,0,0,1,0,22,,
romain-cagnon,Romain Cagnon,Goalkeeper,Stade Brestois 29,Ligue 1,29,,0,0.0,0.0,0.0,0.0,0,0,0.0,0.0,0.0,0,0,0,0,0,0,0,5,2.68,9.53
maximillian-oyedele,Maximillian Oyedele,Midfielder,RC Strasbourg Alsace,Ligue 1,21,,0,0.0,41.0,41.0,30.0,12,7,13.3,3.65,37.08,0,0,1,1,7,3,0,28,2.77,8.71
sekou-fofana-2003-03-25,Sékou Fofana,Defender,AJ Auxerre,Ligue 1,23,,0,0.0,37.0,41.0,70.0,28,18,42.1,3.62,37.32,0,1,2,4,9,11,1,12,1.99,6.53
jelle-van-neck,Jelle Van Neck,Goalkeeper,Olympique de Marseille,Ligue 1,22,,0,0.0,0.0,0.0,0.0,0,0,0.0,0.0,0.0,0,0,0,0,0,0,0,40,3.66,5.24
joan-lenny-yannis-tincres,Joan Tincrès,Forward,Le Havre AC,Ligue 1,20,,0,0.0,0.0,0.0,0.0,0,0,0.0,0.0,0.0,0,0,0,0,2,4,0,24,2.0,1.36
anssumane-fati,Ansu Fati,Forward,AS Monaco,Ligue 1,23,,0,0.0,51.0,46.0,57.5,23,9,23.2,4.44,41.52,0,0,6,0,14,3,0,17,6.89,24.54
moise-bombito,Moïse Bombito,Defender,OGC Nice,Ligue 1,26,,0,0.0,31.0,30.0,7.5,3,2,4.8,-4.87,35.0,0,0,0,0,2,0,1,37,3.22,11.73
lassana-simakha,Lassana Simakha,Defender,ESTAC Troyes,Ligue 1,19,,0,0.0,0.0,0.0,0.0,0,0,0.0,0.0,0.0,0,0,0,0,0,0,0,2,,
augustin-delbecque,Augustin Delbecque,Goalkeeper,Le Mans FC,Ligue 1,24,,0,0.0,0.0,0.0,0.0,0,0,0.0,0.0,0.0,0,0,0,0,0,0,0,39,3.44,3.49
ilan-jourdren,Ilan Jourdren,Goalkeeper,RC Lens,Ligue 1,18,,0,0.0,0.0,0.0,0.0,0,0,0.0,0.0,0.0,0,0,0,0,0,0,0,40,3.81,7.28
gauthier-hein,Gauthier Hein,Midfielder,OGC Nice,Ligue 1,30,52.0,4,77.0,58.0,56.0,0.0,0,0,70.0,11.99,44.0,1,5,7,7,13,1,0,6,7.02,54.26
xiangxin-wei,Wei Xiangxin,Forward,AJ Auxerre,Ligue 1,18,,0,0.0,42.0,42.0,5.0,2,0,4.7,7.2,35.0,0,0,1,0,10,6,0,18,3.65,9.05
anis-doubal,Anis Doubal,Defender,Olympique de Marseille,Ligue 1,19,,0,0.0,0.0,0.0,0.0,0,0,0.0,0.0,0.0,0,0,0,0,0,0,0,20,,
mathieu-gorgelin,Mathieu Gorgelin,Goalkeeper,RC Lens,Ligue 1,36,,0,0.0,85.0,85.0,2.5,1,1,4.1,24.6,60.0,0,2,2,2,7,3,1,23,5.26,9.63
ludovic-blas,Ludovic Blas,Forward,Stade Rennais F.C.,Ligue 1,28,43.0,3,55.8,42.0,47.0,0.0,0,0,43.6,6.32,40.3,0,2,8,4,18,6,0,2,5.38,20.61
formose-mendy-2001-01-02,Formose Mendy,Defender,FC Lorient,Ligue 1,25,,0,0.0,35.0,32.0,10.0,4,1,2.1,2.44,30.0,0,0,0,0,2,1,1,36,2.94,7.93
mathis-amougou,Mathis Amougou,Midfielder,Toulouse FC,Ligue 1,20,,0,0.0,41.0,41.0,30.0,12,5,13.1,6.03,35.0,0,0,0,1,9,2,0,28,2.47,12.86
joao-vitor-da-silva-almeida,João Almeida,Defender,Le Mans FC,Ligue 1,20,,0,0.0,35.0,35.0,2.5,1,0,0.1,0.0,35.0,0,0,0,0,1,0,0,27,3.96,12.87
isaac-cossier,Isaac Cossier,Defender,LOSC Lille,Ligue 1,19,,0,0.0,48.0,48.0,57.5,23,14,40.6,10.89,37.17,0,3,2,2,13,5,0,15,3.01,6.65
alessandro-longoni,Alessandro Longoni,Goalkeeper,Paris Saint-Germain,Ligue 1,18,,0,0.0,0.0,0.0,0.0,0,0,0.0,0.0,0.0,0,0,0,0,0,0,0,6,3.71,11.91
jean-philippe-krasso,Jean-Philippe Krasso,Forward,Paris FC,Ligue 1,29,,0,0.0,37.0,43.0,57.5,23,12,27.3,2.67,39.78,0,0,4,1,13,6,0,16,1.29,13.77
nidal-celik,Nidal Čelik,Defender,RC Lens,Ligue 1,20,,0,0.0,41.0,41.0,20.0,8,8,16.7,8.59,32.5,0,0,2,0,3,3,0,32,2.99,12.82
emmanuel-junior-biumla-bayiha,Emmanuel Biumla,Midfielder,Angers SCO,Ligue 1,21,,0,0.0,35.0,35.0,20.0,8,3,10.9,-3.57,35.63,0,0,1,0,4,4,1,30,2.8,6.02
mohamed-coulibaly-2008-11-11,Mohamed Coulibaly,Defender,AJ Auxerre,Ligue 1,17,,0,0.0,0.0,0.0,0.0,0,0,0.0,0.0,0.0,0,0,0,0,0,0,0,5,,
goncalo-calisto-de-oliveira,Gonçalo Oliveira,Defender,Stade Rennais F.C.,Ligue 1,20,,0,0.0,0.0,0.0,0.0,0,0,0.0,0.0,0.0,0,0,0,0,0,0,0,40,1.52,7.34
nassim-laarej,Nassim Laarej,Midfielder,OGC Nice,Ligue 1,17,,0,0.0,0.0,0.0,0.0,0,0,0.0,0.0,0.0,0,0,0,0,0,0,0,5,,
enzo-vagner-moraes-de-souza,Enzo Vágner,Forward,Le Mans FC,Ligue 1,20,,0,0.0,24.0,24.0,2.5,1,0,0.6,-10.7,35.0,0,0,0,0,0,1,0,27,3.56,8.71
rayan-ouro-bang-na,Rayan Ouro Bang Na,Defender,Olympique de Marseille,Ligue 1,19,,0,0.0,0.0,0.0,0.0,0,0,0.0,0.0,0.0,0,0,0,0,0,0,0,30,,
bingourou-kamara,Bingourou Kamara,Goalkeeper,FC Lorient,Ligue 1,29,,0,0.0,0.0,0.0,0.0,0,0,0.0,0.0,0.0,0,0,1,0,1,1,1,36,2.51,8.89
takumi-minamino,Takumi Minamino,Midfielder,AS Monaco,Ligue 1,31,,0,0.0,46.0,46.0,25.0,10,8,17.1,5.56,40.0,0,1,1,1,4,3,0,30,3.45,10.02
oumar-konate,Oumar Konaté,Forward,AS Monaco,Ligue 1,19,,0,0.0,32.0,32.0,5.0,2,0,2.6,-2.6,35.0,0,0,0,0,1,1,0,5,,
enzo-monchatre,Enzo Monchatre,Forward,Stade Brestois 29,Ligue 1,18,,0,0.0,0.0,0.0,0.0,0,0,0.0,0.0,0.0,0,0,0,0,0,0,0,2,,
roman-murcy,Roman Murcy,Midfielder,ESTAC Troyes,Ligue 1,20,,0,0.0,37.0,37.0,5.0,2,0,0.4,1.6,35.0,0,0,0,0,4,0,0,35,0.86,10.4
henrick-do-marcolino,Henrick Do Marcolino,Forward,Stade Rennais F.C.,Ligue 1,20,,0,0.0,42.0,42.0,5.0,2,0,0.6,7.2,35.0,0,0,0,0,2,0,0,38,,
saud-abdullah-abdul-hamid,Saud Abdulhamid,Defender,RC Lens,Ligue 1,27,,0,0.0,53.0,47.0,70.0,28,19,47.7,7.37,39.29,0,3,6,1,9,6,2,13,5.88,9.89
philipp-kohn,Philipp Köhn,Goalkeeper,AS Monaco,Ligue 1,28,,0,0.0,57.0,49.0,45.0,18,17,40.2,3.97,45.0,0,2,6,1,4,3,2,22,5.24,24.09
ayanda-sishuba,Ayanda Sishuba,Midfielder,Stade Rennais F.C.,Ligue 1,21,,0,0.0,35.0,35.0,27.5,11,0,4.2,0.35,35.0,0,0,0,0,7,4,0,29,2.22,12.06
stephan-zagadou,Stephan Zagadou,Defender,Le Havre AC,Ligue 1,17,,0,0.0,42.0,42.0,20.0,8,6,14.6,6.28,35.63,0,0,1,1,3,2,1,32,2.82,9.63
gabriel-kerckaert,Gabriel Kerckaert,Goalkeeper,RC Strasbourg Alsace,Ligue 1,18,,0,0.0,0.0,0.0,0.0,0,0,0.0,0.0,0.0,0,0,0,0,0,0,0,40,,
brendan-chardonnet,Brendan Chardonnet,Defender,Stade Brestois 29,Ligue 1,31,,0,0.0,52.0,55.0,62.5,25,25,64.8,14.17,41.0,0,6,8,2,6,6,1,11,5.1,26.69
samson-baidoo,Samson Baidoo,Defender,RC Lens,Ligue 1,22,,0,0.0,50.0,56.0,45.0,18,16,41.8,17.51,39.17,1,2,5,7,5,2,0,18,6.55,22.72
samuel-kondi-nibombe,Samuel Nibombé,Midfielder,AS Monaco,Ligue 1,19,,0,0.0,34.0,34.0,5.0,2,0,0.1,-1.5,35.0,0,0,0,0,1,1,0,38,3.68,10.18
tidiane-devernois,Tidiane Devernois,Midfielder,AJ Auxerre,Ligue 1,18,,0,0.0,37.0,37.0,5.0,2,0,0.2,1.9,35.0,0,0,0,0,2,0,0,37,1.61,7.22
justin-bengui-joao,Justin Bengui João,Goalkeeper,Olympique Lyonnais,Ligue 1,21,,0,0.0,0.0,0.0,0.0,0,0,0.0,0.0,0.0,0,0,0,0,0,0,0,40,3.43,9.21
yvann-birama-konan,Yvann Konan,Goalkeeper,Olympique Lyonnais,Ligue 1,19,,0,0.0,0.0,0.0,0.0,0,0,0.0,0.0,0.0,0,0,0,0,0,0,0,40,,
nhoa-sangui,Nhoa Sangui,Defender,Paris FC,Ligue 1,20,,0,0.0,45.0,43.0,52.5,21,15,42.7,7.53,35.0,0,1,0,1,17,7,0,14,3.55,10.14
paolo-gozzi-iweru,Paolo Gozzi,Defender,ESTAC Troyes,Ligue 1,25,,0,0.0,45.0,45.0,22.5,9,8,21.7,11.95,32.78,0,0,2,5,6,2,0,25,4.58,9.05
tyrese-noubissie,Tyrese Noubissie,Midfielder,RC Strasbourg Alsace,Ligue 1,17,,0,0.0,38.0,38.0,10.0,4,0,2.1,2.98,35.0,0,0,0,0,4,0,0,22,,
obed-nkambadio,Obed Nkambadio,Goalkeeper,Paris FC,Ligue 1,23,,0,0.0,46.0,46.0,20.0,8,8,21.2,7.55,38.75,0,0,2,1,5,3,1,28,5.58,21.61
theo-vermot,Théo Vermot,Goalkeeper,Olympique de Marseille,Ligue 1,29,,0,0.0,0.0,0.0,0.0,0,0,0.0,0.0,0.0,0,0,0,0,0,0,0,40,,
nianzou-tanguy-kouassi,Tanguy Nianzou,Defender,LOSC Lille,Ligue 1,24,,0,0.0,32.0,32.0,25.0,10,6,13.1,0.83,31.0,0,0,0,1,5,2,3,29,3.0,10.54
aymen-assab,Aymen Assab,Midfielder,AS Monaco,Ligue 1,18,,0,0.0,0.0,0.0,0.0,0,0,0.0,0.0,0.0,0,0,0,0,0,0,0,7,,
kabangu-alex-teixeira,Alex Teixeira,Goalkeeper,Le Havre AC,Ligue 1,19,,0,0.0,0.0,0.0,0.0,0,0,0.0,0.0,0.0,0,0,0,0,0,0,0,28,,
mamoudou-cissokho,Mamoudou Cissokho,Forward,AJ Auxerre,Ligue 1,18,,0,0.0,36.0,36.0,5.0,2,0,0.1,1.0,35.0,0,0,0,0,2,0,0,21,,
yoan-wakis-kore,Yoan Koré,Defender,Paris FC,Ligue 1,21,,0,0.0,42.0,42.0,20.0,8,8,39.3,0.91,41.25,0,2,1,1,6,6,2,22,2.47,9.75
abdoul-bamo-meite,Bamo Meïté,Defender,Olympique de Marseille,Ligue 1,24,,0,0.0,40.0,44.0,57.5,23,20,51.4,5.23,38.48,0,2,2,3,8,8,2,15,4.54,11.18
yored-hillel-konate,Hillel Konaté,Goalkeeper,ESTAC Troyes,Ligue 1,31,,0,0.0,52.0,49.0,57.5,23,22,61.6,3.39,45.0,0,0,10,1,7,4,1,17,4.62,10.13
elias-alexander-legendre-quinonez,Elías Legendre,Forward,Stade Rennais F.C.,Ligue 1,18,,0,0.0,35.0,35.0,15.0,6,0,1.5,0.13,35.0,0,0,0,0,3,3,0,21,3.18,8.24
laurent-abergel,Laurent Abergel,Midfielder,OGC Nice,Ligue 1,33,,0,0.0,44.0,46.0,57.5,23,22,55.1,10.95,35.22,0,2,2,4,16,4,1,11,2.57,7.38
zacharie-boucher,Zacharie Boucher,Goalkeeper,ESTAC Troyes,Ligue 1,34,,0,0.0,41.0,41.0,5.0,2,2,5.6,3.35,37.5,0,0,1,0,0,0,1,38,1.62,6.79
oumar-kalifa-pona,Oumar Pona,Goalkeeper,Angers SCO,Ligue 1,20,,0,0.0,33.0,33.0,5.0,2,2,5.3,-1.9,35.0,0,0,0,0,1,1,0,38,3.61,9.17
soriba-diaoune,Soriba Diaoune,Forward,LOSC Lille,Ligue 1,19,,0,0.0,40.0,41.0,32.5,13,1,5.9,1.84,38.85,0,0,2,0,6,5,0,27,2.76,9.04
jules-bouffandeau,Jules Bouffandeau,Midfielder,Angers SCO,Ligue 1,17,,0,0.0,0.0,0.0,0.0,0,0,0.0,0.0,0.0,0,0,0,0,0,0,0,5,,
orlando-gill,Orlando Gill,Goalkeeper,LOSC Lille,Ligue 1,26,,0,0.0,49.0,54.0,77.5,31,31,70.5,8.32,45.65,0,6,9,2,8,4,2,9,8.24,29.81
matthias-da-silva,Matthias da Silva,Goalkeeper,Olympique Lyonnais,Ligue 1,18,,0,0.0,0.0,0.0,0.0,0,0,0.0,0.0,0.0,0,0,0,0,0,0,0,40,,
idrissa-soukouna,Idrissa Soukouna,Midfielder,ESTAC Troyes,Ligue 1,18,,0,0.0,0.0,0.0,0.0,0,0,0.0,0.0,0.0,0,0,0,0,0,0,0,5,,
salimou-danfakha,Salimou Danfakha,Defender,AJ Auxerre,Ligue 1,18,,0,0.0,0.0,0.0,0.0,0,0,0.0,0.0,0.0,0,0,0,0,0,0,0,5,,
regis-gurtner,Régis Gurtner,Goalkeeper,RC Lens,Ligue 1,39,,0,0.0,0.0,0.0,0.0,0,0,0.0,0.0,0.0,0,0,0,0,0,0,0,40,2.14,8.23
benjamin-gustav-brantlind,Benjamin Brantlind,Midfielder,RC Strasbourg Alsace,Ligue 1,18,,0,0.0,0.0,0.0,0.0,0,0,0.0,0.0,0.0,0,0,0,0,0,0,0,5,3.46,6.08
souleymane-isaak-toure,Isaak Touré,Defender,FC Lorient,Ligue 1,23,,0,0.0,37.0,37.0,2.5,1,0,0.8,1.7,35.0,0,0,0,0,1,0,0,39,2.0,11.0
jhoanner-stalin-chavez-quintero,Jhoanner Chávez,Defender,RC Lens,Ligue 1,24,,0,0.0,0.0,0.0,0.0,0,0,0.0,0.0,0.0,0,0,0,0,0,0,0,40,3.34,9.25
yvan-zaddy,Yvan Zaddy,Midfielder,AJ Auxerre,Ligue 1,20,,0,0.0,33.0,33.0,2.5,1,0,0.0,-1.7,35.0,0,0,0,0,0,1,0,29,,
issiaga-camara,Issiaga Camara,Midfielder,OGC Nice,Ligue 1,21,,0,0.0,0.0,0.0,0.0,0,0,0.0,0.0,0.0,0,0,0,4,7,1,0,28,2.01,8.93
mouhamed-lamine-ndiaye,Lamine Ndiaye,Defender,Le Havre AC,Ligue 1,21,,0,0.0,0.0,0.0,0.0,0,0,0.0,0.0,0.0,0,0,0,0,0,0,0,36,,
ryan-rodin,Ryan Rodin,Forward,AJ Auxerre,Ligue 1,20,,0,0.0,34.0,34.0,7.5,3,0,0.7,-0.93,35.0,0,0,0,0,1,2,0,36,1.49,10.62
abu-francis,Abu Francis,Midfielder,Toulouse FC,Ligue 1,25,,0,0.0,38.0,38.0,15.0,6,5,11.8,6.35,31.67,0,0,1,1,4,2,0,32,1.19,8.72
assane-diousse-el-hadji,Assane Diousse,Midfielder,AJ Auxerre,Ligue 1,29,,0,0.0,37.0,37.0,35.0,14,1,6.0,2.04,35.0,0,0,0,0,12,4,0,24,2.66,6.42
tiago-manuel-goncalves-silva,Tiago Gonçalves,Midfielder,Olympique Lyonnais,Ligue 1,18,,0,0.0,36.0,36.0,7.5,3,0,1.1,0.73,35.0,0,0,0,0,3,0,0,37,,
deivid-washington-de-souza-eugenio,Deivid Washington,Forward,RC Strasbourg Alsace,Ligue 1,21,,0,0.0,0.0,0.0,0.0,0,0,0.0,0.0,0.0,0,0,1,1,10,5,0,23,3.14,11.58
matheo-bodmer,Mathéo Bodmer,Midfielder,Le Havre AC,Ligue 1,22,,0,0.0,0.0,0.0,0.0,0,0,0.0,0.0,0.0,0,0,0,0,0,1,0,39,,
marvin-senaya,Marvin Senaya,Defender,AJ Auxerre,Ligue 1,25,,0,0.0,49.0,47.0,62.5,25,20,40.9,9.13,38.0,1,0,6,5,7,7,0,14,2.32,7.44
telli-siwe,Telli Siwe,Defender,AJ Auxerre,Ligue 1,21,,0,0.0,37.0,37.0,5.0,2,2,4.0,2.36,35.0,0,0,0,2,0,2,0,36,1.85,7.96
yoann-becker,Yoann Becker,Defender,RC Strasbourg Alsace,Ligue 1,17,,0,0.0,0.0,0.0,0.0,0,0,0.0,0.0,0.0,0,0,0,0,0,0,0,25,,
evan-mailly,Evan Mailly,Defender,Stade Brestois 29,Ligue 1,18,,0,0.0,0.0,0.0,0.0,0,0,0.0,0.0,0.0,0,0,0,0,0,0,0,6,,
steeve-kango,Steeve Kango,Defender,Olympique Lyonnais,Ligue 1,19,,0,0.0,37.0,37.0,15.0,6,3,11.4,2.49,35.0,0,0,0,1,2,3,0,16,3.52,9.14
edwin-quarshie,Edwin Quarshie,Midfielder,Le Mans FC,Ligue 1,30,,0,0.0,41.0,42.0,60.0,24,20,50.1,5.95,36.04,0,0,4,7,12,8,1,7,2.66,8.28
jules-stawiecki,Jules Stawiecki,Goalkeeper,AS Monaco,Ligue 1,19,,0,0.0,0.0,0.0,0.0,0,0,0.0,0.0,0.0,0,0,0,0,0,0,0,40,,
morgan-sanson,Morgan Sanson,Midfielder,OGC Nice,Ligue 1,32,,0,0.0,41.0,41.0,80.0,32,24,51.9,4.81,35.94,0,0,4,5,11,11,1,8,3.42,8.46
omari-kellyman,Omari Kellyman,Midfielder,RC Strasbourg Alsace,Ligue 1,21,,0,0.0,0.0,0.0,0.0,0,0,0.0,0.0,0.0,0,0,0,0,0,0,0,40,2.33,8.37
adil-hamdani,Adil Hamdani,Forward,Olympique Lyonnais,Ligue 1,17,,0,0.0,40.0,40.0,15.0,6,0,0.9,1.05,39.17,0,0,1,0,5,0,0,29,,
bryan-ikemefuna-okoh,Bryan Okoh,Defender,AJ Auxerre,Ligue 1,23,,0,0.0,57.0,58.0,65.0,26,20,45.9,18.78,40.0,3,2,6,4,9,2,0,14,2.98,13.29
emmanuel-mbemba-nlandu,Emmanuel Mbemba,Defender,Paris FC,Ligue 1,18,,0,0.0,0.0,0.0,0.0,0,0,0.0,0.0,0.0,0,0,0,0,0,0,0,5,,
enisio-carneiro,Enisio Carneiro,Defender,ESTAC Troyes,Ligue 1,19,,0,0.0,0.0,0.0,0.0,0,0,0.0,0.0,0.0,0,0,0,0,0,0,0,3,,
julien-duranville,Julien Duranville,Forward,Olympique Lyonnais,Ligue 1,20,,0,0.0,41.0,43.0,45.0,18,11,20.5,4.09,39.17,0,0,3,1,10,4,0,22,5.29,7.16
muhamad-bamba,Mohamed Bamba,Forward,FC Lorient,Ligue 1,24,,0,0.0,38.0,41.0,32.5,13,5,13.7,1.65,38.85,0,0,3,0,8,8,0,21,2.67,8.41
hamza-igmane,Hamza Igamane,Forward,LOSC Lille,Ligue 1,23,,0,0.0,42.0,44.0,17.5,7,3,5.9,0.89,43.57,0,0,2,0,3,1,0,34,8.07,19.66
martial-godo,M. Godo,Forward,RC Strasbourg Alsace,Ligue 1,23,,0,0.0,56.0,56.0,77.5,31,23,51.3,9.66,45.97,0,5,6,3,14,4,0,8,8.38,25.3
hermann-benny-diandaga-malonga,Hermann Malonga,Defender,RC Strasbourg Alsace,Ligue 1,18,,0,0.0,0.0,0.0,0.0,0,0,0.0,0.0,0.0,0,0,0,0,0,0,0,5,,
remi-stephane-himbert,Rémi Himbert,Forward,Olympique Lyonnais,Ligue 1,18,,0,0.0,40.0,40.0,25.0,10,3,9.7,0.09,40.0,0,0,2,0,4,4,0,26,2.13,13.02
mathieu-frank-patouillet,Mathieu Patouillet,Goalkeeper,Stade Brestois 29,Ligue 1,22,,0,0.0,70.0,70.0,5.0,2,2,15.0,10.2,60.0,0,1,1,0,0,0,0,18,3.73,16.01
quentin-ndjantou-mbitcha,Quentin Ndjantou,Forward,Paris Saint-Germain,Ligue 1,19,,0,0.0,46.0,57.0,10.0,4,2,4.5,2.8,53.75,0,0,3,0,0,1,0,36,5.91,12.27
kilian-belazzoug,Kilian Belazzoug,Goalkeeper,Stade Rennais F.C.,Ligue 1,20,,0,0.0,0.0,0.0,0.0,0,0,0.0,0.0,0.0,0,0,0,0,0,0,0,31,2.86,9.38
teddy-boulhendi,Teddy Boulhendi,Goalkeeper,OGC Nice,Ligue 1,25,,0,0.0,0.0,0.0,0.0,0,0,0.0,0.0,0.0,0,0,0,0,0,0,0,40,3.59,8.99
ibrahim-traore,Ibrahim Traoré,Forward,ESTAC Troyes,Ligue 1,20,,0,0.0,37.0,37.0,2.5,1,0,0.0,2.1,35.0,0,0,0,0,1,0,0,39,0.88,6.11
daniel-batz,Daniel Batz,Goalkeeper,Borussia Mönchengladbach,Bundesliga,35,98.0,1,18.0,52.0,52.0,67.5,27,27,60.8,9.69,42.59,0,2,8,3,11,2,1,13,2.74,12.57
michael-olise,Michael Olise,Midfielder,FC Bayern München,Bundesliga,24,86.0,4,72.2,75.0,73.0,92.5,37,28,66.7,21.57,55.0,4,15,9,3,6,0,0,3,230.96,1115.11
kofi-jeremy-amoako,Kofi Amoako,Midfielder,Hamburger SV,Bundesliga,21,84.0,1,17.8,47.0,44.0,67.5,27,25,59.7,7.74,36.11,0,1,2,4,18,6,1,8,2.83,2.92
alphonso-davies,Alphonso Davies,Defender,FC Bayern München,Bundesliga,25,82.0,4,70.4,65.0,56.0,67.5,27,11,27.6,12.18,44.63,2,3,6,5,7,4,0,13,45.35,163.92
jeremiaha-maluze,Jeremiaha Maluze,Defender,Eintracht Frankfurt,Bundesliga,21,80.0,2,45.0,80.0,80.0,5.0,2,2,45.0,32.06,47.5,0,1,1,0,0,0,0,2,11.63,31.39
bernardo-fernandes-da-silva-junior,Bernardo,Defender,TSG Hoffenheim,Bundesliga,31,79.0,1,10.6,51.0,52.0,65.0,26,23,57.6,14.45,37.5,0,3,8,6,6,6,2,9,5.44,13.59
andrej-ilic,Andrej Ilić,Forward,1. FC Union Berlin,Bundesliga,26,78.0,1,17.2,53.0,45.0,72.5,29,20,52.8,1.5,42.93,0,4,6,0,11,11,1,7,2.84,21.69
hasan-kurucay,Hasan Kuruçay,Defender,FC Schalke 04,Bundesliga,29,77.0,5,81.2,69.0,62.0,72.5,29,28,76.5,21.57,41.9,2,8,3,7,10,3,1,6,11.13,52.45
tom-zimmerschied,Tom Zimmerschied,Forward,SV 07 Elversberg,Bundesliga,28,73.0,1,17.6,58.0,53.0,70.0,28,28,71.4,9.14,44.29,0,3,9,2,18,2,0,6,3.84,7.59
enzo-leopold,Enzo Leopold,Midfielder,Borussia Mönchengladbach,Bundesliga,26,76.0,1,18.0,57.0,62.0,70.0,28,28,77.8,21.0,41.25,1,9,9,5,11,1,0,4,4.49,11.34
miguel-gutierrez-ortega,Miguel Gutiérrez,Defender,Bayer 04 Leverkusen,Bundesliga,25,76.0,4,70.6,60.0,51.0,80.0,32,20,48.1,12.03,38.75,2,2,3,5,15,5,0,8,22.51,114.07
aleksandar-pavlovic,Aleksandar Pavlović,Midfielder,FC Bayern München,Bundesliga,22,74.0,5,80.2,59.0,59.0,80.0,32,29,59.9,19.0,39.69,1,3,10,8,8,1,0,9,66.4,143.58
matthias-ginter,Matthias Ginter,Defender,Sport-Club Freiburg,Bundesliga,32,74.0,5,87.6,70.0,63.0,95.0,38,38,84.1,18.54,45.53,4,9,4,7,10,4,0,2,33.92,98.9
maximilian-mittelstadt,Maximilian Mittelstädt,Defender,VfB Stuttgart,Bundesliga,29,73.0,5,86.8,67.0,65.0,95.0,38,30,67.0,21.38,44.08,3,9,7,8,9,1,0,3,45.55,241.85
fabian-rieder,Fabian Rieder,Midfielder,FC Augsburg,Bundesliga,24,72.0,5,85.6,56.0,46.0,97.5,39,32,67.0,6.59,39.23,0,5,5,3,14,10,1,2,15.99,73.71
felix-kalu-nmecha,Felix Nmecha,Midfielder,Borussia Dortmund,Bundesliga,25,72.0,4,67.6,59.0,54.0,87.5,35,33,67.5,14.54,39.43,1,5,5,7,9,6,2,5,33.77,143.77
timo-becker,Timo Becker,Defender,FC Schalke 04,Bundesliga,29,72.0,5,84.4,69.0,54.0,60.0,24,22,55.6,15.49,38.54,2,1,8,4,10,7,0,8,8.85,35.2
ioannis-konstantelias,Giannis Konstantelias,Midfielder,Borussia Dortmund,Bundesliga,23,72.0,1,10.8,63.0,57.0,35.0,14,10,42.9,11.43,45.71,1,3,7,2,10,4,1,12,10.12,210.7
rocco-reitz,Rocco Reitz,Midfielder,RB Leipzig,Bundesliga,24,72.0,1,16.6,56.0,51.0,70.0,28,28,67.7,11.7,39.29,0,4,8,5,9,6,1,7,17.76,46.79
calvin-marc-brackelmann,Calvin Brackelmann,Defender,FC Augsburg,Bundesliga,27,71.0,5,84.0,62.0,55.0,62.5,25,24,61.7,13.89,40.4,1,6,7,2,9,4,1,10,10.91,41.01
marco-grull,Marco Grüll,Forward,SV Werder Bremen,Bundesliga,28,70.0,3,63.0,56.0,49.0,85.0,34,24,52.7,8.33,41.03,1,3,4,2,17,7,0,6,7.52,50.01
aleix-garcia-serrano,Aleix García,Midfielder,Bayer 04 Leverkusen,Bundesliga,29,70.0,5,90.0,73.0,66.0,95.0,38,37,79.8,23.29,42.5,2,10,9,11,6,0,0,2,75.65,305.1
carl-klaus,Carl Klaus,Goalkeeper,1. FC Union Berlin,Bundesliga,32,70.0,1,18.0,49.0,49.0,10.0,4,3,9.7,7.75,41.25,0,0,1,0,3,0,0,36,2.1,10.17
kaishu-sano,Kaishu Sano,Midfielder,1. FSV Mainz 05,Bundesliga,25,69.0,5,89.6,58.0,55.0,95.0,38,37,83.6,16.06,38.95,0,4,10,7,13,5,0,1,26.44,92.68
harry-kane,Harry Kane,Forward,FC Bayern München,Bundesliga,33,69.0,4,77.0,61.0,67.0,87.5,35,29,68.2,9.84,56.43,1,14,9,1,8,1,0,6,205.04,655.21
dayotchanculle-upamecano,Dayot Upamecano,Defender,FC Bayern München,Bundesliga,27,69.0,4,63.0,72.0,64.0,80.0,32,29,64.0,24.6,39.84,2,6,10,5,6,1,0,10,76.5,347.31
nikola-katic,Nikola Katić,Defender,FC Schalke 04,Bundesliga,29,69.0,5,90.0,59.0,55.0,82.5,33,32,72.5,15.6,39.7,2,5,2,4,13,6,0,8,5.94,19.63
waldemar-anton,Waldemar Anton,Defender,Borussia Dortmund,Bundesliga,30,69.0,5,90.0,60.0,58.0,82.5,33,31,68.0,19.45,39.09,2,4,9,9,7,2,1,6,36.25,110.2
florian-neuhaus,Florian Neuhaus,Midfielder,Borussia Mönchengladbach,Bundesliga,29,68.0,1,12.8,42.0,43.0,37.5,15,12,27.9,4.23,38.33,0,1,1,1,11,6,0,20,2.13,14.08
valentin-gendrey,Valentin Gendrey,Defender,TSG Hoffenheim,Bundesliga,26,67.0,0,4.2,44.0,44.0,22.5,9,0,2.1,0.72,43.33,0,0,3,0,2,4,0,31,3.91,12.09
derry-lionel-scherhant,Derry Scherhant,Forward,Sport-Club Freiburg,Bundesliga,23,66.0,5,74.0,54.0,45.0,90.0,36,16,40.9,3.84,40.69,1,1,5,0,20,8,0,5,13.56,59.44
maximilian-eggestein,Maximilian Eggestein,Midfielder,Sport-Club Freiburg,Bundesliga,29,66.0,5,90.0,54.0,48.0,97.5,39,39,86.8,9.99,38.33,0,2,6,6,20,4,1,1,10.95,54.22
serhou-guirassy,Serhou Guirassy,Forward,Borussia Dortmund,Bundesliga,30,65.0,5,86.2,61.0,51.0,100.0,40,33,69.8,3.34,47.63,0,3,16,0,12,8,1,0,47.02,236.67
igor-matanovic,Igor Matanović,Forward,Sport-Club Freiburg,Bundesliga,23,65.0,4,77.4,60.0,53.0,92.5,37,29,64.7,5.99,47.16,0,8,9,1,12,8,0,2,33.47,126.69
nico-schlotterbeck,Nico Schlotterbeck,Defender,Borussia Dortmund,Bundesliga,26,65.0,3,51.4,72.0,67.0,82.5,33,33,72.8,27.08,40.91,4,8,4,5,5,3,0,11,64.33,382.47
lukas-pinckert,Lukas Pinckert,Defender,SV 07 Elversberg,Bundesliga,26,65.0,5,90.0,54.0,50.0,67.5,27,26,73.6,11.69,37.96,0,3,8,4,11,4,4,6,4.08,17.34
manuel-neuer,Manuel Neuer,Goalkeeper,FC Bayern München,Bundesliga,40,65.0,4,72.0,53.0,44.0,62.5,25,25,54.0,7.2,36.8,0,2,5,0,10,5,3,15,90.74,359.71
oliver-burke,Oliver Burke,Forward,1. FC Union Berlin,Bundesliga,29,64.0,1,17.2,49.0,42.0,62.5,25,19,43.7,2.4,40.0,0,1,5,2,15,7,0,10,3.77,8.38
mark-flekken,Mark Flekken,Goalkeeper,Bayer 04 Leverkusen,Bundesliga,33,64.0,2,54.0,50.0,46.0,40.0,16,16,33.6,4.59,41.25,0,2,3,2,5,5,0,23,35.12,173.39
jonathan-tah,Jonathan Tah,Defender,FC Bayern München,Bundesliga,30,64.0,4,72.0,60.0,53.0,90.0,36,30,65.6,15.1,38.75,1,6,6,5,11,6,0,5,29.36,187.48
loris-karius,Loris Karius,Goalkeeper,FC Schalke 04,Bundesliga,33,63.0,5,90.0,57.0,56.0,70.0,28,28,78.8,9.18,46.61,0,5,11,4,11,3,0,6,21.46,115.43
junior-chikwubuike-adamu,Junior Adamu,Forward,FC Schalke 04,Bundesliga,25,63.0,2,27.6,43.0,40.0,40.0,16,13,20.0,0.28,39.69,0,0,3,0,6,6,0,25,4.54,6.02
jordy-makengo-basambundu,Jordy Makengo,Defender,Sport-Club Freiburg,Bundesliga,25,63.0,4,72.0,50.0,47.0,55.0,22,14,33.9,7.17,39.55,0,2,3,2,8,6,1,18,9.86,7.21
laurin-curda,Laurin Curda,Defender,SC Paderborn 07,Bundesliga,24,63.0,5,91.4,54.0,58.0,80.0,32,32,82.4,13.23,45.16,1,9,7,1,15,5,0,2,6.04,23.99
lilian-brassier,Lilian Brassier,Defender,Eintracht Frankfurt,Bundesliga,26,62.0,3,54.0,54.0,51.0,70.0,28,27,70.4,15.03,36.07,0,3,8,4,8,8,0,9,4.96,35.47
dominik-kohr,Dominik Kohr,Midfielder,1. FSV Mainz 05,Bundesliga,32,62.0,2,34.0,42.0,46.0,82.5,33,32,68.8,11.49,33.94,0,0,8,9,8,4,4,7,3.82,8.55
patrik-schick,Patrik Schick,Forward,Bayer 04 Leverkusen,Bundesliga,30,62.0,4,66.4,48.0,49.0,87.5,35,27,60.4,1.81,47.43,0,2,13,0,11,9,0,5,18.34,99.67
sven-michel,Sven Michel,Forward,SC Paderborn 07,Bundesliga,36,61.0,0,10.0,44.0,42.0,62.5,25,6,22.9,3.1,39.0,0,0,4,2,13,10,0,11,3.64,6.78
adil-aouchiche,Adil Aouchiche,Midfielder,FC Schalke 04,Bundesliga,24,61.0,5,82.0,56.0,52.0,87.5,35,32,64.5,12.14,40.29,0,5,7,6,16,2,0,4,4.71,42.58
noahkai-kai-daniel-banks,Noahkai Banks,Defender,FC Augsburg,Bundesliga,19,61.0,4,77.8,53.0,52.0,65.0,26,24,61.3,11.73,39.81,0,2,8,4,8,5,0,13,9.87,32.94
willi-orban,Willi Orbán,Defender,RB Leipzig,Bundesliga,33,61.0,5,90.0,59.0,62.0,97.5,39,39,87.2,24.58,37.56,1,7,11,11,6,1,2,1,26.52,119.46
mattes-hansen,Mattes Hansen,Defender,SC Paderborn 07,Bundesliga,22,61.0,5,88.2,59.0,50.0,75.0,30,23,58.6,16.15,34.5,1,3,4,6,13,6,2,5,3.01,21.33
edmond-faycal-tapsoba,Edmond Tapsoba,Defender,Bayer 04 Leverkusen,Bundesliga,27,61.0,5,90.0,53.0,55.0,85.0,34,33,74.3,17.5,37.79,1,4,6,9,9,3,1,7,18.36,76.72
jobe-bellingham,Jobe Bellingham,Midfielder,Borussia Dortmund,Bundesliga,21,61.0,3,62.6,53.0,50.0,95.0,38,27,61.2,12.85,37.37,0,3,5,9,18,3,0,2,20.66,71.81
amos-pieper,Amos Pieper,Defender,SV Werder Bremen,Bundesliga,28,61.0,5,78.8,52.0,56.0,57.5,23,23,54.5,19.02,37.39,0,5,6,5,7,2,0,15,7.29,35.7
sheraldo-becker,Sheraldo Becker,Forward,1. FSV Mainz 05,Bundesliga,31,61.0,5,72.6,59.0,48.0,70.0,28,17,38.1,4.45,43.21,0,2,6,1,10,9,0,12,7.96,63.87
philipp-lienhart,Philipp Lienhart,Defender,Sport-Club Freiburg,Bundesliga,30,60.0,4,85.8,51.0,47.0,62.5,25,17,39.1,11.65,35.2,0,1,3,7,6,5,1,17,7.92,34.34
chrislain-matsima,Chrislain Matsima,Defender,FC Augsburg,Bundesliga,24,60.0,5,84.2,51.0,54.0,45.0,18,17,43.8,13.09,40.56,0,3,6,0,10,4,0,17,6.15,42.54
joane-kouakou-gadou,Joane Gadou,Defender,Borussia Dortmund,Bundesliga,19,60.0,5,84.6,57.0,51.0,65.0,26,26,58.5,16.6,34.62,0,4,5,4,7,7,0,13,14.33,66.9
antonio-eromonsele-nordby-nusa,Antonio Nusa,Midfielder,RB Leipzig,Bundesliga,21,63.0,5,85.6,58.0,51.0,95.0,38,31,61.8,10.35,41.05,1,5,4,6,20,1,0,3,19.45,124.06
facundo-axel-medina,Facundo Medina,Defender,Bayer 04 Leverkusen,Bundesliga,27,59.0,4,74.2,56.0,52.0,72.5,29,25,55.4,13.23,38.79,0,3,8,5,8,2,1,13,9.68,37.4
julian-chabot,Jeff Chabot,Defender,VfB Stuttgart,Bundesliga,28,59.0,5,86.8,59.0,51.0,80.0,32,32,69.2,18.1,33.28,0,3,6,7,12,4,0,8,11.45,77.75
robin-gosens,Robin Gosens,Defender,FC Schalke 04,Bundesliga,32,59.0,4,63.8,51.0,50.0,67.5,27,23,46.4,10.8,38.7,0,1,7,4,11,4,0,13,8.41,33.83
phillip-tietz,Phillip Tietz,Forward,1. FSV Mainz 05,Bundesliga,29,59.0,5,88.8,53.0,45.0,82.5,33,27,63.7,1.66,43.03,0,2,7,0,16,10,0,5,12.4,35.37
joshua-kimmich,Joshua Kimmich,Midfielder,FC Bayern München,Bundesliga,31,59.0,4,75.0,67.0,68.0,92.5,37,33,75.3,27.82,41.49,4,8,12,4,7,0,0,5,178.81,814.64
gregor-kobel,Gregor Kobel,Goalkeeper,Borussia Dortmund,Bundesliga,28,59.0,5,90.0,63.0,53.0,97.5,39,39,89.2,8.09,44.62,0,4,13,0,17,5,0,1,79.3,365.41
christopher-nkunku,Christopher Nkunku,Forward,RB Leipzig,Bundesliga,28,59.0,3,61.8,56.0,49.0,90.0,36,19,41.9,4.94,43.61,0,1,11,1,15,8,0,4,32.15,134.09
andrija-maksimovic,Andrija Maksimović,Midfielder,RB Leipzig,Bundesliga,19,58.0,1,19.8,43.0,43.0,25.0,10,1,5.2,3.09,40.0,0,0,2,0,8,2,0,28,4.15,21.38
jonathan-burkardt,Jonathan Burkardt,Forward,Eintracht Frankfurt,Bundesliga,26,58.0,4,68.8,56.0,50.0,60.0,24,16,36.3,2.95,47.08,0,4,6,1,4,8,0,17,21.11,96.1
robin-koch,Robin Koch,Defender,Eintracht Frankfurt,Bundesliga,30,58.0,5,90.0,55.0,54.0,90.0,36,36,79.9,15.64,38.19,0,4,10,10,7,3,2,4,10.8,56.64
olivier-deman,Olivier Deman,Midfielder,SV Werder Bremen,Bundesliga,26,57.0,5,90.0,55.0,52.0,50.0,20,18,47.5,11.51,41.25,2,1,2,4,10,3,0,18,8.23,14.41
ivan-san-jose-cantalejo,Chuky,Midfielder,SV Werder Bremen,Bundesliga,22,57.0,4,70.6,49.0,48.0,85.0,34,25,58.6,3.93,43.53,0,4,7,0,13,10,0,6,6.06,47.1
yuito-suzuki,Yuito Suzuki,Midfielder,Sport-Club Freiburg,Bundesliga,24,57.0,5,77.4,47.0,47.0,77.5,31,26,53.0,5.43,41.94,0,3,4,2,14,8,0,9,10.21,78.46
joey-veerman,Joey Veerman,Midfielder,Borussia Dortmund,Bundesliga,27,57.0,4,68.0,50.0,65.0,90.0,36,31,68.6,21.89,43.89,3,11,3,5,11,2,0,5,14.2,62.4
castello-lukeba,Castello Lukeba,Defender,RB Leipzig,Bundesliga,23,57.0,3,50.6,55.0,57.0,62.5,25,23,59.1,19.15,38.0,1,3,9,6,6,5,0,10,7.39,53.59
philipp-treu,Philipp Treu,Defender,Sport-Club Freiburg,Bundesliga,25,57.0,4,70.4,45.0,44.0,90.0,36,34,75.0,6.99,37.36,0,3,4,4,12,8,4,5,7.4,42.26
ignacio-ezequiel-agustin-fernandez-carballo,Ignacio Fernández,Midfielder,Bayer 04 Leverkusen,Bundesliga,24,56.0,4,60.6,49.0,48.0,65.0,26,15,30.2,10.01,37.88,0,1,4,3,15,3,0,14,7.61,38.03
alexis-claude-maurice,Alexis Claude-Maurice,Midfielder,FC Augsburg,Bundesliga,28,56.0,0,19.6,51.0,49.0,75.0,30,24,61.6,6.13,43.17,0,3,7,3,14,7,0,6,3.62,16.98
maxime-esteve,Maxime Esteve,Defender,RB Leipzig,Bundesliga,24,56.0,2,39.4,46.0,45.0,80.0,32,31,70.8,11.08,34.06,0,2,2,9,17,2,2,6,5.95,22.77
tjark-lasse-scheller,Tjark Scheller,Defender,SC Paderborn 07,Bundesliga,24,56.0,5,96.0,50.0,50.0,85.0,34,33,86.7,14.1,36.32,0,5,7,4,13,7,2,2,3.08,10.17
anton-kade,Anton Kade,Midfielder,FC Augsburg,Bundesliga,22,56.0,2,36.0,53.0,45.0,70.0,28,19,53.2,3.58,41.25,0,2,5,1,12,10,1,9,8.67,26.07
david-ngabi-mokwa-ntusu,David Mokwa,Forward,SV 07 Elversberg,Bundesliga,22,56.0,5,76.8,48.0,45.0,52.5,21,18,46.1,1.36,43.81,0,0,7,0,8,6,0,19,4.66,34.23
fabio-daniel-soares-silva,Fábio Silva,Forward,Borussia Dortmund,Bundesliga,24,56.0,1,24.8,46.0,46.0,92.5,37,10,29.5,1.97,43.78,0,1,10,0,13,11,0,5,10.58,56.62
philipp-mwene,Phillipp Mwene,Defender,1. FSV Mainz 05,Bundesliga,32,56.0,4,86.8,58.0,45.0,77.5,31,26,55.5,4.13,41.29,2,3,3,1,7,9,4,11,2.38,17.89
niclas-fullkrug,Niclas Füllkrug,Forward,SV Werder Bremen,Bundesliga,33,56.0,4,61.2,46.0,41.0,65.0,26,7,24.5,2.47,38.08,0,1,3,0,14,7,1,14,13.87,56.44
leopold-querfeld,Leopold Querfeld,Defender,1. FC Union Berlin,Bundesliga,22,56.0,3,54.8,47.0,51.0,75.0,30,29,68.8,11.4,39.17,0,3,8,2,13,3,3,8,3.04,9.78
ibrahim-maza,Ibrahim Maza,Midfielder,Bayer 04 Leverkusen,Bundesliga,20,55.0,4,72.0,43.0,48.0,90.0,36,32,68.0,7.39,40.42,1,4,4,3,13,10,0,5,22.8,90.29
maarten-vandevoordt,Maarten Vandevoordt,Goalkeeper,RB Leipzig,Bundesliga,24,55.0,3,54.0,54.0,51.0,42.5,17,16,37.5,7.98,42.65,0,4,2,1,5,5,0,23,38.74,251.18
maximilian-beier,Maximilian Beier,Forward,Borussia Dortmund,Bundesliga,23,55.0,4,70.2,51.0,50.0,87.5,35,26,54.0,3.66,46.57,0,3,12,0,11,9,0,5,14.28,44.69
david-raum,David Raum,Defender,RB Leipzig,Bundesliga,28,54.0,4,90.0,48.0,59.0,85.0,34,32,67.6,20.24,40.44,3,7,8,3,7,4,1,7,34.01,288.0
loic-bade,Loïc Badé,Defender,Bayer 04 Leverkusen,Bundesliga,26,54.0,2,32.8,57.0,61.0,60.0,24,19,41.1,20.76,41.04,1,5,6,2,10,0,0,16,8.1,25.39
angelo-stiller,Angelo Stiller,Midfielder,VfB Stuttgart,Bundesliga,25,54.0,5,78.4,52.0,54.0,90.0,36,32,69.0,16.88,37.22,0,4,9,6,14,3,0,4,22.38,130.94
hugo-bolin,Hugo Bolin,Midfielder,Borussia Mönchengladbach,Bundesliga,23,58.0,5,75.2,50.0,45.0,57.5,23,15,51.2,5.33,39.78,0,2,3,3,18,5,0,9,5.37,40.28
daniel-svensson-2002-02-12,Daniel Svensson,Defender,Borussia Dortmund,Bundesliga,24,54.0,4,77.4,52.0,44.0,92.5,37,28,63.3,8.08,35.54,0,3,2,8,10,12,2,3,16.0,35.33
adam-daghim,Adam Daghim,Forward,TSG Hoffenheim,Bundesliga,21,54.0,2,41.4,56.0,47.0,82.5,33,18,45.9,5.6,41.82,0,4,6,2,14,6,0,8,13.13,68.04
christian-gunter,Christian Günter,Defender,Sport-Club Freiburg,Bundesliga,33,54.0,1,18.0,42.0,46.0,62.5,25,20,43.5,6.94,39.0,0,1,4,2,13,5,0,15,0.81,10.69
jamal-musiala,Jamal Musiala,Midfielder,FC Bayern München,Bundesliga,23,54.0,2,42.6,48.0,50.0,75.0,30,16,39.0,4.86,45.0,0,2,10,1,11,5,0,11,35.42,144.78
michael-gregoritsch,Michael Gregoritsch,Forward,FC Augsburg,Bundesliga,32,54.0,4,65.8,53.0,48.0,87.5,35,20,43.8,2.69,45.43,0,3,9,0,14,7,0,7,9.52,41.59
santiago-castaneda,Santiago Castañeda,Midfielder,SC Paderborn 07,Bundesliga,21,54.0,5,96.0,52.0,45.0,77.5,31,27,67.2,8.86,36.61,0,2,3,4,23,5,0,3,2.96,12.55
robin-zentner,Robin Zentner,Goalkeeper,1. FSV Mainz 05,Bundesliga,31,53.0,2,36.0,44.0,44.0,25.0,10,10,20.9,6.26,38.0,0,0,2,0,7,1,0,30,12.2,64.0
vladimir-coufal,Vladimír Coufal,Defender,TSG Hoffenheim,Bundesliga,34,53.0,4,85.8,53.0,53.0,100.0,40,40,89.2,12.33,41.25,2,4,10,6,8,7,2,1,8.68,62.55
ismael-saibari-ben-el-basra,Ismael Saibari,Midfielder,FC Bayern München,Bundesliga,25,54.0,2,40.6,54.0,58.0,80.0,32,28,58.2,9.49,48.28,1,4,10,4,7,5,0,9,25.17,138.33
linton-maina,Linton Maina,Midfielder,1. FC Köln,Bundesliga,27,55.0,3,58.2,50.0,45.0,67.5,27,12,36.3,5.81,38.7,0,1,4,1,20,4,0,10,5.08,20.19
maximilian-rohr,Maximilian Rohr,Defender,SV 07 Elversberg,Bundesliga,31,53.0,5,88.4,57.0,59.0,72.5,29,27,73.9,19.97,39.48,2,5,11,7,5,5,0,5,4.98,19.86
anthony-caci,Anthony Caci,Defender,1. FSV Mainz 05,Bundesliga,29,53.0,4,60.6,47.0,46.0,27.5,11,6,12.7,8.5,37.27,0,1,3,0,3,4,0,29,6.68,33.4
karl-jakob-hein,Karl Hein,Goalkeeper,SV Werder Bremen,Bundesliga,24,53.0,5,90.0,54.0,54.0,22.5,9,9,21.9,7.88,46.11,0,3,1,1,3,1,1,30,19.75,105.8
jan-niklas-beste,Jan-Niklas Beste,Midfielder,Sport-Club Freiburg,Bundesliga,27,53.0,4,54.4,49.0,50.0,90.0,36,28,57.2,9.21,40.42,0,3,6,6,15,6,0,4,5.89,57.84
stefan-posch,Stefan Posch,Defender,1. FSV Mainz 05,Bundesliga,29,53.0,4,71.6,39.0,48.0,90.0,36,29,67.9,10.39,37.36,1,3,3,8,9,10,1,5,3.88,26.44
noel-futkeu,Noel Futkeu,Forward,SV 07 Elversberg,Bundesliga,23,52.0,1,27.2,56.0,52.0,77.5,31,25,71.2,2.76,48.39,0,6,14,0,11,8,0,1,5.23,27.07
nicolas-capaldo,Nicolás Capaldo,Midfielder,Hamburger SV,Bundesliga,28,38.0,4,72.0,45.0,49.0,70.0,28,26,60.3,8.4,40.0,0,4,4,4,8,8,2,10,3.73,15.17
mitchell-weiser,Mitchell Weiser,Defender,SV Werder Bremen,Bundesliga,32,52.0,0,5.8,52.0,52.0,5.0,2,0,0.8,4.19,47.5,0,1,2,0,1,0,0,36,6.11,27.14
josip-juranovic,Josip Juranovic,Defender,1. FC Union Berlin,Bundesliga,31,52.0,3,55.8,51.0,50.0,32.5,13,6,16.9,6.58,43.46,0,2,2,1,5,4,0,26,3.47,17.79
maurice-krattenmacher,Maurice Krattenmacher,Midfielder,SV 07 Elversberg,Bundesliga,21,52.0,0,28.2,44.0,43.0,50.0,20,2,14.8,3.83,39.25,0,2,1,1,14,8,0,14,4.41,7.96
romulo-jose-cardoso-da-cruz,Rômulo,Forward,RB Leipzig,Bundesliga,24,52.0,1,16.6,43.0,47.0,70.0,28,25,56.5,1.3,44.82,0,2,11,0,9,10,0,8,5.89,33.66
fabio-christian-chiarodia,Fabio Chiarodia,Defender,Borussia Mönchengladbach,Bundesliga,21,52.0,1,18.0,42.0,42.0,30.0,12,6,16.3,6.68,35.0,0,1,1,2,6,6,0,24,2.28,12.4
tom-bischof,Tom Bischof,Midfielder,FC Bayern München,Bundesliga,21,51.0,1,24.8,63.0,51.0,75.0,30,15,35.1,11.82,39.0,0,4,3,2,18,2,0,11,18.52,54.5
nahuel-nicolas-noll,Nahuel Noll,Goalkeeper,SC Paderborn 07,Bundesliga,23,51.0,5,90.0,48.0,54.0,80.0,32,32,90.0,10.83,42.97,1,5,10,4,12,6,0,2,14.22,64.97
danny-vieira-da-costa,Danny da Costa,Defender,1. FSV Mainz 05,Bundesliga,33,51.0,1,39.4,44.0,48.0,95.0,38,31,71.2,8.85,39.08,0,3,9,4,10,10,2,2,3.71,13.32
leon-avdullahu,Leon Avdullahu,Midfielder,TSG Hoffenheim,Bundesliga,22,51.0,5,88.0,51.0,48.0,95.0,38,37,84.7,13.22,35.13,0,1,6,9,19,1,1,3,5.66,49.5
livan-baha-burcu,Livan Burcu,Forward,1. FC Union Berlin,Bundesliga,22,51.0,3,50.8,47.0,41.0,55.0,22,8,24.4,2.77,38.41,0,0,3,0,13,7,0,17,1.71,14.69
youri-regeer,Youri Regeer,Midfielder,SV Werder Bremen,Bundesliga,23,51.0,4,55.8,56.0,55.0,85.0,34,31,61.7,17.16,37.35,0,4,10,7,8,5,0,6,5.67,40.03
tim-skarke,Tim Skarke,Midfielder,1. FC Union Berlin,Bundesliga,30,51.0,0,26.8,45.0,41.0,57.5,23,4,19.5,1.93,39.35,0,0,4,0,12,12,0,12,2.94,8.41
tidiam-gomis,Tidiam Gomis,Forward,RB Leipzig,Bundesliga,20,51.0,2,51.8,43.0,40.0,57.5,23,4,17.5,1.57,38.7,0,0,3,0,14,7,0,16,7.32,40.12
lennart-karl,Lennart Karl,Midfielder,FC Bayern München,Bundesliga,18,51.0,1,27.6,54.0,54.0,72.5,29,21,39.4,7.57,46.03,0,4,8,1,9,5,0,13,18.6,77.59
ellyes-skhiri,Ellyes Skhiri,Midfielder,1. FC Köln,Bundesliga,31,51.0,3,68.0,44.0,43.0,87.5,35,24,58.9,7.35,36.0,0,1,3,4,21,4,2,5,4.89,15.05
nicolas-kristof,Nicolas Kristof,Goalkeeper,SV 07 Elversberg,Bundesliga,26,50.0,5,90.0,41.0,51.0,80.0,32,32,90.0,9.84,40.78,0,5,8,3,12,8,2,2,15.43,49.26
alexander-schwolow,Alexander Schwolow,Goalkeeper,1. FSV Mainz 05,Bundesliga,34,50.0,3,54.0,38.0,47.0,87.5,35,35,79.6,3.25,43.86,0,2,13,3,7,7,4,4,7.97,13.36
yannik-engelhardt,Yannik Engelhardt,Midfielder,Sport-Club Freiburg,Bundesliga,25,50.0,2,54.4,48.0,45.0,87.5,35,33,76.3,7.16,38.29,1,2,4,6,15,8,1,3,3.24,26.04
lukas-petkov,Lukas Petkov,Midfielder,SV 07 Elversberg,Bundesliga,25,48.0,5,88.6,55.0,52.0,82.5,33,32,81.9,6.41,46.21,1,3,9,2,12,10,0,3,3.81,28.36
adam-hlozek,Adam Hložek,Forward,TSG Hoffenheim,Bundesliga,24,50.0,5,76.4,44.0,41.0,35.0,14,8,16.5,1.64,39.29,0,0,2,0,7,5,0,26,8.33,28.36
patrick-wimmer,Patrick Wimmer,Midfielder,TSG Hoffenheim,Bundesliga,25,48.0,3,57.2,44.0,47.0,75.0,30,22,44.7,6.74,39.83,0,2,3,2,18,4,0,11,5.43,28.4
hennes-behrens,Hennes Behrens,Defender,FC Augsburg,Bundesliga,21,49.0,3,55.2,52.0,50.0,52.5,21,19,48.1,10.02,39.05,0,2,4,1,12,1,1,19,5.49,29.16
jano-ter-horst,Jano ter Horst,Defender,SC Paderborn 07,Bundesliga,24,46.0,5,88.4,50.0,50.0,75.0,30,30,83.3,10.44,39.33,0,4,7,5,10,10,0,4,2.37,17.81
soufian-el-faouzi,Soufian El-Faouzi,Midfielder,FC Schalke 04,Bundesliga,24,49.0,5,90.0,52.0,52.0,80.0,32,32,89.0,12.03,39.69,0,5,6,7,15,5,0,0,5.71,25.3
hee-chan-hwang,Hwang Hee-Chan,Forward,FC Schalke 04,Bundesliga,30,49.0,0,6.0,44.0,40.0,65.0,26,16,34.1,3.4,36.73,0,2,1,0,12,9,1,15,5.01,19.0
albian-hajdari,Albian Hajdari,Defender,TSG Hoffenheim,Bundesliga,23,49.0,2,72.0,51.0,52.0,95.0,38,36,78.5,11.82,40.0,0,5,7,6,8,8,1,5,7.33,21.28
malik-tillman,Malik Tillman,Midfielder,Bayer 04 Leverkusen,Bundesliga,24,49.0,3,41.6,57.0,49.0,92.5,37,21,50.1,8.58,40.81,0,2,9,3,16,6,1,3,11.35,49.96
franck-honorat,Franck Honorat,Midfielder,Borussia Mönchengladbach,Bundesliga,30,49.0,3,52.2,43.0,47.0,72.5,29,24,57.5,3.42,43.1,0,1,9,3,13,8,0,6,5.68,13.87
wouter-burger,Wouter Burger,Midfielder,TSG Hoffenheim,Bundesliga,25,49.0,5,87.8,46.0,52.0,80.0,32,32,76.2,11.59,40.47,0,6,4,2,17,7,0,4,10.5,41.3
cyriaque-kalou-bi-irie,Cyriaque Irié,Forward,Sport-Club Freiburg,Bundesliga,21,48.0,1,28.6,41.0,38.0,52.5,21,6,16.9,2.9,35.24,0,1,0,0,13,6,1,19,2.41,12.07
felix-keidel,Felix Keidel,Defender,SV 07 Elversberg,Bundesliga,23,48.0,4,68.6,39.0,44.0,55.0,22,14,41.5,5.57,38.41,1,0,5,4,8,10,1,10,6.02,13.5
jae-sung-lee,Jae-Sung Lee,Midfielder,1. FSV Mainz 05,Bundesliga,34,48.0,4,53.2,43.0,47.0,80.0,32,28,57.1,6.91,40.47,0,3,6,2,18,4,0,7,3.13,17.98
min-jae-kim,Minjae Kim ,Defender,FC Bayern München,Bundesliga,29,48.0,2,43.8,58.0,57.0,72.5,29,23,50.9,20.69,36.21,0,6,5,6,9,2,0,12,13.32,70.9
younes-ebnoutalib,Younes Ebnoutalib,Forward,Eintracht Frankfurt,Bundesliga,23,48.0,3,69.2,46.0,49.0,52.5,21,15,37.5,2.61,46.43,0,4,6,0,7,7,0,16,8.76,51.77
koki-machida,Koki Machida,Defender,TSG Hoffenheim,Bundesliga,29,48.0,1,31.2,48.0,48.0,7.5,3,1,4.5,12.55,35.0,0,0,1,0,3,1,0,35,4.3,13.13
tim-breithaupt,Tim Breithaupt,Midfielder,FC Augsburg,Bundesliga,24,48.0,1,18.0,43.0,45.0,35.0,14,12,30.5,7.79,36.79,0,0,1,1,15,1,0,22,3.13,7.56
felix-gotze,Felix Götze,Defender,SC Paderborn 07,Bundesliga,28,48.0,0,12.2,52.0,51.0,70.0,28,24,64.0,11.92,39.11,0,6,6,4,9,7,1,7,3.93,5.62
lukas-ullrich,Lukas Ullrich,Defender,Borussia Mönchengladbach,Bundesliga,22,48.0,4,65.0,39.0,36.0,55.0,22,13,36.1,-0.67,35.68,0,0,2,2,10,10,3,13,2.77,14.97
finn-dahmen,Finn Dahmen,Goalkeeper,FC Augsburg,Bundesliga,28,47.0,2,54.0,44.0,44.0,80.0,32,32,72.0,6.43,36.56,0,3,4,5,11,5,5,7,18.84,117.7
dariusz-piotr-stalmach,Dariusz Stalmach,Midfielder,SV Werder Bremen,Bundesliga,20,47.0,1,24.2,48.0,51.0,55.0,22,7,25.9,8.25,42.27,0,4,3,2,9,9,0,13,2.96,11.45
alessio-castro-montes,Alessio Castro-Montes,Defender,1. FC Köln,Bundesliga,29,47.0,5,76.0,45.0,49.0,42.5,17,11,28.1,8.69,40.29,0,2,2,0,12,5,0,19,3.65,11.31
jarell-quansah-2003-01-29,Jarell Quansah,Defender,Bayer 04 Leverkusen,Bundesliga,23,47.0,3,72.6,42.0,50.0,82.5,33,31,65.4,11.71,38.18,1,4,2,7,10,6,1,9,4.63,37.98
tom-rothe,Tom Rothe,Defender,1. FC Union Berlin,Bundesliga,21,47.0,5,90.0,40.0,39.0,55.0,22,11,33.0,0.62,37.73,0,0,4,2,6,13,2,13,1.11,27.06
kevin-diks,Kevin Diks,Defender,Borussia Mönchengladbach,Bundesliga,29,47.0,5,90.0,48.0,56.0,80.0,32,31,75.7,14.73,41.72,2,4,7,7,7,7,2,4,4.71,27.33
said-el-mala,Said El Mala,Midfielder,1. FC Köln,Bundesliga,20,51.0,3,50.2,51.0,50.0,80.0,32,22,58.4,2.06,47.03,0,1,16,0,12,7,0,4,9.57,89.77
laurin-ulrich,Laurin Ulrich,Midfielder,SC Paderborn 07,Bundesliga,21,47.0,4,63.2,53.0,48.0,77.5,31,31,80.4,10.16,38.23,0,0,7,5,23,2,0,3,1.81,7.66
marcel-sabitzer,Marcel Sabitzer,Midfielder,Borussia Dortmund,Bundesliga,32,47.0,1,29.4,49.0,49.0,75.0,30,23,50.7,8.7,40.67,0,1,4,3,18,3,0,11,7.02,29.03
raphael-obermair,Raphael Obermair,Midfielder,SC Paderborn 07,Bundesliga,30,47.0,4,66.6,48.0,52.0,65.0,26,26,66.2,9.36,42.5,0,4,5,7,15,1,0,8,1.68,16.53
konrad-laimer,Konrad Laimer,Midfielder,FC Bayern München,Bundesliga,29,47.0,3,49.0,47.0,52.0,72.5,29,23,51.2,7.88,43.45,0,5,6,2,15,1,0,11,12.29,50.73
satoshi-tanaka,Satoshi Tanaka,Midfielder,FC Schalke 04,Bundesliga,24,47.0,3,60.6,52.0,58.0,67.5,27,25,67.9,20.53,37.96,0,5,8,8,10,1,1,7,3.08,26.44
han-noah-massengo,Han-Noah Massengo,Midfielder,FC Augsburg,Bundesliga,25,47.0,4,70.4,43.0,44.0,82.5,33,29,70.6,6.99,37.27,0,2,3,6,19,9,0,1,4.33,17.1
lukas-kubler,Lukas Kübler,Defender,Sport-Club Freiburg,Bundesliga,34,47.0,1,22.4,48.0,46.0,62.5,25,16,35.2,7.52,39.4,1,2,2,3,10,7,0,15,1.95,14.01
ludovit-reis,Ludovit Reis,Midfielder,SV Werder Bremen,Bundesliga,26,47.0,4,64.6,41.0,44.0,12.5,5,4,8.7,9.22,35.0,0,0,0,1,3,1,0,35,3.5,11.62
luka-lochoshvili,Luka Lochoshvili,Defender,1. FC Köln,Bundesliga,28,47.0,5,89.0,55.0,55.0,87.5,35,35,87.4,14.08,41.14,0,6,10,5,9,7,1,2,5.36,19.18
josip-stanisic,Josip Stanišić,Defender,FC Bayern München,Bundesliga,26,47.0,3,59.0,53.0,55.0,85.0,34,28,61.5,15.2,40.15,2,5,4,6,11,5,0,7,12.52,59.32
lukasz-poreba,Łukasz Poręba,Midfielder,SV 07 Elversberg,Bundesliga,26,47.0,5,90.0,47.0,48.0,80.0,32,32,87.9,9.82,38.44,0,2,6,6,19,6,0,1,4.63,14.4
marius-wolf,Marius Wolf,Defender,FC Augsburg,Bundesliga,31,47.0,5,74.6,44.0,38.0,72.5,29,12,31.9,2.46,35.17,1,0,3,0,12,16,2,6,3.69,16.4
christian-michel-kofane,Christian Kofane,Forward,Bayer 04 Leverkusen,Bundesliga,20,46.0,1,30.6,43.0,43.0,85.0,34,16,42.0,1.37,41.91,0,0,10,0,14,10,0,6,8.76,31.31
nathaniel-brown,Nathaniel Brown,Defender,FC Bayern München,Bundesliga,23,46.0,3,49.2,48.0,51.0,92.5,37,34,74.0,9.99,40.41,0,4,6,7,14,6,0,3,20.2,209.25
marco-friedl,Marco Friedl,Defender,SV Werder Bremen,Bundesliga,28,46.0,2,56.2,41.0,48.0,80.0,32,28,61.2,12.19,35.78,0,2,5,4,14,6,0,9,2.22,15.29
robin-fellhauer,Robin Fellhauer,Midfielder,FC Augsburg,Bundesliga,28,46.0,5,78.8,47.0,45.0,85.0,34,33,83.7,5.27,39.71,0,1,6,6,18,7,0,2,5.24,14.01
chris-fuhrich,Chris Führich,Midfielder,VfB Stuttgart,Bundesliga,28,46.0,3,49.0,56.0,54.0,92.5,37,25,53.3,12.38,41.49,0,5,9,4,18,1,1,2,9.65,85.84
fabio-gruber,Fabio Gruber,Defender,1. FSV Mainz 05,Bundesliga,24,46.0,5,90.0,57.0,51.0,85.0,34,34,77.8,14.92,36.03,0,6,4,8,11,9,0,2,6.99,32.99
thijs-dallinga,Thijs Dallinga,Forward,1. FC Köln,Bundesliga,26,46.0,2,31.0,44.0,41.0,57.5,23,9,22.2,-0.31,40.87,0,1,4,0,6,12,0,17,2.09,11.87
albert-gronbaek-erlykke,Albert Grønbæk,Midfielder,Hamburger SV,Bundesliga,25,46.0,2,69.0,53.0,47.0,40.0,16,10,22.4,7.26,39.69,0,2,1,1,7,4,0,25,6.53,36.08
neil-el-aynaoi,Neil El Aynaoui,Midfielder,RB Leipzig,Bundesliga,25,46.0,4,69.0,46.0,48.0,80.0,32,22,54.3,11.18,37.03,0,2,2,6,14,7,0,9,6.06,40.41
tim-lemperle,Tim Lemperle,Forward,TSG Hoffenheim,Bundesliga,24,45.0,3,56.8,39.0,41.0,75.0,30,24,56.9,0.56,40.5,0,1,8,1,14,9,1,6,8.38,33.71
william-cole-campbell,Cole Campbell,Forward,SV 07 Elversberg,Bundesliga,20,41.0,4,57.2,39.0,39.0,22.5,9,4,8.6,0.74,37.78,0,0,1,0,4,4,0,31,3.87,13.75
fabio-daniel-ferreira-vieira,Fábio Vieira,Midfielder,Hamburger SV,Bundesliga,26,45.0,1,30.4,53.0,52.0,75.0,30,24,63.2,9.83,42.0,0,2,10,3,12,4,1,8,6.63,74.3
vincenzo-grifo,Vincenzo Grifo,Midfielder,Sport-Club Freiburg,Bundesliga,33,45.0,0,16.0,50.0,50.0,95.0,38,23,48.6,6.01,43.42,0,2,10,2,19,5,0,2,3.45,20.79
ragnar-ache,Ragnar Ache,Forward,1. FC Köln,Bundesliga,28,45.0,2,38.4,47.0,49.0,72.5,29,20,54.0,5.31,43.97,0,2,10,0,18,5,0,5,3.7,21.35
arthur-augusto-de-matos-soares,Arthur,Defender,SV Werder Bremen,Bundesliga,23,45.0,3,53.0,44.0,42.0,65.0,26,16,36.0,1.25,40.77,0,1,5,1,9,10,0,14,4.46,21.35
yussuf-yurary-poulsen,Yussuf Poulsen,Forward,Hamburger SV,Bundesliga,32,45.0,1,22.2,39.0,39.0,40.0,16,2,10.8,1.28,38.13,0,0,2,0,10,8,0,20,1.1,12.37
ermedin-demirovic,Ermedin Demirović,Forward,VfB Stuttgart,Bundesliga,28,45.0,4,64.4,44.0,46.0,95.0,38,25,58.2,1.43,44.61,0,3,10,0,11,14,0,2,7.6,30.52
jonas-hofmann-1992-07-14,Jonas Hofmann,Midfielder,Bayer 04 Leverkusen,Bundesliga,34,44.0,0,5.0,41.0,44.0,52.5,21,10,23.8,5.71,38.57,0,2,1,1,12,5,0,19,2.51,8.12
noah-atubolu,Noah Atubolu,Goalkeeper,Eintracht Frankfurt,Bundesliga,24,44.0,4,72.0,43.0,48.0,95.0,38,38,85.5,8.4,39.21,0,2,5,3,21,4,2,3,28.13,204.46
isak-bergmann-johannesson,Ísak Bergmann Jóhannesson,Midfielder,1. FC Köln,Bundesliga,23,44.0,3,60.6,42.0,44.0,92.5,37,26,56.1,5.69,38.38,0,2,4,5,17,8,0,4,3.26,12.98
marvin-schwabe,Marvin Schwäbe,Goalkeeper,1. FC Köln,Bundesliga,31,44.0,5,90.0,42.0,45.0,85.0,34,34,90.0,6.61,38.09,0,2,7,4,17,8,2,0,8.68,43.77
ridle-bote-baku,Ridle Baku,Midfielder,RB Leipzig,Bundesliga,28,44.0,3,70.2,48.0,52.0,90.0,36,28,67.5,12.67,39.44,0,7,5,5,13,6,1,3,6.86,71.97
brajan-gruda,Brajan Gruda,Forward,RB Leipzig,Bundesliga,22,41.0,3,41.8,39.0,41.0,72.5,29,18,41.3,4.23,37.93,1,1,2,2,12,13,1,8,4.42,62.3
ozan-muhammed-kabak,Ozan Kabak,Defender,TSG Hoffenheim,Bundesliga,26,44.0,4,72.0,44.0,47.0,85.0,34,26,63.5,8.26,38.68,0,3,5,5,12,5,4,6,6.2,39.53
nicolas-gerrit-kuhn,Nicolas Kühn,Forward,Borussia Mönchengladbach,Bundesliga,26,44.0,0,4.2,43.0,41.0,50.0,20,4,13.0,3.03,37.5,0,0,2,1,15,3,0,19,3.88,23.9
kenan-karaman,Kenan Karaman,Forward,FC Schalke 04,Bundesliga,32,44.0,3,53.2,52.0,53.0,75.0,30,29,78.2,6.27,46.33,0,5,10,1,17,4,0,3,4.08,29.01
ezechiel-banzuzi,Ezechiel Banzuzi,Midfielder,RB Leipzig,Bundesliga,21,44.0,4,72.0,41.0,39.0,62.5,25,5,21.7,2.57,36.0,0,0,2,0,22,5,0,11,6.49,16.39
bambase-conte,Bambasé Conté,Midfielder,TSG Hoffenheim,Bundesliga,23,44.0,3,51.4,49.0,55.0,60.0,24,19,49.1,12.73,43.54,1,4,5,3,13,3,0,11,6.34,30.92
finn-jeltsch,Finn Jeltsch,Defender,VfB Stuttgart,Bundesliga,20,44.0,4,86.2,41.0,44.0,80.0,32,26,56.9,7.56,36.72,0,3,1,5,13,9,1,8,4.41,33.26
joseph-scally,Joe Scally,Defender,Borussia Mönchengladbach,Bundesliga,23,43.0,3,51.4,42.0,41.0,90.0,36,31,64.2,3.25,36.94,0,3,8,3,7,10,5,4,1.84,13.75
albert-mboyo-sambi-lokonga,Albert Sambi Lokonga,Midfielder,Hamburger SV,Bundesliga,26,43.0,4,69.4,44.0,46.0,70.0,28,23,57.4,7.55,38.75,0,2,3,2,18,3,1,11,3.57,12.27
nicolas-seiwald,Nicolas Seiwald,Midfielder,RB Leipzig,Bundesliga,25,43.0,3,49.2,49.0,51.0,95.0,38,36,75.0,13.6,37.63,0,2,6,11,14,4,0,3,5.75,45.78
emmanuel-latte-lath,Emmanuel Latte Lath,Forward,1. FC Union Berlin,Bundesliga,27,43.0,4,49.0,42.0,41.0,55.0,22,16,53.0,1.38,39.55,0,0,7,0,14,10,0,9,0.91,9.74
jonas-urbig,Jonas Urbig,Goalkeeper,FC Bayern München,Bundesliga,23,43.0,1,18.0,53.0,53.0,42.5,17,14,34.5,12.83,39.71,0,3,2,3,7,1,1,23,36.12,154.47
moritz-nicolas,Moritz Nicolas,Goalkeeper,Borussia Mönchengladbach,Bundesliga,28,43.0,5,90.0,53.0,52.0,85.0,34,34,90.0,8.47,43.97,0,6,10,5,7,8,2,2,14.5,85.3
deniz-undav,Deniz Undav,Forward,VfB Stuttgart,Bundesliga,30,43.0,4,64.6,49.0,57.0,95.0,38,31,68.7,5.33,51.71,0,8,14,0,8,9,0,1,26.18,119.1
ritsu-doan,Ritsu Dōan,Midfielder,Eintracht Frankfurt,Bundesliga,28,43.0,4,60.8,45.0,44.0,87.5,35,31,63.2,3.68,40.0,0,1,6,2,18,8,0,5,5.75,38.85
luis-fernando-diaz-marulanda,Luis Díaz,Forward,FC Bayern München,Bundesliga,29,43.0,4,69.6,46.0,58.0,97.5,39,34,75.2,11.79,47.56,2,11,4,3,14,2,1,3,44.4,294.82
ransford-konigsdorffer,Ransford-Yeboah Königsdörffer,Forward,1. FSV Mainz 05,Bundesliga,25,43.0,0,20.6,43.0,41.0,85.0,34,26,59.9,1.68,38.97,0,2,4,0,21,11,0,2,4.47,8.69
isac-lidberg,Isac Lidberg,Forward,Borussia Mönchengladbach,Bundesliga,28,43.0,2,48.4,51.0,49.0,75.0,30,26,66.7,2.08,46.67,0,1,16,0,10,7,0,6,5.7,15.02
niklas-mohr-2004-07-23,Niklas Mohr,Midfielder,SC Paderborn 07,Bundesliga,22,43.0,0,9.4,40.0,40.0,10.0,4,0,1.9,5.13,35.0,0,0,0,1,2,1,0,32,2.7,11.4
steffen-tigges,Steffen Tigges,Forward,SC Paderborn 07,Bundesliga,28,43.0,0,37.2,37.0,45.0,82.5,33,11,45.7,4.05,40.61,0,2,5,1,19,9,1,3,2.9,7.94
woo-yeong-jeong,Wooyeong Jeong,Midfielder,1. FC Union Berlin,Bundesliga,27,43.0,2,46.0,41.0,41.0,72.5,29,15,39.6,1.39,39.31,0,0,5,2,11,14,0,8,1.82,9.7
shuto-machino,Shuto Machino,Forward,Borussia Mönchengladbach,Bundesliga,27,43.0,0,12.6,40.0,40.0,80.0,32,7,22.7,1.51,38.91,0,0,5,1,14,13,0,7,2.74,15.27
carney-chukwuemeka,Carney Chukwuemeka,Midfielder,Borussia Dortmund,Bundesliga,22,42.0,0,14.6,37.0,40.0,80.0,32,4,20.3,1.53,38.13,0,0,3,1,16,11,0,9,3.87,19.83
moussa-diaby,Moussa Diaby,Forward,Bayer 04 Leverkusen,Bundesliga,27,42.0,4,72.8,56.0,58.0,30.0,12,11,75.4,13.02,45.0,0,7,5,0,18,7,0,3,18.48,88.96
zakaria-el-ouahdi,Zakaria El Ouahdi,Midfielder,Hamburger SV,Bundesliga,24,42.0,5,86.2,45.0,59.0,80.0,32,31,66.2,15.86,42.66,1,9,7,5,3,7,1,7,3.79,21.87
andras-schafer,András Schäfer,Midfielder,1. FC Union Berlin,Bundesliga,27,42.0,3,63.6,52.0,45.0,90.0,36,23,52.5,6.92,38.19,0,1,4,3,21,7,0,4,4.02,11.99
otto-ruoppi,Otto Ruoppi,Midfielder,1. FSV Mainz 05,Bundesliga,20,42.0,1,23.8,42.0,42.0,27.5,11,8,62.4,4.72,37.27,0,0,2,0,9,2,0,11,3.28,5.29
josha-mamadou-karaboue-vagnomann,Josha Vagnoman,Defender,VfB Stuttgart,Bundesliga,25,42.0,3,57.8,38.0,42.0,75.0,30,19,43.6,2.0,39.83,0,1,5,1,12,11,1,9,6.92,27.7
mario-gotze,Mario Götze,Midfielder,Eintracht Frankfurt,Bundesliga,34,42.0,2,32.2,40.0,39.0,72.5,29,14,33.8,2.2,36.72,0,0,2,2,16,9,0,11,3.0,20.38
eliesse-ben-seghir,Eliesse Ben Seghir,Forward,Bayer 04 Leverkusen,Bundesliga,21,42.0,0,2.0,40.0,40.0,22.5,9,0,3.5,5.19,35.0,0,0,0,1,7,0,0,32,5.13,14.9
eric-junior-dina-ebimbe,Junior Dina Ebimbe,Midfielder,FC Schalke 04,Bundesliga,25,42.0,2,50.4,47.0,40.0,80.0,32,17,38.7,0.57,38.44,0,0,5,1,16,12,0,6,3.97,10.39
eren-sami-dinkci,Eren Dinkçi,Midfielder,SV Werder Bremen,Bundesliga,24,41.0,4,59.2,46.0,43.0,57.5,23,16,36.4,2.44,40.87,0,1,4,0,14,4,0,17,4.15,19.95
mats-rots,Mats Rots,Defender,TSG Hoffenheim,Bundesliga,20,41.0,4,54.8,49.0,54.0,82.5,33,32,82.8,10.57,42.73,0,6,7,6,13,6,2,0,3.56,30.23
grischa-promel,Grischa Prömel,Midfielder,VfB Stuttgart,Bundesliga,31,41.0,5,88.8,38.0,46.0,85.0,34,21,60.6,4.45,41.47,0,2,7,3,18,8,0,2,6.05,16.52
forzan-assan-ouedraogo,Assan Ouédraogo,Midfielder,RB Leipzig,Bundesliga,20,41.0,1,13.0,39.0,51.0,42.5,17,12,22.6,7.31,44.41,1,1,4,0,9,2,0,23,9.95,27.34
jonah-benedict-sticker,Jonah Sticker,Defender,SC Paderborn 07,Bundesliga,22,49.0,0,10.0,44.0,41.0,65.0,26,8,27.9,6.05,35.19,0,1,2,0,15,8,0,10,3.34,10.52
felix-uduokhai,Felix Uduokhai,Defender,1. FC Union Berlin,Bundesliga,29,41.0,3,54.0,54.0,53.0,32.5,13,10,23.6,13.68,38.85,0,2,3,2,3,3,0,27,5.45,14.43
mikey-moore,Mikey Moore,Forward,1. FC Köln,Bundesliga,19,41.0,3,59.8,47.0,48.0,90.0,36,27,60.5,7.44,40.83,0,2,6,3,21,4,0,4,6.05,48.62
elias-niklas-baum,Elias Baum,Defender,Eintracht Frankfurt,Bundesliga,20,41.0,4,61.4,37.0,37.0,22.5,9,4,9.4,1.24,35.56,0,0,2,0,2,4,1,31,5.05,24.3
ethan-chidiebere-nwaneri,Ethan Nwaneri,Midfielder,Borussia Dortmund,Bundesliga,19,41.0,2,48.0,42.0,43.0,40.0,16,6,16.2,2.92,39.69,0,0,3,1,8,5,0,23,13.15,73.83
lasse-gunther,Lasse Günther,Defender,SV 07 Elversberg,Bundesliga,23,41.0,5,82.0,47.0,49.0,65.0,26,20,50.6,7.61,41.15,1,3,5,2,13,8,1,7,1.28,12.66
francis-ikechukwu-onyeka,Francis-Ikechukwu Onyeka,Midfielder,SV 07 Elversberg,Bundesliga,19,41.0,4,39.8,37.0,42.0,77.5,31,26,65.7,-0.59,42.1,0,1,7,0,11,15,0,6,5.36,23.24
rael-tshimbela-nakuzola,Rael-Tshimbela Nakuzola,Defender,1. FSV Mainz 05,Bundesliga,19,41.0,0,4.5,41.0,41.0,5.0,2,0,4.5,6.44,35.0,0,0,0,0,2,0,0,2,,
stefano-marino,Stefano Marino,Forward,SC Paderborn 07,Bundesliga,22,41.0,4,57.0,46.0,43.0,72.5,29,19,44.5,1.67,41.38,0,1,7,0,10,15,0,7,3.62,12.81
afonso-bastardo-moreira,Afonso Moreira,Forward,Bayer 04 Leverkusen,Bundesliga,21,41.0,4,73.8,56.0,57.0,82.5,33,25,59.1,11.98,45.3,1,5,7,5,14,1,0,7,13.32,151.93
can-yilmaz-uzun,Can Uzun,Forward,Eintracht Frankfurt,Bundesliga,20,41.0,5,73.0,40.0,45.0,57.5,23,14,29.1,4.07,41.09,0,3,3,0,11,5,1,17,16.03,95.93
max-moerstedt,Max Moerstedt,Forward,TSG Hoffenheim,Bundesliga,20,41.0,1,21.0,37.0,39.0,57.5,23,2,13.3,0.24,38.26,0,0,3,0,15,7,0,15,2.1,10.4
gabriel-vidovic,Gabriel Vidović,Forward,SC Paderborn 07,Bundesliga,22,41.0,4,64.0,48.0,51.0,80.0,32,19,40.7,8.31,43.13,0,2,9,2,15,3,0,9,1.49,19.38
fabian-bredlow,Fabian Bredlow,Goalkeeper,VfB Stuttgart,Bundesliga,31,41.0,5,90.0,37.0,37.0,15.0,6,6,13.5,5.67,31.67,0,0,0,0,3,2,1,34,6.32,41.1
bilal-el-khannous,Bilal El Khannous,Midfielder,VfB Stuttgart,Bundesliga,22,40.0,3,54.8,42.0,48.0,87.5,35,24,50.5,9.32,39.14,0,3,6,3,14,6,1,7,10.83,61.32
yanik-noah-spalt,Yanik Spalt,Defender,VfB Stuttgart,Bundesliga,19,40.0,0,11.2,37.0,37.0,7.5,3,0,2.5,2.37,35.0,0,0,0,0,2,1,0,23,,
robin-hranac,Robin Hranáč,Defender,TSG Hoffenheim,Bundesliga,26,40.0,1,20.2,36.0,42.0,80.0,32,27,62.0,5.53,36.72,0,1,4,4,11,10,1,9,3.31,8.53
alexander-schlager,Alexander Schlager,Goalkeeper,SV Werder Bremen,Bundesliga,30,40.0,1,18.0,38.0,41.0,80.0,32,32,70.9,3.94,37.34,0,0,4,2,20,6,0,8,3.38,32.25
sebastiaan-bornauw,Sebastiaan Bornauw,Defender,Hamburger SV,Bundesliga,27,40.0,2,36.2,38.0,38.0,35.0,14,7,16.5,0.16,36.79,0,0,1,1,7,5,0,26,4.25,9.17
manuel-pherai,Immanuel Pherai,Midfielder,Hamburger SV,Bundesliga,25,40.0,0,3.6,40.0,37.0,47.5,19,11,26.5,-0.44,37.11,0,1,1,1,5,12,1,19,3.79,9.42
justin-gideon-njinmah,Justin Njinmah,Forward,SV Werder Bremen,Bundesliga,25,40.0,2,30.2,44.0,43.0,75.0,30,20,52.5,5.2,37.5,0,1,4,1,26,4,0,4,3.12,4.43
keisuke-goto,Keisuke Goto,Forward,Sport-Club Freiburg,Bundesliga,21,40.0,0,12.0,42.0,49.0,90.0,36,28,62.3,3.53,45.56,0,2,12,0,16,7,0,3,3.77,19.34
konstantinos-karetsas,Konstantinos Karetsas,Midfielder,Borussia Dortmund,Bundesliga,18,40.0,3,43.8,43.0,53.0,82.5,33,27,55.6,9.42,43.79,0,4,7,2,14,5,0,8,32.98,188.39
jeffrey-gouweleeuw,Jeffrey Gouweleeuw,Defender,FC Augsburg,Bundesliga,35,40.0,1,20.8,43.0,43.0,25.0,10,6,15.5,5.99,37.5,0,0,2,2,8,4,0,24,3.08,12.13
warmed-omari,Warmed Omari,Defender,Hamburger SV,Bundesliga,26,40.0,2,36.8,45.0,45.0,45.0,18,14,39.8,10.18,34.44,0,1,5,2,7,4,3,18,1.61,9.76
noel-aseko-nkili,Noël Aséko Nkili,Midfielder,Eintracht Frankfurt,Bundesliga,20,40.0,2,20.8,41.0,44.0,70.0,28,27,64.2,6.58,37.68,0,2,3,2,21,6,1,5,3.39,20.85
jan-gyamerah,Jan Gyamerah,Defender,SV 07 Elversberg,Bundesliga,31,40.0,5,78.6,44.0,50.0,70.0,28,25,62.6,12.73,37.68,0,3,10,2,10,6,1,8,3.56,11.94
rodrigo-duarte-ribeiro,Rodrigo Ribeiro,Forward,FC Augsburg,Bundesliga,21,40.0,0,20.4,38.0,39.0,47.5,19,6,19.0,0.17,38.95,0,0,3,0,7,9,0,21,2.23,15.52
mert-ayhan,Mertcan Ayhan,Defender,FC Schalke 04,Bundesliga,20,40.0,1,20.2,41.0,43.0,67.5,27,20,61.4,7.45,35.19,0,1,5,2,10,9,2,11,2.38,11.93
robert-andrich,Robert Andrich,Midfielder,Bayer 04 Leverkusen,Bundesliga,32,40.0,1,25.4,42.0,45.0,87.5,35,32,72.0,10.37,34.86,0,1,4,3,22,5,0,5,4.68,10.23
nadiem-amiri,Nadiem Amiri,Midfielder,1. FSV Mainz 05,Bundesliga,29,40.0,4,68.8,51.0,60.0,62.5,25,20,44.0,13.45,46.0,0,6,7,3,5,4,0,15,28.3,239.49
frederik-ronnow,Frederik Rønnow,Goalkeeper,1. FC Union Berlin,Bundesliga,34,40.0,3,54.0,37.0,40.0,72.5,29,29,70.9,2.98,37.24,0,1,5,0,11,14,2,7,8.14,45.44
oskar-wojcik,Oskar Wójcik,Defender,SV Werder Bremen,Bundesliga,23,40.0,0,2.8,40.0,40.0,2.5,1,0,2.8,4.86,35.0,0,0,0,0,1,0,0,3,4.54,11.64
mio-backhaus,Mio Backhaus,Goalkeeper,Sport-Club Freiburg,Bundesliga,22,40.0,5,90.0,43.0,46.0,85.0,34,34,85.0,9.09,37.06,0,3,7,4,14,7,3,2,31.98,190.47
oliver-baumann,Oliver Baumann,Goalkeeper,TSG Hoffenheim,Bundesliga,36,39.0,5,90.0,39.0,45.0,87.5,35,35,78.8,5.93,39.0,0,2,8,1,16,8,1,4,14.92,133.64
robin-hack,Robin Hack,Midfielder,Borussia Mönchengladbach,Bundesliga,28,39.0,2,36.2,37.0,37.0,22.5,9,2,6.9,-0.74,37.78,0,0,1,2,5,6,0,26,3.61,13.73
noah-yanis-darvich,Noah Darvich,Midfielder,SV 07 Elversberg,Bundesliga,20,39.0,1,29.8,39.0,39.0,7.5,3,1,3.7,-7.43,43.33,0,0,1,0,0,2,0,37,4.96,20.1
nnamdi-collins,Nnamdi Collins,Defender,Eintracht Frankfurt,Bundesliga,22,39.0,0,5.8,55.0,49.0,60.0,24,15,36.6,10.38,38.33,0,5,3,0,9,6,1,16,5.52,21.54
rayan-philippe,Rayan Philippe,Forward,SC Paderborn 07,Bundesliga,25,39.0,2,26.8,37.0,39.0,70.0,28,13,35.2,1.84,37.32,0,1,3,0,19,11,0,6,3.37,10.43
ruben-muller,Ruben Müller,Defender,SC Paderborn 07,Bundesliga,21,39.0,1,14.8,34.0,41.0,55.0,22,15,34.8,3.69,37.27,0,1,2,1,10,10,0,16,1.65,11.26
martin-terrier,Martin Terrier,Forward,Bayer 04 Leverkusen,Bundesliga,29,39.0,1,15.0,43.0,43.0,55.0,22,10,22.3,4.26,38.86,0,1,2,0,14,5,0,18,4.03,15.65
christopher-trimmel,Christopher Trimmel,Defender,1. FC Union Berlin,Bundesliga,39,39.0,2,30.4,47.0,47.0,67.5,27,19,48.4,8.1,38.7,0,1,8,4,9,10,1,7,1.44,6.36
janik-haberer,Janik Haberer,Midfielder,1. FC Union Berlin,Bundesliga,32,39.0,1,21.4,37.0,38.0,70.0,28,17,42.7,1.64,35.89,0,0,1,2,22,8,1,6,1.57,5.18
eric-martel,Eric Martel,Midfielder,1. FSV Mainz 05,Bundesliga,24,39.0,1,23.0,44.0,46.0,70.0,28,26,66.5,8.56,36.96,0,2,4,5,16,6,1,6,3.8,8.19
ramy-bensebaini,Ramy Bensebaini,Defender,Borussia Dortmund,Bundesliga,31,39.0,0,4.2,59.0,57.0,62.5,25,19,47.1,17.03,40.8,2,3,10,2,4,4,1,14,7.8,32.1
philipp-sander,Philipp Sander,Midfielder,Borussia Mönchengladbach,Bundesliga,28,39.0,5,89.2,42.0,48.0,77.5,31,30,75.9,13.02,34.68,0,1,5,8,19,2,1,4,2.06,14.33
jamie-leweling,Jamie Leweling,Forward,VfB Stuttgart,Bundesliga,25,39.0,1,29.0,46.0,52.0,87.5,35,24,54.6,8.77,43.29,1,3,7,2,20,2,0,5,6.63,28.79
borna-sosa,Borna Sosa,Defender,1. FC Köln,Bundesliga,28,39.0,0,5.2,40.0,40.0,25.0,10,3,9.2,2.46,37.5,0,1,0,0,5,3,1,30,2.46,12.03
look-saa-nicholas-k-mickelson,Nicholas Mickelson,Defender,SV 07 Elversberg,Bundesliga,27,39.0,0,8.0,38.0,42.0,60.0,24,9,29.6,4.13,38.13,0,0,3,2,15,7,0,13,2.54,6.96
lucas-vazquez-iglesias,Lucas Vázquez,Forward,Bayer 04 Leverkusen,Bundesliga,35,38.0,2,25.6,40.0,45.0,42.5,17,9,16.2,5.25,39.41,0,0,3,2,9,2,1,23,2.95,6.32
ayoube-amaimouni-echghouyab,Ayoube Amaimouni-Echghouyab,Forward,Eintracht Frankfurt,Bundesliga,21,38.0,1,20.8,38.0,43.0,62.5,25,7,23.4,2.88,40.0,0,0,5,0,13,5,0,8,4.54,9.52
fisnik-asllani,Fisnik Asllani,Forward,TSG Hoffenheim,Bundesliga,24,38.0,0,9.0,44.0,51.0,92.5,37,30,57.8,5.25,45.41,0,1,13,0,20,2,0,4,7.8,50.82
nicolai-remberg,Nicolai Remberg,Midfielder,Hamburger SV,Bundesliga,26,38.0,5,90.0,44.0,47.0,80.0,32,32,84.7,11.22,36.09,0,1,6,5,19,5,1,3,2.04,11.82
benjamin-henrichs,Benjamin Henrichs,Defender,RB Leipzig,Bundesliga,29,38.0,1,19.8,34.0,37.0,52.5,21,4,11.4,0.42,36.19,0,0,1,0,12,7,1,19,1.31,16.81
marius-bulter,Marius Bülter,Forward,1. FC Köln,Bundesliga,33,38.0,2,39.2,46.0,44.0,80.0,32,15,41.3,3.16,40.47,0,1,9,0,23,5,0,2,1.96,7.12
keita-kosugi,Keita Kosugi,Defender,Eintracht Frankfurt,Bundesliga,20,38.0,4,72.0,38.0,38.0,10.0,4,4,14.4,2.59,35.0,1,1,1,4,4,4,0,25,1.63,8.73
fares-chaibi,Fares Chaïbi,Midfielder,Eintracht Frankfurt,Bundesliga,23,38.0,2,40.2,43.0,45.0,82.5,33,23,50.7,6.04,39.09,0,3,3,2,16,9,0,7,3.11,12.63
edin-dzeko,Edin Džeko,Forward,FC Schalke 04,Bundesliga,40,38.0,1,27.4,38.0,49.0,60.0,24,16,35.3,6.4,42.5,1,2,3,0,12,5,0,17,2.11,9.44
jan-thielmann,Jan Thielmann,Midfielder,1. FC Köln,Bundesliga,24,39.0,2,29.0,41.0,42.0,60.0,24,18,41.9,5.63,36.04,0,1,3,2,16,6,0,12,2.04,7.79
daniel-heuer-fernandes,Daniel Heuer Fernandes,Goalkeeper,Hamburger SV,Bundesliga,33,38.0,4,72.0,41.0,45.0,82.5,33,33,87.3,5.87,39.24,0,5,3,4,18,8,1,1,12.47,68.82
moussa-n-diaye,Moussa N'Diaye,Defender,SV Werder Bremen,Bundesliga,24,38.0,0,4.0,57.0,51.0,82.5,33,23,55.5,15.19,35.3,0,3,7,5,10,4,2,9,3.16,11.61
kaua-prates-de-almeida,Kauã Prates,Defender,Borussia Dortmund,Bundesliga,18,38.0,0,2.8,38.0,38.0,17.5,7,2,4.8,2.6,35.0,0,0,0,0,3,4,0,33,2.48,17.63
young-woo-seol,Seol Young-Woo,Defender,FC Augsburg,Bundesliga,27,38.0,0,9.6,39.0,48.0,50.0,20,16,69.2,10.69,37.5,0,3,9,5,9,5,0,9,2.51,14.93
wael-mohya,Wael Mohya,Midfielder,Borussia Mönchengladbach,Bundesliga,17,38.0,3,49.8,39.0,40.0,47.5,19,8,21.5,0.67,38.95,0,0,3,0,7,9,0,19,4.05,18.23
paul-nebel,Paul Nebel,Midfielder,1. FSV Mainz 05,Bundesliga,23,38.0,1,18.0,51.0,45.0,85.0,34,26,57.7,5.4,39.85,0,4,3,3,16,7,1,6,7.31,25.51
amara-conde,Amara Condé,Midfielder,SV 07 Elversberg,Bundesliga,29,37.0,1,21.8,43.0,42.0,67.5,27,19,52.0,4.83,36.85,0,2,0,1,21,10,0,6,2.3,4.72
tom-krauss,Tom Krauß,Midfielder,1. FC Köln,Bundesliga,25,37.0,4,69.6,44.0,49.0,67.5,27,21,57.2,12.39,36.85,0,1,5,6,16,3,0,9,1.0,5.91
mert-komur,Mert Kömür,Midfielder,FC Augsburg,Bundesliga,21,37.0,2,32.6,39.0,40.0,70.0,28,14,35.6,1.5,38.04,0,0,5,0,16,13,0,6,4.5,13.14
julius-frederik-schmahl,Frederik Schmahl,Midfielder,SV 07 Elversberg,Bundesliga,23,37.0,0,0.4,43.0,45.0,60.0,24,9,31.9,7.62,37.29,0,2,5,2,11,8,0,12,4.46,6.7
salim-amani-musah,Salim Musah,Forward,SV Werder Bremen,Bundesliga,20,37.0,1,23.6,39.0,39.0,27.5,11,2,7.4,1.56,37.27,0,0,1,0,6,4,0,27,1.52,15.3
gian-luca-waldschmidt,Luca Waldschmidt,Forward,1. FC Köln,Bundesliga,30,37.0,0,1.8,47.0,47.0,55.0,22,5,16.3,3.64,42.95,0,1,9,0,11,6,0,13,2.61,7.71
filippo-calixte-mane,Filippo Mané,Defender,Borussia Dortmund,Bundesliga,21,37.0,1,9.6,46.0,46.0,17.5,7,4,6.0,7.36,38.57,0,1,0,0,2,2,0,35,7.39,23.87
bilal-nadir,Bilal Nadir,Midfielder,Hamburger SV,Bundesliga,22,37.0,1,10.6,36.0,39.0,55.0,22,5,14.3,2.45,36.36,0,1,1,2,8,9,1,18,2.82,9.71
guela-doue,Guela Doué,Defender,Bayer 04 Leverkusen,Bundesliga,23,37.0,0,5.4,45.0,51.0,67.5,27,24,53.0,10.64,40.19,0,5,4,4,4,8,1,14,7.09,37.28
nikolas-nartey,Nikolas Nartey,Midfielder,VfB Stuttgart,Bundesliga,26,37.0,0,1.2,47.0,48.0,65.0,26,13,29.5,6.44,41.35,0,2,6,1,11,5,1,14,4.61,15.38
maximilian-wober,Maximilian Wöber,Defender,FC Schalke 04,Bundesliga,28,37.0,1,28.0,39.0,39.0,17.5,7,1,5.2,2.17,35.71,0,0,1,0,5,0,1,33,3.28,24.45
tiago-barreiros-de-melo-tomas,Tiago Tomás,Forward,VfB Stuttgart,Bundesliga,24,37.0,1,12.4,46.0,46.0,65.0,26,10,23.9,2.95,42.69,0,1,7,0,13,5,0,14,5.15,11.64
sacha-boey,Sacha Boey,Defender,FC Bayern München,Bundesliga,26,37.0,1,15.6,50.0,47.0,45.0,18,8,18.5,7.76,39.72,0,1,5,1,7,4,0,22,6.21,25.15
patson-daka,Patson Daka,Forward,Hamburger SV,Bundesliga,27,37.0,3,56.0,39.0,42.0,87.5,35,23,52.8,1.19,40.57,0,2,5,0,15,13,0,5,0.78,14.58
imad-rondic,Imad Rondić,Forward,1. FC Köln,Bundesliga,27,36.0,1,17.6,42.0,41.0,47.5,19,9,36.4,2.85,38.16,0,1,2,1,13,10,0,13,1.44,9.75
ansgar-knauff,Ansgar Knauff,Forward,Eintracht Frankfurt,Bundesliga,24,36.0,0,20.4,39.0,43.0,77.5,31,17,42.0,2.5,39.84,0,0,6,0,19,6,0,9,4.43,18.93
terem-igobor-moffi,Terem Moffi,Forward,Hamburger SV,Bundesliga,27,36.0,2,35.4,36.0,37.0,55.0,22,11,23.9,-0.46,37.5,0,0,3,0,4,14,0,19,3.85,8.25
zeno-van-den-bosch,Zeno Van Den Bosch,Defender,1. FC Union Berlin,Bundesliga,23,36.0,3,57.6,47.0,46.0,75.0,30,29,71.1,11.58,34.67,0,0,7,11,10,3,3,6,1.7,11.54
jan-leszczynski,Jan Leszczyński,Defender,Borussia Mönchengladbach,Bundesliga,19,36.0,1,25.8,36.0,36.0,5.0,2,1,25.8,1.01,35.0,0,0,0,0,1,1,0,26,3.78,15.35
senne-lynen,Senne Lynen,Midfielder,SV Werder Bremen,Bundesliga,27,36.0,2,27.0,51.0,46.0,70.0,28,28,72.2,12.53,33.93,0,1,1,10,18,3,1,6,2.54,13.36
leo-sauer,Leo Sauer,Forward,VfB Stuttgart,Bundesliga,20,36.0,0,14.6,42.0,43.0,62.5,25,14,32.0,4.73,38.2,0,0,4,1,15,3,1,16,4.24,17.43
reigan-heskey,Reigan Heskey,Forward,1. FC Köln,Bundesliga,18,36.0,0,3.0,36.0,36.0,2.5,1,0,0.4,1.2,35.0,0,0,0,0,1,0,0,39,1.29,12.96
nathan-de-cat,Nathan De Cat,Midfielder,TSG Hoffenheim,Bundesliga,18,36.0,1,18.0,40.0,45.0,82.5,33,30,59.1,6.22,38.48,0,1,5,5,14,9,0,6,3.37,27.89
bruno-ifechukwu-ogbus,Bruno Ogbus,Defender,Sport-Club Freiburg,Bundesliga,20,36.0,0,2.4,38.0,41.0,60.0,24,17,37.1,4.97,36.25,0,0,2,3,12,6,1,16,3.73,13.31
jahmai-simpson-pusey,Jahmai Simpson-Pusey,Defender,1. FC Köln,Bundesliga,20,36.0,5,90.0,37.0,44.0,40.0,16,15,32.2,11.1,32.5,0,0,3,3,5,3,2,24,2.08,15.95
hiroki-ito,Hiroki Ito,Defender,FC Bayern München,Bundesliga,27,36.0,0,2.0,46.0,47.0,60.0,24,15,37.7,9.82,37.08,0,1,4,2,11,6,0,16,5.42,38.64
paul-bright-max-erevbenagie,Paul Erevbenagie,Forward,SV Werder Bremen,Bundesliga,19,36.0,0,7.5,36.0,36.0,5.0,2,0,7.5,1.4,35.0,0,0,0,0,2,0,0,2,3.01,15.9
daiki-hashioka,Daiki Hashioka,Defender,Borussia Mönchengladbach,Bundesliga,27,36.0,2,39.0,46.0,36.0,57.5,23,18,52.2,2.04,33.91,0,0,3,2,8,7,3,17,3.23,9.74
sebastian-reinhard-klaas,Sebastian Klaas,Midfielder,SC Paderborn 07,Bundesliga,28,36.0,1,14.0,43.0,48.0,60.0,24,18,40.2,4.4,43.33,0,2,6,2,9,9,0,12,3.74,11.3
dejan-ljubicic,Dejan Ljubicic,Midfielder,FC Schalke 04,Bundesliga,28,35.0,3,37.0,51.0,46.0,77.5,31,28,53.9,4.99,40.81,1,1,4,1,19,5,0,9,4.31,5.91
paul-michael-junior-okon-engstler,Paul Okon,Midfielder,1. FC Köln,Bundesliga,21,35.0,2,28.2,41.0,41.0,25.0,10,4,40.9,3.31,37.5,0,1,0,0,4,2,0,3,1.49,8.84
jens-castrop,Jens Castrop,Midfielder,Borussia Mönchengladbach,Bundesliga,23,35.0,0,9.0,44.0,43.0,62.5,25,20,40.3,5.72,36.8,0,1,5,1,9,9,1,14,1.73,13.3
luca-sirch,Luca Sirch,Defender,SV 07 Elversberg,Bundesliga,27,35.0,0,11.2,46.0,53.0,75.0,30,25,73.4,13.26,40.0,0,5,10,2,13,8,0,2,1.42,6.39
derrick-kohn,Derrick Köhn,Defender,1. FC Union Berlin,Bundesliga,27,35.0,0,3.2,38.0,40.0,72.5,29,21,53.9,1.63,38.62,0,2,3,2,6,14,4,9,2.34,9.72
victor-okoh-boniface,Victor Boniface,Forward,Bayer 04 Leverkusen,Bundesliga,25,35.0,0,1.0,43.0,43.0,25.0,10,2,8.1,5.0,37.5,0,1,1,0,8,2,0,28,4.59,15.75
ameen-al-dakhil,Amin Al-Dakhil,Defender,VfB Stuttgart,Bundesliga,24,35.0,0,0.8,41.0,41.0,15.0,6,2,6.3,1.38,39.17,0,1,0,0,2,2,1,34,3.9,11.7
kevin-stoger,Kevin Stöger,Midfielder,Borussia Mönchengladbach,Bundesliga,33,35.0,3,45.6,43.0,42.0,70.0,28,14,36.4,4.77,36.79,0,0,3,5,16,10,0,6,2.48,10.16
silvan-widmer,Silvan Widmer,Defender,1. FSV Mainz 05,Bundesliga,33,35.0,0,10.2,44.0,43.0,82.5,33,25,49.3,4.4,38.03,0,2,2,4,16,7,1,8,3.76,10.26
lennard-maloney,Lennard Maloney,Midfielder,1. FSV Mainz 05,Bundesliga,26,35.0,0,3.2,34.0,35.0,67.5,27,7,16.5,0.34,35.0,0,0,0,1,10,16,0,13,4.43,12.35
mathieu-nguefack,Mathieu Nguefack,Midfielder,Borussia Mönchengladbach,Bundesliga,18,35.0,1,30.8,35.0,35.0,7.5,3,1,30.8,0.33,35.0,0,0,0,0,1,2,0,1,,
gideon-mensah,Gideon Mensah,Defender,1. FC Köln,Bundesliga,28,35.0,5,84.8,52.0,48.0,87.5,35,31,67.7,8.83,38.57,0,4,3,7,12,8,0,6,2.9,13.85
moussa-sylla,Moussa Sylla,Forward,FC Schalke 04,Bundesliga,26,35.0,3,57.8,42.0,44.0,70.0,28,22,62.0,1.88,41.61,0,0,7,0,10,14,0,9,4.65,11.31
david-herold,David Herold,Defender,Borussia Mönchengladbach,Bundesliga,23,34.0,2,43.0,36.0,40.0,75.0,30,27,76.2,-0.53,39.17,0,3,6,2,16,7,4,2,1.53,8.33
otto-emerson-stange,Otto Stange,Forward,Hamburger SV,Bundesliga,19,34.0,1,27.6,34.0,38.0,55.0,22,2,14.8,-0.2,38.41,0,1,3,0,9,12,0,15,4.42,11.14
ramon-hendriks,Ramon Hendriks,Defender,VfB Stuttgart,Bundesliga,25,34.0,2,40.4,44.0,45.0,92.5,37,27,63.1,8.55,36.08,0,2,3,9,13,7,3,3,5.42,11.91
lucas-holer,Lucas Höler,Forward,Sport-Club Freiburg,Bundesliga,32,34.0,0,12.4,34.0,42.0,90.0,36,16,38.8,2.59,39.17,0,1,5,0,22,8,0,4,1.58,9.47
timothy-chandler,Timothy Chandler,Midfielder,Eintracht Frankfurt,Bundesliga,36,34.0,0,6.8,34.0,34.0,7.5,3,0,0.8,-0.61,35.0,0,0,0,0,1,2,0,37,3.23,10.64
malik-razak-engholm-pimpong,Malik Pimpong,Forward,Eintracht Frankfurt,Bundesliga,18,34.0,0,5.4,34.0,34.0,5.0,2,0,1.2,-1.1,35.0,0,0,0,0,1,1,0,20,3.72,14.85
marin-ljubicic-2002-02-28,Marin Ljubičić,Forward,1. FC Union Berlin,Bundesliga,24,34.0,3,61.4,36.0,39.0,37.5,15,8,25.5,0.31,38.33,0,0,2,0,9,6,0,23,2.28,6.31
cedric-itten,Cédric Itten,Forward,SV Werder Bremen,Bundesliga,29,34.0,0,10.8,42.0,49.0,72.5,29,23,50.6,3.12,45.52,0,2,9,1,6,10,0,12,4.37,8.59
andrej-kramaric,Andrej Kramarić,Forward,TSG Hoffenheim,Bundesliga,35,34.0,0,13.0,36.0,47.0,95.0,38,23,50.1,5.13,42.24,0,7,4,0,22,4,0,3,1.3,23.56
luca-reggiani,Luca Reggiani,Defender,Borussia Dortmund,Bundesliga,18,34.0,0,5.4,43.0,42.0,27.5,11,7,28.0,8.19,35.45,1,0,0,4,1,4,0,11,5.16,16.2
samba-konate,Samba Konaté,Forward,RB Leipzig,Bundesliga,17,34.0,0,2.4,34.0,34.0,7.5,3,0,0.6,-0.83,35.0,0,0,0,0,1,2,0,24,,
max-finkgrafe,Max Finkgräfe,Defender,RB Leipzig,Bundesliga,22,34.0,0,2.4,48.0,45.0,35.0,14,5,14.7,6.51,38.57,0,1,2,0,7,4,0,26,5.03,11.7
oliver-batista-meier,Oliver Meier,Midfielder,SC Paderborn 07,Bundesliga,25,34.0,0,7.8,42.0,47.0,65.0,26,21,55.6,4.84,41.73,0,3,6,2,13,9,0,7,1.13,9.41
berkay-yilmaz-2005-02-25,Berkay Yılmaz,Defender,Sport-Club Freiburg,Bundesliga,21,34.0,0,1.6,50.0,49.0,72.5,29,26,69.6,8.63,40.52,0,3,9,4,13,6,0,5,1.15,9.11
vitalie-becker,Vitalie Becker,Defender,FC Schalke 04,Bundesliga,21,34.0,1,26.2,42.0,51.0,45.0,18,13,35.0,10.28,40.56,0,3,4,2,6,9,0,16,3.5,10.07
bakery-jatta,Bakery Jatta,Midfielder,Hamburger SV,Bundesliga,28,37.0,1,19.2,39.0,40.0,45.0,18,13,29.8,2.16,38.06,0,0,3,1,6,7,1,22,2.71,6.74
marvin-pieringer,Marvin Pieringer,Forward,SC Paderborn 07,Bundesliga,26,34.0,5,79.2,40.0,42.0,82.5,33,26,59.4,3.17,39.09,0,3,2,0,16,12,0,7,2.16,10.92
tom-baack,Tom Baack,Midfielder,SC Paderborn 07,Bundesliga,27,34.0,1,21.6,40.0,42.0,47.5,19,10,28.2,2.38,38.95,0,0,3,2,10,7,0,16,1.09,7.29
aljoscha-kemlein,Aljoscha Kemlein,Midfielder,1. FC Union Berlin,Bundesliga,22,33.0,4,60.6,37.0,41.0,77.5,31,26,62.9,3.96,36.61,0,0,4,1,16,13,0,6,2.67,11.46
florian-le-joncour,Florian Le Joncour,Defender,SV 07 Elversberg,Bundesliga,31,33.0,0,1.6,41.0,49.0,42.5,17,11,33.6,13.24,37.06,1,2,3,3,5,4,1,21,3.43,5.74
luca-vozar,Luca Vozar,Midfielder,FC Schalke 04,Bundesliga,19,33.0,0,3.2,33.0,33.0,2.5,1,0,0.6,-2.5,35.0,0,0,0,0,0,1,0,27,4.48,8.19
luca-pascal-schnellbacher,Luca Schnellbacher,Midfielder,SV 07 Elversberg,Bundesliga,32,35.0,0,8.0,44.0,42.0,65.0,26,4,13.6,0.8,40.77,0,0,7,0,12,11,0,10,1.85,7.97
raif-adam,Raif Adam,Forward,SV 07 Elversberg,Bundesliga,21,33.0,0,0.4,37.0,37.0,25.0,10,0,3.3,-0.71,37.5,0,0,1,0,2,7,0,11,3.63,11.86
kacper-potulski,Kacper Potulski,Defender,1. FSV Mainz 05,Bundesliga,18,33.0,4,72.0,41.0,42.0,65.0,26,16,44.0,7.5,34.42,0,0,4,4,11,4,3,14,4.07,22.87
benedict-hollerbach,Benedict Hollerbach,Forward,1. FSV Mainz 05,Bundesliga,25,33.0,0,3.2,42.0,43.0,37.5,15,11,21.7,-1.65,43.33,0,1,4,0,0,10,0,25,1.91,7.3
raphael-onyedika-nwadike,Raphael Onyedika,Midfielder,Eintracht Frankfurt,Bundesliga,25,33.0,4,78.0,35.0,44.0,75.0,30,24,52.5,9.07,35.33,0,3,3,4,11,8,1,10,3.67,11.27
janik-bachmann,Janik Bachmann,Midfielder,FC Schalke 04,Bundesliga,30,33.0,0,0.2,34.0,33.0,47.5,19,1,7.9,-2.44,35.0,0,0,0,0,8,15,1,16,2.86,10.63
dzenan-pejcinovic,Dženan Pejčinović,Forward,VfB Stuttgart,Bundesliga,21,33.0,3,59.4,42.0,42.0,82.5,33,19,46.7,0.96,40.3,0,2,5,1,15,11,1,5,5.87,32.15
oscar-winther-hojlund,Oscar Højlund,Midfielder,Eintracht Frankfurt,Bundesliga,21,32.0,0,11.2,41.0,39.0,60.0,24,12,28.1,2.81,36.04,0,0,3,2,10,7,2,16,5.1,10.7
uchenna-ogundu,Uchenna Ogundu,Forward,FC Augsburg,Bundesliga,20,32.0,0,2.6,37.0,35.0,40.0,16,7,20.9,-1.27,36.56,0,2,2,0,6,12,0,16,3.07,9.01
martin-adeline,Martin Adeline,Midfielder,Hamburger SV,Bundesliga,22,32.0,2,22.6,61.0,56.0,72.5,29,28,68.0,8.73,46.9,1,9,8,1,12,5,1,3,4.33,6.71
michel-aebischer,Michel Aebischer,Midfielder,1. FC Union Berlin,Bundesliga,29,32.0,4,62.8,38.0,44.0,92.5,37,33,67.0,7.13,37.03,0,1,4,3,18,9,0,5,0.91,7.45
paul-love-arrhov,L. Arrhov,Midfielder,Eintracht Frankfurt,Bundesliga,18,32.0,0,2.2,34.0,34.0,15.0,6,1,2.9,-1.33,35.0,0,0,0,0,1,5,0,19,3.75,14.28
robert-skov,Robert Skov,Midfielder,1. FC Union Berlin,Bundesliga,30,32.0,0,0.2,32.0,32.0,2.5,1,0,0.0,-3.3,35.0,0,0,0,0,2,2,0,36,2.85,7.67
arijon-ibrahimovic,Arijon Ibrahimović,Forward,FC Augsburg,Bundesliga,20,40.0,3,37.0,49.0,51.0,75.0,30,23,59.2,11.51,39.5,0,4,4,4,18,4,0,6,7.2,20.18
luka-duric,Luka Đurić,Midfielder,SC Paderborn 07,Bundesliga,23,31.0,0,2.6,32.0,32.0,5.0,2,0,0.7,-2.6,35.0,0,0,0,0,0,2,0,38,2.74,6.88
klaus-sima-suso,Sima Suso,Midfielder,FC Augsburg,Bundesliga,21,31.0,1,9.0,41.0,43.0,55.0,22,15,40.4,7.75,35.23,0,0,3,3,12,5,1,16,2.75,11.15
serge-gnabry,Serge Gnabry,Forward,FC Bayern München,Bundesliga,31,31.0,0,7.6,49.0,54.0,57.5,23,14,29.4,6.86,46.74,0,2,7,0,11,1,1,18,20.22,46.84
ron-schallenberg,Ron Schallenberg,Midfielder,FC Schalke 04,Bundesliga,27,31.0,2,32.8,37.0,42.0,72.5,29,28,74.7,8.69,33.79,1,2,2,5,22,3,2,3,2.3,11.56
rani-khedira,Rani Khedira,Midfielder,1. FC Union Berlin,Bundesliga,32,31.0,5,85.4,32.0,42.0,90.0,36,35,78.8,1.29,40.14,0,2,5,1,14,15,1,2,1.9,11.59
marc-guiu-paz,Marc Guiu,Forward,RB Leipzig,Bundesliga,20,31.0,1,15.0,37.0,36.0,17.5,7,1,4.8,-2.09,38.57,0,0,1,0,2,4,0,33,6.59,23.26
yannik-keitel,Yannik Keitel,Midfielder,FC Augsburg,Bundesliga,26,31.0,1,21.0,35.0,35.0,22.5,9,2,7.4,-0.29,35.0,0,0,0,0,5,4,0,31,2.38,6.28
adrian-tobias-gantenbein,Adrian Gantenbein,Defender,FC Schalke 04,Bundesliga,25,31.0,0,1.8,40.0,44.0,32.5,13,6,18.2,6.61,36.92,0,0,3,4,9,4,0,20,3.73,9.81
mick-schmetgens,Mick Schmetgens,Defender,SV Werder Bremen,Bundesliga,19,31.0,1,24.6,39.0,39.0,15.0,6,1,4.8,-0.01,39.17,0,1,0,0,3,2,0,34,3.49,7.27
miro-muheim,Miro Muheim,Defender,Hamburger SV,Bundesliga,28,30.0,0,6.8,33.0,45.0,72.5,29,22,50.0,6.42,38.1,0,2,7,2,6,9,1,13,0.9,3.92
otavio-manoel-galdino-fernandes,Otávio,Defender,Eintracht Frankfurt,Bundesliga,20,30.0,1,19.0,39.0,41.0,57.5,23,17,42.5,5.15,36.3,0,0,4,2,11,3,3,17,3.39,10.7
alexander-prass,Alexander Prass,Defender,TSG Hoffenheim,Bundesliga,25,33.0,0,6.4,35.0,43.0,72.5,29,10,29.9,4.06,38.79,0,1,3,1,12,10,0,13,1.1,12.87
leonidas-stergiou,Leonidas Stergiou,Defender,VfB Stuttgart,Bundesliga,24,29.0,0,3.2,42.0,42.0,17.5,7,1,5.5,-0.8,42.14,0,0,2,0,2,3,0,33,2.52,15.61
tim-kleindienst,Tim Kleindienst,Forward,Borussia Mönchengladbach,Bundesliga,31,29.0,3,44.6,31.0,31.0,15.0,6,3,6.6,-0.28,31.67,0,0,0,1,2,3,1,33,6.54,41.06
louis-pepe-lemke,Louis Lemke,Defender,Hamburger SV,Bundesliga,16,28.0,1,21.6,30.0,30.0,10.0,4,1,5.5,-4.76,35.0,0,0,0,0,1,3,0,16,4.38,25.17
julian-ryerson,Julian Ryerson,Defender,Borussia Dortmund,Bundesliga,28,28.0,5,81.0,38.0,50.0,90.0,36,33,70.3,7.11,42.22,1,5,4,5,11,6,3,5,8.93,37.05
joel-schmied,Joël Schmied,Defender,1. FC Köln,Bundesliga,28,27.0,1,9.2,31.0,34.0,32.5,13,10,22.5,0.22,33.46,0,0,2,2,5,8,2,21,2.37,8.71
orjan-haskjold-nyland,Ørjan Nyland,Goalkeeper,RB Leipzig,Bundesliga,36,26.0,2,36.0,36.0,37.0,27.5,11,11,23.9,4.74,31.82,0,1,0,1,2,1,3,32,7.94,30.35
shafiq-bello-nandja,Shafiq Nandja,Defender,Hamburger SV,Bundesliga,19,25.0,1,26.2,28.0,28.0,10.0,4,1,5.1,-7.18,35.0,0,0,0,0,1,3,0,22,0.72,18.34
johan-bakayoko,Johan Bakayoko,Forward,RB Leipzig,Bundesliga,23,24.0,1,16.0,34.0,38.0,45.0,18,5,16.3,2.97,35.28,0,1,1,0,13,6,1,18,4.82,19.37
jordan-torunarigha,Jordan Torunarigha,Defender,Hamburger SV,Bundesliga,29,24.0,5,79.2,36.0,42.0,65.0,26,23,61.5,6.62,35.19,0,0,6,4,8,8,2,12,1.19,6.92
sebastian-soraas-sebulonsen,Sebastian Sebulonsen,Defender,1. FC Köln,Bundesliga,26,24.0,1,23.0,35.0,36.0,70.0,28,24,65.6,0.4,35.18,0,0,1,1,18,12,2,6,1.38,9.47
ko-itakura,Ko Itakura,Defender,Borussia Mönchengladbach,Bundesliga,29,23.0,4,70.8,43.0,44.0,47.5,19,15,33.8,7.7,36.58,1,1,3,1,6,5,2,21,3.0,14.32
david-moller-wolfe,David Møller Wolfe,Defender,Hamburger SV,Bundesliga,24,22.0,3,55.0,32.0,36.0,67.5,27,17,37.3,-0.51,36.11,0,0,2,1,9,10,3,15,1.2,8.81
matheo-raab,Matheo Raab,Goalkeeper,1. FC Union Berlin,Bundesliga,27,15.0,1,18.0,51.0,51.0,5.0,2,2,5.3,3.6,47.5,0,1,0,0,0,0,1,38,3.79,5.35
samuele-inacio-pia,Samuele Inácio,Forward,Borussia Dortmund,Bundesliga,18,14.0,0,0.6,41.0,41.0,22.5,9,4,16.8,5.26,35.56,0,0,1,1,5,0,1,20,12.89,57.95
albert-frank-millgramm,Albert Millgramm,Forward,SC Paderborn 07,Bundesliga,21,,0,0.0,34.0,34.0,5.0,2,0,0.1,-1.15,35.0,0,0,0,0,0,2,0,20,2.57,8.81
amil-siljevic,Amil Siljevic,Goalkeeper,Eintracht Frankfurt,Bundesliga,19,,0,0.0,0.0,0.0,0.0,0,0,0.0,0.0,0.0,0,0,0,0,0,0,0,40,2.85,11.94
leonhard-von-schroetter,Leonhard Schroetter,Defender,FC Augsburg,Bundesliga,27,,0,0.0,0.0,0.0,0.0,0,0,0.0,0.0,0.0,0,0,0,0,0,0,0,40,,
luca-antony-jaquez,Luca Jaquez,Defender,VfB Stuttgart,Bundesliga,23,,0,0.0,39.0,44.0,40.0,16,8,20.1,7.58,36.56,0,0,2,3,7,3,0,25,3.14,13.46
ibrahima-ndiaye-ch,Bara Ndiaye,Midfielder,FC Bayern München,Bundesliga,18,,0,0.0,44.0,44.0,12.5,5,2,4.5,8.88,35.0,0,0,1,0,2,2,0,31,,
marcel-hoffmeier,Marcel Hoffmeier,Defender,SC Paderborn 07,Bundesliga,27,,0,0.0,0.0,0.0,0.0,0,0,0.0,0.0,0.0,0,1,2,0,1,0,0,36,4.61,12.46
justin-diehl,Justin Diehl,Forward,VfB Stuttgart,Bundesliga,21,,0,0.0,0.0,0.0,0.0,0,0,0.0,0.0,0.0,0,0,1,0,2,2,0,35,4.67,10.58
maximilian-kinzig,Maximilian Kinzig,Goalkeeper,1. FSV Mainz 05,Bundesliga,22,,0,0.0,0.0,0.0,0.0,0,0,0.0,0.0,0.0,0,0,0,0,0,0,0,4,3.79,12.04
alynho-haidara,Alynho Haïdara,Forward,1. FSV Mainz 05,Bundesliga,18,,0,0.0,0.0,0.0,0.0,0,0,0.0,0.0,0.0,0,0,0,0,0,0,0,4,,
kelvin-ojo,Kelvin Ojo,Forward,Hamburger SV,Bundesliga,19,,0,0.0,0.0,0.0,0.0,0,0,0.0,0.0,0.0,0,0,0,0,0,0,0,4,,
mekhi-anthony-gray,Mekhi Gray,Forward,1. FC Union Berlin,Bundesliga,19,,0,0.0,0.0,0.0,0.0,0,0,0.0,0.0,0.0,0,0,0,0,0,0,0,4,2.78,8.23
patrick-osterhage,Patrick Osterhage,Midfielder,Sport-Club Freiburg,Bundesliga,26,,0,0.0,36.0,42.0,50.0,20,12,27.4,5.56,36.25,0,0,1,4,11,3,1,20,3.68,10.51
silas-ostrzinski,Silas Ostrzinski,Goalkeeper,Borussia Dortmund,Bundesliga,22,,0,0.0,0.0,0.0,0.0,0,0,0.0,0.0,0.0,0,0,0,0,0,0,0,40,2.43,20.94
sota-kawasaki,Sota Kawasaki,Midfielder,1. FSV Mainz 05,Bundesliga,25,,0,0.0,40.0,43.0,40.0,16,7,16.6,3.34,38.13,0,0,3,0,6,7,0,24,4.5,13.69
bryan-lasme,Bryan Lasme,Forward,FC Schalke 04,Bundesliga,27,,0,0.0,40.0,40.0,15.0,6,0,4.5,0.47,39.17,0,0,2,0,6,4,0,28,4.49,10.39
luis-seifert,Luis Seifert,Defender,SV 07 Elversberg,Bundesliga,22,,0,0.0,0.0,0.0,0.0,0,0,0.0,0.0,0.0,0,0,0,0,0,0,0,40,4.18,3.17
silla-wamangituka,Silas Katompa Mvumpa,Forward,1. FSV Mainz 05,Bundesliga,27,,0,0.0,38.0,38.0,22.5,9,5,10.1,0.61,37.78,0,0,1,0,3,5,0,31,4.61,11.74
sven-ulreich,Sven Ulreich,Goalkeeper,FC Bayern München,Bundesliga,38,,0,0.0,42.0,42.0,2.5,1,1,2.2,6.8,35.0,0,0,0,0,1,0,0,39,5.8,17.31
gil-matteo-neves,Gil Neves,Midfielder,1. FC Köln,Bundesliga,18,,0,0.0,0.0,0.0,0.0,0,0,0.0,0.0,0.0,0,0,0,0,0,0,0,4,,
ron-robert-zieler,Ron-Robert Zieler,Goalkeeper,1. FC Köln,Bundesliga,37,,0,0.0,0.0,0.0,0.0,0,0,0.0,0.0,0.0,0,0,0,0,2,0,0,38,1.3,4.77
marius-funk,Marius Funk,Goalkeeper,VfB Stuttgart,Bundesliga,30,,0,0.0,0.0,0.0,0.0,0,0,0.0,0.0,0.0,0,0,0,0,0,0,0,5,1.54,10.43
julien-piet-friedrich,Julien Friedrich,Midfielder,1. FC Union Berlin,Bundesliga,19,,0,0.0,0.0,0.0,0.0,0,0,0.0,0.0,0.0,0,0,0,0,0,0,0,4,1.15,10.93
marvin-friedrich,Marvin Friedrich,Defender,1. FC Union Berlin,Bundesliga,30,,0,0.0,37.0,37.0,15.0,6,1,4.3,2.15,35.0,0,0,0,0,5,1,0,34,3.6,6.32
rouven-vuk-tarnutzer,Rouven Tarnutzer,Midfielder,Sport-Club Freiburg,Bundesliga,19,,0,0.0,35.0,35.0,2.5,1,0,0.2,-0.2,35.0,0,0,0,0,0,1,0,24,1.3,13.48
florian-muller,Florian Müller,Goalkeeper,Sport-Club Freiburg,Bundesliga,28,,0,0.0,0.0,0.0,0.0,0,0,0.0,0.0,0.0,0,0,0,0,0,0,0,40,5.14,15.97
jens-grahl,Jens Grahl,Goalkeeper,Eintracht Frankfurt,Bundesliga,38,,0,0.0,0.0,0.0,0.0,0,0,0.0,0.0,0.0,0,0,0,0,0,0,0,40,4.58,9.58
keke-maximilian-topp,Keke Topp,Forward,SV Werder Bremen,Bundesliga,22,,0,0.0,37.0,35.0,42.5,17,7,17.1,-1.24,36.47,0,0,3,0,7,11,0,19,4.43,11.68
felix-agu,Felix Agu,Defender,SV Werder Bremen,Bundesliga,27,,0,0.0,43.0,43.0,17.5,7,5,11.3,10.57,32.14,1,0,0,2,3,2,1,31,4.43,12.4
sean-dulic,Sean Dulic,Defender,TSG Hoffenheim,Bundesliga,21,,0,0.0,0.0,0.0,0.0,0,0,0.0,0.0,0.0,0,0,0,0,0,0,0,5,3.89,11.76
sander-tangvik,Sander Tangvik,Goalkeeper,Hamburger SV,Bundesliga,23,,0,0.0,54.0,54.0,22.5,9,9,20.2,10.82,43.33,0,1,2,1,4,1,0,31,5.81,15.21
stefan-stefanov-smarkalev,Stefan Smarkalev,Goalkeeper,SV Werder Bremen,Bundesliga,19,,0,0.0,0.0,0.0,0.0,0,0,0.0,0.0,0.0,0,0,0,0,0,0,0,38,2.33,9.74
tobias-sippel,Tobias Sippel,Goalkeeper,Borussia Mönchengladbach,Bundesliga,38,,0,0.0,0.0,0.0,0.0,0,0,0.0,0.0,0.0,0,0,0,0,0,0,0,40,4.49,8.85
nediljko-labrovic,Nediljko Labrović,Goalkeeper,FC Augsburg,Bundesliga,26,,0,0.0,0.0,0.0,0.0,0,0,0.0,0.0,0.0,0,0,0,0,0,0,0,40,4.76,13.41
markus-kolke,Markus Kolke,Goalkeeper,SV Werder Bremen,Bundesliga,36,,0,0.0,0.0,0.0,0.0,0,0,0.0,0.0,0.0,0,0,0,0,0,0,0,40,3.66,7.53
kaua-morais-vieira-dos-santos,Kauã Santos,Goalkeeper,Eintracht Frankfurt,Bundesliga,23,,0,0.0,37.0,37.0,35.0,14,14,29.4,0.51,35.71,0,1,1,0,4,6,2,26,4.87,21.85
linus-guther,Linus Güther,Forward,1. FC Union Berlin,Bundesliga,16,,0,0.0,30.0,30.0,2.5,1,0,0.6,-5.3,35.0,0,0,0,0,0,1,0,9,3.12,11.19
emre-can,Emre Can,Midfielder,Borussia Dortmund,Bundesliga,32,,0,0.0,54.0,52.0,37.5,15,9,22.2,10.07,41.67,0,1,6,0,5,3,0,25,6.15,14.16
kevin-muller,Kevin Müller,Goalkeeper,FC Schalke 04,Bundesliga,35,,0,0.0,39.0,39.0,10.0,4,4,10.6,2.85,36.25,0,1,0,0,0,2,1,36,3.4,9.43
jonathan-friemel,Jonathan Friemel,Midfielder,1. FC Köln,Bundesliga,19,,0,0.0,0.0,0.0,0.0,0,0,0.0,0.0,0.0,0,0,0,0,0,0,0,4,,
fritz-henri-fleck,Fritz Fleck,Midfielder,Borussia Mönchengladbach,Bundesliga,19,,0,0.0,0.0,0.0,0.0,0,0,0.0,0.0,0.0,0,0,0,0,0,0,0,25,2.43,9.05
mario-vuskovic,Mario Vušković,Defender,Hamburger SV,Bundesliga,24,,0,0.0,0.0,0.0,0.0,0,0,0.0,0.0,0.0,0,0,0,0,0,0,0,29,2.78,44.0
maycon-douglas-normanha-cardozo,Maycon Cardozo,Midfielder,FC Bayern München,Bundesliga,17,,0,0.0,36.0,36.0,5.0,2,0,1.0,1.2,35.0,0,0,0,0,2,0,0,30,,
stefan-bell,Stefan Bell,Defender,1. FSV Mainz 05,Bundesliga,35,,0,0.0,51.0,48.0,30.0,12,11,21.2,4.24,43.33,0,2,2,0,3,4,1,28,4.45,9.06
enzo-de-pina-duarte-dos-santos,Enzo dos Santos,Midfielder,Borussia Dortmund,Bundesliga,17,,0,0.0,35.0,35.0,2.5,1,0,0.1,0.0,35.0,0,0,0,0,2,1,0,8,,
andrik-markgraf,Andrik Markgraf,Defender,1. FC Union Berlin,Bundesliga,20,,0,0.0,0.0,0.0,0.0,0,0,0.0,0.0,0.0,0,0,0,0,0,0,0,38,2.61,7.51
tristan-spranger,Tristan Spranger,Defender,TSG Hoffenheim,Bundesliga,19,,0,0.0,0.0,0.0,0.0,0,0,0.0,0.0,0.0,0,0,0,0,0,0,0,5,,
mateo-zelic,Mateo Zelic,Forward,Sport-Club Freiburg,Bundesliga,19,,0,0.0,0.0,0.0,0.0,0,0,0.0,0.0,0.0,0,0,0,0,0,0,0,6,,
deniz-zeitler,Deniz Zeitler,Forward,SC Paderborn 07,Bundesliga,19,,0,0.0,0.0,0.0,0.0,0,0,0.0,0.0,0.0,0,0,0,0,0,0,0,4,3.64,7.83
julian-yao-mawuli-etse,Julian Etse,Defender,Eintracht Frankfurt,Bundesliga,20,,0,0.0,0.0,0.0,0.0,0,0,0.0,0.0,0.0,0,0,0,0,0,0,0,4,,
viggo-gebel,Viggo Gebel,Midfielder,RB Leipzig,Bundesliga,18,,0,0.0,0.0,0.0,0.0,0,0,0.0,0.0,0.0,0,0,0,0,0,0,0,40,4.95,16.68
janis-blaswich,Janis Blaswich,Goalkeeper,Bayer 04 Leverkusen,Bundesliga,35,,0,0.0,54.0,53.0,42.5,17,16,36.8,10.49,42.65,0,0,8,1,5,3,0,23,5.29,19.13
jannik-huth,Jannik Huth,Goalkeeper,Sport-Club Freiburg,Bundesliga,32,,0,0.0,0.0,0.0,0.0,0,0,0.0,0.0,0.0,0,0,0,0,0,0,0,40,2.42,10.3
stefan-drljaca,Stefan Drljača,Goalkeeper,VfB Stuttgart,Bundesliga,27,,0,0.0,0.0,0.0,0.0,0,0,0.0,0.0,0.0,0,0,0,0,0,0,0,40,1.35,14.03
florent-muslija,Florent Muslija,Midfielder,Sport-Club Freiburg,Bundesliga,28,,0,0.0,61.0,57.0,72.5,29,28,62.0,15.91,41.38,0,6,5,7,11,0,0,11,3.96,12.65
luca-philipp,Luca Philipp,Goalkeeper,TSG Hoffenheim,Bundesliga,25,,0,0.0,0.0,0.0,0.0,0,0,0.0,0.0,0.0,0,0,0,0,0,0,0,40,3.97,9.78
david-michael-santos-daiber,David Daiber,Midfielder,FC Bayern München,Bundesliga,19,,0,0.0,37.0,37.0,5.0,2,0,0.7,1.65,35.0,0,0,0,0,1,1,0,38,3.61,13.08
skelly-alvero,Skelly Alvero,Midfielder,SV Werder Bremen,Bundesliga,24,,0,0.0,43.0,43.0,20.0,8,6,14.2,7.29,35.63,0,0,2,2,3,2,1,30,4.63,9.57
maximilian-rosenfelder,Max Rosenfelder,Defender,Sport-Club Freiburg,Bundesliga,23,,0,0.0,49.0,50.0,27.5,11,6,14.3,13.86,35.45,0,0,5,1,2,2,1,29,3.93,17.54
fernando-dickes,Fernando Dickes,Goalkeeper,Hamburger SV,Bundesliga,18,,0,0.0,0.0,0.0,0.0,0,0,0.0,0.0,0.0,0,0,0,0,0,0,0,40,2.8,6.29
jan-jakob-olschowsky,Jan Olschowsky,Goalkeeper,Borussia Mönchengladbach,Bundesliga,24,,0,0.0,0.0,0.0,0.0,0,0,0.0,0.0,0.0,0,0,0,0,0,0,0,40,1.87,10.61
johannes-simon-siebeking,Johannes Siebeking,Goalkeeper,FC Schalke 04,Bundesliga,20,,0,0.0,0.0,0.0,0.0,0,0,0.0,0.0,0.0,0,0,0,0,0,0,0,19,4.49,12.84
alexander-rossing-lelesiit,Alexander Røssing-Lelesiit,Forward,Hamburger SV,Bundesliga,19,,0,0.0,37.0,37.0,17.5,7,2,3.9,1.71,35.0,0,0,0,0,8,4,0,28,3.73,12.37
elias-etringer,Elias Etringer,Goalkeeper,SV 07 Elversberg,Bundesliga,18,,0,0.0,0.0,0.0,0.0,0,0,0.0,0.0,0.0,0,0,0,0,0,0,0,4,3.87,12.33
finn-dominik-porath,Finn Porath,Midfielder,FC Schalke 04,Bundesliga,29,,0,0.0,39.0,40.0,35.0,14,4,15.1,3.32,36.79,0,0,2,1,13,6,0,18,4.48,7.96
lukas-johannes-blondal-petersson,Lúkas Petersson,Goalkeeper,TSG Hoffenheim,Bundesliga,22,,0,0.0,0.0,0.0,0.0,0,0,0.0,0.0,0.0,0,0,0,0,0,0,0,40,2.9,11.67
anthony-jung,Anthony Jung,Defender,Sport-Club Freiburg,Bundesliga,34,,0,0.0,39.0,36.0,27.5,11,3,10.7,2.43,33.18,0,0,0,0,7,3,1,29,3.19,8.78
martin-james,Martin James,Goalkeeper,1. FC Köln,Bundesliga,18,,0,0.0,0.0,0.0,0.0,0,0,0.0,0.0,0.0,0,0,0,0,0,0,0,38,2.46,12.74
mussa-kaba,Mussa Kaba,Midfielder,Borussia Dortmund,Bundesliga,17,,0,0.0,0.0,0.0,0.0,0,0,0.0,0.0,0.0,0,0,0,0,0,0,0,28,1.32,16.21
lorenz-assignon,Lorenz Assignon,Defender,VfB Stuttgart,Bundesliga,26,,0,0.0,42.0,42.0,60.0,24,14,30.6,3.11,37.92,0,1,4,1,10,7,1,16,3.87,12.73
luca-pfeiffer,Luca Pfeiffer,Forward,SV 07 Elversberg,Bundesliga,30,,0,0.0,37.0,37.0,5.0,2,0,0.5,2.15,35.0,0,0,0,0,2,0,0,38,2.88,5.49
darwin-kaan-soylu,Darwin Soylu,Midfielder,SV Werder Bremen,Bundesliga,19,,0,0.0,0.0,0.0,0.0,0,0,0.0,0.0,0.0,0,0,0,0,0,0,0,4,3.66,13.11
alexander-meyer,Alexander Meyer,Goalkeeper,Borussia Dortmund,Bundesliga,35,,0,0.0,0.0,0.0,0.0,0,0,0.0,0.0,0.0,0,0,0,0,0,0,0,40,5.57,33.96
tristan-zobel,Tristan Zobel,Defender,SC Paderborn 07,Bundesliga,22,,0,0.0,0.0,0.0,0.0,0,0,0.0,0.0,0.0,0,0,0,0,0,0,0,14,3.69,11.82
nyamekye-awortwie-grant,Nyamekye Awortwie-Grant,Defender,SC Paderborn 07,Bundesliga,26,,0,0.0,0.0,0.0,0.0,0,0,0.0,0.0,0.0,0,0,0,0,0,0,0,4,3.11,9.35
iaia-manco-danfa,Iaia Danfa,Forward,Borussia Mönchengladbach,Bundesliga,19,,0,0.0,0.0,0.0,0.0,0,0,0.0,0.0,0.0,0,0,0,0,0,0,0,4,2.43,7.73
lukas-klostermann,Lukas Klostermann,Defender,RB Leipzig,Bundesliga,30,,0,0.0,45.0,45.0,12.5,5,1,2.7,4.78,40.0,0,1,0,0,4,0,0,35,2.17,9.94
timo-gayret,Timur Gayret,Midfielder,SC Paderborn 07,Bundesliga,28,,0,0.0,0.0,0.0,0.0,0,0,0.0,0.0,0.0,0,0,0,0,0,0,0,4,2.46,9.49
leopold-zingerle,Leopold Zingerle,Goalkeeper,RB Leipzig,Bundesliga,32,,0,0.0,0.0,0.0,0.0,0,0,0.0,0.0,0.0,0,0,0,0,0,0,0,40,3.25,9.82
cajetan-benjamin-lenz,Cajetan Lenz,Midfielder,TSG Hoffenheim,Bundesliga,20,,0,0.0,44.0,45.0,62.5,25,21,55.2,8.19,37.2,0,0,4,7,11,8,1,8,2.89,11.89
rihito-yamamoto,Rihito Yamamoto,Midfielder,Sport-Club Freiburg,Bundesliga,24,,0,0.0,58.0,60.0,75.0,30,30,68.5,17.45,42.83,1,4,10,7,9,1,0,8,4.0,20.97
niklas-lomb,Niklas Lomb,Goalkeeper,Bayer 04 Leverkusen,Bundesliga,33,,0,0.0,0.0,0.0,0.0,0,0,0.0,0.0,0.0,0,0,0,0,0,0,0,40,2.53,10.34
malek-el-mala,Malek El Mala,Forward,1. FC Köln,Bundesliga,21,,0,0.0,0.0,0.0,0.0,0,0,0.0,0.0,0.0,0,0,0,0,0,0,0,38,2.88,5.72
emil-winther-hojlund,Emil Højlund,Forward,FC Schalke 04,Bundesliga,21,,0,0.0,0.0,0.0,0.0,0,0,0.0,0.0,0.0,0,0,0,0,2,3,0,35,4.49,11.08
kennet-eichhorn,Kennet Eichhorn,Midfielder,Bayer 04 Leverkusen,Bundesliga,17,,0,0.0,42.0,43.0,32.5,13,12,27.0,7.98,35.38,0,0,1,2,11,2,1,22,6.42,22.78
lasse-eickel,Lasse Eickel,Forward,SC Paderborn 07,Bundesliga,18,,0,0.0,0.0,0.0,0.0,0,0,0.0,0.0,0.0,0,0,0,0,0,0,0,4,4.49,11.34
jens-stage,Jens Stage,Midfielder,SV Werder Bremen,Bundesliga,29,,0,0.0,46.0,51.0,67.5,27,27,65.1,7.31,44.07,0,3,9,3,8,8,0,9,3.93,18.45
joel-agyekum,Joel Agyekum,Defender,Hamburger SV,Bundesliga,21,,0,0.0,0.0,0.0,0.0,0,0,0.0,0.0,0.0,0,0,0,0,1,0,0,20,2.3,9.13
niklas-stark,Niklas Stark,Defender,SV Werder Bremen,Bundesliga,31,,0,0.0,42.0,41.0,30.0,12,7,16.5,9.16,31.67,0,0,2,2,6,4,2,24,4.48,9.02
miguel-samuel-adje,Miguel Adje,Defender,Borussia Dortmund,Bundesliga,18,,0,0.0,0.0,0.0,0.0,0,0,0.0,0.0,0.0,0,0,0,0,0,0,0,3,,
tim-boss,Tim Boss,Goalkeeper,SV 07 Elversberg,Bundesliga,33,,0,0.0,0.0,0.0,0.0,0,0,0.0,0.0,0.0,0,0,0,0,0,0,0,40,2.39,11.72
luis-engelns,Luis Engelns,Midfielder,TSG Hoffenheim,Bundesliga,19,,0,0.0,40.0,40.0,30.0,12,0,7.4,4.67,35.0,0,0,2,0,8,7,0,23,4.46,6.92
stanley-nsoki,Stanley Nsoki,Defender,1. FC Union Berlin,Bundesliga,27,,0,0.0,42.0,44.0,32.5,13,10,24.1,6.8,37.31,0,1,1,2,6,2,1,27,2.78,7.43
frank-lehmann,Frank Lehmann,Goalkeeper,SV 07 Elversberg,Bundesliga,37,,0,0.0,0.0,0.0,0.0,0,0,0.0,0.0,0.0,0,0,0,0,0,0,0,40,3.68,11.77
yukhym-konoplia,Yukhym Konoplia ,Defender,Borussia Mönchengladbach,Bundesliga,27,,0,0.0,38.0,38.0,20.0,8,5,18.4,-0.1,38.13,0,1,3,1,6,5,3,21,4.43,10.06
jason-dean-bissi-mouelle,Jason-Dean Bissi Mouelle,Defender,Hamburger SV,Bundesliga,18,,0,0.0,0.0,0.0,0.0,0,0,0.0,0.0,0.0,0,0,0,0,0,0,0,4,,
ertugrul-yigit,Ertugrul Yigit,Midfielder,VfB Stuttgart,Bundesliga,17,,0,0.0,0.0,0.0,0.0,0,0,0.0,0.0,0.0,0,0,0,0,0,0,0,5,2.27,13.42
florian-pruhs,Florian Pruhs,Goalkeeper,SC Paderborn 07,Bundesliga,20,,0,0.0,0.0,0.0,0.0,0,0,0.0,0.0,0.0,0,0,0,0,0,0,0,40,4.48,10.92
christoph-baumgartner,Christoph Baumgartner,Midfielder,RB Leipzig,Bundesliga,27,,0,0.0,53.0,49.0,82.5,33,33,69.9,2.04,46.52,0,4,12,0,4,9,4,7,12.84,43.09
steve-mounie,Steve Mounié,Forward,FC Augsburg,Bundesliga,32,,0,0.0,39.0,39.0,55.0,22,8,25.3,0.8,38.41,0,0,3,0,9,11,0,17,3.0,8.37
dennis-seimen,Dennis Seimen,Goalkeeper,VfB Stuttgart,Bundesliga,20,,0,0.0,55.0,50.0,75.0,30,30,78.0,9.61,39.5,0,7,5,1,15,6,1,5,43.88,210.55
abdoul-kone,Abdoul Koné,Defender,RB Leipzig,Bundesliga,21,,0,0.0,51.0,53.0,57.5,23,21,54.8,15.45,38.04,0,5,7,4,8,4,0,12,4.39,13.63
jessic-ngankam,Jessic Ngankam,Forward,Eintracht Frankfurt,Bundesliga,26,,0,0.0,36.0,35.0,30.0,12,5,11.7,-2.01,37.08,0,0,1,0,4,7,0,28,2.96,10.07
benno-valentin-kilan-kaltefleiter,Benno Kaltefleiter,Midfielder,RB Leipzig,Bundesliga,18,,0,0.0,0.0,0.0,0.0,0,0,0.0,0.0,0.0,0,0,0,0,0,0,0,25,3.63,17.12
maximilian-tobias-herwerth,Maximilian Herwerth,Defender,VfB Stuttgart,Bundesliga,20,,0,0.0,0.0,0.0,0.0,0,0,0.0,0.0,0.0,0,0,0,0,0,0,0,30,,
zento-uno,Zento Uno,Midfielder,Borussia Mönchengladbach,Bundesliga,22,,0,0.0,50.0,51.0,52.5,21,15,41.8,12.25,38.57,0,1,7,1,12,2,0,17,1.58,4.74
nathan-tella,Nathan Tella,Forward,Bayer 04 Leverkusen,Bundesliga,27,,0,0.0,55.0,48.0,40.0,16,7,16.1,6.11,41.88,0,1,3,1,9,2,0,24,4.39,11.74
justin-armando-lerma-soliz,Justin Lerma,Midfielder,Borussia Dortmund,Bundesliga,18,,0,0.0,51.0,47.0,65.0,26,18,39.9,8.72,37.88,0,1,3,3,15,4,0,14,4.45,23.76
jan-luca-riedl,Jan-Luca Riedl,Defender,Borussia Dortmund,Bundesliga,17,,0,0.0,0.0,0.0,0.0,0,0,0.0,0.0,0.0,0,0,0,0,0,0,0,3,,
faik-sakar,Faik Sakar,Forward,FC Augsburg,Bundesliga,18,,0,0.0,0.0,0.0,0.0,0,0,0.0,0.0,0.0,0,0,0,0,1,0,0,29,3.15,13.08
tim-schnitzer,Tim Schnitzer,Midfielder,FC Augsburg,Bundesliga,18,,0,0.0,34.0,34.0,2.5,1,0,0.2,-1.1,35.0,0,0,0,0,0,1,0,23,,
rav-van-den-berg,Rav van den Berg,Defender,1. FC Köln,Bundesliga,22,,0,0.0,43.0,44.0,30.0,12,10,28.6,8.94,35.42,0,0,1,3,9,2,0,25,3.63,10.43
timo-hubers,Timo Hübers,Defender,1. FC Köln,Bundesliga,30,,0,0.0,68.0,68.0,10.0,4,4,10.4,26.82,41.25,0,1,4,1,4,0,0,30,4.48,7.06
natnael-abraha,Natnael Abraha,Defender,TSG Hoffenheim,Bundesliga,18,,0,0.0,0.0,0.0,0.0,0,0,0.0,0.0,0.0,0,0,0,0,0,0,0,5,3.69,11.7
matthias-kobbing,Matthias Köbbing,Goalkeeper,1. FC Köln,Bundesliga,29,,0,0.0,0.0,0.0,0.0,0,0,0.0,0.0,0.0,0,0,0,0,0,0,0,40,4.45,7.48
marcus-schubert,Markus Schubert,Goalkeeper,SC Paderborn 07,Bundesliga,28,,0,0.0,0.0,0.0,0.0,0,0,0.0,0.0,0.0,0,0,0,0,0,0,0,40,3.64,12.11
atakan-karazor,Atakan Karazor,Midfielder,VfB Stuttgart,Bundesliga,29,,0,0.0,42.0,43.0,70.0,28,22,49.2,8.4,34.46,0,1,1,5,14,7,0,12,3.73,18.07
tom-heinz-wisbereit,Tom Wisbereit,Goalkeeper,FC Augsburg,Bundesliga,18,,0,0.0,0.0,0.0,0.0,0,0,0.0,0.0,0.0,0,0,0,0,0,0,0,7,2.42,12.38
kastriot-imeri,Kastriot Imeri,Midfielder,1. FC Union Berlin,Bundesliga,26,,0,0.0,52.0,55.0,72.5,29,21,39.5,7.82,47.41,1,5,8,1,6,8,0,11,1.76,9.16
jarzinho-ataide-adriano-de-nascimento-malanga,Jarzinho Malanga,Midfielder,VfB Stuttgart,Bundesliga,20,,0,0.0,38.0,38.0,50.0,20,1,13.2,0.74,37.5,0,0,2,0,10,11,0,17,3.11,14.46
dan-axel-zagadou,Dan-Axel Zagadou,Defender,VfB Stuttgart,Bundesliga,27,,0,0.0,59.0,62.0,7.5,3,2,3.6,19.76,43.33,1,0,0,0,2,0,0,37,4.31,9.82
mathis-albert,Mathis Albert,Forward,Borussia Dortmund,Bundesliga,17,,0,0.0,36.0,36.0,2.5,1,0,0.1,0.7,35.0,0,0,0,0,1,0,0,25,3.46,23.37
tim-oermann,Tim Oermann,Defender,Bayer 04 Leverkusen,Bundesliga,22,,0,0.0,45.0,45.0,30.0,12,10,20.5,7.71,37.08,0,0,1,3,6,2,0,28,2.69,11.74
patrick-drewes,Patrick Drewes,Goalkeeper,Borussia Dortmund,Bundesliga,33,,0,0.0,0.0,0.0,0.0,0,0,0.0,0.0,0.0,0,0,0,0,0,0,0,40,1.93,18.41
clemens-lippmann,Clemens Lippmann,Defender,SC Paderborn 07,Bundesliga,20,29.0,0,6.0,29.0,29.0,0.0,0,0,6.0,-6.15,35.0,0,0,0,0,0,2,0,2,4.59,12.04
abdulay-juma-bah,Juma Bah,Defender,FC Augsburg,Bundesliga,20,,0,0.0,48.0,47.0,67.5,27,22,48.8,9.12,37.96,0,0,8,5,7,6,1,13,2.61,15.61
montrell-amare-culbreath,Montrell Culbreath,Midfielder,Bayer 04 Leverkusen,Bundesliga,19,,0,0.0,47.0,45.0,37.5,15,9,19.9,7.97,37.0,0,0,3,2,7,2,1,25,4.96,23.5
kenny-quetant,Kenny Quetant,Forward,SV Werder Bremen,Bundesliga,20,,0,0.0,38.0,38.0,22.5,9,4,16.2,-0.59,37.78,0,0,1,0,4,4,0,14,1.95,10.37
