Slug,Player Name,Position,Club,Current League,Age,L10,L40,Play % L40,Games Played L40,Game Started L40,Min Play/90 L40,AA L40,Decisive L40,Score 100,Score 75-99,Score 60-74,Score 50-59,Score 35-49,Score 20-34,Score 0-19,DNP L40,Avg Limited IS (€),Avg Rare IS (€)
charlie-hughes,Charlie Hughes,Defender,Hull City AFC,Premier League,22,44.0,52.0,72.5,29,27,59.5,13.45,38.79,0,2,6,6,10,3,1,12,2.27,14.12
jack-hinshelwood,Jack Hinshelwood,Midfielder,Brighton & Hove Albion FC,Premier League,21,55.0,47.0,65.0,26,19,42.9,2.5,43.27,0,1,8,1,9,7,0,14,5.16,31.37
jake-bidwell,Jake Bidwell,Defender,Coventry City FC,Premier League,33,45.0,46.0,22.5,9,3,9.4,8.58,37.78,0,1,0,2,3,2,0,32,0.99,8.43
juan-riquelme-angulo-caiced,Riquelme Angulo,Forward,Sunderland AFC,Premier League,18,55.0,48.0,50.0,20,7,18.6,1.72,45.5,0,1,7,0,4,8,0,20,5.08,19.94
martin-odegaard,Martin Ødegaard,Midfielder,Arsenal FC,Premier League,27,72.0,59.0,67.5,27,21,46.8,13.45,46.11,1,3,9,1,11,1,0,14,55.94,266.51
christian-walton,Christian Walton,Goalkeeper,Ipswich Town FC,Premier League,30,56.0,55.0,90.0,36,35,80.4,9.13,45.83,0,7,9,4,10,4,1,5,4.9,27.14
tom-cairney,Tom Cairney,Midfielder,Fulham FC,Premier League,35,45.0,44.0,55.0,22,6,19.3,6.27,37.27,0,1,1,3,15,3,0,17,1.7,16.3
josh-eccles,Josh Eccles,Midfielder,Coventry City FC,Premier League,26,45.0,45.0,77.5,31,17,34.1,5.52,39.03,0,1,4,3,18,5,0,9,1.36,14.12
kaine-kessler,Kaine Kesler-Hayden,Defender,Coventry City FC,Premier League,23,44.0,42.0,40.0,16,5,12.6,5.52,36.56,0,1,1,1,9,3,0,25,2.02,4.65
mats-wieffer,Mats Wieffer,Midfielder,Brighton & Hove Albion FC,Premier League,26,56.0,52.0,57.5,23,22,43.0,12.53,39.78,1,4,5,1,5,6,1,17,3.95,18.48
maxim-de-cuyper,Maxim De Cuyper,Defender,Brighton & Hove Albion FC,Premier League,25,57.0,48.0,85.0,34,22,46.4,7.84,40.74,2,3,5,0,13,10,0,7,19.66,86.32
marc-guehi,Marc Guéhi,Defender,Manchester City FC,Premier League,26,62.0,61.0,90.0,36,33,75.5,23.95,38.06,1,7,10,7,8,2,0,5,58.33,303.04
rayan-ait-nouri,Rayan Aït Nouri,Defender,Manchester City FC,Premier League,25,53.0,57.0,67.5,27,20,44.8,15.08,41.48,0,5,7,4,5,5,0,14,4.05,26.39
cody-mathes-gakpo,Cody Gakpo,Forward,Liverpool FC,Premier League,27,67.0,52.0,97.5,39,31,68.3,8.59,43.72,0,3,9,5,12,6,0,5,28.09,147.25
vitaly-janelt,Vitaly Janelt,Midfielder,Brentford FC,Premier League,28,57.0,53.0,72.5,29,19,47.3,13.28,40.17,1,6,2,5,9,6,0,11,15.82,67.19
james-tarkowski,James Tarkowski,Defender,Everton FC,Premier League,33,66.0,61.0,92.5,37,37,87.6,17.38,43.92,0,10,12,5,8,3,0,2,23.74,113.07
joel-latibeaudiere,Joel Latibeaudiere,Defender,Coventry City FC,Premier League,26,55.0,50.0,42.5,17,17,37.1,12.12,38.24,0,2,3,3,6,3,0,23,1.68,4.87
david-raya-martin,David Raya,Goalkeeper,Arsenal FC,Premier League,31,62.0,58.0,72.5,29,29,64.2,9.1,49.31,1,4,12,3,5,3,1,11,74.39,503.34
bruno-miguel-borges-fernandes,Bruno Fernandes,Midfielder,Manchester United FC,Premier League,32,62.0,72.0,92.5,37,37,79.2,20.02,52.43,3,15,7,6,4,0,0,5,71.59,475.45
jeremy-jacquet,Jeremy Jacquet,Defender,Liverpool FC,Premier League,21,56.0,56.0,50.0,20,20,49.4,21.98,34.25,1,4,2,9,3,3,2,16,31.79,154.8
bukayo-saka,Bukayo Saka,Midfielder,Arsenal FC,Premier League,25,67.0,59.0,77.5,31,23,49.9,12.5,46.45,1,6,8,2,10,3,0,10,69.08,458.53
alex-scott,Alex Scott,Midfielder,AFC Bournemouth,Premier League,23,59.0,53.0,92.5,37,34,74.3,14.12,38.51,0,5,5,11,11,3,1,4,15.3,107.24
joao-pedro-junqueira-de-jesus,João Pedro,Forward,Chelsea FC,Premier League,24,56.0,54.0,90.0,36,31,65.5,4.95,49.31,1,5,11,4,6,4,0,9,28.47,130.44
luka-vuskovic,Luka Vušković,Defender,Brighton & Hove Albion FC,Premier League,19,63.0,59.0,80.0,32,31,68.9,18.84,40.16,1,5,11,4,6,4,0,9,28.47,130.44
ezri-konsa-ngoyo,Ezri Konsa,Defender,Arsenal FC,Premier League,28,55.0,55.0,87.5,35,32,71.5,15.73,39.43,0,5,12,4,8,5,0,6,24.77,99.67
erling-haland,Erling Haaland,Forward,Manchester City FC,Premier League,26,67.0,58.0,90.0,36,35,76.0,4.56,53.06,0,7,16,0,9,3,0,5,86.22,539.94
cole-palmer,Cole Palmer,Midfielder,Chelsea FC,Premier League,24,53.0,53.0,80.0,32,30,61.3,7.4,45.16,0,6,5,3,12,4,0,10,44.28,280.02
jarrad-branthwaite,Jarrad Branthwaite,Defender,Everton FC,Premier League,24,58.0,56.0,35.0,14,11,27.4,16.09,40.36,0,3,3,3,3,2,0,26,14.25,73.12
jack-taylor,Jack Taylor,Midfielder,Ipswich Town FC,Premier League,28,50.0,45.0,82.5,33,20,45.1,7.94,37.27,0,1,5,3,18,5,0,8,1.45,8.53
dominik-szoboszlai,Dominik Szoboszlai,Midfielder,Liverpool FC,Premier League,25,66.0,64.0,95.0,38,38,84.6,19.19,45.66,2,10,8,8,8,1,0,3,70.17,423.4
marcus-tavernier,Marcus Tavernier,Midfielder,AFC Bournemouth,Premier League,27,61.0,54.0,87.5,35,32,73.0,9.38,43.86,0,4,9,4,14,4,0,5,20.51,81.59
georginio-rutter,Georginio Rutter,Forward,Brighton & Hove Albion FC,Premier League,24,45.0,45.0,77.5,31,20,44.8,4.68,40.0,0,2,5,1,15,6,1,10,5.25,32.15
elliott-anderson,Elliot Anderson,Midfielder,Manchester City FC,Premier League,23,58.0,61.0,92.5,37,32,73.2,22.23,39.32,1,6,7,12,9,1,0,4,65.87,380.49
lewis-dunk,Lewis Dunk,Defender,Brighton & Hove Albion FC,Premier League,34,55.0,54.0,85.0,34,32,72.0,16.73,37.5,1,3,8,5,12,4,0,7,5.77,33.31
declan-rice,Declan Rice,Midfielder,Arsenal FC,Premier League,27,61.0,60.0,92.5,37,36,78.0,19.66,40.14,1,4,8,14,6,3,0,4,55.74,372.25
azor-matusiwa,Azor Matusiwa,Midfielder,Ipswich Town FC,Premier League,28,57.0,54.0,87.5,35,35,75.0,16.5,37.43,0,3,9,7,15,1,0,5,1.76,10.76
jan-paul-van-hecke,Jan Paul Van Hecke,Defender,Tottenham Hotspur FC,Premier League,26,67.0,59.0,95.0,38,37,82.0,20.53,38.16,0,8,9,9,7,3,0,4,27.71,126.52
adrien-truffert,Adrien Truffert,Defender,AFC Bournemouth,Premier League,24,67.0,55.0,97.5,39,39,89.0,13.45,40.51,1,7,12,6,4,5,4,1,14.7,103.35
femi-azeez,F. Azeez,Forward,Brighton & Hove Albion FC,Premier League,25,44.0,50.0,85.0,34,33,61.5,2.85,46.33,0,2,12,1,9,5,1,10,0.3,11.34
josko-gvardiol,Joško Gvardiol,Defender,Manchester City FC,Premier League,24,52.0,56.0,50.0,20,16,31.6,14.24,41.25,0,4,6,1,6,2,0,21,40.81,170.98
ben-white,Ben White,Defender,Arsenal FC,Premier League,28,52.0,48.0,57.5,23,19,36.6,12.15,36.3,0,3,2,4,8,4,1,18,6.12,54.07
konstantinos-tzolakis,Konstantinos Tzolakis,Goalkeeper,Hull City AFC,Premier League,23,58.0,47.0,40.0,16,16,67.5,4.14,42.19,0,5,8,1,7,4,3,12,19.14,124.42
olivier-boscagli,Olivier Boscagli,Defender,Brighton & Hove Albion FC,Premier League,28,66.0,60.0,45.0,18,15,33.2,21.09,39.17,1,3,5,3,5,1,0,22,10.1,78.23
virgil-van-dijk,Virgil van Dijk,Defender,Liverpool FC,Premier League,35,66.0,59.0,100.0,40,40,88.5,19.18,40.75,2,5,13,6,11,2,0,1,30.24,206.66
morgan-rogers,Morgan Rogers,Midfielder,Chelsea FC,Premier League,24,52.0,50.0,95.0,38,33,72.7,5.11,44.34,0,4,9,1,14,7,2,3,30.37,233.34
granit-xhaka,Granit Xhaka,Midfielder,Sunderland AFC,Premier League,33,60.0,56.0,90.0,36,34,77.2,17.09,39.17,0,4,6,10,14,1,0,5,11.76,95.53
kobbie-mainoo,Kobbie Mainoo,Midfielder,Manchester United FC,Premier League,21,56.0,54.0,70.0,28,20,49.5,14.86,38.57,0,3,5,6,10,1,0,15,22.06,80.54
ruben-santos-gato-alves-dias,Rúben Dias,Defender,Manchester City FC,Premier League,29,60.0,58.0,62.5,25,24,51.0,20.88,37.0,1,3,6,7,6,1,0,16,20.56,136.79
luke-shaw,Luke Shaw,Defender,Manchester United FC,Premier League,31,60.0,50.0,90.0,36,36,80.2,12.19,37.08,0,0,9,10,12,5,1,3,5.47,27.86
luke-woolfenden,Luke Woolfenden,Defender,Coventry City FC,Premier League,27,53.0,50.0,37.5,15,11,25.4,14.91,35.0,0,0,3,3,6,2,0,26,1.69,12.58
allan-andrade-elias,Allan,Forward,Manchester City FC,Premier League,22,56.0,53.0,82.5,33,29,59.1,10.81,42.27,0,4,7,7,12,2,0,8,4.02,26.77
pascal-gross,Pascal Gross,Midfielder,Brighton & Hove Albion FC,Premier League,35,58.0,56.0,80.0,32,27,61.8,14.45,41.88,1,3,8,8,9,3,0,8,21.11,101.44
james-garner,James Garner,Midfielder,Everton FC,Premier League,25,59.0,62.0,100.0,40,39,84.5,21.7,40.25,1,7,10,13,8,0,0,1,16.93,130.65
daichi-kamada,Daichi Kamada,Midfielder,Crystal Palace FC,Premier League,30,58.0,54.0,85.0,34,28,60.5,12.93,40.74,0,4,7,8,9,4,0,8,8.65,64.28
youri-tielemans,Youri Tielemans,Midfielder,Manchester United FC,Premier League,29,60.0,59.0,75.0,30,28,58.2,17.86,40.83,0,6,4,8,10,0,0,12,31.37,227.29
walter-daniel-benitez,Walter Benítez,Goalkeeper,Crystal Palace FC,Premier League,33,54.0,54.0,15.0,6,6,14.2,6.55,47.5,0,1,2,0,1,2,0,34,7.13,21.63
mathis-ryan-cherki,Rayan Cherki,Forward,Manchester City FC,Premier League,23,48.0,54.0,95.0,38,21,48.1,10.52,43.03,0,8,6,4,14,6,0,2,51.51,322.54
mohamed-elbachir-belloumi,Mohamed Belloumi,Forward,Hull City AFC,Premier League,24,56.0,52.0,62.5,25,15,33.6,9.05,43.2,0,4,4,1,14,2,0,15,11.15,44.57
gabriel-dos-santos-magalhaes,Gabriel Magalhães,Defender,Arsenal FC,Premier League,28,65.0,62.0,95.0,38,36,82.9,20.11,42.24,2,8,11,5,10,2,0,2,47.42,313.45
jannik-schuster-2006-05-16,Jannik Schuster,Defender,Brentford FC,Premier League,20,59.0,55.0,57.5,23,21,51.6,14.69,39.57,1,3,4,6,5,4,0,17,7.44,30.12
gianluigi-donnarumma,Gianluigi Donnarumma,Goalkeeper,Manchester City FC,Premier League,27,61.0,56.0,97.5,39,39,88.5,9.42,46.15,0,8,11,3,7,7,1,3,77.49,405.18
chris-richards,Chris Richards,Defender,Crystal Palace FC,Premier League,26,52.0,51.0,85.0,34,32,72.3,13.49,37.35,0,4,8,6,9,4,2,7,4.03,29.62
bryan-mbeumo,Bryan Mbeumo,Forward,Manchester United FC,Premier League,27,55.0,52.0,87.5,35,33,69.3,6.36,45.29,0,2,11,1,15,4,0,7,29.49,157.63
zion-suzuki,Zion Suzuki,Goalkeeper,Aston Villa FC,Premier League,24,55.0,54.0,52.5,21,21,47.2,12.58,41.19,0,2,4,4,8,1,1,20,30.85,259.11
ainsley-maitland-niles,Ainsley Maitland-Niles,Midfielder,Everton FC,Premier League,29,52.0,50.0,80.0,32,29,62.6,8.53,40.63,0,2,12,4,6,5,2,9,5.24,21.64
abduqodir-husanov,Abdukodir Khusanov,Defender,Manchester City FC,Premier League,22,51.0,57.0,72.5,29,23,55.8,17.27,38.62,0,3,10,6,7,1,1,12,5.32,93.16
morgan-gibbs-white,Morgan Gibbs-White,Midfielder,Nottingham Forest FC,Premier League,26,63.0,52.0,95.0,38,33,74.3,5.48,46.84,0,6,10,1,12,8,0,3,25.82,188.35
tarik-muharemovic,Tarik Muharemović,Defender,Leeds United FC,Premier League,23,53.0,52.0,92.5,37,37,83.4,15.56,36.22,0,4,9,8,8,4,2,5,9.0,54.44
kevin-schade,Kevin Schade,Midfielder,Brentford FC,Premier League,24,48.0,49.0,85.0,34,31,66.4,4.94,43.38,0,2,9,2,14,5,1,7,11.46,63.55
lewis-hall-2004-09-08,Lewis Hall,Defender,Newcastle United FC,Premier League,22,49.0,50.0,97.5,39,33,74.3,13.13,37.31,1,1,9,8,12,7,0,2,10.74,75.38
james-trafford,James Trafford,Goalkeeper,Leeds United FC,Premier League,23,46.0,48.0,17.5,7,7,14.6,9.74,38.57,0,1,0,2,2,0,0,35,30.52,173.66
mickey-van-de-ven,Micky van de Ven,Defender,Tottenham Hotspur FC,Premier League,25,49.0,45.0,85.0,34,34,71.7,9.08,35.74,0,2,5,2,14,8,1,8,10.53,63.85
yann-gboho,Yann Gboho,Forward,Coventry City FC,Premier League,25,53.0,55.0,72.5,29,28,71.7,12.26,42.76,0,6,4,6,13,4,1,6,4.65,21.85
caoimhin-kelleher,Caoimhin Kelleher,Goalkeeper,Brentford FC,Premier League,27,53.0,50.0,97.5,39,39,87.8,8.37,41.79,0,4,11,3,10,8,2,2,24.84,163.88
anthony-elanga,Anthony Elanga,Forward,Newcastle United FC,Premier League,24,53.0,46.0,80.0,32,20,40.8,5.73,40.0,0,2,4,0,21,4,0,9,5.83,63.24
riccardo-calafiori,Riccardo Calafiori,Defender,Arsenal FC,Premier League,24,51.0,47.0,52.5,21,16,32.3,10.47,36.43,0,3,3,2,5,6,1,20,13.85,91.62
enzo-jeremias-fernandez,Enzo Fernández,Midfielder,Manchester City FC,Premier League,25,55.0,57.0,92.5,37,35,76.0,13.58,43.78,0,8,9,6,8,5,0,4,44.45,329.71
mamadou-sangare,Mamadou Sangaré,Midfielder,Brentford FC,Premier League,24,65.0,62.0,87.5,35,34,73.1,21.66,40.0,0,7,10,8,8,0,0,7,15.9,125.53
matheus-santos-carneiro-da-cunha,Matheus Cunha,Forward,Manchester United FC,Premier League,27,56.0,58.0,90.0,36,33,67.8,10.67,47.36,0,7,12,3,11,2,0,5,31.26,214.33
jayden-bogle,Jayden Bogle,Defender,Leeds United FC,Premier League,26,53.0,43.0,82.5,33,31,72.1,3.18,38.94,0,0,8,3,12,7,5,5,4.37,18.54
maxence-lacroix,Maxence Lacroix,Defender,Chelsea FC,Premier League,26,46.0,52.0,80.0,32,30,62.7,10.85,40.94,0,4,4,6,12,4,1,9,9.71,123.29
bobby-thomas,Bobby Thomas,Defender,Coventry City FC,Premier League,25,60.0,54.0,67.5,27,27,59.3,13.65,40.93,1,5,4,5,6,4,1,14,3.46,19.84
bart-verbruggen,Bart Verbruggen,Goalkeeper,Brighton & Hove Albion FC,Premier League,24,54.0,50.0,97.5,39,39,86.8,9.42,40.26,0,4,12,2,15,2,4,1,28.04,230.84
john-egan,John Egan,Defender,Hull City AFC,Premier League,33,53.0,51.0,90.0,36,34,73.8,13.81,36.53,0,0,10,11,10,4,0,5,3.54,19.52
antonin-kinsky,Antonín Kinský,Goalkeeper,Tottenham Hotspur FC,Premier League,23,50.0,44.0,30.0,12,12,25.2,2.69,40.83,0,2,2,0,3,4,1,28,25.13,140.17
neco-williams,Neco Williams,Defender,Nottingham Forest FC,Premier League,25,54.0,53.0,97.5,39,34,79.6,15.76,38.08,2,6,1,6,14,6,2,3,10.82,67.85
christos-tzolis,Christos Tzolis,Forward,Arsenal FC,Premier League,24,69.0,70.0,87.5,35,32,70.4,18.26,54.0,6,11,5,7,2,3,0,6,46.24,181.23
joshua-king-2007-01-03,Joshua King,Midfielder,Fulham FC,Premier League,19,48.0,42.0,80.0,32,15,35.3,3.03,38.59,0,2,3,2,14,11,1,7,7.76,39.17
anton-stach,Anton Stach,Midfielder,Leeds United FC,Premier League,27,49.0,54.0,72.5,29,28,58.9,12.38,41.9,0,5,7,3,11,4,0,10,7.86,69.91
jaden-philogene-bidace,Jaden Philogene,Forward,Ipswich Town FC,Premier League,24,50.0,52.0,67.5,27,17,35.8,8.34,43.33,0,4,5,1,15,1,0,14,1.84,9.37
adam-wharton,Adam Wharton,Midfielder,Crystal Palace FC,Premier League,22,53.0,48.0,92.5,37,32,70.0,10.6,37.03,0,3,4,10,12,5,2,4,3.4,55.9
enzo-le-fee,Enzo Le Fée,Midfielder,Sunderland AFC,Premier League,26,58.0,54.0,95.0,38,37,83.1,11.84,41.58,0,6,9,5,11,6,1,2,11.33,80.52
exequiel-alejandro-palacios,Exequiel Palacios,Midfielder,Ipswich Town FC,Premier League,27,55.0,54.0,70.0,28,19,45.4,17.63,35.89,0,2,7,4,10,2,0,15,5.99,61.72
alexander-isak,Alexander Isak,Forward,Liverpool FC,Premier League,27,54.0,48.0,47.5,19,13,29.8,2.28,45.79,0,3,4,0,6,5,0,22,31.9,236.25
ryan-giles,Ryan Giles,Defender,Hull City AFC,Premier League,26,49.0,42.0,65.0,26,24,48.9,5.42,36.92,0,1,5,1,6,11,1,15,2.59,8.38
damian-emiliano-martinez,Emiliano Martínez,Goalkeeper,Chelsea FC,Premier League,34,46.0,53.0,90.0,36,36,82.8,10.0,42.78,0,3,11,4,13,4,0,5,29.41,213.08
axel-disasi,Axel Disasi,Defender,Crystal Palace FC,Premier League,28,51.0,49.0,45.0,18,17,82.5,13.22,35.28,0,2,6,4,9,6,1,12,4.12,29.64
ellis-simms,Ellis Simms,Forward,Coventry City FC,Premier League,25,38.0,43.0,92.5,37,16,39.7,1.64,41.76,0,4,3,0,10,19,0,4,1.45,9.6
marcos-senesi,Marcos Senesi,Defender,Tottenham Hotspur FC,Premier League,29,61.0,59.0,75.0,30,29,65.0,15.04,43.33,2,5,7,6,4,5,0,11,2.66,35.29
dario-esteban-osorio-osorio,Darío Osorio,Midfielder,Crystal Palace FC,Premier League,22,61.0,54.0,90.0,36,30,60.8,12.08,42.36,1,5,5,6,16,2,0,5,7.99,30.11
kiernan-dewsbury-hall,Kiernan Dewsbury-Hall,Midfielder,Everton FC,Premier League,28,52.0,54.0,77.5,31,30,69.3,9.76,43.87,0,5,6,3,13,5,0,8,12.37,90.78
jordan-pickford,Jordan Pickford,Goalkeeper,Everton FC,Premier League,32,51.0,47.0,95.0,38,38,84.5,5.79,41.32,0,6,7,2,13,5,5,2,34.95,165.15
mateus-goncalo-espanha-fernandes,Mateus Fernandes,Midfielder,Tottenham Hotspur FC,Premier League,22,54.0,56.0,97.5,39,36,77.3,15.96,39.49,1,6,6,7,15,4,0,1,16.45,110.87
nobel-mendy,Nobel Mendy,Defender,Hull City AFC,Premier League,22,49.0,42.0,65.0,26,21,42.1,6.39,35.58,1,1,2,3,10,6,3,14,3.22,23.33
francisco-evanilson-de-lima-barbosa,Evanilson,Forward,AFC Bournemouth,Premier League,26,50.0,46.0,92.5,37,33,72.2,3.07,42.43,0,0,11,1,14,11,0,3,10.79,61.92
alexis-mac-allister,Alexis Mac Allister,Midfielder,Liverpool FC,Premier League,27,54.0,51.0,100.0,40,33,75.8,10.08,41.13,0,7,1,6,21,4,0,1,8.64,53.47
emersonn-correia-da-silva,Emersonn,Forward,Ipswich Town FC,Premier League,22,49.0,44.0,77.5,31,23,52.9,0.81,42.74,0,2,9,0,13,10,1,5,3.55,24.25
leif-davis,Leif Davis,Defender,Ipswich Town FC,Premier League,26,54.0,55.0,77.5,31,29,66.0,13.7,40.32,0,2,11,5,9,3,0,10,4.9,25.86
oluwasemilogo-adesewo-ibidapo-ajayi,S. Ajayi,Defender,Hull City AFC,Premier League,32,50.0,53.0,57.5,23,22,48.2,14.43,38.48,0,4,2,6,6,3,1,18,2.55,13.89
mathias-jensen,Mathias Jensen,Midfielder,Brentford FC,Premier League,30,51.0,46.0,90.0,36,26,56.5,7.99,37.78,0,1,6,2,20,6,0,5,1.68,15.58
jorgen-strand-larsen,Jørgen Larsen,Forward,Crystal Palace FC,Premier League,26,43.0,40.0,87.5,35,20,50.0,-0.33,40.29,0,1,7,0,8,18,0,6,5.74,22.69
andrew-robertson,Andy Robertson,Defender,Tottenham Hotspur FC,Premier League,32,49.0,48.0,72.5,29,17,42.4,10.33,36.9,0,2,3,3,13,5,1,13,3.82,19.82
cristhian-andrey-mosquera-ibarguen,Cristhian Mosquera,Defender,Arsenal FC,Premier League,22,42.0,47.0,50.0,20,13,29.3,8.65,37.75,0,0,4,3,6,4,1,22,5.37,22.85
shea-charles,Shea Charles,Midfielder,Fulham FC,Premier League,22,54.0,51.0,72.5,29,16,42.6,11.4,39.48,0,3,4,4,10,4,1,14,5.85,33.4
moises-isaac-caicedo-corozo,Moisés Caicedo,Midfielder,Chelsea FC,Premier League,24,55.0,55.0,85.0,34,33,71.7,18.93,36.03,1,3,4,12,9,2,1,8,20.85,220.94
sandro-tonali,Sandro Tonali,Midfielder,Tottenham Hotspur FC,Premier League,26,49.0,48.0,92.5,37,34,70.3,9.98,37.97,0,1,5,5,21,4,0,4,9.29,46.98
abdulkadir-omur,Abdülkadir Ömür,Midfielder,Hull City AFC,Premier League,27,39.0,39.0,50.0,20,12,29.0,4.49,35.0,0,0,1,1,19,4,0,15,1.07,7.01
trai-hume,Trai Hume,Defender,Sunderland AFC,Premier League,24,51.0,46.0,97.5,39,34,74.4,6.08,38.46,0,4,6,3,11,11,2,3,2.68,12.08
yasin-abbas-ayari,Yasin Ayari,Midfielder,Brighton & Hove Albion FC,Premier League,22,47.0,48.0,75.0,30,23,51.2,5.93,42.0,0,4,4,3,12,6,0,11,5.61,39.7
lisandro-martinez,Lisandro Martínez,Defender,Manchester United FC,Premier League,28,56.0,55.0,75.0,30,25,57.9,18.58,36.5,1,3,6,6,9,4,0,11,12.23,51.05
kai-havertz,Kai Havertz,Forward,Arsenal FC,Premier League,27,57.0,54.0,72.5,29,17,41.7,3.92,49.31,0,3,10,0,9,4,0,14,24.59,175.66
james-justin,James Justin,Defender,Leeds United FC,Premier League,28,58.0,51.0,77.5,31,25,60.5,12.52,39.35,1,1,7,5,14,4,0,8,5.34,32.86
justin-kluivert,Justin Kluivert,Forward,AFC Bournemouth,Premier League,27,43.0,42.0,50.0,20,13,28.6,2.56,38.75,0,0,3,1,10,5,0,21,7.94,43.4
reinildo-isnard-mandava,Reinildo,Defender,Sunderland AFC,Premier League,32,50.0,47.0,70.0,28,26,57.4,9.69,36.79,0,3,4,5,9,2,5,12,1.78,13.98
malick-junior-yalcouye,Malick Yalcouyé,Midfielder,Brighton & Hove Albion FC,Premier League,20,47.0,43.0,75.0,30,9,25.1,4.89,38.33,0,0,4,2,18,6,0,10,7.68,25.33
tyrique-george,Tyrique George,Forward,Everton FC,Premier League,20,47.0,43.0,47.5,19,6,15.3,5.69,37.63,0,1,0,1,14,2,0,22,5.1,39.89
romeo-lavia,Roméo Lavia,Midfielder,Chelsea FC,Premier League,22,45.0,42.0,40.0,16,8,14.8,5.08,36.56,0,0,1,0,12,2,0,25,5.93,38.14
will-osula,William Osula,Forward,Newcastle United FC,Premier League,23,50.0,44.0,52.5,21,10,23.8,0.9,42.62,0,1,5,0,5,8,0,21,3.42,46.78
antoine-semenyo,Antoine Semenyo,Forward,Manchester City FC,Premier League,26,46.0,50.0,92.5,37,36,77.3,6.81,43.51,0,2,12,2,16,4,1,3,31.13,170.62
bruno-guimaraes-rodriguez-moura,Bruno Guimarães,Midfielder,Arsenal FC,Premier League,28,59.0,62.0,62.5,25,21,46.1,15.74,46.2,0,6,6,5,4,3,0,16,34.68,203.44
ethan-ampadu,Ethan Ampadu,Midfielder,Leeds United FC,Premier League,26,54.0,53.0,97.5,39,39,86.3,16.06,37.05,0,3,7,8,17,2,0,3,6.56,50.11
dwight-mcneil,Dwight McNeil,Forward,Crystal Palace FC,Premier League,26,43.0,42.0,60.0,24,15,33.2,5.29,36.25,0,1,1,1,15,6,0,16,1.66,10.64
nikola-milenkovic,Nikola Milenković,Defender,Nottingham Forest FC,Premier League,28,47.0,49.0,95.0,38,33,78.7,12.55,36.05,0,3,5,7,12,9,1,3,2.1,8.17
regan-slater,Regan Slater,Midfielder,Hull City AFC,Premier League,27,48.0,47.0,90.0,36,34,74.2,9.62,37.78,0,1,4,12,14,4,0,5,4.18,17.58
alisson-ramses-becker,Alisson Becker,Goalkeeper,Liverpool FC,Premier League,33,55.0,53.0,75.0,30,30,66.4,9.53,43.67,0,7,5,1,11,4,1,11,37.41,266.7
zian-flemming,Zian Flemming,Forward,Ipswich Town FC,Premier League,28,49.0,46.0,77.5,31,23,50.6,0.47,45.32,0,1,11,0,6,13,0,9,0.83,18.72
victor-munoz-villanueva,Víctor Muñoz,Forward,Liverpool FC,Premier League,23,54.0,52.0,70.0,28,25,52.2,7.72,44.29,0,3,6,1,13,4,0,13,4.98,57.96
yeremi-jesus-pino-santos,Yeremy Pino,Midfielder,Crystal Palace FC,Premier League,23,46.0,44.0,77.5,31,18,36.0,7.09,36.94,1,0,2,4,19,4,0,10,6.67,19.84
murillo-santiago-costa-dos-santos,Murillo,Defender,Nottingham Forest FC,Premier League,24,47.0,49.0,72.5,29,26,55.9,10.62,37.93,0,1,6,9,6,6,1,11,3.68,23.38
robin-roefs,Robin Roefs,Goalkeeper,Sunderland AFC,Premier League,23,47.0,45.0,75.0,30,30,66.4,4.9,39.67,0,3,5,0,14,5,3,10,10.96,86.32
jaka-bijol,Jaka Bijol,Defender,Leeds United FC,Premier League,27,51.0,50.0,82.5,33,28,62.0,11.55,38.94,0,3,8,6,8,5,2,8,2.23,10.02
charalambos-kostoulas,Charalampos Kostoulas,Forward,Brighton & Hove Albion FC,Premier League,19,47.0,43.0,75.0,30,6,20.0,2.27,40.67,0,1,4,1,13,10,0,11,17.29,52.4
matheus-luiz-nunes,Matheus Nunes,Midfielder,Manchester City FC,Premier League,28,55.0,59.0,75.0,30,28,56.8,19.62,39.17,0,10,4,3,10,2,0,11,15.27,79.05
ben-chilwell,Ben Chilwell,Defender,Crystal Palace FC,Premier League,29,44.0,47.0,67.5,27,23,49.5,8.9,37.96,0,1,5,4,10,6,0,14,2.31,13.17
pedro-lomba-neto,Pedro Neto,Forward,Chelsea FC,Premier League,26,50.0,49.0,90.0,36,31,64.7,8.8,40.0,0,2,7,2,21,3,0,5,14.73,54.24
iliman-ndiaye,Iliman Ndiaye,Forward,Manchester City FC,Premier League,26,52.0,50.0,80.0,32,28,62.1,9.26,40.78,0,3,5,2,18,3,0,9,11.42,76.59
timothy-castagne,Timothy Castagne,Defender,Fulham FC,Premier League,30,53.0,50.0,87.5,35,26,59.9,10.55,39.29,1,4,5,7,16,2,0,5,2.04,26.1
ronald-federico-araujo-da-silva,Ronald Araújo,Defender,Liverpool FC,Premier League,27,49.0,48.0,65.0,26,9,25.9,9.47,38.27,1,1,2,4,11,5,0,16,8.3,35.11
edward-nketiah,Eddie Nketiah,Forward,Crystal Palace FC,Premier League,27,48.0,48.0,25.0,10,6,11.7,2.38,46.0,0,1,2,0,3,3,0,31,2.35,9.47
aladji-bamba,Aladji Bamba,Midfielder,Newcastle United FC,Premier League,20,45.0,42.0,50.0,20,9,20.6,4.95,37.5,0,2,0,1,11,6,0,20,0.61,12.81
xaver-schlager,Xaver Schlager,Midfielder,Nottingham Forest FC,Premier League,28,52.0,49.0,85.0,34,28,59.5,9.32,39.41,0,3,4,5,15,6,0,7,7.82,30.08
malick-martin-fofana,Malick Fofana,Midfielder,Sunderland AFC,Premier League,21,48.0,45.0,32.5,13,4,11.6,6.35,38.85,0,1,1,0,9,2,0,27,6.61,48.88
james-mcatee,James McAtee,Midfielder,Nottingham Forest FC,Premier League,23,47.0,47.0,52.5,21,12,23.5,8.67,38.57,1,1,2,2,9,6,0,19,6.25,37.36
dara-o-shea,Dara O'Shea,Defender,Ipswich Town FC,Premier League,27,54.0,56.0,100.0,40,40,90.8,19.56,37.0,1,2,15,8,9,2,2,1,3.17,17.02
john-mcginn,John McGinn,Midfielder,Aston Villa FC,Premier League,31,46.0,51.0,75.0,30,27,52.5,6.26,45.0,0,4,9,3,5,8,0,11,9.31,39.52
nicolas-jackson,Nicolas Jackson,Forward,Aston Villa FC,Premier League,25,44.0,47.0,70.0,28,19,38.9,4.61,42.68,0,3,5,0,12,5,1,14,9.15,76.4
tyrone-mings,Tyrone Mings,Defender,Aston Villa FC,Premier League,33,40.0,44.0,42.5,17,12,29.5,7.65,36.47,0,1,2,0,11,3,0,23,1.22,15.14
noah-sadiki,Noah Sadiki,Midfielder,Sunderland AFC,Premier League,21,46.0,44.0,87.5,35,32,69.2,8.25,35.71,0,0,3,6,18,7,0,6,2.88,16.47
keane-lewis-potter,Keane Lewis-Potter,Forward,Brentford FC,Premier League,25,45.0,43.0,90.0,36,22,52.0,3.56,39.03,0,1,6,1,17,11,1,3,2.96,33.41
issa-diop,Issa Diop,Defender,Ipswich Town FC,Premier League,29,51.0,47.0,57.5,23,18,43.4,8.78,38.26,0,1,3,2,8,5,0,21,3.43,17.69
marcus-rashford,Marcus Rashford,Forward,Manchester United FC,Premier League,28,48.0,51.0,77.5,31,14,35.2,8.48,42.26,0,2,9,3,14,2,0,10,13.6,94.04
jose-maria-andres-baixauli,Chema Andrés,Midfielder,Brighton & Hove Albion FC,Premier League,21,46.0,46.0,72.5,29,15,34.8,7.02,38.62,0,2,3,2,19,3,0,11,3.76,21.56
florentino-ibrain-morris-luis,Florentino Luís,Midfielder,Ipswich Town FC,Premier League,27,42.0,44.0,77.5,31,25,55.2,9.65,34.52,0,1,1,6,18,6,0,8,1.17,7.22
kevin-danso,Kevin Danso,Defender,Sunderland AFC,Premier League,28,45.0,44.0,65.0,26,20,45.9,7.42,36.15,0,0,3,8,8,5,2,14,3.13,21.01
julio-enciso,Julio Enciso,Midfielder,Ipswich Town FC,Premier League,22,56.0,50.0,97.5,39,34,74.8,4.92,44.87,0,6,7,1,15,9,0,2,6.67,61.61
jack-clarke,Jack Clarke,Forward,Ipswich Town FC,Premier League,25,48.0,53.0,97.5,39,19,50.3,10.0,42.95,0,4,8,3,20,3,0,2,2.52,15.4
abdul-fatawu-issahaku,Issahaku Fatawu,Forward,Ipswich Town FC,Premier League,22,44.0,51.0,95.0,38,33,71.0,7.73,42.89,0,1,11,4,20,1,0,3,3.46,14.69
mouhamadou-diarra,Habib Diarra,Midfielder,Sunderland AFC,Premier League,22,48.0,45.0,67.5,27,18,38.5,2.77,41.85,0,0,7,1,7,10,0,15,1.97,6.38
florian-wirtz,Florian Wirtz,Midfielder,Liverpool FC,Premier League,23,58.0,58.0,90.0,36,33,71.9,13.31,45.83,1,8,6,4,14,2,0,5,42.07,204.02
victor-torp-overgaard,Victor Torp,Midfielder,Coventry City FC,Premier League,27,50.0,51.0,82.5,33,16,40.9,8.52,42.88,1,2,8,3,12,6,0,8,1.59,9.16
michael-olabode-kayode,Michael Kayode,Defender,Brentford FC,Premier League,22,43.0,47.0,92.5,37,36,82.7,10.74,36.08,0,2,8,4,11,12,1,2,2.8,22.01
loum-tchaouna,Loum Tchaouna,Forward,Coventry City FC,Premier League,23,45.0,41.0,70.0,28,15,34.9,3.05,37.68,0,0,3,1,19,6,0,11,1.73,12.92
lukas-hornicek,Lukáš Horníček,Goalkeeper,Newcastle United FC,Premier League,24,47.0,54.0,85.0,34,34,76.2,8.43,45.15,0,5,7,2,12,5,0,9,16.73,125.91
pedro-antonio-porro-sauceda,Pedro Porro,Defender,Tottenham Hotspur FC,Premier League,27,61.0,59.0,75.0,30,30,64.0,19.95,40.33,1,5,8,3,5,8,0,10,14.37,151.72
nathan-michael-collins,Nathan Collins,Defender,Brentford FC,Premier League,25,44.0,51.0,90.0,36,33,75.5,12.76,38.33,0,5,4,6,14,5,1,5,1.77,19.58
oliver-mcburnie,Oliver McBurnie,Forward,Hull City AFC,Premier League,30,51.0,49.0,85.0,34,30,68.2,2.16,46.18,0,1,13,0,12,8,0,6,4.24,24.1
matt-grimes,Matthew Grimes,Midfielder,Coventry City FC,Premier League,31,53.0,54.0,100.0,40,40,89.8,17.55,36.38,0,5,5,10,17,2,0,1,2.29,12.47
antonio-joao-pereira-albuquerque-tavares-silva,António Silva,Defender,AFC Bournemouth,Premier League,22,60.0,55.0,72.5,29,23,51.0,17.73,36.9,1,2,7,6,9,1,2,12,5.24,50.7
noah-okafor,Noah Okafor,Forward,Leeds United FC,Premier League,26,52.0,45.0,67.5,27,17,34.9,3.85,41.3,0,2,4,0,17,4,0,13,7.49,21.79
joe-rodon,Joseph Rodon,Defender,Leeds United FC,Premier League,28,39.0,44.0,87.5,35,33,72.8,8.85,35.14,0,2,2,6,13,10,1,6,0.67,14.74
alex-iwobi,Alex Iwobi,Forward,Fulham FC,Premier League,30,49.0,53.0,75.0,30,29,63.8,14.08,39.0,0,3,1,9,15,0,0,12,5.25,49.44
jacob-ramsey,Jacob Ramsey,Midfielder,Newcastle United FC,Premier League,25,50.0,45.0,85.0,34,17,43.0,7.52,37.65,0,2,4,4,18,5,0,7,3.33,17.37
chuba-akpom,Chuba Akpom,Forward,Ipswich Town FC,Premier League,30,38.0,41.0,60.0,24,4,17.1,2.34,38.13,0,0,3,0,13,7,0,17,1.0,12.33
vitalii-mykolenko,Vitalii Mykolenko,Defender,Everton FC,Premier League,27,41.0,44.0,92.5,37,37,82.9,8.28,35.41,0,2,2,8,14,8,2,4,5.32,13.8
daniel-james,Dan James,Forward,Leeds United FC,Premier League,28,44.0,44.0,55.0,22,6,18.3,4.08,39.55,0,0,3,0,14,3,0,20,2.14,11.81
calvin-ughelumba,Calvin Bassey,Defender,Fulham FC,Premier League,26,57.0,55.0,80.0,32,31,69.5,16.53,38.13,0,4,8,4,10,3,0,11,3.28,29.14
matz-sels,Matz Sels,Goalkeeper,Nottingham Forest FC,Premier League,34,51.0,50.0,60.0,24,23,50.9,6.68,43.33,0,0,8,3,6,7,0,16,9.89,101.04
bazoumana-toure,Bazoumana Touré,Forward,Newcastle United FC,Premier League,20,49.0,51.0,75.0,30,22,44.5,6.01,45.33,0,2,10,0,12,6,0,10,4.51,26.12
wilson-isidor,Wilson Isidor,Forward,Sunderland AFC,Premier League,26,50.0,41.0,85.0,34,11,28.9,-0.06,40.88,0,0,6,0,8,19,0,7,2.88,9.81
diego-alexander-gomez-amarilla,Diego Gómez,Midfielder,Brighton & Hove Albion FC,Premier League,23,41.0,44.0,87.5,35,32,66.0,5.27,38.43,0,3,3,1,14,10,2,7,4.44,19.09
dan-ndoye,Dan Ndoye,Forward,Nottingham Forest FC,Premier League,25,51.0,47.0,70.0,28,16,35.8,6.52,40.36,0,2,3,0,16,4,0,15,7.59,34.54
dominic-calvert-lewin,Dominic Calvert-Lewin,Forward,Leeds United FC,Premier League,29,52.0,47.0,92.5,37,33,76.7,-1.02,46.49,0,3,13,0,8,13,1,2,10.58,58.42
david-affengruber-2001-03-19,David Affengruber,Defender,Fulham FC,Premier League,25,48.0,51.0,82.5,33,31,66.5,15.14,36.06,1,4,4,10,7,4,2,8,4.25,18.09
ryan-gravenberch,Ryan Gravenberch,Midfielder,Liverpool FC,Premier League,24,48.0,53.0,97.5,39,34,74.5,12.88,40.38,1,2,9,6,18,3,0,1,8.46,71.22
conor-gallagher,Conor Gallagher,Midfielder,Tottenham Hotspur FC,Premier League,26,50.0,45.0,87.5,35,19,48.4,6.7,37.86,0,1,5,1,20,7,0,6,2.32,15.93
harry-maguire,Harry Maguire,Defender,Manchester United FC,Premier League,33,54.0,50.0,62.5,25,23,50.0,14.22,35.8,0,2,6,4,8,3,1,16,5.46,31.68
senne-lammens,Senne Lammens,Goalkeeper,Manchester United FC,Premier League,24,44.0,45.0,80.0,32,31,70.2,5.42,40.0,0,2,7,1,17,5,2,6,34.62,247.38
quinten-maduro,Quinten Timber,Midfielder,Crystal Palace FC,Premier League,25,41.0,46.0,85.0,34,28,56.0,7.9,38.24,0,3,2,5,16,6,0,8,3.7,18.7
tyrick-mitchell,Tyrick Mitchell,Defender,Crystal Palace FC,Premier League,27,47.0,49.0,97.5,39,35,80.0,9.5,39.1,0,4,6,5,14,7,2,2,3.61,22.27
lewie-coyle,Lewie Coyle,Defender,Hull City AFC,Premier League,30,42.0,44.0,92.5,37,37,77.1,6.46,37.03,0,1,6,4,16,10,0,3,2.19,6.96
harry-wilson,Harry Wilson,Forward,Leeds United FC,Premier League,29,43.0,56.0,95.0,38,33,71.3,10.96,45.79,1,6,7,3,17,2,0,4,2.04,55.6
boubacar-kamara,Boubacar Kamara,Midfielder,Aston Villa FC,Premier League,26,46.0,49.0,32.5,13,12,26.1,11.28,37.69,0,2,0,2,5,3,0,28,6.3,31.65
kasey-mcateer,Kasey McAteer,Midfielder,Ipswich Town FC,Premier League,24,47.0,43.0,62.5,25,10,24.1,3.34,39.0,0,1,3,0,13,7,0,16,0.53,7.95
lukas-nmecha,Lukas Nmecha,Forward,Leeds United FC,Premier League,27,42.0,42.0,72.5,29,9,26.7,1.69,40.52,0,1,5,0,14,11,0,9,1.91,13.1
nordi-mukiele-mulere,Nordi Mukiele,Defender,Sunderland AFC,Premier League,28,44.0,51.0,85.0,34,34,76.1,11.18,39.71,1,3,6,10,7,6,1,6,2.69,21.34
jaydee-canvot,Jaydee Canvot,Defender,Crystal Palace FC,Premier League,20,43.0,50.0,75.0,30,25,58.7,15.61,34.67,1,2,5,7,6,6,2,11,2.81,37.0
benjamin-sesko,Benjamin Šeško,Forward,Manchester United FC,Premier League,23,47.0,47.0,80.0,32,18,43.8,1.22,45.47,0,1,11,0,8,11,0,9,6.23,43.89
melvin-bard,Melvin Bard,Defender,Leeds United FC,Premier League,25,47.0,44.0,80.0,32,29,64.7,8.69,35.47,0,2,5,4,9,8,3,9,0.76,10.71
leny-yoro,Leny Yoro,Defender,Manchester United FC,Premier League,20,46.0,42.0,75.0,30,15,39.7,7.1,35.17,0,1,5,0,18,6,1,9,2.61,24.1
bernd-leno,Bernd Leno,Goalkeeper,Fulham FC,Premier League,34,52.0,46.0,95.0,38,38,90.0,5.78,39.87,0,1,9,3,17,7,2,1,14.73,81.73
hayden-hackney,Hayden Hackney,Midfielder,Everton FC,Premier League,24,60.0,60.0,75.0,30,26,58.7,19.02,41.33,1,4,12,4,7,1,0,11,3.72,19.96
harrison-armstrong,Harrison Armstrong,Midfielder,Everton FC,Premier League,19,41.0,45.0,72.5,29,22,46.4,6.44,38.45,0,0,4,2,19,3,0,12,3.33,21.38
ayyoub-bouaddi,Ayyoub Bouaddi,Midfielder,Manchester City FC,Premier League,18,44.0,46.0,80.0,32,28,57.5,12.04,34.06,0,1,5,3,15,5,2,9,12.89,64.73
mason-mount,Mason Mount,Midfielder,Manchester United FC,Premier League,27,41.0,43.0,50.0,20,9,22.7,4.55,38.75,0,0,3,1,11,6,0,19,3.0,16.0
milos-kerkez,Milos Kerkez,Defender,Liverpool FC,Premier League,22,42.0,48.0,87.5,35,28,61.2,9.93,37.86,0,0,9,4,15,6,0,6,6.33,42.6
harvey-lewis-barnes,Harvey Barnes,Midfielder,Newcastle United FC,Premier League,28,52.0,48.0,95.0,38,26,60.6,5.76,42.5,0,4,8,0,18,8,0,2,11.44,55.94
joseph-willock,Joe Willock,Midfielder,Newcastle United FC,Premier League,27,44.0,42.0,82.5,33,14,34.4,4.07,38.03,0,1,3,3,16,9,0,8,3.13,6.57
iyenoma-destiny-udogie,Destiny Udogie,Defender,Tottenham Hotspur FC,Premier League,23,38.0,41.0,57.5,23,15,35.2,4.26,37.17,0,2,3,1,8,7,1,18,3.67,17.19
mikkel-damsgaard,Mikkel Damsgaard,Midfielder,Brentford FC,Premier League,26,49.0,52.0,92.5,37,26,56.6,10.53,41.62,1,4,5,5,17,4,0,4,3.26,39.93
savio-moreira-de-oliveira,Sávio,Forward,Tottenham Hotspur FC,Premier League,22,44.0,42.0,60.0,24,8,21.7,4.63,37.08,0,0,2,1,15,5,0,17,12.37,65.14
yoane-wissa,Yoane Wissa,Forward,Newcastle United FC,Premier League,30,50.0,41.0,80.0,32,14,38.5,0.49,40.31,0,0,6,0,14,11,0,9,11.56,109.09
ehor-yarmolyuk,Yehor Yarmolyuk,Midfielder,Brentford FC,Premier League,22,47.0,45.0,97.5,39,29,65.2,7.94,36.92,0,2,3,7,18,8,0,2,1.51,24.76
sasa-lukic,Saša Lukić,Midfielder,Ipswich Town FC,Premier League,30,45.0,44.0,70.0,28,22,42.1,6.25,37.68,0,0,5,1,16,3,0,15,1.75,17.32
christos-mouzakitis,Christos Mouzakitis,Midfielder,Hull City AFC,Premier League,19,41.0,41.0,40.0,16,10,47.9,7.34,33.75,0,2,1,4,12,7,0,9,3.33,37.85
tatsuhiro-sakamoto,Tatsuhiro Sakamoto,Midfielder,Coventry City FC,Premier League,29,52.0,52.0,70.0,28,22,49.0,10.5,41.96,1,2,4,4,14,2,0,13,1.72,10.53
ross-barkley,Ross Barkley,Midfielder,Aston Villa FC,Premier League,32,43.0,46.0,47.5,19,11,26.6,6.6,38.95,0,1,3,0,10,4,1,21,1.89,11.06
gustavo-hamer,Gustavo Hamer,Midfielder,Coventry City FC,Premier League,29,54.0,54.0,77.5,31,19,44.8,7.56,46.45,1,6,7,2,7,8,0,9,1.61,10.03
philip-foden,Phil Foden,Midfielder,Manchester City FC,Premier League,26,48.0,49.0,87.5,35,21,50.5,8.16,40.86,2,3,2,4,17,5,1,6,9.49,109.87
marcelino-ignacio-nunez-espinoza,Marcelino Núñez,Midfielder,Ipswich Town FC,Premier League,26,38.0,47.0,80.0,32,25,52.6,5.79,41.25,0,2,6,2,12,8,1,9,2.03,6.95
nilson-david-angulo-ramirez,Nilson Angulo,Forward,Sunderland AFC,Premier League,23,48.0,51.0,85.0,34,28,58.4,9.62,41.47,0,5,2,5,19,2,0,7,4.03,16.46
harry-amass,Harry Amass,Defender,Manchester United FC,Premier League,19,49.0,47.0,40.0,16,14,32.3,9.25,38.13,0,3,3,1,2,5,1,25,0.54,8.2
oscar-bobb,Oscar Bobb,Midfielder,Fulham FC,Premier League,23,43.0,44.0,67.5,27,12,29.9,7.61,35.93,0,0,0,4,16,4,0,16,6.16,32.99
myles-anthony-lewis-skelly,Myles Lewis-Skelly,Defender,Arsenal FC,Premier League,19,44.0,44.0,52.5,21,14,31.9,6.95,37.38,0,1,4,2,5,8,1,19,3.9,27.57
rayan-vitor-simplicio-rocha,Rayan,Forward,AFC Bournemouth,Premier League,20,50.0,53.0,87.5,35,32,68.4,8.38,44.86,0,3,12,2,17,2,0,4,6.96,89.46
liam-delap,Liam Delap,Forward,Nottingham Forest FC,Premier League,23,37.0,39.0,82.5,33,13,34.5,0.85,38.03,0,0,4,1,15,13,0,7,6.07,50.95
honest-ahanor,Honest Ahanor,Defender,Crystal Palace FC,Premier League,18,43.0,43.0,62.5,25,14,31.6,9.09,34.2,0,1,2,3,12,5,0,17,6.58,27.4
james-hill,James Hill,Defender,AFC Bournemouth,Premier League,24,45.0,53.0,75.0,30,26,61.5,14.71,38.67,0,3,9,2,10,6,0,10,3.39,35.09
levi-colwill,Levi Colwill,Defender,Chelsea FC,Premier League,23,46.0,46.0,15.0,6,5,11.9,10.97,35.0,0,0,1,0,4,1,0,34,3.97,47.84
patrick-chinazaekpere-dorgu,Patrick Dorgu,Defender,Manchester United FC,Premier League,21,50.0,54.0,72.5,29,16,37.4,10.09,43.97,0,7,3,1,12,5,0,12,7.96,30.73
aurele-amenda,Aurèle Amenda,Defender,Coventry City FC,Premier League,23,41.0,44.0,70.0,28,23,52.9,9.67,34.46,0,1,3,4,10,6,2,14,1.84,17.16
cesar-palacios-perez,César Palacios,Midfielder,Fulham FC,Premier League,21,39.0,39.0,22.5,9,3,9.6,1.19,37.78,0,0,1,0,5,3,0,23,2.92,20.97
mohammed-kudus,Mohammed Kudus,Midfielder,Tottenham Hotspur FC,Premier League,26,44.0,47.0,37.5,15,11,22.7,7.15,40.0,0,0,3,1,9,1,0,26,5.98,39.83
antonee-robinson,Antonee Robinson,Defender,Fulham FC,Premier League,29,54.0,51.0,75.0,30,25,57.3,13.66,37.5,0,2,4,5,12,4,0,13,4.0,30.14
matthew-o-riley,Matt O’Riley,Midfielder,Brighton & Hove Albion FC,Premier League,25,37.0,40.0,52.5,21,5,17.9,2.4,37.38,0,0,2,0,14,4,0,20,1.7,15.12
sander-berge,Sander Berge,Midfielder,Fulham FC,Premier League,28,48.0,46.0,90.0,36,34,74.0,12.56,34.31,1,1,3,6,20,3,1,5,2.81,16.49
nico-elvedi,Nico Elvedi,Defender,Leeds United FC,Premier League,29,51.0,56.0,95.0,38,37,84.2,18.74,37.89,1,4,8,7,15,2,0,3,5.24,27.68
carl-rushworth,Carl Rushworth,Goalkeeper,Coventry City FC,Premier League,25,48.0,48.0,100.0,40,40,90.0,5.99,41.88,1,4,8,2,11,11,2,1,8.59,64.1
piero-martin-hincapie-reyna,Piero Hincapié,Defender,Arsenal FC,Premier League,24,40.0,49.0,80.0,32,25,56.9,11.18,37.66,0,4,5,1,13,7,1,9,4.19,33.03
lucas-gourna-douath,Lucas Gourna-Douath,Midfielder,Hull City AFC,Premier League,23,42.0,41.0,52.5,21,17,39.9,8.41,32.14,0,0,1,3,12,2,2,20,0.99,11.54
ao-tanaka,Ao Tanaka,Midfielder,Leeds United FC,Premier League,28,48.0,45.0,75.0,30,16,40.1,8.2,36.83,0,0,4,7,13,4,1,11,3.96,22.47
mathys-tel,Mathys Tel,Forward,Tottenham Hotspur FC,Premier League,21,43.0,44.0,77.5,31,15,38.0,6.37,37.58,0,1,3,3,17,7,0,9,3.21,29.35
matty-cash,Matty Cash,Defender,Aston Villa FC,Premier League,29,44.0,43.0,85.0,34,31,69.0,6.51,36.03,0,2,5,5,9,7,5,7,1.42,17.79
nicolas-gonzalez-iglesias,Nico González,Midfielder,Newcastle United FC,Premier League,24,41.0,48.0,62.5,25,19,39.0,12.06,36.0,0,1,4,4,12,3,0,16,3.76,64.94
dango-aboubacar-faissal-ouattara,Dango Ouattara,Forward,Brentford FC,Premier League,24,47.0,52.0,87.5,35,27,62.9,7.5,44.71,0,3,9,1,17,4,0,6,2.87,57.83
aaron-wan-bissaka,Aaron Wan-Bissaka,Defender,Aston Villa FC,Premier League,28,50.0,46.0,70.0,28,25,55.1,7.44,38.21,0,1,9,1,10,3,3,13,1.51,12.44
callum-wilson,Callum Wilson,Forward,Brentford FC,Premier League,34,40.0,40.0,77.5,31,11,30.1,-0.32,40.16,0,1,5,0,10,16,0,8,1.1,11.67
tyler-adams,Tyler Adams,Midfielder,AFC Bournemouth,Premier League,27,45.0,46.0,65.0,26,20,41.6,7.81,37.88,0,0,4,2,16,3,0,15,3.49,12.8
igor-jesus-maciel-da-cruz,Igor Jesus,Forward,Nottingham Forest FC,Premier League,25,43.0,47.0,95.0,38,30,64.8,1.89,44.34,0,0,12,0,16,9,0,3,3.17,27.41
jose-diogo-dalot-teixeira,Diogo Dalot,Defender,Manchester United FC,Premier League,27,45.0,48.0,85.0,34,27,62.3,10.33,37.94,1,2,3,5,15,6,0,8,3.75,22.43
reece-james,Reece James,Defender,Chelsea FC,Premier League,26,46.0,52.0,72.5,29,21,49.3,15.84,37.07,1,0,8,6,8,4,0,13,6.0,108.38
brandon-thomas-asante,Brandon Thomas-Asante,Forward,Coventry City FC,Premier League,27,43.0,42.0,60.0,24,9,22.2,2.87,39.17,0,1,3,0,14,5,0,17,1.76,9.09
kristoffer-vassbakk-ajer,Kristoffer Ajer,Defender,Brentford FC,Premier League,28,45.0,39.0,80.0,32,28,62.5,5.34,33.75,0,1,2,2,11,14,1,9,2.87,14.98
sorba-thomas,Sorba Thomas,Forward,Hull City AFC,Premier League,27,51.0,54.0,95.0,38,34,75.4,11.61,42.5,0,6,5,7,17,1,1,3,1.76,11.02
joachim-andersen,Joachim Andersen,Defender,Fulham FC,Premier League,30,53.0,51.0,82.5,33,33,71.0,15.23,36.52,1,2,3,5,15,3,1,10,2.37,13.75
matty-crooks,Matt Crooks,Midfielder,Hull City AFC,Premier League,32,48.0,47.0,72.5,29,28,61.0,6.41,39.83,0,2,5,3,10,8,0,12,0.46,11.36
michael-keane,Michael Keane,Defender,Everton FC,Premier League,33,48.0,53.0,72.5,29,25,58.7,12.33,40.52,1,1,9,1,16,2,0,10,1.76,9.87
jacob-greaves,Jacob Greaves,Defender,Ipswich Town FC,Premier League,26,47.0,51.0,55.0,22,21,46.6,13.8,37.05,0,0,9,2,6,3,1,19,2.0,12.83
matteo-ruggeri,Matteo Ruggeri,Defender,Aston Villa FC,Premier League,24,44.0,50.0,75.0,30,24,55.2,10.08,40.33,0,4,6,3,9,7,0,11,3.58,15.06
rodrigo-bentancur-colman,Rodrigo Bentancur,Midfielder,Tottenham Hotspur FC,Premier League,29,52.0,49.0,60.0,24,22,47.0,14.83,34.38,0,1,1,10,8,2,1,17,4.13,12.12
pascal-struijk,Pascal Struijk,Defender,Brighton & Hove Albion FC,Premier League,27,47.0,48.0,82.5,33,29,65.9,10.81,37.27,0,1,5,7,13,5,1,8,2.55,14.12
oluwatosin-adarabioyo,Tosin Adarabioyo,Defender,Tottenham Hotspur FC,Premier League,28,41.0,44.0,35.0,14,6,13.5,10.01,33.57,0,1,0,2,6,4,0,27,1.76,9.3
jorrel-hato,Jorrel Hato,Defender,Chelsea FC,Premier League,20,45.0,43.0,67.5,27,18,37.2,5.24,37.04,0,0,4,4,10,6,1,15,4.24,37.11
jean-matteo-bahoya,Jean-Mattéo Bahoya,Forward,Leeds United FC,Premier League,21,55.0,45.0,75.0,30,13,31.5,6.87,37.83,0,3,2,1,20,4,0,10,1.91,21.86
kjell-scherpen,Kjell Scherpen,Goalkeeper,Ipswich Town FC,Premier League,26,45.0,48.0,87.5,35,35,77.6,5.88,42.29,0,3,10,0,12,5,4,6,8.78,38.18
alysson-edward-franco-da-rocha-dos-santos,Alysson,Forward,Aston Villa FC,Premier League,20,40.0,40.0,37.5,15,5,12.4,2.95,36.67,0,0,1,0,9,4,0,26,2.85,17.28
jorge-cuenca-barreno,Jorge Cuenca,Defender,Fulham FC,Premier League,26,48.0,49.0,37.5,15,11,24.8,10.72,38.33,0,1,2,2,9,1,0,25,1.52,12.19
chukwunonso-madueke,Noni Madueke,Forward,Arsenal FC,Premier League,24,47.0,49.0,75.0,30,18,36.9,9.44,39.5,0,4,3,1,20,1,0,11,2.78,30.13
archie-gray,Archie Gray,Midfielder,Tottenham Hotspur FC,Premier League,20,40.0,42.0,77.5,31,26,53.3,3.09,38.39,0,0,6,2,15,5,3,9,2.37,18.54
ilyas-ansah,Ilyas Ansah,Forward,Hull City AFC,Premier League,21,37.0,39.0,75.0,30,20,49.5,0.4,38.33,0,1,5,0,15,14,0,5,1.45,10.9
michael-zetterer,Michael Zetterer,Goalkeeper,Leeds United FC,Premier League,31,46.0,46.0,57.5,23,22,51.6,5.2,40.0,0,1,6,1,10,3,2,17,3.15,13.93
nick-pope,Nick Pope,Goalkeeper,Newcastle United FC,Premier League,34,40.0,45.0,52.5,21,21,46.9,7.7,36.9,0,2,2,3,8,2,3,20,3.44,17.72
noussair-mazraoui,Noussair Mazraoui,Defender,Manchester United FC,Premier League,28,46.0,52.0,72.5,29,20,45.8,17.66,34.31,0,4,3,6,10,4,1,12,2.58,21.11
andrey-nascimento-dos-santos,Andrey Santos,Midfielder,Manchester United FC,Premier League,22,46.0,45.0,70.0,28,15,35.4,9.59,35.89,0,1,3,2,16,5,0,13,1.72,28.76
daniel-ballard,Daniel Ballard,Defender,Sunderland AFC,Premier League,26,35.0,43.0,82.5,33,29,66.2,7.66,35.3,0,0,5,6,8,10,2,9,2.8,10.05
ibrahim-mbaye,Ibrahim Mbaye,Forward,Aston Villa FC,Premier League,18,48.0,46.0,47.5,19,4,16.1,5.61,40.26,0,0,3,0,13,1,0,23,6.98,39.76
emile-smith-rowe,Emile Smith Rowe,Midfielder,Fulham FC,Premier League,26,40.0,43.0,90.0,36,22,49.5,6.8,36.39,0,0,2,5,23,7,0,3,2.23,10.26
sidiki-cherif,Sidiki Chérif,Forward,Coventry City FC,Premier League,19,37.0,42.0,72.5,29,18,41.4,1.14,41.03,0,0,7,0,11,10,0,12,2.25,15.05
viktor-gyokeres,Viktor Gyökeres,Forward,Arsenal FC,Premier League,28,48.0,49.0,92.5,37,27,59.1,1.62,46.62,0,4,9,1,9,13,0,4,6.26,38.71
joao-victor-gomes-da-silva,João Gomes,Midfielder,Aston Villa FC,Premier League,25,46.0,47.0,82.5,33,30,66.7,11.2,35.76,0,1,6,6,14,5,1,7,3.58,52.09
wesley-fofana,Wesley Fofana,Defender,Chelsea FC,Premier League,25,44.0,50.0,75.0,30,25,55.8,15.92,34.5,0,4,4,4,12,4,1,11,6.24,27.11
ibrahim-sangare,Ibrahim Sangaré,Midfielder,Nottingham Forest FC,Premier League,28,47.0,46.0,80.0,32,24,52.0,9.74,36.56,0,2,1,4,18,6,0,9,3.02,11.42
dean-henderson,Dean Henderson,Goalkeeper,Crystal Palace FC,Premier League,29,40.0,46.0,67.5,27,27,59.2,4.77,41.11,1,0,6,1,13,7,0,12,12.49,101.92
rodrigo-muniz-carvalho,Rodrigo Muniz,Forward,Fulham FC,Premier League,25,37.0,38.0,50.0,20,7,20.7,1.97,36.25,0,0,1,1,15,4,0,19,0.69,9.63
ousmane-diomande,Ousmane Diomande,Defender,Nottingham Forest FC,Premier League,22,48.0,49.0,60.0,24,19,37.0,10.86,38.13,0,1,5,2,8,5,0,19,3.68,16.17
jaidon-anthony,Jaidon Anthony,Forward,Brentford FC,Premier League,26,45.0,47.0,92.5,37,30,67.6,6.91,40.41,0,3,5,2,21,7,0,2,3.05,16.43
mateo-kovacic,Mateo Kovačić,Midfielder,Manchester City FC,Premier League,32,45.0,46.0,35.0,14,4,13.8,7.36,38.57,0,0,2,0,10,0,0,28,1.91,14.53
martin-zubimendi-ibanez,Zubimendi,Midfielder,Arsenal FC,Premier League,27,38.0,45.0,80.0,32,21,46.1,8.71,35.94,0,2,2,4,20,3,0,9,4.34,17.44
thomas-meunier,Thomas Meunier,Defender,Sunderland AFC,Premier League,35,40.0,47.0,72.5,29,22,45.5,7.41,39.66,0,1,5,4,10,6,2,12,2.46,14.97
joshua-zirkzee,Joshua Zirkzee,Forward,Manchester United FC,Premier League,25,36.0,39.0,60.0,24,5,15.1,1.35,38.13,0,0,3,1,9,11,0,16,2.21,19.05
gonzalo-garcia-torres,Gonzalo García,Forward,Fulham FC,Premier League,22,45.0,42.0,75.0,30,14,34.6,0.9,40.67,0,1,5,1,10,12,0,11,6.28,47.08
daniel-jebbison,Daniel Jebbison,Forward,AFC Bournemouth,Premier League,23,35.0,39.0,82.5,33,19,41.4,0.37,38.18,0,0,4,0,10,16,1,9,0.46,9.27
mikel-merino-zazon,Merino,Midfielder,Arsenal FC,Premier League,30,44.0,44.0,45.0,18,3,12.8,4.56,39.17,0,1,2,0,10,4,0,23,2.15,16.89
emiliano-buendia,Emiliano Buendía,Midfielder,Aston Villa FC,Premier League,29,58.0,50.0,100.0,40,29,58.5,7.31,42.38,1,3,8,2,22,3,0,1,9.01,55.4
mathias-fernandez-pardo,Matias Fernandez-Pardo,Midfielder,Newcastle United FC,Premier League,21,34.0,43.0,75.0,30,22,51.0,1.86,41.5,0,2,5,0,13,8,1,11,4.83,40.06
sven-botman,Sven Botman,Defender,Newcastle United FC,Premier League,26,48.0,50.0,62.5,25,21,47.6,11.97,38.2,0,0,9,4,6,5,0,16,4.11,38.24
hidemasa-morita,Hidemasa Morita,Midfielder,Hull City AFC,Premier League,31,44.0,45.0,87.5,35,23,49.2,7.47,37.29,0,2,4,2,23,4,0,5,2.26,9.5
ryan-christie-1995-02-22,Ryan Christie,Midfielder,AFC Bournemouth,Premier League,31,39.0,42.0,72.5,29,11,29.9,6.58,35.34,0,1,1,1,20,5,0,12,1.58,7.75
ibrahim-osman,Ibrahim Osman,Forward,Brighton & Hove Albion FC,Premier League,21,44.0,41.0,82.5,33,18,40.3,3.71,37.58,0,1,2,2,20,7,0,8,1.93,13.35
jurrien-maduro,Jurriën Timber,Defender,Arsenal FC,Premier League,25,52.0,52.0,52.5,21,18,41.2,9.5,42.14,0,3,4,3,9,1,0,20,13.63,75.86
joao-pedro-loureiro-da-costa,Costinha,Defender,Brighton & Hove Albion FC,Premier League,26,46.0,47.0,27.5,11,4,32.2,9.31,37.27,0,3,2,7,17,5,0,6,1.63,14.12
thierno-barry-2002-10-21,Thierno Barry,Forward,Everton FC,Premier League,23,41.0,39.0,95.0,38,24,56.5,-1.48,40.53,0,1,7,0,11,19,1,1,5.89,38.4
vitor-de-oliveira-nunes-dos-reis,Vitor Reis,Defender,Manchester City FC,Premier League,20,48.0,51.0,80.0,32,31,71.6,11.34,39.06,0,2,7,10,6,7,1,7,3.58,12.71
brennan-johnson,Brennan Johnson,Forward,Everton FC,Premier League,25,38.0,40.0,87.5,35,20,45.1,3.13,37.14,0,1,3,0,20,9,0,7,4.52,17.92
nicolas-dominguez,Nicolás Domínguez,Midfielder,Nottingham Forest FC,Premier League,28,48.0,46.0,85.0,34,22,44.0,9.03,37.21,0,2,1,10,13,7,0,7,1.29,14.12
jack-grealish,Jack Grealish,Midfielder,Everton FC,Premier League,31,44.0,49.0,47.5,19,15,36.9,10.33,38.42,0,2,2,2,12,2,0,20,7.58,72.71
treymaurice-nyoni,Treymaurice Nyoni,Midfielder,Liverpool FC,Premier League,19,36.0,36.0,27.5,11,0,1.6,1.01,35.0,0,0,0,0,9,2,0,29,3.49,17.06
merlin-rohl,Merlin Röhl,Midfielder,Everton FC,Premier League,24,39.0,37.0,45.0,18,9,23.8,0.49,36.39,0,0,1,0,10,8,0,21,2.4,8.96
daniel-munoz-mejia,Daniel Muñoz,Defender,Nottingham Forest FC,Premier League,30,50.0,49.0,85.0,34,31,65.2,10.99,38.09,0,3,10,0,11,6,1,9,10.51,66.82
ferdi-erenay-kadioglu,Ferdi Kadıoğlu,Defender,Brighton & Hove Albion FC,Premier League,26,46.0,52.0,92.5,37,37,80.6,14.22,37.7,2,1,5,9,14,4,1,4,5.28,30.48
ryan-yates-1997-01-28,Ryan Yates,Midfielder,Nottingham Forest FC,Premier League,28,39.0,41.0,52.5,21,6,21.0,3.3,37.62,0,1,2,0,9,7,1,20,1.03,14.12
matt-targett,Matt Targett ,Defender,Hull City AFC,Premier League,31,61.0,57.0,90.0,36,33,71.8,17.93,38.89,1,4,9,10,9,0,2,5,1.37,13.05
omar-marmoush,Omar Marmoush,Forward,Tottenham Hotspur FC,Premier League,27,39.0,45.0,75.0,30,18,43.9,4.12,40.83,0,0,6,1,14,6,0,13,12.69,50.26
lamar-bogarde,Lamare Bogarde,Midfielder,Aston Villa FC,Premier League,22,39.0,39.0,75.0,30,13,32.3,4.55,34.33,0,0,1,2,17,9,0,11,1.24,10.79
ismaila-sarr,Ismaïla Sarr,Forward,Crystal Palace FC,Premier League,28,52.0,52.0,85.0,34,27,63.5,4.61,47.21,0,3,11,0,11,7,0,8,7.23,59.5
eberechi-eze,Eberechi Eze,Midfielder,Arsenal FC,Premier League,28,42.0,45.0,87.5,35,18,44.1,6.88,38.14,0,2,3,1,25,3,0,6,3.19,47.11
kouassi-ryan-sessegnon,Ryan Sessegnon,Midfielder,Fulham FC,Premier League,26,46.0,41.0,67.5,27,17,43.5,1.38,38.89,0,1,5,2,10,7,3,12,1.7,10.75
estevao-willian-almeida-de-oliveira-goncalves,Estêvão,Forward,Chelsea FC,Premier League,19,41.0,44.0,52.5,21,11,21.2,3.56,40.24,0,2,2,0,9,7,0,20,8.05,35.14
ryan-mcaidoo,Ryan McAidoo,Forward,Manchester City FC,Premier League,18,38.0,38.0,5.0,2,0,0.3,3.25,35.0,0,0,0,0,2,0,0,38,5.13,19.8
carlos-alcaraz,Carlos Alcaraz,Midfielder,Everton FC,Premier League,23,39.0,38.0,47.5,19,5,15.2,2.02,36.32,0,0,1,1,9,8,0,21,1.34,10.19
ben-doak,Ben Doak,Forward,AFC Bournemouth,Premier League,20,40.0,42.0,37.5,15,4,11.2,2.13,40.0,0,0,2,0,8,4,0,26,3.36,11.98
jay-dasilva,Jay Dasilva,Defender,Coventry City FC,Premier League,28,47.0,53.0,87.5,35,35,77.2,15.55,37.43,0,6,7,4,14,2,2,5,2.92,12.07
rio-ngumoha,Rio Ngumoha,Forward,Liverpool FC,Premier League,18,42.0,44.0,55.0,22,7,19.0,6.59,37.27,0,1,1,1,15,3,0,19,5.17,41.33
kaden-braithwaite,Kaden Braithwaite,Defender,Manchester City FC,Premier League,18,37.0,37.0,2.5,1,0,0.0,1.8,35.0,0,0,0,0,1,0,0,39,,
elliot-karl-stroud,Elliot Stroud,Midfielder,Hull City AFC,Premier League,24,37.0,37.0,22.5,9,6,44.6,1.7,35.0,0,0,0,1,4,3,0,6,0.99,4.31
lewis-cook,Lewis Cook,Midfielder,AFC Bournemouth,Premier League,29,43.0,45.0,52.5,21,10,26.5,10.12,35.24,0,1,3,2,8,7,0,19,1.66,11.62
temitayo-olufisayo-olaoluwa-aina,Ola Aina,Defender,Nottingham Forest FC,Premier League,29,50.0,50.0,67.5,27,24,53.7,13.7,35.93,0,0,6,7,9,5,0,13,3.22,17.11
takehiro-tomiyasu,Takehiro Tomiyasu,Defender,Crystal Palace FC,Premier League,27,44.0,43.0,37.5,15,5,18.2,6.37,37.0,0,0,3,2,7,2,1,25,1.94,12.12
darnell-furlong,Darnell Furlong,Defender,Ipswich Town FC,Premier League,30,48.0,47.0,90.0,36,35,77.3,9.22,37.5,0,2,6,7,12,8,1,4,1.07,8.67
sepp-van-den-berg,Sepp van den Berg,Defender,Brentford FC,Premier League,24,57.0,50.0,70.0,28,26,63.2,13.1,36.96,0,0,7,9,9,3,1,11,2.4,12.98
jeremie-frimpong,Jeremie Frimpong,Defender,Liverpool FC,Premier League,25,34.0,40.0,70.0,28,19,37.6,4.48,35.89,0,0,2,6,10,7,2,13,1.77,20.05
joshua-kofi-acheampong,Joshua Acheampong,Defender,Chelsea FC,Premier League,20,37.0,36.0,45.0,18,7,16.4,2.08,33.89,0,0,0,2,7,8,1,22,2.2,17.11
ogochukwu-onyeka-frank,Frank Onyeka,Midfielder,Coventry City FC,Premier League,28,51.0,48.0,55.0,22,20,40.8,10.45,37.27,0,1,1,7,8,4,0,19,1.6,15.18
pau-francisco-torres,Pau Torres,Defender,Aston Villa FC,Premier League,29,46.0,46.0,55.0,22,21,45.1,9.45,36.14,0,2,2,4,8,4,1,19,3.8,20.01
amar-dedic,Amar Dedić,Defender,Newcastle United FC,Premier League,24,37.0,43.0,72.5,29,24,56.6,6.15,36.9,0,2,3,4,9,6,4,12,2.09,36.16
james-maddison,James Maddison,Midfielder,Tottenham Hotspur FC,Premier League,29,37.0,37.0,12.5,5,0,1.7,1.72,35.0,0,0,0,0,4,1,0,35,4.91,44.49
guemissongui-ouattara,Abdoul Ouattara,Defender,Ipswich Town FC,Premier League,20,40.0,44.0,75.0,30,17,41.4,7.57,36.67,0,1,4,3,13,8,0,11,1.81,11.69
tim-iroegbunam,Timothy Iroegbunam,Midfielder,Hull City AFC,Premier League,23,42.0,45.0,67.5,27,14,33.9,8.35,37.04,0,1,4,2,16,4,1,12,1.95,11.25
lucas-herrington,Lucas Herrington,Defender,Hull City AFC,Premier League,19,39.0,50.0,67.5,27,19,69.9,12.87,36.85,0,2,3,5,10,4,0,3,0.99,5.76
jens-hjerto-dahl,Jens Hjertø-Dahl,Midfielder,Hull City AFC,Premier League,20,51.0,55.0,60.0,24,22,65.9,9.42,45.63,0,3,8,5,10,4,1,9,1.14,13.73
aaron-hickey,Aaron Hickey,Defender,Brentford FC,Premier League,24,42.0,39.0,60.0,24,11,22.9,4.25,35.0,0,0,1,1,13,8,0,17,2.08,7.65
brenden-aaronson,Brenden Aaronson,Midfielder,Leeds United FC,Premier League,25,38.0,42.0,85.0,34,28,52.6,1.79,40.15,0,1,7,0,13,12,1,6,1.61,15.19
chadi-riad-dnanou,Chadi Riad,Defender,Crystal Palace FC,Premier League,23,51.0,45.0,50.0,20,16,34.9,7.69,37.5,0,0,4,2,7,3,1,23,2.1,11.06
sindre-walle-egeli,Sindre Egeli,Forward,Ipswich Town FC,Premier League,20,42.0,44.0,57.5,23,15,31.0,3.3,40.43,0,0,5,2,11,5,0,17,1.37,13.14
chris-wood,Chris Wood ,Forward,Nottingham Forest FC,Premier League,34,41.0,41.0,47.5,19,12,26.1,1.9,39.47,0,1,2,0,8,6,0,23,2.6,12.35
josep-maria-chavarria-perez,Pep Chavarría,Defender,Chelsea FC,Premier League,28,37.0,42.0,82.5,33,26,62.7,6.96,35.15,0,1,2,5,12,11,1,8,1.45,12.04
lewis-miley,Lewis Miley,Midfielder,Newcastle United FC,Premier League,20,42.0,50.0,60.0,24,18,43.1,11.62,37.92,1,1,3,5,9,4,0,17,4.04,16.84
lewis-koumas,Lewis Koumas,Forward,Liverpool FC,Premier League,21,37.0,40.0,80.0,32,7,27.8,1.43,38.28,0,0,4,0,18,8,1,9,,
hugo-larsson,Hugo Larsson,Midfielder,Fulham FC,Premier League,22,53.0,45.0,70.0,28,22,48.8,7.56,36.96,0,1,5,3,14,4,1,12,1.88,15.32
brian-brobbey,Brian Brobbey,Forward,Sunderland AFC,Premier League,24,44.0,41.0,95.0,38,29,62.7,1.25,40.0,0,2,8,0,15,10,2,3,7.09,31.42
gabriel-gudmundsson,Gabriel Gudmundsson,Defender,Leeds United FC,Premier League,27,38.0,36.0,80.0,32,29,62.8,1.95,34.38,0,0,2,2,14,9,4,9,2.32,12.57
kevin-santos-lopes-de-macedo,Kevin,Forward,Fulham FC,Premier League,23,40.0,43.0,70.0,28,9,28.0,5.01,37.68,0,1,2,3,17,6,0,11,1.31,6.6
valentin-barco,Valentín Barco,Midfielder,Chelsea FC,Premier League,22,48.0,51.0,60.0,24,17,41.0,11.85,39.17,0,1,5,4,10,4,0,16,5.4,38.14
shea-lacey,Shea Lacey,Forward,Manchester United FC,Premier League,19,36.0,36.0,12.5,5,0,2.1,1.06,35.0,0,0,0,0,4,1,0,28,2.1,16.63
paddy-mcnair,Patrick McNair,Defender,Hull City AFC,Premier League,31,39.0,39.0,60.0,24,12,32.1,3.04,36.25,0,0,2,4,7,10,1,16,2.01,5.73
mohamed-ali-cho,Cho,Forward,Hull City AFC,Premier League,22,36.0,44.0,82.5,33,24,50.6,2.93,40.61,0,2,4,0,16,10,0,8,1.84,12.73
will-hughes,Will Hughes,Midfielder,Crystal Palace FC,Premier League,31,37.0,39.0,70.0,28,14,31.2,5.13,34.29,0,0,0,2,20,5,1,12,1.02,13.18
jair-paula-da-cunha-filho,Jair,Defender,Nottingham Forest FC,Premier League,21,38.0,38.0,37.5,15,12,24.3,4.31,34.0,0,0,2,1,7,3,2,25,1.82,11.42
victor-nilsson-lindelof,Victor Lindelöf,Defender,Aston Villa FC,Premier League,32,36.0,40.0,65.0,26,24,51.1,5.82,34.23,0,1,1,4,13,5,1,15,1.53,18.09
luca-netz,Luca Netz,Defender,Nottingham Forest FC,Premier League,23,37.0,41.0,47.5,19,12,28.8,4.68,36.32,0,1,0,3,7,7,1,21,1.26,12.37
mark-travers,Mark Travers,Goalkeeper,Everton FC,Premier League,27,36.0,36.0,5.0,2,2,3.0,0.85,35.0,0,0,0,0,0,0,0,40,2.22,7.1
alejandro-garnacho-ferreyra,Alejandro Garnacho,Forward,Aston Villa FC,Premier League,22,39.0,45.0,72.5,29,12,32.3,6.03,38.79,0,2,1,3,17,5,0,12,2.24,13.66
luke-chambers-2004-06-24,Luke Chambers,Defender,Liverpool FC,Premier League,22,37.0,41.0,42.5,17,15,57.9,4.7,36.47,0,1,1,1,9,7,1,20,,
daniel-bentley,Daniel Bentley,Goalkeeper,Coventry City FC,Premier League,33,35.0,35.0,10.0,4,4,9.5,0.43,35.0,0,0,0,0,2,2,0,36,1.61,12.34
george-lawrence-hemmings,George Hemmings,Midfielder,Aston Villa FC,Premier League,19,36.0,36.0,17.5,7,6,11.1,1.0,35.0,0,0,0,0,5,4,0,31,3.46,13.95
jack-rudoni,Jack Rudoni,Midfielder,Coventry City FC,Premier League,25,48.0,48.0,70.0,28,21,44.9,5.66,42.5,0,1,7,3,11,6,0,12,2.01,10.65
joe-gelhardt,Joe Gelhardt,Forward,Hull City AFC,Premier League,24,46.0,52.0,72.5,29,25,49.9,5.81,45.69,0,3,9,1,11,4,0,12,0.54,12.19
sean-longstaff,Sean Longstaff,Midfielder,Leeds United FC,Premier League,28,39.0,46.0,50.0,20,7,19.5,7.85,39.25,1,0,2,4,10,5,0,18,3.31,14.12
dorde-petrovic-1999-10-08,Đorđe Petrović,Goalkeeper,AFC Bournemouth,Premier League,26,44.0,45.0,92.5,37,37,82.1,6.04,38.78,0,5,3,1,18,7,3,3,14.53,110.28
brooke-dion-nelson-norton-cuffy,Brooke Norton-Cuffy,Defender,Hull City AFC,Premier League,22,43.0,39.0,70.0,28,24,55.3,0.48,37.86,0,1,4,2,10,10,1,12,3.55,10.9
mykhailo-mudryk,Mykhailo Mudryk,Midfielder,Tottenham Hotspur FC,Premier League,25,35.0,35.0,2.5,1,0,0.4,0.4,35.0,0,0,0,0,1,0,0,39,2.77,17.07
daizen-maeda,Daizen Maeda,Forward,Ipswich Town FC,Premier League,28,47.0,47.0,95.0,38,35,72.8,2.21,44.34,0,2,12,1,13,10,0,2,2.2,12.91
evann-guessand,Evann Guessand,Forward,Crystal Palace FC,Premier League,25,42.0,43.0,55.0,22,9,23.1,2.89,39.77,0,1,3,0,10,7,0,19,2.88,12.38
christopher-rigg,Christopher Rigg,Midfielder,Sunderland AFC,Premier League,19,42.0,40.0,47.5,19,11,20.2,2.13,37.63,0,0,3,0,8,8,0,21,2.29,6.85
rico-henry,Rico Henry,Defender,Brentford FC,Premier League,29,39.0,36.0,57.5,23,13,30.2,-1.64,36.3,0,0,2,1,10,7,2,18,0.96,14.12
daniel-nii-tackie-mensah-welbeck,Danny Welbeck,Forward,Chelsea FC,Premier League,35,46.0,46.0,87.5,35,23,53.7,2.55,43.14,0,3,8,1,15,8,1,4,6.36,22.05
haji-wright,Haji Wright,Forward,Coventry City FC,Premier League,28,37.0,43.0,70.0,28,18,38.6,0.06,41.96,0,1,6,0,10,11,0,12,2.26,14.12
sean-steur,Sean Steur,Midfielder,Newcastle United FC,Premier League,18,38.0,45.0,70.0,28,18,39.6,7.78,36.96,0,0,3,4,17,4,0,12,3.35,16.68
valentino-livramento,Tino Livramento,Defender,Newcastle United FC,Premier League,23,39.0,41.0,42.5,17,10,24.4,5.73,35.0,0,0,1,3,6,6,1,23,3.66,14.29
zadok-yohanna,Zadok Yohanna,Forward,Brighton & Hove Albion FC,Premier League,19,34.0,34.0,7.5,3,0,6.5,-1.23,35.0,0,0,0,0,0,3,0,8,2.46,13.09
alex-toth,Alex Tóth,Midfielder,AFC Bournemouth,Premier League,20,39.0,42.0,57.5,23,10,25.7,4.49,37.17,0,2,5,1,8,11,0,13,1.55,12.16
arnaud-kalimuendo-muinga,Arnaud Kalimuendo,Forward,Nottingham Forest FC,Premier League,24,49.0,47.0,65.0,26,20,41.9,3.49,43.65,0,1,8,1,9,7,0,14,1.34,18.65
chemsdine-talbi,Chemsdine Talbi,Forward,Sunderland AFC,Premier League,21,40.0,41.0,52.5,21,9,24.8,2.77,38.57,0,1,2,0,12,4,0,21,2.09,6.59
luke-o-nien,Luke O'Nien,Midfielder,Sunderland AFC,Premier League,31,38.0,36.0,47.5,19,12,16.2,3.56,32.31,0,0,1,2,5,2,3,27,2.96,6.3
oscar-mingueza-garcia,Óscar Mingueza,Defender,Crystal Palace FC,Premier League,27,42.0,44.0,82.5,33,20,46.9,7.52,35.91,0,1,5,5,10,10,1,8,1.59,10.89
milan-van-ewijk,Milan van Ewijk,Defender,Coventry City FC,Premier League,26,41.0,48.0,95.0,38,37,81.8,11.34,36.45,0,3,6,6,14,7,1,3,2.43,17.21
kevin-oghenetega-tamaraebi-bakumo-abraham,Tammy Abraham,Forward,Aston Villa FC,Premier League,28,40.0,42.0,75.0,30,11,28.1,0.52,40.83,0,0,7,0,11,11,0,11,1.05,14.74
bradley-barcola,Bradley Barcola,Forward,Liverpool FC,Premier League,24,47.0,50.0,87.5,35,24,46.8,5.43,44.29,0,1,13,1,16,3,0,6,20.78,129.03
alvaro-daniel-rodriguez-munoz,Álvaro Rodríguez,Forward,AFC Bournemouth,Premier League,22,45.0,46.0,82.5,33,21,51.1,4.82,41.06,0,2,6,1,16,8,0,7,1.69,7.75
caleb-marfo-yirenkyi,Caleb Yirenkyi,Midfielder,Coventry City FC,Premier League,20,39.0,49.0,92.5,37,34,72.1,10.76,38.38,0,3,4,7,15,5,0,6,3.08,13.08
jake-o-brien-ie,Jake O'Brien,Defender,Everton FC,Premier League,25,34.0,41.0,90.0,36,33,71.8,5.84,34.86,0,1,7,5,9,8,5,5,1.87,9.0
leon-goretzka,Leon Goretzka,Midfielder,Aston Villa FC,Premier League,31,47.0,48.0,75.0,30,17,39.5,7.2,40.67,0,5,1,4,13,6,0,11,3.0,24.63
callum-hudson-odoi,Callum Hudson-Odoi,Forward,Nottingham Forest FC,Premier League,25,56.0,51.0,65.0,26,18,40.2,10.13,40.58,0,2,5,3,11,4,0,15,1.91,14.63
david-brooks,David Brooks,Midfielder,AFC Bournemouth,Premier League,29,42.0,43.0,82.5,33,11,27.4,4.04,39.09,0,2,2,2,13,12,0,9,1.32,7.42
adam-smith-1991-04-29,Adam Smith,Defender,AFC Bournemouth,Premier League,35,38.0,39.0,60.0,24,16,33.2,0.83,37.08,0,1,2,1,6,14,0,16,1.16,9.91
konstantinos-tsimikas,Kostas Tsimikas,Defender,Liverpool FC,Premier League,30,41.0,40.0,55.0,22,9,23.0,4.32,36.14,0,0,1,2,10,8,0,19,1.39,15.07
dominic-solanke,Dominic Solanke,Forward,Tottenham Hotspur FC,Premier League,29,37.0,43.0,55.0,22,13,32.4,2.05,41.14,0,0,5,0,10,5,0,20,4.67,19.61
romaine-mundle-2003-04-24,Romaine Mundle,Forward,Sunderland AFC,Premier League,23,36.0,35.0,37.5,15,2,10.3,0.25,35.0,0,0,0,1,6,8,0,25,2.09,5.69
johan-manzambi,Johan Manzambi,Midfielder,Aston Villa FC,Premier League,20,55.0,53.0,77.5,31,27,54.1,8.66,43.87,0,3,9,5,5,5,1,12,13.1,71.11
jacob-murphy,Jacob Murphy,Midfielder,Newcastle United FC,Premier League,31,40.0,41.0,85.0,34,16,36.1,4.07,37.35,0,1,3,1,19,8,1,7,1.92,12.72
marco-bizot,Marco Bizot,Goalkeeper,Aston Villa FC,Premier League,35,54.0,45.0,20.0,8,7,16.9,9.54,35.63,0,1,0,1,3,2,0,33,1.67,9.38
jefferson-andres-lerma-solis,Jefferson Lerma,Midfielder,Crystal Palace FC,Premier League,31,42.0,43.0,67.5,27,19,43.0,7.56,35.74,0,0,1,6,13,5,1,14,2.71,8.42
malick-thiaw-2001-08-08,Malick Thiaw,Defender,Newcastle United FC,Premier League,25,42.0,47.0,85.0,34,31,70.5,10.53,36.76,1,2,5,10,9,5,4,4,4.5,33.32
fabian-lukas-schar,Fabian Schar,Defender,Newcastle United FC,Premier League,34,44.0,42.0,30.0,12,8,18.2,5.29,37.08,0,1,1,0,5,5,0,28,2.23,8.3
anis-mehmeti,Anis Mehmeti,Midfielder,Ipswich Town FC,Premier League,25,39.0,46.0,85.0,34,27,57.7,5.64,40.29,1,2,3,2,15,10,0,7,1.02,7.05
robinio-vaz,Robinio Vaz,Forward,Hull City AFC,Premier League,19,41.0,41.0,67.5,27,2,15.7,1.81,39.44,0,1,2,0,16,7,0,14,2.32,8.0
nico-o-reilly,Nico O'Reilly,Defender,Manchester City FC,Premier League,21,39.0,45.0,82.5,33,28,60.0,4.73,39.85,0,2,8,0,8,12,2,8,4.55,29.57
el-hadji-malick-diouf,El Diouf,Defender,Brentford FC,Premier League,21,35.0,45.0,70.0,28,23,51.8,9.01,35.71,0,3,3,2,10,8,1,13,1.79,15.12
igor-thiago-nascimento-rodrigues,Thiago,Forward,Brentford FC,Premier League,25,35.0,46.0,90.0,36,35,73.8,0.32,45.28,0,6,6,0,6,17,0,5,8.11,58.04
zavier-gozo,Zavier Gozo,Forward,Crystal Palace FC,Premier League,19,51.0,57.0,52.5,21,19,52.7,10.0,46.67,0,6,8,1,9,3,0,13,0.77,6.05
lucas-bergvall,Lucas Bergvall,Midfielder,Tottenham Hotspur FC,Premier League,20,39.0,37.0,60.0,24,8,20.0,0.93,36.25,0,0,2,0,11,8,2,17,2.56,15.12
malo-gusto,Malo Gusto,Defender,Chelsea FC,Premier League,23,36.0,43.0,82.5,33,25,52.2,4.81,37.73,1,2,4,2,13,9,2,7,4.38,23.67
ian-maatsen,Ian Maatsen,Defender,Aston Villa FC,Premier League,24,33.0,39.0,80.0,32,21,46.7,2.93,35.78,0,1,3,3,12,10,3,8,1.89,21.03
taiwo-michael-awoniyi,Taiwo Awoniyi,Forward,Coventry City FC,Premier League,29,44.0,41.0,42.5,17,5,14.6,-0.38,40.88,0,1,3,0,5,7,1,23,1.6,16.05
richarlison-de-andrade,Richarlison,Forward,Tottenham Hotspur FC,Premier League,29,49.0,47.0,70.0,28,19,43.9,1.09,45.71,0,0,13,0,5,8,1,13,1.87,11.92
promise-oluwatobi-emmanuel-akinpelu,Promise David,Forward,Brighton & Hove Albion FC,Premier League,25,43.0,45.0,47.5,19,12,27.1,0.46,44.74,0,0,6,0,5,6,0,23,2.63,9.68
ethan-pinnock,Ethan Pinnock,Defender,Coventry City FC,Premier League,33,57.0,57.0,25.0,10,9,20.9,17.01,40.0,0,2,3,0,1,3,0,31,3.51,11.61
omar-federico-alderete-fernandez,Omar Alderete,Defender,Sunderland AFC,Premier League,29,37.0,41.0,80.0,32,31,65.5,6.31,34.38,0,0,4,6,10,11,0,9,0.53,9.74
ephron-mason-clark,Ephron Mason-Clark,Midfielder,Coventry City FC,Premier League,27,42.0,49.0,95.0,38,31,66.7,4.41,44.34,0,6,6,1,12,12,0,3,1.99,9.49
ayden-heaven,Ayden Heaven,Defender,Manchester United FC,Premier League,19,45.0,47.0,42.5,17,12,26.6,7.6,39.71,0,1,3,5,4,3,1,23,3.07,10.53
bafode-diakite,Bafodé Diakité,Defender,AFC Bournemouth,Premier League,25,46.0,46.0,40.0,16,12,26.5,6.77,38.44,0,0,4,3,5,3,1,24,1.03,7.88
jean-philippe-mateta,Jean-Philippe Mateta,Forward,Crystal Palace FC,Premier League,29,41.0,43.0,55.0,22,10,22.7,-0.34,42.27,0,1,5,0,7,9,0,18,3.16,16.22
kenny-tete,Kenny Tete,Defender,Fulham FC,Premier League,30,47.0,49.0,47.5,19,17,38.5,12.81,36.32,0,2,3,5,7,3,0,20,2.26,10.06
rico-lewis,Rico Lewis,Defender,Manchester City FC,Premier League,21,40.0,38.0,22.5,9,5,10.5,2.86,35.0,0,0,0,1,5,3,0,31,3.0,12.97
jack-butland,Jack Butland,Goalkeeper,Hull City AFC,Premier League,33,36.0,50.0,90.0,36,36,81.0,7.09,42.5,0,9,6,1,6,10,3,5,2.36,14.12
ewen-jaouen,Ewen Jaouen,Goalkeeper,Newcastle United FC,Premier League,20,45.0,50.0,72.5,29,29,79.1,3.85,45.86,0,5,10,1,10,5,4,5,3.4,22.45
max-edgar-henri-chabot,Max-Edgar Chabot,Goalkeeper,Manchester City FC,Premier League,18,0.0,0.0,0.0,0,0,0.0,0.0,0.0,0,0,0,0,0,0,0,3,,
tyler-robert-fletcher,Tyler Fletcher,Midfielder,Manchester United FC,Premier League,19,35.0,35.0,7.5,3,0,0.9,0.43,35.0,0,0,0,0,2,0,0,28,2.51,13.78
amadou-zeund-georges-mvom-onana,Amadou Onana,Midfielder,Aston Villa FC,Premier League,25,45.0,50.0,67.5,27,21,42.6,12.67,36.85,0,1,3,3,14,2,0,17,1.53,14.12
jonny-ngandu,Jonny Ngandu,Midfielder,Coventry City FC,Premier League,24,0.0,0.0,0.0,0,0,0.0,0.0,0.0,0,0,0,0,0,0,0,40,,
dermot-mee,Dermot Mee,Goalkeeper,Manchester United FC,Premier League,23,0.0,0.0,0.0,0,0,0.0,0.0,0.0,0,0,0,0,0,0,0,35,1.45,9.58
vakhtang-salia,Vakhtang Salia,Forward,Newcastle United FC,Premier League,19,0.0,0.0,0.0,0,0,0.0,0.0,0.0,0,0,0,0,0,0,0,16,,
teddy-sharman-lowe,Teddy Sharman-Lowe,Goalkeeper,Chelsea FC,Premier League,23,0.0,0.0,0.0,0,0,0.0,0.0,0.0,0,0,0,0,0,0,0,39,2.07,13.39
ifeoluwa-david-ibrahim,Ifeoluwa Ibrahim,Midfielder,Arsenal FC,Premier League,18,33.0,33.0,2.5,1,0,0.0,-2.4,35.0,0,0,0,0,0,1,0,23,,
xavi-simons,Xavi Simons,Midfielder,Tottenham Hotspur FC,Premier League,23,52.0,52.0,72.5,29,20,44.2,10.84,41.38,1,2,8,2,10,3,1,13,4.44,19.7
kieran-dowell,Kieran Dowell,Midfielder,Hull City AFC,Premier League,28,36.0,37.0,35.0,14,1,6.7,1.91,35.36,0,0,1,0,6,7,0,26,0.99,13.05
cedric-kipre,Cédric Kipré,Defender,Ipswich Town FC,Premier League,29,46.0,53.0,70.0,28,25,55.7,14.79,38.04,0,2,8,5,11,2,0,12,1.45,3.08
mason-miley,Mason Miley,Midfielder,Newcastle United FC,Premier League,17,0.0,0.0,0.0,0,0,0.0,0.0,0.0,0,0,0,0,0,0,0,2,,
sebastian-jonathan-williams,Sebastian Williams,Midfielder,Crystal Palace FC,Premier League,19,0.0,0.0,0.0,0,0,0.0,0.0,0.0,0,0,0,0,0,0,0,2,,
joe-gomez,Joe Gomez,Defender,Liverpool FC,Premier League,29,30.0,37.0,55.0,22,11,22.9,-0.5,37.27,0,1,2,0,6,12,1,18,2.76,16.41
freddie-woodman,Frederick Woodman,Goalkeeper,Liverpool FC,Premier League,29,42.0,42.0,7.5,3,2,5.3,7.23,35.0,0,0,0,1,1,1,0,37,2.48,15.12
harvey-foster,Harvey Foster,Midfielder,Everton FC,Premier League,19,0.0,0.0,0.0,0,0,0.0,0.0,0.0,0,0,0,0,0,0,0,4,,
luca-jamie-williams-barnett,Luca Williams-Barnett,Midfielder,Tottenham Hotspur FC,Premier League,17,0.0,0.0,0.0,0,0,0.0,0.0,0.0,0,0,0,0,0,0,0,40,,
michele-di-gregorio,Michele Di Gregorio,Goalkeeper,AFC Bournemouth,Premier League,29,52.0,54.0,62.5,25,24,55.1,6.0,48.0,0,4,9,0,6,5,0,16,6.0,55.74
theo-devon-julienne,Theo Julienne,Midfielder,Arsenal FC,Premier League,18,0.0,0.0,0.0,0,0,,0.0,0.0,0,0,0,0,0,0,0,1,,
djiamgone-jocelin-ta-bi,Jocelin Bi,Forward,Sunderland AFC,Premier League,21,38.0,38.0,2.5,1,1,1.8,3.4,35.0,0,0,0,0,1,0,0,22,0.88,7.46
hakon-rafn-valdimarsson,Hákon Valdimarsson,Goalkeeper,Brentford FC,Premier League,24,24.0,24.0,2.5,1,1,2.2,-11.1,35.0,0,0,0,0,0,1,0,39,2.23,8.54
tymur-tutierov,Tymur Tutierov,Midfielder,Sunderland AFC,Premier League,21,0.0,0.0,0.0,0,0,0.0,0.0,0.0,0,0,0,0,0,0,0,40,,
veljko-milosavljevic,Veljko Milosavljević,Defender,AFC Bournemouth,Premier League,19,45.0,47.0,17.5,7,4,10.2,7.94,38.57,0,0,0,2,1,3,0,34,2.02,12.23
mahdi-nicoll-jazuli,Mahdi Nicoll-Jazuli,Midfielder,Chelsea FC,Premier League,16,0.0,0.0,0.0,0,0,0.0,0.0,0.0,0,0,0,0,0,0,0,5,,
malik-olayiwola,Malik Olayiwola,Midfielder,Everton FC,Premier League,17,0.0,0.0,0.0,0,0,0.0,0.0,0.0,0,0,0,0,0,0,0,18,,
brandon-austin,Brandon Austin,Goalkeeper,Tottenham Hotspur FC,Premier League,27,0.0,0.0,0.0,0,0,0.0,0.0,0.0,0,0,0,0,0,0,0,40,1.4,14.12
darko-gyabi,Darko Gyabi,Midfielder,Hull City AFC,Premier League,22,40.0,39.0,30.0,12,5,12.4,2.09,37.08,0,0,1,0,6,4,0,29,2.14,7.87
wataru-endo,Wataru Endō,Midfielder,Liverpool FC,Premier League,33,40.0,41.0,12.5,5,1,5.5,5.66,35.0,0,0,0,0,4,1,0,35,2.38,12.72
amad-diallo-traore,Amad Diallo,Forward,Manchester United FC,Premier League,24,53.0,53.0,75.0,30,23,46.5,10.32,42.5,0,7,1,5,14,2,0,11,7.11,41.33
geovany-tcherno-quenda,Geovany Quenda,Midfielder,Chelsea FC,Premier League,19,44.0,48.0,0.0,0,0,16.1,4.89,42.94,0,1,4,1,8,2,0,24,3.54,24.12
darryl-merveil-ombang,Darryl Ombang,Goalkeeper,Leeds United FC,Premier League,21,0.0,0.0,0.0,0,0,0.0,0.0,0.0,0,0,0,0,0,0,0,5,,
carlos-balepa-noom-quomah,Carlos Baleba,Midfielder,Manchester United FC,Premier League,22,43.0,41.0,67.5,27,20,38.1,6.78,34.26,0,0,2,3,12,7,1,15,5.31,25.59
tyler-dibling,Tyler-Jay Dibling,Forward,Everton FC,Premier League,20,39.0,37.0,35.0,14,4,9.2,2.31,35.0,0,0,0,1,8,5,0,26,1.25,7.61
miodrag-pivas,Miodrag Pivaš,Defender,Newcastle United FC,Premier League,21,0.0,0.0,0.0,0,0,,0.0,0.0,0,0,0,0,2,3,0,26,0.43,3.66
marcus-bettinelli,Marcus Bettinelli,Goalkeeper,Manchester City FC,Premier League,34,0.0,0.0,0.0,0,0,0.0,0.0,0.0,0,0,0,0,0,0,0,40,1.21,7.69
emanuel-emegha,Emanuel Emegha,Forward,Chelsea FC,Premier League,23,40.0,42.0,32.5,13,4,11.9,-0.48,41.54,0,1,2,0,7,3,0,27,2.43,10.26
brian-djomeni-madjo,Brian Madjo,Forward,Aston Villa FC,Premier League,17,34.0,33.0,2.5,1,0,0.1,-2.5,35.0,0,0,0,0,0,1,0,39,7.39,40.98
oscar-zambrano,Óscar Zambrano,Midfielder,Hull City AFC,Premier League,22,0.0,0.0,0.0,0,0,0.0,0.0,0.0,0,0,0,0,0,0,0,40,1.58,14.09
gabriel-slonina,Gabriel Slonina,Goalkeeper,Chelsea FC,Premier League,22,0.0,0.0,0.0,0,0,0.0,0.0,0.0,0,0,0,0,0,0,0,40,3.87,14.1
kyran-thompson,Kyran Thompson,Forward,Newcastle United FC,Premier League,17,0.0,0.0,0.0,0,0,,0.0,0.0,0,0,0,0,0,0,0,1,,
marco-palestra,Marco Palestra,Defender,Chelsea FC,Premier League,21,40.0,44.0,87.5,35,31,71.7,5.94,37.43,0,1,2,9,15,7,1,5,6.88,42.0
karl-darlow,Karl Darlow,Goalkeeper,Manchester United FC,Premier League,35,55.0,51.0,55.0,22,22,50.2,9.84,40.91,0,2,5,3,6,4,1,19,4.16,16.11
giovanni-leoni,Giovanni Leoni,Defender,Liverpool FC,Premier League,19,0.0,0.0,0.0,0,0,0.0,0.0,0.0,0,0,0,0,0,0,0,40,5.57,24.1
younes-ibrahim,Younes Ibrahim,Midfielder,Brighton & Hove Albion FC,Premier League,18,0.0,0.0,0.0,0,0,0.0,0.0,0.0,0,0,0,0,0,0,0,2,,
evan-ferguson,Evan Ferguson,Forward,Brighton & Hove Albion FC,Premier League,21,47.0,48.0,30.0,12,8,16.4,2.63,45.0,0,1,3,0,6,2,0,28,2.26,10.17
joelinton-cassio-apolinario-de-lira,Joelinton,Midfielder,Newcastle United FC,Premier League,30,45.0,47.0,62.5,25,20,42.0,7.26,40.0,0,1,5,1,16,1,0,16,1.99,15.72
macauley-adams-zepa,Macaulay Zepa,Forward,Fulham FC,Premier League,18,0.0,0.0,0.0,0,0,0.0,0.0,0.0,0,0,0,0,0,0,0,4,,
pelenda-joshua-tunga-dasilva,Josh Dasilva,Midfielder,Brentford FC,Premier League,27,36.0,36.0,5.0,2,0,0.1,0.7,35.0,0,0,0,0,1,1,0,38,2.66,11.02
dillon-phillips,Dillon Phillips,Goalkeeper,Hull City AFC,Premier League,31,64.0,64.0,2.5,1,1,2.2,29.2,35.0,0,0,1,0,0,0,0,39,2.13,14.11
james-mcconnell,James McConnell,Midfielder,Liverpool FC,Premier League,22,41.0,41.0,12.5,5,2,5.6,0.54,40.0,0,0,1,0,4,2,0,33,1.05,1.3
marli-ellis-salmon,Marli Salmon,Defender,Arsenal FC,Premier League,17,35.0,35.0,2.5,1,0,0.2,-0.02,35.0,0,0,0,0,0,1,0,36,,
alan-browne,Alan Browne,Midfielder,Sunderland AFC,Premier League,31,45.0,44.0,80.0,32,22,50.4,4.63,40.0,1,0,5,2,14,9,0,9,1.05,4.19
jonah-daniel-kusi-asare,Jonah Kusi-Asare,Forward,Fulham FC,Premier League,19,34.0,34.0,17.5,7,0,1.3,-1.09,35.0,0,0,0,0,2,5,0,33,0.51,9.35
taylor-harwood-bellis,Taylor Harwood-Bellis,Defender,Aston Villa FC,Premier League,24,59.0,59.0,82.5,33,33,75.0,17.98,41.67,0,3,10,9,9,1,0,8,2.18,17.77
kaoru-mitoma,Kaoru Mitoma,Midfielder,Brighton & Hove Albion FC,Premier League,29,47.0,45.0,52.5,21,15,33.2,6.91,38.57,0,0,2,1,17,0,0,20,4.44,23.61
michael-mills,Michael Mills,Forward,Newcastle United FC,Premier League,17,0.0,0.0,0.0,0,0,,0.0,0.0,0,0,0,0,0,0,0,1,,
jason-steele,Jason Steele,Goalkeeper,Brighton & Hove Albion FC,Premier League,36,0.0,0.0,0.0,0,0,0.0,0.0,0.0,0,0,0,0,0,0,0,40,2.23,11.59
stefanos-tzimas,Stefanos Tzimas,Forward,Brighton & Hove Albion FC,Premier League,20,42.0,42.0,20.0,8,1,2.8,0.04,41.25,0,0,2,0,3,3,0,32,2.06,8.47
reece-chadwick,Reece Chadwick,Midfielder,Leeds United FC,Premier League,19,0.0,0.0,0.0,0,0,0.0,0.0,0.0,0,0,0,0,0,0,0,8,,
john-victor-maciel-furtado,John,Goalkeeper,Nottingham Forest FC,Premier League,30,42.0,34.0,15.0,6,6,13.2,-1.63,35.83,0,0,1,0,1,3,1,34,1.45,13.6
kepa-arrizabalaga-revuelta,Kepa Arrizabalaga,Goalkeeper,Arsenal FC,Premier League,31,38.0,38.0,5.0,2,2,4.5,2.8,35.0,0,0,0,0,1,1,0,38,6.52,31.78
dejan-kulusevski,Dejan Kulusevski,Forward,Tottenham Hotspur FC,Premier League,26,0.0,0.0,0.0,0,0,0.0,0.0,0.0,0,0,0,0,0,0,0,40,3.52,14.97
matthew-charles-compton,Charles Compton,Midfielder,Ipswich Town FC,Premier League,19,0.0,0.0,0.0,0,0,0.0,0.0,0.0,0,0,0,0,0,0,0,4,,
thomas-mcgill,Thomas McGill,Goalkeeper,Brighton & Hove Albion FC,Premier League,26,0.0,0.0,0.0,0,0,0.0,0.0,0.0,0,0,0,0,0,0,0,40,1.35,9.91
fraser-forster,Fraser Forster,Goalkeeper,AFC Bournemouth,Premier League,38,0.0,0.0,0.0,0,0,0.0,0.0,0.0,0,0,0,0,0,0,0,40,2.81,8.89
hugo-ekitike,Hugo Ekitike,Forward,Liverpool FC,Premier League,24,51.0,50.0,65.0,26,21,43.9,3.86,45.96,0,3,5,0,11,6,0,15,10.29,44.82
julian-araujo,Julián Araujo,Defender,AFC Bournemouth,Premier League,25,53.0,51.0,27.5,11,10,21.9,14.17,37.27,0,1,4,1,3,1,1,29,2.17,14.12
kaye-furo-tamuno-iyowuna,Kaye Furo,Forward,Brentford FC,Premier League,19,43.0,43.0,12.5,5,0,2.0,2.8,40.0,0,0,1,0,3,1,0,35,2.89,2.89
mike-penders,Mike Penders,Goalkeeper,Chelsea FC,Premier League,21,53.0,52.0,70.0,28,28,63.0,13.28,38.93,0,4,3,7,11,4,0,11,6.49,50.42
jayden-danns,Jayden Danns,Forward,Liverpool FC,Premier League,20,0.0,0.0,0.0,0,0,0.0,0.0,0.0,0,0,0,0,0,0,0,40,,
dayann-methalie,Dayann Méthalie,Defender,Sunderland AFC,Premier League,20,37.0,34.0,57.5,23,18,45.6,-6.25,38.48,0,1,3,2,7,11,4,12,2.96,6.92
gustavo-nunes-fernandes-gomes,Gustavo Nunes,Forward,Brentford FC,Premier League,20,42.0,41.0,30.0,12,5,14.0,4.18,37.08,0,0,2,0,7,3,0,28,1.46,2.23
manuel-ugarte-ribeiro,Manuel Ugarte,Midfielder,Manchester United FC,Premier League,25,41.0,43.0,50.0,20,9,24.2,8.24,35.0,0,0,1,3,13,2,0,21,3.55,13.05
martin-dubravka,Martin Dúbravka,Goalkeeper,Tottenham Hotspur FC,Premier League,37,36.0,43.0,82.5,33,33,74.2,6.47,36.97,1,1,5,2,11,10,2,8,2.68,13.28
amine-adli,Amine Adli,Forward,AFC Bournemouth,Premier League,26,37.0,43.0,67.5,27,10,23.9,3.33,39.63,0,0,5,1,16,4,0,14,3.08,10.76
max-robert-dowman,Max Dowman,Midfielder,Arsenal FC,Premier League,16,44.0,44.0,15.0,6,1,4.2,5.25,39.17,0,0,1,0,5,0,0,34,10.56,38.47
jules-ahoka-jules,Jules Ahoka,Midfielder,Sunderland AFC,Premier League,20,60.0,60.0,10.0,4,3,7.0,19.15,41.25,0,1,0,2,0,1,0,36,3.59,7.15
alex-palmer,Alexander Palmer,Goalkeeper,Ipswich Town FC,Premier League,30,45.0,36.0,2.5,1,1,0.6,0.6,35.0,0,0,0,0,0,0,0,40,2.3,13.79
jack-andrew-davidson-fletcher,Jack Fletcher,Midfielder,Manchester United FC,Premier League,19,38.0,38.0,7.5,3,0,3.2,2.6,35.0,0,0,0,0,2,1,0,37,2.03,7.66
ilia-gruev-2000-05-03,Ilia Gruev,Midfielder,Leeds United FC,Premier League,26,40.0,42.0,55.0,22,16,35.0,3.87,37.73,0,2,0,0,12,8,0,18,0.96,13.12
wilson-odobert,Wilson Odobert,Forward,Tottenham Hotspur FC,Premier League,21,51.0,47.0,52.5,21,11,24.7,6.8,40.24,0,3,1,0,14,2,0,20,2.9,13.0
matthijs-de-ligt,Matthijs de Ligt,Defender,Manchester United FC,Premier League,27,53.0,53.0,22.5,9,9,20.2,15.25,37.78,0,1,3,1,1,2,0,32,4.12,22.06
federico-chiesa,Federico Chiesa,Midfielder,Liverpool FC,Premier League,28,35.0,38.0,52.5,21,1,5.8,0.74,37.38,0,0,2,0,14,4,0,20,3.45,14.13
ben-davies-1993-04-24,Ben Davies,Defender,Tottenham Hotspur FC,Premier League,33,45.0,48.0,10.0,4,2,4.0,6.4,41.25,0,0,1,0,3,0,0,36,1.08,10.79
rory-mahady,Rory Mahady,Goalkeeper,Leeds United FC,Premier League,20,0.0,0.0,0.0,0,0,0.0,0.0,0.0,0,0,0,0,0,0,0,5,,
braiden-graham,Braiden Graham,Forward,Everton FC,Premier League,18,0.0,0.0,0.0,0,0,0.0,0.0,0.0,0,0,0,0,0,0,0,23,,
david-button,David Button,Goalkeeper,Ipswich Town FC,Premier League,37,0.0,0.0,0.0,0,0,0.0,0.0,0.0,0,0,0,0,0,0,0,40,1.07,4.64
maximillian-james-aarons,Max Aarons,Defender,AFC Bournemouth,Premier League,26,35.0,42.0,55.0,22,10,25.4,5.81,36.14,0,0,5,1,6,8,1,19,1.53,7.74
juan-luis-sanchez-velasco,Juanlu Sánchez,Midfielder,AFC Bournemouth,Premier League,23,45.0,44.0,70.0,28,20,42.7,7.05,36.25,0,2,2,3,14,4,3,12,1.31,8.89
antoni-djibu-milambo,Antoni-Djibu Milambo,Midfielder,Brentford FC,Premier League,21,0.0,0.0,0.0,0,0,0.0,0.0,0.0,0,0,0,0,0,0,0,40,2.11,14.12
remi-matthews,Remi Matthews,Goalkeeper,Crystal Palace FC,Premier League,32,0.0,0.0,0.0,0,0,0.0,0.0,0.0,0,0,0,0,0,0,0,40,1.06,13.72
jack-whittaker,Jack Whittaker,Midfielder,Sunderland AFC,Premier League,19,0.0,0.0,0.0,0,0,0.0,0.0,0.0,0,0,0,0,0,0,0,39,,
jayden-lienou,Jayden Lienou,Defender,Leeds United FC,Premier League,18,0.0,0.0,0.0,0,0,0.0,0.0,0.0,0,0,0,0,0,0,0,8,,
melker-ellborg,Melker Ellborg,Goalkeeper,Sunderland AFC,Premier League,23,45.0,45.0,20.0,8,8,24.0,5.83,38.75,0,0,2,0,4,2,0,32,2.37,9.32
geronimo-rulli,Gerónimo Rulli,Goalkeeper,Manchester City FC,Premier League,34,54.0,46.0,55.0,22,22,49.5,8.0,37.95,0,4,1,1,11,3,3,17,6.92,27.09
aimuamwonsa-presly-owen-asemota,Owen Asemota,Goalkeeper,Aston Villa FC,Premier League,18,0.0,0.0,0.0,0,0,0.0,0.0,0.0,0,0,0,0,0,0,0,6,,
thomas-king,Thomas King,Goalkeeper,Everton FC,Premier League,31,0.0,0.0,0.0,0,0,0.0,0.0,0.0,0,0,0,0,0,0,0,40,0.53,12.19
harvey-davies,Harvey Davies,Goalkeeper,Liverpool FC,Premier League,23,0.0,0.0,0.0,0,0,0.0,0.0,0.0,0,0,0,0,0,0,0,40,9.16,83.71
alfie-cresswell,Alfie Cresswell,Midfielder,Leeds United FC,Premier League,19,0.0,0.0,0.0,0,0,0.0,0.0,0.0,0,0,0,0,0,0,0,7,,
lucca-benetton,Lucca Benetton,Goalkeeper,Crystal Palace FC,Premier League,16,0.0,0.0,0.0,0,0,0.0,0.0,0.0,0,0,0,0,0,0,0,2,,
alex-cairns,Alexander Cairns,Goalkeeper,Leeds United FC,Premier League,33,0.0,0.0,0.0,0,0,0.0,0.0,0.0,0,0,0,0,0,0,0,40,0.96,12.62
jaouen-hadjam,Jaouen Hadjam,Defender,Brighton & Hove Albion FC,Premier League,23,47.0,46.0,35.0,14,8,16.2,11.35,35.0,0,1,2,0,6,3,0,28,1.87,9.67
yankuba-minteh,Yankuba Minteh,Forward,Brighton & Hove Albion FC,Premier League,22,50.0,49.0,75.0,30,22,51.5,8.12,40.83,0,2,3,3,15,4,0,13,3.4,17.87
aaron-anselmino,Aarón Anselmino,Defender,Chelsea FC,Premier League,21,52.0,49.0,22.5,9,4,9.6,8.72,40.56,0,1,2,1,4,1,0,31,1.5,11.1
ellery-balcombe,Ellery Balcombe,Goalkeeper,Brentford FC,Premier League,26,0.0,0.0,0.0,0,0,0.0,0.0,0.0,0,0,0,0,0,0,0,40,0.6,9.5
ben-wilson,Ben Wilson,Goalkeeper,Coventry City FC,Premier League,34,0.0,0.0,0.0,0,0,0.0,0.0,0.0,0,0,0,0,0,0,0,40,0.38,14.12
william-saliba,William Saliba,Defender,Arsenal FC,Premier League,25,53.0,53.0,70.0,28,28,61.1,17.54,35.89,0,1,6,10,9,2,0,12,14.96,63.98
luke-edwards,Luke Edwards,Midfielder,Hull City AFC,Premier League,0,0.0,0.0,0.0,0,0,0.0,0.0,0.0,0,0,0,0,0,0,0,40,,
james-wright-2004-12-02,James Wright,Goalkeeper,Aston Villa FC,Premier League,21,0.0,0.0,0.0,0,0,0.0,0.0,0.0,0,0,0,0,0,0,0,40,,
aidan-harris,Aidan Harris,Goalkeeper,Newcastle United FC,Premier League,19,0.0,0.0,0.0,0,0,0.0,0.0,0.0,0,0,0,0,0,0,0,27,0.45,14.12
jeremy-doku,Jeremy Doku,Forward,Manchester City FC,Premier League,24,51.0,57.0,67.5,27,19,40.4,15.16,42.59,2,3,1,4,14,0,0,16,41.81,220.79
manuel-angel-moran-ibanez,Manuel Ángel,Midfielder,Fulham FC,Premier League,22,37.0,37.0,15.0,6,1,3.8,4.85,31.67,0,0,0,0,4,2,0,28,1.2,14.12
mark-gillespie,Mark Gillespie,Goalkeeper,Newcastle United FC,Premier League,34,0.0,0.0,0.0,0,0,0.0,0.0,0.0,0,0,0,0,0,0,0,40,0.53,7.52
giorgi-mamardashvili,Giorgi Mamardashvili,Goalkeeper,Liverpool FC,Premier League,25,43.0,44.0,22.5,9,9,19.4,6.69,37.78,0,1,0,1,6,1,0,31,7.43,59.72
floyd-samba,Floyd Samba,Midfielder,Manchester City FC,Premier League,17,0.0,0.0,0.0,0,0,0.0,0.0,0.0,0,0,0,0,0,0,0,18,,
michael-svoboda,Michael Svoboda,Defender,Brighton & Hove Albion FC,Premier League,27,59.0,62.0,72.5,29,28,62.2,22.04,40.34,1,6,13,2,4,2,0,12,1.97,10.32
olutayo-peter-gabriel-subuloye,Olutayo Subuloye,Defender,Chelsea FC,Premier League,18,0.0,0.0,0.0,0,0,0.0,0.0,0.0,0,0,0,0,0,0,0,5,,
conor-bradley-2003-07-09,Conor Bradley,Defender,Liverpool FC,Premier League,23,46.0,46.0,17.5,7,5,10.6,7.67,38.57,0,1,0,2,2,2,0,33,1.95,12.19
kim-ji-soo,Kim Ji-Soo,Defender,Brentford FC,Premier League,21,42.0,45.0,30.0,12,9,26.7,7.95,37.08,0,1,1,4,4,7,0,23,0.88,14.12
tom-heaton,Thomas Heaton,Goalkeeper,Manchester United FC,Premier League,40,0.0,0.0,0.0,0,0,0.0,0.0,0.0,0,0,0,0,0,0,0,40,0.46,8.8
julio-cesar-soler-barreto,Julio Soler,Defender,AFC Bournemouth,Premier League,21,32.0,32.0,5.0,2,0,0.8,-3.5,35.0,0,0,0,0,0,2,0,38,2.28,12.16
nicolo-savona,Nicolò Savona,Defender,Nottingham Forest FC,Premier League,23,40.0,37.0,17.5,7,6,12.7,1.71,35.0,0,0,0,1,1,4,0,34,2.31,13.47
jenson-oliver-jones,Jenson Jones,Defender,Sunderland AFC,Premier League,20,0.0,0.0,0.0,0,0,0.0,0.0,0.0,0,0,0,0,0,0,0,39,,
bradley-gregory-slade,Bradley Slade,Defender,Fulham FC,Premier League,19,0.0,0.0,0.0,0,0,0.0,0.0,0.0,0,0,0,0,0,0,0,4,,
dan-burn,Dan Burn,Defender,Newcastle United FC,Premier League,34,43.0,40.0,62.5,25,18,37.4,1.74,38.2,0,0,4,1,10,4,3,18,2.11,11.74
christian-norgaard,Christian Nørgaard,Midfielder,Everton FC,Premier League,32,47.0,47.0,25.0,10,4,10.9,9.38,37.5,0,1,1,1,4,3,0,30,3.02,13.12
steven-benda,Steven-Andreas Benda,Goalkeeper,Nottingham Forest FC,Premier League,27,46.0,40.0,10.0,4,4,9.0,-2.53,42.5,0,0,2,0,0,0,1,37,2.99,8.91
callum-mills,Callum Mills,Midfielder,Leeds United FC,Premier League,18,0.0,0.0,0.0,0,0,0.0,0.0,0.0,0,0,0,0,0,0,0,5,,
mack-allan,Mack Allan,Goalkeeper,AFC Bournemouth,Premier League,20,0.0,0.0,0.0,0,0,0.0,0.0,0.0,0,0,0,0,0,0,0,2,,
fabio-carvalho,Fábio Carvalho,Midfielder,Brentford FC,Premier League,24,35.0,35.0,7.5,3,0,0.2,-0.1,35.0,0,0,1,0,2,1,0,36,0.99,10.64
benjamin-lecomte,Benjamin Lecomte,Goalkeeper,Fulham FC,Premier League,35,0.0,0.0,0.0,0,0,0.0,0.0,0.0,0,0,0,0,0,0,0,40,1.95,8.28
vitezslav-jaros,Vítězslav Jaroš,Goalkeeper,Liverpool FC,Premier League,25,43.0,46.0,40.0,16,16,36.0,6.16,40.0,0,1,4,1,3,6,0,25,3.11,17.49
nehemiah-said-oriola-ii,Nehemiah Oriola,Midfielder,Brighton & Hove Albion FC,Premier League,19,35.0,35.0,2.5,1,0,0.0,0.0,35.0,0,0,0,0,1,0,0,37,,
alexander-borto,Alexander Borto,Goalkeeper,Fulham FC,Premier League,22,0.0,0.0,0.0,0,0,0.0,0.0,0.0,0,0,0,0,0,0,0,31,0.5,2.75
jamie-jermaine-bynoe-gittens,Jamie Bynoe-Gittens,Forward,Chelsea FC,Premier League,22,41.0,42.0,35.0,14,5,11.8,3.11,38.57,0,1,1,0,7,4,0,27,2.34,15.1
chibuzo-udo-nwoko-junior,Chibuzo Nwoko,Midfielder,Fulham FC,Premier League,20,0.0,0.0,0.0,0,0,0.0,0.0,0.0,0,0,0,0,0,0,0,4,,
cheick-oumar-doucoure,Cheick Doucouré,Midfielder,Crystal Palace FC,Premier League,26,0.0,0.0,0.0,0,0,0.0,0.0,0.0,0,0,0,0,0,0,0,40,2.7,10.19
tom-proctor,Tom Proctor,Midfielder,Sunderland AFC,Premier League,0,0.0,0.0,0.0,0,0,0.0,0.0,0.0,0,0,0,0,0,0,0,3,,
eli-junior-kroupi,Eli Junior Kroupi,Forward,AFC Bournemouth,Premier League,20,52.0,49.0,75.0,30,21,42.9,3.68,45.33,0,1,11,2,8,8,0,10,12.43,34.08
harrison-reed,Harrison Reed,Midfielder,Fulham FC,Premier League,31,39.0,39.0,17.5,7,1,2.4,0.71,38.57,0,0,1,0,4,2,0,33,1.5,9.31
illan-meslier,Illan Meslier,Goalkeeper,Arsenal FC,Premier League,26,0.0,0.0,0.0,0,0,0.0,0.0,0.0,0,0,0,0,0,0,0,40,1.75,13.36
benjamin-chiemela-fredrick,Benjamin Fredrick,Defender,Brentford FC,Premier League,21,38.0,38.0,17.5,7,5,13.0,3.26,35.0,0,0,0,2,5,1,1,31,2.87,14.41
stephen-mfuni,Stephen-Nevin Mfuni,Defender,Coventry City FC,Premier League,18,61.0,61.0,20.0,8,8,16.8,19.85,41.25,0,2,2,2,2,0,0,32,2.57,11.35
simon-moore,Simon Moore,Goalkeeper,Sunderland AFC,Premier League,36,0.0,0.0,0.0,0,0,0.0,0.0,0.0,0,0,0,0,0,0,0,40,2.77,12.97
jordan-brian-henderson,Jordan Henderson,Midfielder,Chelsea FC,Premier League,36,42.0,41.0,55.0,22,12,25.1,4.05,37.27,0,0,3,0,16,3,0,18,2.95,13.66
brandon-pierrick,Brandon Pierrick,Midfielder,Crystal Palace FC,Premier League,24,0.0,0.0,0.0,0,0,0.0,0.0,0.0,0,0,0,0,0,0,0,40,,
eliot-matazo,Eliot Matazo,Midfielder,Hull City AFC,Premier League,24,36.0,36.0,2.5,1,1,0.3,0.7,35.0,0,0,0,0,1,0,0,39,1.64,14.09
reggie-watson,Reggie Watson,Midfielder,Chelsea FC,Premier League,16,0.0,0.0,0.0,0,0,0.0,0.0,0.0,0,0,0,0,0,0,0,5,,
shane-kojo-nti,Shane Nti,Midfielder,Brighton & Hove Albion FC,Premier League,19,0.0,0.0,0.0,0,0,0.0,0.0,0.0,0,0,0,0,0,0,0,5,,
anan-khalaili,Anan Khalaili,Defender,Crystal Palace FC,Premier League,22,58.0,60.0,0.0,0,0,73.9,17.46,42.71,0,8,7,9,8,1,0,7,6.43,35.32
modou-keba-cisse,Modou Cissé,Defender,Aston Villa FC,Premier League,21,53.0,58.0,55.0,22,22,62.5,17.78,39.77,0,4,7,5,10,1,1,12,0.53,8.76
archie-howard,Archie Howard,Goalkeeper,Hull City AFC,Premier League,19,0.0,0.0,0.0,0,0,0.0,0.0,0.0,0,0,0,0,0,0,0,20,,
lamine-yamal-nasraoui-ebana,Lamine Yamal,Forward,FC Barcelona,Primera División,19,77.0,71.0,85.0,34,32,66.8,20.45,52.5,8,5,9,5,5,0,0,8,261.4,960.52
raphael-dias-belloli,Raphinha,Forward,FC Barcelona,Primera División,29,76.0,67.0,70.0,28,26,50.4,14.54,53.75,3,8,2,6,3,3,0,15,202.0,555.93
marc-bartra-aregall,Marc Bartra,Defender,Real Betis,Primera División,35,60.0,55.0,62.5,25,20,47.4,15.64,39.4,1,6,3,4,6,3,2,15,14.71,26.99
juan-marcos-foyth,Juan Foyth,Defender,Villarreal CF,Primera División,28,50.0,51.0,30.0,12,11,22.4,18.68,32.5,0,1,3,3,1,2,1,29,5.55,36.13
kylian-mbappe-lottin,Kylian Mbappé,Forward,Real Madrid,Primera División,27,71.0,63.0,80.0,32,29,62.5,9.29,53.59,1,12,8,0,5,5,0,9,191.33,781.81
augusto-martin-batalla-barga,Augusto Batalla,Goalkeeper,Rayo Vallecano,Primera División,30,54.0,49.0,80.0,32,32,71.2,4.88,44.22,0,5,6,1,11,8,0,9,2.38,13.28
alex-calatrava-torrado,Cala,Forward,RCD Espanyol de Barcelona,Primera División,26,48.0,54.0,97.5,39,36,78.5,8.6,44.62,0,5,11,4,13,5,0,2,2.16,13.42
sebastian-enzo-caceres-ramos-1999-08-18,Sebastián Cáceres,Defender,RC Celta,Primera División,27,54.0,53.0,62.5,25,25,53.3,16.59,36.0,0,1,5,7,11,1,0,15,2.82,7.12
arda-guler,Arda Güler,Midfielder,Real Madrid,Primera División,21,72.0,65.0,85.0,34,27,57.4,20.69,44.56,0,9,10,9,4,1,0,7,99.4,315.13
pierre-emerick-aubameyang,Pierre-Emerick Aubameyang,Forward,Real Club Deportivo de La Coruña,Primera División,37,58.0,52.0,95.0,38,31,70.0,4.89,47.24,0,4,12,1,12,6,1,4,12.74,58.11
sergio-camello-perez,Sergio Camello,Forward,Rayo Vallecano,Primera División,25,61.0,50.0,70.0,28,13,30.3,4.62,45.36,0,3,7,0,12,5,0,13,12.14,49.53
karim-adeyemi,Karim Adeyemi,Forward,FC Barcelona,Primera División,24,60.0,48.0,82.5,33,14,33.1,2.49,45.61,0,2,12,0,6,10,1,9,32.61,111.37
marcos-llorente-moreno,Marcos Llorente,Midfielder,Atlético de Madrid,Primera División,31,66.0,57.0,70.0,28,21,49.6,15.98,40.71,0,8,2,4,10,5,0,11,26.15,98.67
jude-bellingham,Jude Bellingham,Midfielder,Real Madrid,Primera División,23,69.0,61.0,72.5,29,23,50.3,14.84,47.07,2,7,4,4,10,2,0,11,130.11,599.8
carlos-macia-coves,Carlos Maciá,Midfielder,Villarreal CF,Primera División,18,41.0,41.0,20.0,8,0,3.9,3.24,38.13,0,0,1,0,6,1,0,27,2.73,7.01
xavi-espart-font,Xavi Espart,Defender,FC Barcelona,Primera División,19,53.0,52.0,27.5,11,6,15.8,14.27,37.73,1,1,1,2,5,0,1,29,36.05,172.51
federico-redondo-solari,Federico Redondo,Midfielder,Elche CF,Primera División,23,51.0,47.0,32.5,13,5,12.1,8.0,39.23,0,2,2,0,4,5,0,27,5.52,11.32
pablo-barrios-rivas,Pablo Barrios,Midfielder,Atlético de Madrid,Primera División,23,54.0,56.0,42.5,17,14,28.1,16.93,39.41,1,1,4,2,6,2,0,24,11.94,84.2
carl-starfelt,Carl Starfelt,Defender,RC Celta,Primera División,31,45.0,48.0,47.5,19,16,35.6,10.04,38.16,0,1,1,6,6,4,0,22,2.35,10.32
alejandro-baena-rodriguez,Álex Baena,Midfielder,Atlético de Madrid,Primera División,25,57.0,52.0,85.0,34,24,51.5,10.7,41.18,0,5,3,6,18,2,0,6,24.74,126.71
alvaro-nunez-cobo,A.Nuñez,Defender,RC Celta,Primera División,26,51.0,54.0,42.5,17,16,31.3,16.3,37.94,0,1,3,5,7,0,0,24,2.6,5.48
robin-aime-robert-le-normand,Robin Le Normand,Defender,Atlético de Madrid,Primera División,29,51.0,47.0,80.0,32,15,41.9,10.09,37.19,0,3,6,1,15,5,1,9,5.29,23.29
aitor-paredes-casamichana,Aitor Paredes,Defender,Athletic Club,Primera División,26,51.0,49.0,50.0,20,19,43.5,10.29,37.75,0,1,4,3,9,2,0,21,3.84,10.8
inigo-vicente-elorduy,Iñigo Vicente,Forward,Real Racing Club de Santander,Primera División,28,66.0,68.0,97.5,39,37,78.8,22.43,47.31,4,12,7,6,9,0,0,2,15.75,93.77
igor-zubeldia-elorza,Zubeldia,Defender,Real Sociedad,Primera División,29,44.0,45.0,62.5,25,22,50.6,4.89,40.0,0,1,5,1,13,3,1,16,0.76,9.22
daniel-olmo-carvajal,Dani Olmo,Midfielder,FC Barcelona,Primera División,28,56.0,53.0,100.0,40,28,57.5,9.85,43.0,1,4,10,4,18,2,0,1,29.91,104.41
inaki-ruperez-urtasun,Iñaki Rupérez,Defender,Real Sociedad,Primera División,23,53.0,53.0,7.5,3,1,2.5,7.17,46.67,1,0,0,0,1,1,0,37,0.69,2.19
andres-castrin,Andrés Castrín,Defender,Sevilla FC,Primera División,23,58.0,52.0,50.0,20,14,34.6,14.35,38.0,1,1,2,5,10,1,0,20,5.28,18.29
mathew-ryan,Mathew Ryan,Goalkeeper,Levante UD,Primera División,34,57.0,54.0,90.0,36,35,78.8,10.87,43.19,0,7,3,10,9,7,0,4,15.68,84.09
cristian-gabriel-romero,Cristian Romero,Defender,Atlético de Madrid,Primera División,28,60.0,61.0,62.5,25,24,47.3,21.25,40.2,2,6,2,6,5,2,1,16,20.87,121.41
ante-budimir,Budimir,Forward,CA Osasuna,Primera División,35,51.0,49.0,95.0,38,34,68.9,3.03,45.66,0,3,13,0,11,9,1,3,6.34,37.07
trent-alexander-arnold,Trent Alexander-Arnold,Defender,Real Madrid,Primera División,27,52.0,56.0,62.5,25,19,41.1,14.06,42.0,1,1,8,4,7,3,0,16,14.33,84.61
pedro-gonzalez-lopez,Pedri,Midfielder,FC Barcelona,Primera División,23,60.0,62.0,87.5,35,26,57.8,20.96,40.71,0,8,9,6,10,0,0,7,139.32,596.47
pau-cubarsi-paredes,Pau Cubarsí,Defender,FC Barcelona,Primera División,19,71.0,66.0,80.0,32,32,69.3,25.97,39.84,0,10,9,6,5,2,0,8,134.94,539.51
natan-bernardo-de-souza,Natan,Defender,Real Betis,Primera División,25,54.0,51.0,80.0,32,31,66.2,13.18,37.34,0,3,5,6,12,5,0,9,12.76,36.96
alvaro-valles-rosa,Álvaro Valles,Goalkeeper,Real Betis,Primera División,29,60.0,55.0,77.5,31,31,69.8,11.11,44.35,1,7,6,0,11,5,0,10,55.07,162.69
antonio-rudiger,Antonio Rüdiger,Defender,Real Madrid,Primera División,33,49.0,49.0,60.0,24,21,47.9,10.41,38.13,0,1,5,4,11,3,0,16,5.1,24.53
gabriel-fernando-de-jesus,Gabriel Jesus,Forward,FC Barcelona,Primera División,29,46.0,44.0,57.5,23,4,15.3,1.79,41.96,0,1,5,0,11,6,0,17,12.1,44.16
rodrigo-hernandez-cascante,Rodrigo,Midfielder,FC Barcelona,Primera División,30,59.0,59.0,82.5,33,28,64.2,24.27,35.15,0,7,10,8,6,0,1,8,134.34,425.36
sergio-gomez-martin,Sergio Gómez,Forward,Real Sociedad,Primera División,26,54.0,52.0,92.5,37,34,75.2,12.91,39.19,0,6,8,3,13,5,1,4,7.24,38.18
alvaro-fernandez-carreras,Álvaro Carreras,Defender,Real Madrid,Primera División,23,54.0,58.0,60.0,24,21,45.4,18.31,39.79,1,3,7,3,5,4,0,17,9.3,43.62
mohamed-yassir-zabiri,Yassir Zabiri,Forward,Real Racing Club de Santander,Primera División,21,46.0,47.0,52.5,21,10,26.9,3.17,44.05,0,4,2,0,7,10,0,17,8.12,41.04
julian-alvarez,Julián Álvarez,Forward,Atlético de Madrid,Primera División,26,45.0,53.0,65.0,26,16,42.9,6.82,45.77,0,3,6,0,11,6,0,14,32.09,158.1
robert-navarro-munoz,Navarro,Midfielder,Athletic Club,Primera División,24,51.0,49.0,82.5,33,14,40.1,5.69,43.18,0,2,7,0,20,3,0,8,7.06,29.65
jonathan-david,Jonathan David,Forward,Atlético de Madrid,Primera División,26,53.0,49.0,87.5,35,25,53.9,3.78,44.57,0,4,6,0,13,11,0,6,27.12,71.47
aissa-mandi,Aïssa Mandi,Defender,Levante UD,Primera División,34,56.0,59.0,92.5,37,34,79.5,22.3,36.35,0,5,13,7,8,3,0,4,7.04,44.13
marcos-alonso-mendoza,Marcos Alonso,Defender,RC Celta,Primera División,35,56.0,55.0,87.5,35,35,77.4,19.93,34.57,0,2,10,8,12,2,0,6,7.09,35.95
lucien-agoume,Lucien Agoumé,Midfielder,Sevilla FC,Primera División,24,54.0,48.0,90.0,36,33,72.0,11.52,36.39,0,0,4,11,16,4,0,5,5.8,45.86
pablo-ramon-parra,Pablo Ramón,Defender,Real Racing Club de Santander,Primera División,25,50.0,48.0,67.5,27,23,51.4,14.31,33.52,0,1,5,2,14,3,1,14,3.56,6.64
pape-gueye,Pape Gueye,Midfielder,Villarreal CF,Primera División,27,57.0,52.0,82.5,33,30,61.9,12.25,40.0,1,6,4,5,12,4,1,7,13.86,46.5
troy-parrott,Troy Parrott,Forward,Real Betis,Primera División,24,48.0,51.0,87.5,35,30,66.6,2.93,47.71,0,3,14,0,6,10,1,6,12.04,38.41
gerard-martin-langreo,Gerard Martín,Defender,FC Barcelona,Primera División,24,65.0,58.0,85.0,34,32,66.5,20.54,37.94,1,5,7,8,10,2,0,7,40.88,188.59
unai-lopez-cabrera,Unai López,Midfielder,Rayo Vallecano,Primera División,30,53.0,49.0,77.5,31,24,49.9,10.6,38.39,0,3,5,7,8,7,0,10,3.06,25.19
jon-mikel-aramburu-mejias,Jon Aramburu,Defender,Real Sociedad,Primera División,24,41.0,42.0,90.0,36,33,72.7,6.54,35.56,0,2,4,5,11,12,1,5,4.8,16.88
jeanuel-belocian,Jeanuël Belocian,Defender,Real Racing Club de Santander,Primera División,21,56.0,43.0,70.0,28,21,50.1,7.26,36.07,0,2,3,3,9,8,2,13,4.14,21.51
unai-simon-mendibil,Unai Simón,Goalkeeper,Athletic Club,Primera División,29,61.0,52.0,92.5,37,37,82.9,9.28,42.84,0,6,8,3,12,8,1,2,59.57,212.39
jonathan-castro-otto,Jonny,Defender,D. Alavés,Primera División,32,47.0,46.0,87.5,35,35,76.5,9.9,35.71,0,2,5,5,12,9,1,6,2.29,16.78
juan-antonio-iglesias-sanchez,Juan Iglesias,Defender,Sevilla FC,Primera División,28,50.0,47.0,97.5,39,39,85.9,8.43,38.46,0,2,8,6,13,6,4,1,2.91,10.74
antonio-sivera-salva,Sivera,Goalkeeper,D. Alavés,Primera División,30,57.0,44.0,100.0,40,40,90.0,5.19,39.13,0,1,8,5,14,7,4,1,16.96,119.93
nicolas-pepe,Nicolas Pépé,Forward,Villarreal CF,Primera División,31,58.0,58.0,95.0,38,30,63.1,10.59,47.11,2,8,5,4,13,4,0,4,29.1,137.89
hugo-gonzalez-sotos,Hugo González,Forward,RC Celta,Primera División,23,52.0,52.0,12.5,5,3,5.8,7.16,45.0,0,1,1,0,3,0,0,35,5.0,22.11
enrique-ribes-recaj,Quique Ribes,Defender,RC Celta,Primera División,22,69.0,69.0,12.5,5,5,42.9,23.55,45.0,0,2,0,2,1,0,0,7,,
guido-rodriguez,Guido Rodríguez,Midfielder,Valencia CF,Primera División,32,56.0,50.0,60.0,24,18,41.5,12.25,38.13,0,2,4,5,11,2,0,16,5.92,58.33
marc-roca-junque,Marc Roca,Midfielder,Real Betis,Primera División,29,50.0,48.0,77.5,31,25,57.3,10.9,37.42,0,2,5,4,18,2,0,9,7.43,17.81
diego-valentin-gomez,Valentín Gómez,Defender,Real Betis,Primera División,23,42.0,42.0,65.0,26,18,44.1,8.2,34.23,0,1,2,4,13,4,2,14,3.65,11.07
federico-santiago-valverde-dipetta,Federico Valverde,Midfielder,Real Madrid,Primera División,28,56.0,64.0,90.0,36,36,76.4,17.4,46.81,1,11,5,4,12,1,0,6,43.13,205.48
roberto-fernandez-jaen,Roberto Fernández,Forward,RCD Espanyol de Barcelona,Primera División,24,55.0,45.0,100.0,40,28,66.8,1.51,43.0,0,2,10,0,12,15,0,1,12.02,41.43
kang-in-lee,Kang-In Lee,Midfielder,Atlético de Madrid,Primera División,25,59.0,52.0,77.5,31,19,40.1,12.17,39.68,1,4,3,3,12,4,1,12,24.04,103.89
alejandro-remiro-gargallo,Álex Remiro,Goalkeeper,Real Sociedad,Primera División,31,48.0,43.0,82.5,33,33,74.2,7.26,36.06,0,2,3,4,15,8,2,6,11.73,71.07
alejandro-grimaldo-garcia,Alejandro Grimaldo,Defender,Atlético de Madrid,Primera División,31,50.0,61.0,72.5,29,28,60.3,18.86,43.1,2,4,9,3,9,1,1,11,27.82,92.54
luis-miguel-cruz-hernandez,Luismi Cruz,Midfielder,Real Club Deportivo de La Coruña,Primera División,25,51.0,52.0,95.0,38,28,57.8,10.31,41.84,0,5,6,3,20,3,0,3,4.13,11.05
anthony-gordon,Anthony Gordon,Forward,FC Barcelona,Primera División,25,62.0,57.0,75.0,30,24,49.2,8.68,48.83,1,5,8,1,12,2,0,11,39.73,256.32
fernando-nino-rodriguez,Fer Niño,Forward,Elche CF,Primera División,25,51.0,46.0,90.0,36,30,66.0,5.14,41.25,0,2,7,1,17,8,0,5,4.59,14.83
joao-pedro-cavaco-cancelo,João Cancelo,Defender,FC Barcelona,Primera División,32,51.0,52.0,85.0,34,25,50.0,11.03,41.18,2,4,3,5,15,4,0,7,38.37,146.82
gabriel-alonso-suazo-urbina,Gabriel Suazo,Defender,Sevilla FC,Primera División,29,45.0,47.0,82.5,33,30,62.5,12.12,34.7,1,3,6,5,6,9,2,8,3.63,21.57
julen-agirrezabala-astulez,Julen Agirrezabala,Goalkeeper,Real Racing Club de Santander,Primera División,25,52.0,55.0,50.0,20,20,45.0,11.43,42.5,0,0,6,5,8,0,0,21,11.13,69.37
fermin-lopez-martin,Fermín,Midfielder,FC Barcelona,Primera División,23,59.0,56.0,90.0,36,25,55.0,9.14,46.67,1,6,6,4,15,2,0,6,61.45,275.15
marc-bernal-casas,Marc Bernal,Midfielder,FC Barcelona,Primera División,19,51.0,47.0,75.0,30,14,33.9,8.28,39.17,0,2,5,1,16,5,0,11,13.75,60.7
pathe-ciss,Pathé Ciss,Midfielder,Rayo Vallecano,Primera División,32,49.0,52.0,85.0,34,24,61.8,12.92,39.12,0,3,8,5,14,3,0,7,3.75,13.68
abdessamad-ezzalzouli,Abde,Forward,Real Betis,Primera División,24,60.0,60.0,85.0,34,29,64.1,12.63,46.91,0,8,9,7,7,1,0,8,49.72,144.7
francisco-roman-alarcon-suarez,Isco,Midfielder,Real Betis,Primera División,34,51.0,46.0,37.5,15,7,14.2,8.13,38.33,0,1,1,1,10,1,0,26,18.95,74.16
gerard-moreno-balaguero,Gerard Moreno,Forward,Villarreal CF,Primera División,34,51.0,53.0,67.5,27,16,37.4,8.11,44.63,0,2,7,1,13,3,0,14,5.24,19.7
pablo-fornals-malla,Pablo Fornals,Midfielder,Real Betis,Primera División,30,59.0,55.0,92.5,37,32,68.9,14.12,40.68,0,6,8,6,13,3,0,4,21.56,109.64
antony-matheus-dos-santos,Antony,Forward,Real Betis,Primera División,26,56.0,61.0,92.5,37,33,70.1,15.88,44.73,0,9,8,7,11,1,0,4,47.79,144.19
lucas-antonio-cepeda-barturen,Lucas Cepeda,Forward,Elche CF,Primera División,23,48.0,51.0,70.0,28,16,41.4,9.47,41.25,0,2,6,6,12,4,0,10,2.9,7.74
ionu-andrei-radu,Ionuț Radu,Goalkeeper,RC Celta,Primera División,29,52.0,48.0,100.0,40,40,90.0,5.96,41.75,0,4,9,3,10,12,1,1,15.08,97.05
lucas-ariel-boye,Lucas Boyé,Forward,D. Alavés,Primera División,30,47.0,47.0,82.5,33,27,58.1,2.25,44.55,1,2,9,0,10,10,0,8,2.59,48.23
miguel-angel-sierra-ortega,Miguel Sierra,Forward,Sevilla FC,Primera División,22,49.0,49.0,25.0,10,6,11.9,6.71,42.5,0,1,2,0,7,0,0,30,,
ramon-terrats-espacio,Ramon Terrats,Midfielder,Getafe CF,Primera División,25,48.0,43.0,80.0,32,18,38.7,4.49,38.13,0,0,5,3,14,9,0,9,2.94,24.02
luken-beitia-aguirregomezcorta,Luken Beitia,Defender,Real Sociedad,Primera División,22,45.0,44.0,37.5,15,14,30.9,6.73,37.0,0,1,2,3,3,4,1,26,,
david-hancko,Dávid Hancko,Defender,Atlético de Madrid,Primera División,28,54.0,53.0,77.5,31,29,63.9,14.48,39.35,1,4,4,8,8,4,1,10,9.48,65.12
alexander-freeman,Alex Freeman,Defender,Villarreal CF,Primera División,22,57.0,49.0,70.0,28,17,41.3,10.16,38.57,1,2,6,5,8,6,0,12,7.06,20.43
jorge-salinas-viadero,Jorge Salinas,Defender,Real Racing Club de Santander,Primera División,19,51.0,48.0,80.0,32,28,60.9,8.02,40.16,0,2,6,8,6,6,3,9,3.73,23.1
vinicius-jose-paixao-de-oliveira-junior,Vinícius Júnior,Forward,Real Madrid,Primera División,26,58.0,61.0,95.0,38,37,80.0,11.95,48.68,1,9,10,6,10,1,0,3,57.15,263.51
angel-ortiz-monterrey,Ángel Ortiz,Defender,Real Betis,Primera División,22,46.0,46.0,42.5,17,12,23.9,10.58,35.0,0,0,3,2,9,2,0,24,3.46,8.81
jon-ander-olasagasti-imizcoz,Olasagasti,Midfielder,Levante UD,Primera División,26,57.0,47.0,87.5,35,22,53.3,5.89,40.43,0,2,7,3,14,10,0,4,5.75,26.62
dean-donny-huijsen,Dean Huijsen,Defender,Real Madrid,Primera División,21,57.0,56.0,75.0,30,26,57.6,18.69,37.67,0,3,9,5,9,3,0,11,41.21,225.35
carlos-soler-barragan,Carlos Soler,Midfielder,Real Sociedad,Primera División,29,43.0,50.0,90.0,36,29,64.8,10.4,39.17,0,2,7,5,18,4,0,4,6.33,26.42
moises-gomez-bordonado,Moi Gómez,Forward,CA Osasuna,Primera División,32,51.0,45.0,67.5,27,13,31.8,8.77,36.3,0,0,4,3,15,5,0,13,1.82,6.78
angel-recio-gutierrez,Ángel Recio,Defender,Málaga CF,Primera División,23,45.0,40.0,35.0,14,12,27.6,3.27,37.14,0,1,2,1,4,4,2,26,1.44,11.16
rodrigo-riquelme-reche,Rodrigo Riquelme,Midfielder,Real Betis,Primera División,26,52.0,44.0,65.0,26,7,21.4,4.25,39.81,0,2,3,0,13,8,0,14,5.0,27.17
justin-de-haas,Justin de Haas,Defender,Valencia CF,Primera División,26,55.0,54.0,70.0,28,28,70.5,17.23,36.61,1,4,9,6,6,4,2,8,4.8,19.83
yan-diomande,Yan Diomande,Forward,Real Madrid,Primera División,19,51.0,61.0,97.5,39,32,71.5,15.48,45.38,0,14,3,7,12,2,0,2,45.37,236.8
peter-gulacsi,Péter Gulácsi,Goalkeeper,Villarreal CF,Primera División,36,45.0,52.0,55.0,22,22,51.9,8.86,42.95,0,4,5,2,8,5,0,16,19.82,70.23
german-valera-karabinaite,Germán Valera,Forward,Elche CF,Primera División,24,52.0,54.0,97.5,39,36,77.3,12.75,40.9,0,6,8,4,18,1,1,2,4.59,26.61
jose-antonio-morente-oliva,Tete Morente,Midfielder,Elche CF,Primera División,29,46.0,42.0,75.0,30,20,45.2,4.74,37.67,0,0,4,0,19,6,1,10,3.11,10.49
aitor-fernandez-abarisketa,AITOR FDEZ.,Goalkeeper,CA Osasuna,Primera División,35,48.0,48.0,7.5,3,2,5.7,13.2,35.0,0,0,0,2,1,0,0,37,4.8,25.81
nathan-saliba,Nathan Saliba,Midfielder,Villarreal CF,Primera División,22,50.0,47.0,82.5,33,27,56.3,8.77,38.33,0,3,2,3,17,3,1,11,7.62,28.06
thibaut-courtois,Thibaut Courtois,Goalkeeper,Real Madrid,Primera División,34,47.0,53.0,80.0,32,32,71.2,10.11,42.5,0,3,6,6,14,1,1,9,86.45,347.56
ayoze-perez-gutierrez,Ayoze Pérez,Forward,Villarreal CF,Primera División,33,51.0,46.0,77.5,31,18,37.8,2.97,42.42,0,2,5,1,17,5,0,10,5.55,23.0
andreas-christensen,Andreas Christensen,Defender,FC Barcelona,Primera División,30,47.0,44.0,32.5,13,4,15.3,7.14,36.92,0,0,1,3,4,4,0,28,10.46,47.49
thomas-lemar,Thomas Lemar,Midfielder,Elche CF,Primera División,30,48.0,46.0,67.5,27,13,30.1,6.21,39.63,0,0,5,2,17,3,0,13,2.2,6.71
roger-brugue-ayguade,R. Brugué,Midfielder,Levante UD,Primera División,29,45.0,42.0,45.0,18,10,26.1,2.2,40.0,0,2,2,0,7,7,1,21,2.41,13.37
jan-oblak,Jan Oblak,Goalkeeper,Atlético de Madrid,Primera División,33,53.0,50.0,75.0,30,30,67.5,7.54,42.67,1,2,7,3,10,5,1,11,42.27,204.39
yuri-berchiche-izeta,Yuri,Defender,Athletic Club,Primera División,36,60.0,58.0,75.0,30,30,62.4,17.54,40.5,0,5,7,7,6,3,1,11,8.6,53.82
mario-soriano-carreno,Mario Soriano,Midfielder,Real Club Deportivo de La Coruña,Primera División,24,53.0,57.0,100.0,40,39,83.8,15.5,41.88,0,6,10,13,9,1,0,1,8.29,69.46
quilindschy-hartman,Quilindschy Hartman,Defender,RCD Espanyol de Barcelona,Primera División,24,43.0,46.0,45.0,18,16,34.8,6.85,38.61,0,0,4,2,6,3,1,24,1.59,7.74
yeray-alvarez-lopez,Yeray,Defender,Athletic Club,Primera División,31,44.0,45.0,27.5,11,10,20.7,9.34,35.45,0,0,2,0,6,3,0,29,2.43,9.16
marko-dmitrovic,Marko Dmitrović,Goalkeeper,RCD Espanyol de Barcelona,Primera División,34,51.0,51.0,97.5,39,39,87.8,9.11,41.79,0,5,7,6,11,7,2,2,14.96,77.91
rafael-garrido-hierro,Rafita,Defender,Málaga CF,Primera División,21,52.0,51.0,82.5,33,32,70.8,13.73,37.27,0,1,8,5,11,5,0,10,2.44,13.78
alejandro-berenguer-remiro,Álex Berenguer,Forward,Athletic Club,Primera División,31,44.0,47.0,85.0,34,24,55.6,8.36,39.12,0,4,1,3,20,5,0,7,3.09,28.59
luis-jesus-rioja-gonzalez,L. Rioja,Forward,Valencia CF,Primera División,32,48.0,50.0,87.5,35,28,61.6,8.83,41.43,0,2,7,3,22,1,0,5,1.9,11.11
tajon-buchanan,Tajon Buchanan,Midfielder,Villarreal CF,Primera División,27,46.0,43.0,90.0,36,25,49.5,5.46,37.78,0,0,6,2,16,11,0,5,4.65,19.14
umar-sadiq-mesbah,Sadiq,Forward,Valencia CF,Primera División,29,44.0,44.0,70.0,28,11,30.3,-0.85,43.93,0,0,10,0,6,11,0,13,1.72,7.03
jon-martin-vicente,Jon Martín,Defender,Real Sociedad,Primera División,20,46.0,50.0,77.5,31,30,66.9,11.29,38.39,1,2,4,7,9,6,1,10,4.65,26.58
alejandro-balde-martinez,Alejandro Balde,Defender,FC Barcelona,Primera División,22,41.0,47.0,62.5,25,17,39.8,10.66,36.0,0,0,4,5,10,5,0,16,4.6,27.11
enzo-bardeli,Enzo Bardeli,Midfielder,Levante UD,Primera División,25,51.0,55.0,80.0,32,30,80.0,12.6,42.66,2,5,6,9,14,2,0,2,4.73,31.72
pablo-martinez-andres,P. Martínez,Midfielder,Málaga CF,Primera División,28,53.0,46.0,65.0,26,20,46.8,5.76,40.19,0,4,1,0,14,8,0,13,4.09,22.29
adrian-nino-heredia,Adrián Niño,Forward,Málaga CF,Primera División,22,46.0,47.0,77.5,31,12,30.4,2.71,44.03,0,2,8,0,10,8,0,12,0.84,4.12
benat-gerenabarrena-zendoia,Beñat Gerenabarrena,Midfielder,Athletic Club,Primera División,23,51.0,53.0,90.0,36,33,72.0,16.86,36.67,1,4,6,7,14,3,1,4,4.73,34.07
javier-rueda-garcia,Javi Rueda,Defender,RC Celta,Primera División,24,48.0,46.0,77.5,31,20,43.0,5.69,40.65,0,0,10,2,7,10,1,10,2.53,6.12
yoel-lago-amil,Yoel Lago,Defender,RC Celta,Primera División,22,51.0,42.0,40.0,16,14,30.7,9.19,32.5,0,0,3,1,8,2,2,24,2.84,8.45
pablo-garcia-fernandez,Pablo García,Forward,Real Racing Club de Santander,Primera División,20,42.0,39.0,42.5,17,4,12.3,1.54,37.94,0,0,2,0,11,4,0,23,5.24,24.83
joao-lucas-de-souza-cardoso,João Cardoso,Midfielder,Atlético de Madrid,Primera División,25,44.0,46.0,62.5,25,14,33.0,9.02,37.0,0,3,0,4,10,7,0,16,3.81,20.43
mamadou-sarr,Mamadou Sarr,Defender,Real Sociedad,Primera División,21,41.0,42.0,35.0,14,10,23.4,8.35,33.57,0,0,0,3,4,5,1,27,3.52,25.1
pablo-ibanez-lumbreras,Ibáñez,Midfielder,D. Alavés,Primera División,28,46.0,45.0,97.5,39,30,61.0,8.05,36.92,0,0,9,5,14,10,0,2,2.85,26.72
luka-sucic,Luka Sučić,Midfielder,Real Sociedad,Primera División,24,47.0,44.0,70.0,28,14,36.8,3.74,40.36,0,2,4,0,11,9,0,14,6.33,24.97
pau-navarro-badenes,Pau Navarro,Defender,Villarreal CF,Primera División,21,41.0,44.0,67.5,27,26,55.6,8.89,35.37,0,4,2,3,7,8,3,13,3.11,19.94
francisco-javier-hernandez-coarasa,Javi Hernández,Midfielder,RCD Espanyol de Barcelona,Primera División,22,50.0,52.0,67.5,27,27,58.2,5.24,46.3,0,3,10,1,8,5,0,13,6.01,32.14
inaki-williams-arthuer,Williams,Forward,Athletic Club,Primera División,32,50.0,44.0,72.5,29,25,49.1,2.23,42.07,0,4,3,1,10,10,0,12,6.68,36.12
unai-marrero-larranaga,Unai Marrero,Goalkeeper,Real Sociedad,Primera División,24,52.0,52.0,7.5,3,3,6.8,17.3,35.0,0,0,1,1,1,0,0,37,5.36,20.56
marcos-fernandez-sanchez,Marcos Fernández,Forward,RCD Espanyol de Barcelona,Primera División,23,46.0,46.0,85.0,34,29,66.0,0.42,44.71,0,1,13,0,8,10,1,7,2.11,6.89
adrian-de-la-fuente,Dela,Defender,Levante UD,Primera División,27,56.0,53.0,85.0,34,32,74.9,14.42,39.71,1,4,6,8,8,6,1,6,2.21,20.19
morten-hjulmand,Morten Hjulmand,Midfielder,Atlético de Madrid,Primera División,27,52.0,56.0,77.5,31,27,61.3,19.42,36.94,1,2,8,5,12,2,0,10,10.8,90.98
alvaro-garcia-rivera,Álvaro García,Midfielder,Rayo Vallecano,Primera División,33,44.0,52.0,82.5,33,24,52.5,6.86,44.7,0,4,7,1,14,6,0,8,4.06,21.74
benat-turrientes-imaz,Turrientes,Midfielder,Real Sociedad,Primera División,24,41.0,44.0,72.5,29,18,38.0,7.04,37.24,0,1,3,3,14,7,0,12,3.11,6.71
manuel-sanchez-de-la-pena,Manu Sánchez,Defender,Levante UD,Primera División,26,44.0,46.0,82.5,33,31,74.5,8.65,37.27,1,1,4,4,14,10,0,6,1.35,10.91
ivan-azon-monzon,Ivan Azón,Forward,Getafe CF,Primera División,23,42.0,42.0,82.5,33,19,42.9,-0.36,42.12,0,1,8,0,9,14,0,8,1.72,15.24
lucas-noubi-ngnokam,Lucas Noubi,Defender,Real Club Deportivo de La Coruña,Primera División,21,48.0,46.0,75.0,30,28,61.8,11.42,34.5,1,0,5,6,9,6,3,10,1.91,16.43
job-nguono-ochieng,Job Ochieng,Forward,Real Sociedad,Primera División,23,55.0,56.0,30.0,12,11,21.6,5.86,50.42,0,2,5,0,2,2,1,28,,
santiago-comesana-veiga,Santi Comesaña,Midfielder,Villarreal CF,Primera División,29,41.0,46.0,92.5,37,31,66.7,6.43,39.46,0,0,9,5,11,10,1,4,5.21,21.08
odisseas-vlachodimos,Odysseas,Goalkeeper,Sevilla FC,Primera División,32,46.0,45.0,92.5,37,37,83.2,4.08,40.41,0,1,7,4,18,8,0,2,13.88,60.16
eric-garcia-martret,Eric García,Defender,FC Barcelona,Primera División,25,57.0,61.0,65.0,26,25,47.4,23.65,37.12,0,7,7,4,4,3,0,15,39.89,215.54
miguel-roman-gonzalez,Miguel Román,Midfielder,RC Celta,Primera División,23,50.0,51.0,62.5,25,20,48.2,11.95,39.0,1,0,4,6,12,1,0,16,4.83,38.68
gonzalo-villar-del-fraile,Gonzalo Villar,Midfielder,Elche CF,Primera División,28,50.0,47.0,62.5,25,15,34.4,8.6,38.0,0,1,2,6,13,3,0,15,4.9,23.05
lorenzo-amatucci,Lorenzo Amatucci,Midfielder,Real Club Deportivo de La Coruña,Primera División,22,54.0,53.0,97.5,39,37,81.5,15.32,37.56,0,3,9,9,13,4,0,2,5.29,40.78
einar-galilea-azaceta,Einar Galilea,Defender,Málaga CF,Primera División,32,44.0,47.0,62.5,25,24,50.0,11.36,35.6,0,1,3,7,8,6,0,15,1.89,16.07
mariano-diaz-mejia,Mariano Díaz,Forward,D. Alavés,Primera División,33,46.0,44.0,30.0,12,4,11.0,0.68,43.75,0,1,2,0,4,4,0,29,2.38,16.6
nelson-alexander-deossa-suarez,Nelson Deossa,Midfielder,Real Betis,Primera División,26,44.0,42.0,72.5,29,12,31.6,7.31,35.0,0,0,2,3,18,5,0,12,4.55,15.66
oihan-sancet-tirapu,Oihan Sancet,Midfielder,Athletic Club,Primera División,26,47.0,43.0,77.5,31,25,51.0,3.56,39.19,0,1,5,1,11,12,0,10,9.34,47.05
alberto-moleiro-gonzalez,Alberto Moleiro,Midfielder,Villarreal CF,Primera División,22,49.0,49.0,95.0,38,30,62.5,5.99,42.76,0,4,6,0,18,9,0,3,9.87,42.8
jose-angel-carmona-navarro,José Ángel Carmona,Defender,Sevilla FC,Primera División,24,44.0,42.0,85.0,34,26,58.4,3.81,37.65,0,4,3,1,9,14,2,7,1.21,8.06
ivan-martin-nunez,Iván Martín,Midfielder,Real Racing Club de Santander,Primera División,27,47.0,46.0,90.0,36,30,65.8,11.16,34.44,0,1,2,9,21,1,1,5,3.71,23.72
roger-hinojo-estrada,Roger Hinojo,Defender,RCD Espanyol de Barcelona,Primera División,21,49.0,44.0,92.5,37,34,74.8,6.86,36.76,0,1,5,3,15,11,1,4,2.28,12.57
carlos-dotor-gonzalez,Carlos Dotor,Midfielder,Málaga CF,Primera División,25,49.0,49.0,85.0,34,33,65.5,10.33,38.82,0,4,3,4,17,3,0,9,2.64,10.89
jose-antonio-fernandez-pomares,Josan Ferrández,Midfielder,Elche CF,Primera División,36,48.0,46.0,55.0,22,4,14.5,6.48,39.55,0,2,2,0,16,1,0,19,0.24,4.2
carlos-espi-escrihuela,Carlos Espí,Forward,Real Madrid,Primera División,21,54.0,50.0,70.0,28,13,33.6,3.65,45.54,0,2,9,0,9,8,0,12,9.35,39.18
romain-del-castillo,Romain Del Castillo,Midfielder,CA Osasuna,Primera División,30,54.0,56.0,80.0,32,30,71.6,13.1,42.81,0,10,2,7,15,1,1,4,1.9,30.61
inigo-ruiz-de-galarreta-etxeberria,Ruiz de Galarreta,Midfielder,Athletic Club,Primera División,33,50.0,47.0,90.0,36,29,54.2,8.77,37.78,0,4,3,1,21,6,0,5,6.27,11.12
francisco-femenia-far,Kiko Femenía,Defender,Getafe CF,Primera División,35,38.0,42.0,75.0,30,27,52.3,7.21,34.67,0,1,4,4,12,6,2,11,1.12,8.1
daniel-ceballos-fernandez,Dani Ceballos,Midfielder,Real Betis,Primera División,30,39.0,39.0,30.0,12,2,10.0,7.53,31.67,0,0,0,2,5,3,1,29,5.97,44.52
javier-morcillo-rodrigalvarez,Javier Morcillo,Midfielder,Elche CF,Primera División,20,41.0,41.0,22.5,9,3,20.3,5.7,35.0,0,0,0,2,4,3,0,11,,
ander-barrenetxea-muguruza,Barrenetxea,Forward,Real Sociedad,Primera División,24,43.0,45.0,75.0,30,21,41.0,5.95,39.17,0,0,6,3,16,5,0,10,2.64,11.78
mikel-rodriguez-ulacia,Mikel Rodríguez,Midfielder,D. Alavés,Primera División,24,43.0,43.0,70.0,28,21,44.4,7.24,36.25,0,3,1,2,15,4,2,13,1.16,7.25
ferran-jutlga-blanc,Ferran Jutglà,Forward,RC Celta,Primera División,27,46.0,45.0,85.0,34,20,45.1,3.11,41.76,1,0,7,0,17,8,0,7,2.38,17.09
lucas-frederic-stassin,Lucas Stassin,Forward,Sevilla FC,Primera División,21,45.0,50.0,87.5,35,28,64.1,5.79,45.0,1,5,7,0,19,2,1,5,2.79,19.93
aymeric-laporte,Aymeric Laporte,Defender,Athletic Club,Primera División,32,53.0,56.0,75.0,30,29,62.5,18.83,36.83,0,6,2,6,13,0,1,12,19.76,68.73
georges-mikautadze,Georges Mikautadze,Forward,Villarreal CF,Primera División,25,55.0,51.0,92.5,37,26,59.5,4.98,45.81,0,3,10,2,18,3,0,4,23.69,85.3
giorgi-kochorashvili,Kochorashvili,Midfielder,Sevilla FC,Primera División,27,41.0,44.0,37.5,15,4,11.5,7.39,37.0,0,1,2,1,9,1,1,25,1.66,6.19
stole-dimitrievski,Stole Dimitrievski,Goalkeeper,Valencia CF,Primera División,32,48.0,45.0,75.0,30,30,67.5,5.14,40.33,0,3,6,1,11,3,5,11,9.24,61.75
emil-audero-mulyadi,Emil Audero,Goalkeeper,Rayo Vallecano,Primera División,29,50.0,49.0,82.5,33,33,74.2,7.67,41.06,0,1,11,3,5,10,2,8,12.41,59.24
antonio-blanco-conde,Antonio Blanco,Midfielder,D. Alavés,Primera División,26,44.0,50.0,95.0,38,38,81.7,11.26,38.29,0,2,8,4,17,6,0,3,3.72,24.07
eduardo-exposito-jaen,Edu Expósito,Midfielder,RCD Espanyol de Barcelona,Primera División,30,48.0,50.0,97.5,39,34,69.3,10.95,39.49,0,2,8,8,16,4,0,2,5.53,35.24
renato-de-palma-veiga,Renato Veiga,Defender,Villarreal CF,Primera División,23,52.0,45.0,90.0,36,34,73.2,8.9,35.97,0,3,2,6,18,3,3,5,10.78,31.81
sergio-canales-madrazo,Canales,Midfielder,Real Racing Club de Santander,Primera División,35,44.0,55.0,77.5,31,28,61.2,10.69,44.03,0,8,2,5,10,5,0,10,2.56,26.4
joan-garcia-pons,Joan García,Goalkeeper,FC Barcelona,Primera División,25,52.0,56.0,72.5,29,29,62.0,11.6,44.48,0,10,3,1,13,2,0,11,151.35,584.44
giuliano-simeone,Giuliano Simeone,Forward,Atlético de Madrid,Primera División,23,47.0,47.0,77.5,31,25,47.3,7.47,39.52,1,2,2,0,18,6,0,11,8.66,46.44
kevin-lomonaco,Kevin Lomónaco,Defender,Elche CF,Primera División,24,44.0,50.0,82.5,33,30,73.1,14.47,35.15,0,1,6,8,15,5,0,5,1.41,5.86
alejandro-catena-marugan,Catena,Defender,CA Osasuna,Primera División,31,46.0,46.0,90.0,36,36,79.1,10.07,35.83,0,2,6,7,10,7,3,5,4.14,32.05
nicholas-williams-arthuer,Nico Williams,Forward,Athletic Club,Primera División,24,44.0,47.0,67.5,27,17,37.1,6.29,40.37,0,3,2,1,17,3,0,14,17.55,98.18
roy-revivo,Roy Revivo,Defender,Elche CF,Primera División,23,47.0,40.0,40.0,16,15,82.1,-0.54,40.0,0,1,4,3,6,6,4,16,3.23,8.81
isaac-romero-bernal,Isaac Romero,Forward,Sevilla FC,Primera División,26,37.0,39.0,75.0,30,18,37.0,0.83,38.33,0,2,2,0,8,16,1,11,0.45,10.02
omar-el-hilali,Omar El Hilali,Defender,RCD Espanyol de Barcelona,Primera División,23,46.0,46.0,92.5,37,33,72.7,8.71,36.62,0,1,7,7,10,8,2,5,4.81,52.13
denis-suarez-fernandez,Denis Suárez,Midfielder,D. Alavés,Primera División,32,41.0,42.0,85.0,34,18,41.0,4.28,37.21,0,0,3,1,23,6,0,7,1.27,8.12
johaneko-louisjean,Johaneko Louis-Jean,Defender,Athletic Club,Primera División,22,45.0,45.0,10.0,4,1,24.6,9.78,35.0,0,0,1,0,3,2,0,26,,19.33
jules-kounde,Jules Koundé,Defender,FC Barcelona,Primera División,27,47.0,51.0,72.5,29,23,51.9,15.91,35.34,0,2,7,6,7,6,0,12,10.27,44.19
aitor-fraga-torres,Aitor Fraga,Goalkeeper,Real Sociedad,Primera División,23,40.0,43.0,37.5,15,15,33.8,6.47,36.67,0,1,1,2,5,3,2,26,3.25,6.74
moriba-kourouma-kourouma,Ilaix Moriba,Midfielder,RC Celta,Primera División,23,51.0,46.0,90.0,36,29,65.2,8.54,37.5,0,2,2,6,19,5,1,5,5.83,14.72
jorge-resurreccion-merodio,Koke,Midfielder,Atlético de Madrid,Primera División,34,48.0,51.0,92.5,37,26,57.6,14.42,36.35,0,2,6,8,16,4,0,4,6.31,29.08
zaid-abner-romero,Zaid Romero,Defender,Getafe CF,Primera División,26,52.0,51.0,57.5,23,22,49.1,14.78,36.52,0,2,4,6,8,2,1,17,4.87,21.37
peio-canales-urtasun,Peio Canales,Midfielder,Athletic Club,Primera División,21,51.0,53.0,82.5,33,31,67.2,10.79,42.12,1,3,5,6,14,4,0,7,4.54,20.76
rockson-yeboah,Rockson Yeboah,Defender,CA Osasuna,Primera División,22,45.0,45.0,7.5,3,2,35.0,9.71,35.0,0,0,1,0,1,1,0,17,1.94,5.2
chidera-ejuke,Chidera Ejuke,Forward,Sevilla FC,Primera División,28,43.0,42.0,65.0,26,4,21.9,5.07,36.92,0,0,2,2,16,5,0,15,2.04,5.94
yangel-clemente-herrera-ravelo,Yangel Herrera,Midfielder,Real Sociedad,Primera División,28,42.0,40.0,50.0,20,13,26.4,2.14,37.5,0,0,2,1,9,7,0,21,2.33,9.2
marc-cucurella-saseta,Marc Cucurella,Defender,Real Madrid,Primera División,28,50.0,49.0,92.5,37,31,70.3,11.31,37.57,0,4,4,6,11,9,1,5,29.25,155.4
mikel-oyarzabal-ugarte,Oyarzabal,Forward,Real Sociedad,Primera División,29,45.0,53.0,95.0,38,33,69.4,5.77,46.45,0,4,9,3,15,5,0,4,23.85,91.33
eduardo-camavinga,Eduardo Camavinga,Midfielder,Real Madrid,Primera División,23,44.0,46.0,77.5,31,18,40.5,12.74,33.71,0,0,5,9,11,4,1,10,5.32,33.55
youssouf-fofana,Youssouf Fofana,Midfielder,Sevilla FC,Primera División,27,40.0,43.0,82.5,33,27,54.2,5.25,38.18,0,0,4,3,19,5,1,8,4.49,22.42
zakaria-eddahchouri,Zakaria Eddahchouri,Forward,Real Club Deportivo de La Coruña,Primera División,26,44.0,44.0,80.0,32,14,31.4,1.34,42.66,0,1,8,0,13,9,0,9,1.43,7.65
hector-bellerin-moruno,Bellerín,Defender,Real Betis,Primera División,31,41.0,46.0,57.5,23,15,37.5,8.66,36.52,0,2,5,1,9,2,4,17,3.25,20.01
ville-koski,Ville Koski,Defender,D. Alavés,Primera División,24,45.0,44.0,67.5,27,25,53.0,7.36,35.93,0,0,6,2,13,3,2,14,2.49,18.19
carles-alena-castillo,Carles Aleñà,Midfielder,D. Alavés,Primera División,28,40.0,41.0,87.5,35,20,44.0,4.22,36.86,0,1,2,2,21,8,0,6,1.9,7.81
karl-edouard-blaise-etta-eyong,Edouard Eyong,Forward,Levante UD,Primera División,22,41.0,40.0,77.5,31,10,28.2,0.52,39.03,0,1,3,0,14,12,0,10,3.24,8.06
jose-luis-gaya-pena,Gayà,Defender,Valencia CF,Primera División,31,54.0,49.0,80.0,32,30,63.5,11.32,38.13,0,3,4,7,12,5,1,8,2.9,15.39
david-otorbi-ejededawe,David Otorbi,Forward,Valencia CF,Primera División,18,44.0,44.0,12.5,5,2,5.6,3.58,40.0,0,0,1,0,4,0,0,35,2.51,4.87
david-larrubia-romano,David Larrubia,Forward,Málaga CF,Primera División,24,48.0,55.0,92.5,37,35,76.7,11.68,42.97,1,3,6,8,15,1,0,6,2.79,25.93
carlos-romero-serrano,Carlos Romero,Defender,Villarreal CF,Primera División,24,57.0,51.0,90.0,36,35,78.3,11.83,39.44,1,2,11,5,7,7,2,5,6.39,30.19
diego-javier-llorente-rios,Diego Llorente,Defender,Real Betis,Primera División,33,58.0,54.0,62.5,25,21,46.1,16.41,37.2,0,6,2,6,4,5,1,16,3.74,13.35
vanja-drkusic,Vanja Drkušić,Defender,RCD Espanyol de Barcelona,Primera División,26,44.0,47.0,75.0,30,18,46.5,11.51,35.83,0,1,5,6,15,5,0,8,1.29,4.75
aurelien-tchouameni,Aurélien Tchouaméni,Midfielder,Real Madrid,Primera División,26,62.0,60.0,70.0,28,25,52.0,22.01,38.57,2,4,5,7,9,1,0,12,24.99,47.12
carlos-francisco-puga-medina,Carlos Puga,Defender,Málaga CF,Primera División,25,54.0,55.0,92.5,37,34,75.5,16.46,37.84,0,9,6,2,10,6,2,5,2.58,15.77
mujaid-sadick-aliu,Mujaid Sadick,Defender,Rayo Vallecano,Primera División,26,48.0,49.0,82.5,33,29,66.2,12.56,36.52,0,2,1,11,16,2,0,8,3.13,6.28
ander-guevara-lajo,Guevara,Midfielder,D. Alavés,Primera División,29,38.0,38.0,60.0,24,2,14.4,2.19,36.25,0,0,2,0,14,8,0,16,0.61,5.12
goncalo-manuel-ganchinho-guedes,Gonçalo Guedes,Forward,Real Sociedad,Primera División,29,44.0,50.0,65.0,26,18,38.0,6.58,43.46,0,1,7,3,14,2,0,13,4.5,23.82
enrique-barja-afonso,Kike Barja,Midfielder,CA Osasuna,Primera División,29,43.0,41.0,77.5,31,4,15.0,1.73,39.03,0,1,4,0,16,9,0,10,1.3,3.88
raul-garcia-de-haro,Raúl,Forward,CA Osasuna,Primera División,25,43.0,43.0,95.0,38,9,31.5,3.27,39.74,0,0,8,1,18,9,1,3,1.94,7.78
diego-villares-yanez,Diego Villares,Midfielder,Real Club Deportivo de La Coruña,Primera División,30,45.0,46.0,75.0,30,21,46.7,9.66,36.67,0,1,5,0,21,2,0,11,2.21,6.87
pedro-diaz-fanjul,Pedro Diaz,Midfielder,Rayo Vallecano,Primera División,28,42.0,41.0,87.5,35,15,40.3,4.91,36.43,0,0,2,0,27,6,0,5,2.34,5.73
aliou-dieng,Aliou Dieng,Midfielder,Valencia CF,Primera División,28,42.0,42.0,25.0,10,6,61.5,7.3,35.0,0,0,1,3,6,2,0,18,2.0,9.07
andres-martin-garcia,Andrés Martín,Forward,Real Racing Club de Santander,Primera División,27,63.0,62.0,90.0,36,36,74.4,11.72,50.14,0,8,11,3,12,1,0,5,5.05,30.3
miguel-loureiro-ameijeda,Miguel Loureiro Ameijenda,Defender,Real Club Deportivo de La Coruña,Primera División,29,45.0,47.0,85.0,34,31,69.3,10.74,35.88,0,1,5,6,14,7,0,7,3.01,6.91
yeremay-hernandez-cubas,Yeremay Hernández,Forward,Real Club Deportivo de La Coruña,Primera División,23,51.0,57.0,87.5,35,26,61.2,12.45,45.14,2,7,4,4,15,1,1,6,2.61,32.87
enrique-jesus-salas-valiente,Kike Salas,Defender,Sevilla FC,Primera División,24,54.0,51.0,70.0,28,26,59.5,12.75,38.04,0,4,4,4,8,8,0,12,5.15,25.91
leandro-daniel-cabrera-sasia,Leandro Cabrera,Defender,RCD Espanyol de Barcelona,Primera División,35,41.0,44.0,90.0,36,36,81.0,7.36,36.53,0,2,4,4,16,8,1,5,3.56,18.14
martin-adrian-satriano-costa,Martín Satriano,Forward,Getafe CF,Primera División,25,49.0,47.0,95.0,38,35,75.4,5.03,41.32,0,4,4,2,20,7,0,3,4.04,14.28
ademola-lookman,Ademola Lookman,Forward,Atlético de Madrid,Primera División,28,47.0,48.0,82.5,33,25,47.9,5.76,41.82,0,1,8,1,16,6,0,8,19.73,75.43
felix-alexandre-andrade-sanches-correia,Félix Correia,Forward,Sevilla FC,Primera División,25,44.0,47.0,97.5,39,29,58.6,7.96,38.85,0,1,4,5,26,1,1,2,2.59,9.47
juan-camilo-hernandez-suarez,Cucho Hernández,Forward,Real Betis,Primera División,27,44.0,48.0,70.0,28,22,47.3,5.86,42.5,0,3,5,2,13,4,0,13,7.55,23.26
jose-salinas-moran,José Salinas,Defender,Málaga CF,Primera División,25,31.0,34.0,35.0,14,5,12.7,-0.07,33.57,0,0,0,2,4,6,2,26,2.93,7.79
nacho-perez-gomez,Nacho Pérez,Defender,Levante UD,Primera División,18,42.0,42.0,20.0,8,5,11.6,9.0,32.5,0,0,2,0,3,3,0,32,2.33,7.85
carlos-ruiz-rubio,Chupe,Forward,Málaga CF,Primera División,22,44.0,53.0,95.0,38,30,68.0,4.27,48.16,0,7,8,0,11,10,0,4,4.44,17.49
juan-cruz-diaz-esposito,Juan Cruz,Midfielder,Málaga CF,Primera División,26,40.0,49.0,97.5,39,34,72.3,10.2,39.36,1,2,5,3,23,4,0,2,2.27,5.65
aaron-ndive-mayol-de-la-cueva,Aaron Mayol,Midfielder,Valencia CF,Primera División,18,42.0,42.0,2.5,1,1,4.7,6.7,35.0,0,0,0,0,1,0,0,19,,
hugo-burcio-garcia,Hugo Burcio,Midfielder,RC Celta,Primera División,19,45.0,45.0,15.0,6,3,7.8,9.83,35.0,0,0,0,2,3,0,0,35,,
thiago-cruz-fernandez,Thiago Fernández,Forward,Levante UD,Primera División,22,42.0,43.0,47.5,19,12,30.0,4.11,39.21,0,0,4,0,11,4,0,21,1.13,6.16
giovani-lo-celso,Giovani Lo Celso,Midfielder,Real Betis,Primera División,30,47.0,47.0,27.5,11,6,11.8,7.82,39.55,0,0,2,0,6,2,0,30,3.38,21.49
angel-perez-hidalgo,Ángel Pérez,Defender,D. Alavés,Primera División,24,53.0,49.0,62.5,25,23,70.0,9.24,40.13,0,3,4,6,21,4,0,2,5.8,33.31
facundo-bernal-cruz,Facundo Bernal,Midfielder,Real Betis,Primera División,23,44.0,39.0,65.0,26,15,30.8,5.26,34.23,0,0,1,4,13,6,1,15,2.88,20.35
unai-nunez-gestoso,Unai Núñez,Defender,RCD Espanyol de Barcelona,Primera División,29,41.0,40.0,75.0,30,25,54.3,5.99,34.33,0,0,2,7,10,7,3,11,1.44,12.37
oscar-valentin-martin-luengo,Óscar Valentín,Midfielder,Rayo Vallecano,Primera División,32,44.0,45.0,92.5,37,25,52.8,9.19,36.08,0,0,4,6,21,5,0,4,2.64,5.83
mikel-jauregizar-alboniga,Mikel Jauregizar,Midfielder,Athletic Club,Primera División,22,35.0,44.0,90.0,36,30,62.7,8.89,35.56,0,0,3,7,15,9,1,5,3.93,10.75
joaquin-navarro-jimenez,Ximo Navarro,Defender,Real Club Deportivo de La Coruña,Primera División,36,48.0,49.0,52.5,21,17,37.4,12.41,36.19,0,1,5,3,9,3,0,19,2.19,6.25
francisco-jose-garcia-torres,Fran García,Defender,Real Betis,Primera División,27,49.0,47.0,47.5,19,12,30.5,8.7,37.89,0,1,4,2,7,4,1,21,5.59,40.54
bryan-zaragoza-martinez,Bryan Zaragoza,Midfielder,RCD Espanyol de Barcelona,Primera División,25,42.0,50.0,62.5,25,16,33.0,8.28,41.4,0,2,4,2,15,1,0,16,4.76,15.61
hector-junior-firpo-adames,Junior Firpo,Defender,Real Betis,Primera División,30,37.0,37.0,25.0,10,8,16.3,1.87,35.0,0,0,0,1,4,5,0,30,2.57,17.13
abderrahman-rebbach,A. Rebbach,Forward,D. Alavés,Primera División,28,46.0,45.0,85.0,34,21,48.6,7.28,37.65,0,2,2,5,17,7,0,7,1.77,10.39
ruben-garcia-santos,Rubén García,Midfielder,CA Osasuna,Primera División,33,43.0,47.0,92.5,37,31,60.0,7.92,39.32,0,3,3,4,22,4,0,4,1.84,10.34
filip-ugrinic,Filip Ugrinic,Midfielder,Valencia CF,Primera División,27,42.0,46.0,75.0,30,22,49.0,7.45,38.33,0,1,4,3,17,5,0,10,2.25,9.16
ilias-akhomach-chakkour,Ilias Akhomach,Forward,Villarreal CF,Primera División,22,42.0,42.0,57.5,23,12,28.5,5.1,37.39,0,0,3,3,12,4,1,17,4.43,11.48
enes-unal,Enes Ünal,Forward,Getafe CF,Primera División,29,45.0,38.0,77.5,31,6,20.8,0.02,38.23,0,0,4,0,13,14,0,9,4.43,38.06
abiel-osorio,Abiel Osorio,Forward,Elche CF,Primera División,24,44.0,44.0,37.5,15,12,35.0,3.17,40.67,0,1,3,1,14,4,0,17,1.44,9.44
gnangoro-bouare-samake,Gnangoro,Midfielder,Rayo Vallecano,Primera División,22,41.0,41.0,10.0,4,2,46.5,6.4,35.0,0,0,0,1,3,0,0,1,1.6,9.53
bernardo-mota-veiga-de-carvalho-e-silva,Bernardo Silva,Midfielder,Real Madrid,Primera División,32,39.0,49.0,90.0,36,31,61.3,12.46,36.94,0,3,6,4,17,4,1,5,7.72,57.11
orri-steinn-oskarsson,Orri Óskarsson,Forward,Real Sociedad,Primera División,22,46.0,46.0,62.5,25,12,31.1,0.8,44.8,0,1,7,0,7,8,0,17,2.66,15.72
adria-giner-pedrosa,Adrià Pedrosa,Defender,Rayo Vallecano,Primera División,28,39.0,38.0,72.5,29,10,32.5,0.85,36.9,0,0,4,1,9,13,2,11,1.39,11.01
david-soria-solis,David Soria,Goalkeeper,Getafe CF,Primera División,33,51.0,50.0,100.0,40,40,90.0,7.7,42.13,0,7,6,4,10,9,3,1,17.1,85.26
jose-luis-garcia-vaya,Pepelu,Midfielder,Valencia CF,Primera División,28,40.0,47.0,85.0,34,30,64.7,10.45,36.47,0,2,2,5,23,2,0,6,3.36,14.09
ezequiel-ponce-martinez,Ezequiel Ponce,Forward,Elche CF,Primera División,29,40.0,38.0,60.0,24,18,54.4,0.56,37.08,0,0,4,1,11,16,0,8,1.52,5.5
ivan-romero-de-avila-araque,I.Romero,Forward,Levante UD,Primera División,25,44.0,45.0,80.0,32,27,58.4,5.55,39.22,0,1,5,5,14,8,0,7,2.22,13.08
logan-costa,Logan Costa,Defender,Villarreal CF,Primera División,25,39.0,39.0,7.5,3,1,2.8,4.21,35.0,0,0,0,0,3,0,0,37,2.7,6.96
youssef-enriquez-lekhedim,Youssef Lekhedim,Defender,D. Alavés,Primera División,20,39.0,37.0,72.5,29,13,36.4,1.57,35.86,0,1,0,1,11,14,1,12,2.64,5.63
daniel-lorenzo-guerrero,Dani Lorenzo,Midfielder,Málaga CF,Primera División,23,51.0,52.0,80.0,32,30,60.1,14.29,38.28,0,1,4,7,16,1,0,11,3.18,14.04
marc-casado-torras,Marc Casadó,Midfielder,Real Club Deportivo de La Coruña,Primera División,23,38.0,40.0,50.0,20,6,17.4,5.9,34.0,0,0,1,0,15,2,1,21,3.2,27.82
alfonso-herrero-peinador,Alfonso Herrero,Goalkeeper,Málaga CF,Primera División,32,45.0,49.0,100.0,40,40,90.0,8.44,40.38,0,2,8,4,17,5,1,3,9.93,42.5
nahuel-tenaglia,Nahuel Tenaglia,Defender,D. Alavés,Primera División,30,52.0,50.0,95.0,38,38,84.3,13.07,36.84,0,3,8,7,9,9,1,3,4.36,56.29
iago-aspas-juncal,Iago Aspas,Forward,RC Celta,Primera División,39,42.0,47.0,87.5,35,12,30.1,6.64,40.0,0,2,4,1,23,3,1,6,0.76,6.92
haitam-abaida-el-achhab,Haitam Abaida,Forward,Málaga CF,Primera División,24,40.0,41.0,22.5,9,0,3.0,2.93,37.78,0,0,1,0,4,4,0,31,3.5,8.71
jon-pacheco-dozagarat,Jon Pacheco,Defender,Real Sociedad,Primera División,25,39.0,45.0,55.0,22,20,43.5,9.87,35.0,0,2,3,1,10,4,1,19,1.02,9.41
carlos-nahuel-benavidez-protesoni,C. Benavìdez,Midfielder,D. Alavés,Primera División,28,38.0,37.0,35.0,14,3,9.3,3.03,33.57,0,0,0,0,12,2,0,26,0.46,5.73
maguette-gueye,Maguette Gueye,Midfielder,Real Racing Club de Santander,Primera División,23,43.0,41.0,87.5,35,22,47.6,3.19,37.14,0,0,4,1,17,12,0,6,2.62,9.98
jon-moncayola-tollar,Moncayola,Midfielder,CA Osasuna,Primera División,28,44.0,43.0,95.0,38,36,77.5,6.27,36.97,0,0,6,3,17,11,0,3,3.07,16.72
orel-mangala,Orel Mangala,Midfielder,Getafe CF,Primera División,28,41.0,42.0,50.0,20,13,29.7,7.37,35.0,0,0,0,3,15,2,0,20,2.83,9.89
javier-guerra-moreno,Javi Guerra,Midfielder,Valencia CF,Primera División,23,48.0,44.0,95.0,38,27,55.3,3.66,40.53,0,0,8,3,14,12,0,3,2.87,21.53
victor-chust-garcia,Víctor Chust,Defender,Elche CF,Primera División,26,49.0,48.0,85.0,34,26,62.2,10.18,37.65,0,4,6,5,12,4,3,6,2.72,12.8
sergi-cardona-bermudez,Sergi Cardona,Defender,Villarreal CF,Primera División,27,48.0,42.0,75.0,30,19,45.2,4.78,37.67,0,1,4,2,13,9,1,10,2.29,5.37
david-mella-boullon,David Mella,Forward,Real Club Deportivo de La Coruña,Primera División,21,43.0,47.0,55.0,22,14,33.1,7.28,39.55,0,1,4,1,14,2,0,18,1.45,4.78
arnaut-danjuma-groeneveld,Arnaut Danjuma,Forward,Valencia CF,Primera División,29,39.0,42.0,77.5,31,19,44.9,3.63,38.23,0,0,5,2,13,11,0,9,2.23,11.72
pablo-martin-paez-gavira,Gavi,Midfielder,FC Barcelona,Primera División,22,41.0,43.0,45.0,18,10,21.9,8.97,33.89,0,0,0,4,12,0,0,24,8.19,36.23
giacomo-quagliata,Giacomo Quagliata,Defender,Real Club Deportivo de La Coruña,Primera División,26,41.0,42.0,95.0,38,35,75.0,5.56,36.45,0,0,5,5,19,8,1,2,2.16,6.12
gerard-fernandez-castellano,Peque Fernández,Forward,Sevilla FC,Primera División,23,41.0,44.0,65.0,26,14,27.1,6.17,37.88,0,2,2,3,12,6,0,15,2.19,9.48
izan-merino-rodriguez,Izan Merino,Midfielder,Málaga CF,Primera División,20,39.0,42.0,95.0,38,34,74.0,5.4,36.32,0,1,1,0,27,7,0,4,2.74,8.5
alvaro-santiago-mourino-gonzalez,Santiago Mouriño,Defender,Villarreal CF,Primera División,24,41.0,47.0,72.5,29,27,58.9,8.99,37.59,0,1,4,5,11,6,1,12,2.49,21.74
robbie-ure,Robert Ure,Forward,Sevilla FC,Primera División,22,43.0,43.0,15.0,6,3,51.2,-1.72,43.33,0,0,2,0,1,3,0,34,2.91,23.05
andrei-florin-ratiu,Andrei Rațiu,Defender,Rayo Vallecano,Primera División,28,51.0,47.0,90.0,36,32,72.3,7.92,38.89,1,4,9,0,8,10,3,5,4.46,9.56
javier-galan-gil,Javier Galán,Defender,RC Celta,Primera División,31,35.0,48.0,62.5,25,22,47.0,12.9,34.6,0,2,4,5,8,5,1,15,0.83,7.36
asier-osambela-larraya,Asier Osambela,Midfielder,CA Osasuna,Primera División,21,36.0,36.0,50.0,20,4,13.2,0.13,36.25,0,0,1,0,10,8,0,21,1.3,4.12
raul-moro-prescoli,Raúl Moro,Forward,CA Osasuna,Primera División,23,36.0,42.0,70.0,28,12,28.4,3.68,37.86,0,0,4,0,15,8,0,13,1.32,5.97
javier-rodriguez-galiano,Javi Rodríguez,Defender,RC Celta,Primera División,23,49.0,46.0,87.5,35,32,67.3,8.68,37.29,0,2,6,4,15,6,1,6,1.94,16.6
johan-andres-mojica-palacio,J. Mojica,Defender,Getafe CF,Primera División,34,53.0,43.0,87.5,35,32,71.4,6.56,36.86,0,2,5,4,13,8,2,6,3.21,22.57
daniel-raba-antoli,Dani Raba,Forward,Valencia CF,Primera División,30,37.0,37.0,25.0,10,0,2.3,2.01,35.0,0,0,0,0,8,2,0,30,0.23,5.14
denzel-dumfries,Denzel Dumfries,Defender,Real Madrid,Primera División,30,44.0,41.0,57.5,23,17,40.2,1.84,38.48,0,1,2,1,9,5,2,20,10.75,63.51
facundo-valentin-buonanotte,Facundo Buonanotte,Midfielder,Elche CF,Primera División,21,37.0,36.0,22.5,9,4,9.1,-1.61,37.78,0,0,1,0,1,6,0,32,2.03,21.18
jorge-herrando-oroz,HERRANDO,Defender,CA Osasuna,Primera División,25,44.0,42.0,75.0,30,20,44.3,4.3,37.5,0,0,4,4,12,8,1,11,2.72,9.4
pablo-duran-fernandez,Pablo Durán,Forward,RC Celta,Primera División,25,39.0,39.0,67.5,27,14,31.0,2.2,36.85,0,0,2,0,17,7,0,14,2.28,5.89
sergio-carreira-vilarino,Sergio Carreira,Defender,RC Celta,Primera División,25,44.0,45.0,97.5,39,29,72.1,6.79,37.69,0,1,6,5,14,11,1,2,1.92,9.83
jorge-de-frutos-sebastian,De Frutos,Midfielder,Rayo Vallecano,Primera División,29,38.0,43.0,90.0,36,29,59.3,3.62,39.17,0,2,4,1,18,9,1,5,3.34,15.11
jens-lys-michel-cajuste,Jens Cajuste,Midfielder,Málaga CF,Primera División,27,42.0,41.0,52.5,21,7,16.7,2.7,38.57,0,0,3,0,11,6,0,20,3.44,10.35
joaquin-munoz-benavides,Joaquín Muñoz,Forward,Málaga CF,Primera División,27,44.0,51.0,97.5,39,31,63.1,9.13,42.18,0,6,4,2,21,3,0,4,0.9,10.42
iker-munoz-cameros,Iker Muñoz,Midfielder,CA Osasuna,Primera División,24,40.0,40.0,60.0,24,12,33.4,4.53,35.0,0,0,1,1,16,6,0,16,1.29,7.39
hugo-duro-perales,Hugo Duro,Forward,Valencia CF,Primera División,26,38.0,41.0,92.5,37,21,48.5,0.54,40.41,0,0,8,0,9,20,0,3,2.53,9.38
nicolas-valentini,Nicolás Valentini,Defender,D. Alavés,Primera División,25,39.0,40.0,60.0,24,16,38.8,3.9,36.25,0,0,2,3,9,9,1,16,2.38,5.83
francisco-cortes-gracia,Paco Cortés,Forward,Levante UD,Primera División,19,40.0,40.0,52.5,21,5,16.2,3.25,36.67,0,1,0,0,16,3,0,20,2.7,7.75
djene-dakonam-ortega,Djené Dakonam,Defender,Getafe CF,Primera División,34,38.0,41.0,90.0,36,34,71.2,7.9,33.33,0,0,3,7,13,8,3,6,2.49,11.82
harvey-elliot,Harvey Elliott,Midfielder,Valencia CF,Primera División,23,38.0,39.0,15.0,6,1,4.3,3.53,35.0,0,0,0,0,4,2,0,34,2.46,22.44
jonathan-asp-jensen,Jonathan Jensen,Midfielder,Real Club Deportivo de La Coruña,Primera División,20,48.0,44.0,80.0,32,30,66.3,1.74,41.56,0,4,5,0,16,5,3,7,1.98,8.46
jose-maria-gimenez-de-vargas,José María Giménez,Defender,Real Club Deportivo de La Coruña,Primera División,31,38.0,46.0,47.5,19,12,28.5,10.53,35.53,0,3,0,4,5,3,2,23,3.21,25.63
couhaib-driouech,Couhaib Driouech,Forward,RC Celta,Primera División,24,51.0,48.0,82.5,33,6,27.0,4.2,43.64,0,2,8,1,13,7,1,8,2.1,9.22
jesus-areso-blanco,Areso,Defender,Athletic Club,Primera División,27,38.0,43.0,65.0,26,14,34.8,8.88,34.42,0,1,3,4,9,6,2,15,3.13,14.95
leonardo-roman-riquelme,Leo Román,Goalkeeper,Real Club Deportivo de La Coruña,Primera División,26,41.0,44.0,87.5,35,35,76.9,7.2,36.43,0,2,3,2,20,5,2,6,9.56,70.84
francho-serrano-gracia,Francho Serrano,Midfielder,Getafe CF,Primera División,24,43.0,44.0,77.5,31,30,65.7,5.35,38.71,0,2,3,1,18,6,0,10,1.05,7.38
sergio-herrera-piron,S. HERRERA,Goalkeeper,CA Osasuna,Primera División,33,37.0,45.0,95.0,38,38,84.4,7.09,37.5,0,3,5,4,14,8,3,3,8.5,67.07
marc-pubill-pages,Marc Pubill,Defender,Atlético de Madrid,Primera División,23,44.0,46.0,60.0,24,19,42.9,6.49,39.58,0,0,6,2,9,4,1,18,7.97,53.11
alfonso-gonzalez-martinez,Alfon González,Forward,Sevilla FC,Primera División,27,38.0,37.0,45.0,18,4,12.1,1.05,36.39,0,0,1,0,11,6,0,22,1.44,5.51
jon-guridi-aldalur,Guridi,Midfielder,Sevilla FC,Primera División,31,48.0,40.0,75.0,30,16,33.6,3.24,36.67,0,0,3,2,14,10,0,11,0.9,12.49
miguel-rodriguez-vidal,Miguel Rodríguez,Forward,D. Alavés,Primera División,23,36.0,45.0,62.5,25,15,34.9,7.12,38.2,0,1,3,1,16,2,1,16,0.38,11.14
ramon-enriquez-rodriguez,Ramón Enríquez,Midfielder,Málaga CF,Primera División,25,36.0,40.0,40.0,16,1,8.5,4.56,35.31,0,1,0,0,8,5,1,25,0.31,9.9
gorka-carrera-zarranz,Gorka Carrera,Forward,Real Sociedad,Primera División,21,43.0,46.0,47.5,19,15,34.0,2.76,42.89,0,0,6,0,8,4,0,22,,
hamza-mohamed-abdel-karim,Hamza Abdelkarim,Forward,FC Barcelona,Primera División,18,35.0,35.0,15.0,6,0,5.1,0.47,35.0,0,0,0,0,2,3,0,11,8.46,31.02
asier-villalibre-molina,Asier Villalibre,Forward,Real Racing Club de Santander,Primera División,28,48.0,48.0,70.0,28,12,27.2,2.99,44.64,0,2,8,0,11,6,0,13,0.69,7.23
borja-iglesias-quintas,Borja Iglesias,Forward,RC Celta,Primera División,33,41.0,43.0,62.5,25,15,27.7,1.14,41.2,0,0,8,0,6,10,1,15,1.93,8.54
clemens-riedel,Clemens Riedel,Defender,RCD Espanyol de Barcelona,Primera División,23,43.0,43.0,62.5,25,20,43.4,5.31,38.0,0,2,3,4,7,8,1,15,1.41,8.67
alvaro-fidalgo-fernandez,Álvaro Fidalgo,Midfielder,Real Betis,Primera División,29,44.0,46.0,62.5,25,18,35.1,8.62,37.0,0,0,3,5,16,0,0,16,2.72,9.57
ibai-aguirre-basurco,Ibai Aguirre,Midfielder,Real Sociedad,Primera División,19,39.0,38.0,40.0,16,13,25.8,1.83,36.56,0,0,1,1,5,8,0,25,,
arnau-martinez-lopez,Arnau Martínez,Defender,Valencia CF,Primera División,23,51.0,54.0,92.5,37,34,73.5,13.37,39.73,0,4,12,5,12,3,1,3,1.6,24.35
oriol-rey-erenas,O.Rey,Midfielder,Levante UD,Primera División,28,42.0,39.0,50.0,20,13,33.6,3.17,36.25,0,1,0,0,15,5,0,19,1.98,5.98
inigo-sainz-maza-serna,Íñigo Sainz-Maza,Defender,Real Racing Club de Santander,Primera División,28,40.0,41.0,42.5,17,7,14.2,5.62,35.0,0,0,1,1,12,3,0,23,2.19,6.56
hugo-sotelo,Hugo Sotelo,Midfielder,Levante UD,Primera División,22,45.0,43.0,42.5,17,11,20.8,7.83,35.29,0,1,1,1,10,3,1,23,2.0,11.06
lucas-torro-marset,TORRÓ,Midfielder,CA Osasuna,Primera División,32,37.0,40.0,85.0,34,29,54.2,4.36,35.74,0,0,1,2,22,8,0,7,3.43,8.28
aitor-manas-buenadicha,Aitor Mañas,Forward,D. Alavés,Primera División,23,35.0,35.0,32.5,13,1,6.7,-0.03,35.0,0,0,0,0,8,5,0,27,1.02,7.0
bright-ede,Bright Ede,Defender,Real Club Deportivo de La Coruña,Primera División,19,41.0,41.0,7.5,3,2,32.7,13.01,28.33,0,0,0,0,2,1,0,4,1.89,9.76
randy-ntekja,Randy Nteka,Midfielder,Rayo Vallecano,Primera División,28,38.0,37.0,35.0,14,4,12.9,-3.06,40.36,0,1,2,0,4,5,2,26,1.76,8.87
takefusa-kubo,Take,Forward,Real Sociedad,Primera División,25,42.0,52.0,60.0,24,16,34.2,10.97,41.25,1,3,4,0,13,2,0,17,4.82,31.09
alex-marchal-garcia,Alex Marchal,Forward,Real Sociedad,Primera División,19,46.0,43.0,40.0,16,6,15.3,6.01,36.56,0,1,0,3,8,3,0,25,,
aimar-oroz-huarte,Aimar,Midfielder,CA Osasuna,Primera División,24,38.0,43.0,75.0,30,24,49.7,5.89,36.67,0,1,2,1,21,5,0,10,2.24,9.0
hector-fort-garcia,Héctor Fort,Defender,Real Sociedad,Primera División,20,45.0,43.0,37.5,15,8,13.2,1.84,40.67,0,0,3,2,3,6,0,26,3.51,13.23
antonio-martinez-lopez,Toni Martínez,Forward,D. Alavés,Primera División,29,47.0,51.0,95.0,38,33,69.4,5.21,45.26,0,6,8,0,15,8,0,3,4.05,30.49
jonathan-dubasin,Dubasin,Forward,CA Osasuna,Primera División,26,39.0,52.0,87.5,35,29,62.3,7.02,44.57,1,3,8,3,14,4,1,6,1.94,5.84
oscar-lopez,O. López,Midfielder,Getafe CF,Primera División,20,37.0,37.0,7.5,3,0,1.9,2.17,35.0,0,0,0,0,3,0,0,12,,
xanet-olaiz-ibarzabal,Xanet Oláiz,Defender,D. Alavés,Primera División,21,36.0,36.0,2.5,1,0,0.3,1.18,35.0,0,0,0,0,1,0,0,30,,
nemanja-gudelj,Nemanja Gudelj,Midfielder,Getafe CF,Primera División,34,36.0,40.0,90.0,36,27,60.6,3.35,37.08,0,0,3,1,20,11,0,5,2.21,11.1
rafael-rodriguez-ruiz,Rafa Rodríguez,Midfielder,Málaga CF,Primera División,23,41.0,39.0,82.5,33,8,25.6,1.09,37.88,0,1,1,1,14,12,1,10,0.45,6.08
bil-dornol-nsongo-tonfack,Bil Nsongo,Forward,Real Club Deportivo de La Coruña,Primera División,22,45.0,44.0,57.5,23,15,33.8,1.41,41.96,0,1,5,0,11,6,0,15,2.28,13.22
urko-gonzalez-de-zarate-quiros,Urko González De Zarate,Defender,RCD Espanyol de Barcelona,Primera División,25,42.0,41.0,97.5,39,32,72.5,5.14,35.64,0,0,2,4,20,11,1,2,2.65,7.98
arsen-zakharyan,Arsen Zakharyan,Midfielder,Real Sociedad,Primera División,23,36.0,36.0,45.0,18,3,10.3,1.04,35.0,0,0,0,0,10,8,0,22,0.96,4.69
tani-oluwaseyi,Tani Oluwaseyi,Forward,Villarreal CF,Primera División,26,37.0,37.0,72.5,29,11,26.5,0.34,36.72,0,0,3,0,15,11,0,11,2.11,6.86
maroan-sannadi-harrouch,Maroan Sannadi,Forward,Athletic Club,Primera División,25,37.0,36.0,12.5,5,0,2.5,0.82,35.0,0,0,0,0,3,2,0,35,1.15,6.27
endrick-felipe-moreira-de-sousa,Endrick,Forward,Real Madrid,Primera División,20,46.0,55.0,65.0,26,17,39.1,8.34,46.73,1,5,3,0,8,6,1,16,5.14,43.05
arnau-ortiz-sanchez,Arnau Ortiz,Forward,Atlético de Madrid,Primera División,24,37.0,37.0,12.5,5,1,21.3,1.64,35.0,0,0,1,0,17,5,1,16,0.83,6.94
jon-gorrotxategi-etxaniz,Jon Gorrotxategi,Midfielder,Real Sociedad,Primera División,24,36.0,45.0,77.5,31,23,51.5,7.11,37.58,0,1,4,2,19,3,1,10,1.6,4.98
julen-lobete-cienfuegos,Julen Lobete,Forward,Málaga CF,Primera División,26,39.0,40.0,47.5,19,4,9.5,3.65,36.32,0,0,1,1,9,6,0,23,2.74,8.65
flavien-enzo-boyomos,Boyomo,Defender,CA Osasuna,Primera División,24,39.0,45.0,67.5,27,23,50.8,6.0,39.26,1,3,1,1,10,8,1,15,1.71,8.28
giorgi-guliashvili,Giorgi Guliashvili,Forward,Real Racing Club de Santander,Primera División,25,45.0,43.0,52.5,21,16,38.5,0.67,42.38,0,1,4,0,8,11,0,16,3.45,4.98
pol-lozano-vizuete,Pol Lozano,Midfielder,RCD Espanyol de Barcelona,Primera División,26,37.0,42.0,80.0,32,24,47.5,4.8,36.72,0,0,3,2,18,7,1,9,0.45,10.65
williot-swedberg,Williot Swedberg,Forward,RC Celta,Primera División,22,42.0,48.0,87.5,35,20,43.5,3.75,44.57,0,1,10,1,13,8,0,7,2.53,10.63
juan-berrocal-gonzalez,Juan Berrocal,Defender,Málaga CF,Primera División,27,49.0,47.0,37.5,15,13,43.9,10.28,36.67,0,0,1,7,9,5,1,17,0.52,3.44
heorhii-tsitaishvili,Giorgi Tsitaishvili,Forward,Rayo Vallecano,Primera División,25,45.0,47.0,85.0,34,27,61.5,9.26,37.94,0,2,3,6,18,2,0,9,3.56,7.76
luiz-lucio-reis-junior,Luíz Júnior,Goalkeeper,Villarreal CF,Primera División,25,40.0,45.0,70.0,28,28,63.0,6.83,38.04,0,2,3,2,11,7,2,13,4.5,63.9
alexandre-zurawski,Alemão,Forward,Rayo Vallecano,Primera División,28,41.0,42.0,70.0,28,10,28.8,1.24,40.71,0,2,4,0,11,10,0,13,1.03,1.14
jofre-carreras-pages,Jofre Carreras,Forward,RCD Espanyol de Barcelona,Primera División,25,37.0,40.0,70.0,28,8,22.4,3.92,35.89,0,0,1,2,18,6,0,13,0.45,6.42
rafel-bauza-sureda,Rafel Bauzà,Midfielder,RCD Espanyol de Barcelona,Primera División,21,48.0,44.0,90.0,36,33,72.0,5.02,38.61,0,0,7,4,14,9,1,5,1.92,10.9
juan-carlos-arana-gomez,Arana,Forward,Real Racing Club de Santander,Primera División,26,42.0,42.0,27.5,11,2,6.7,-0.45,41.82,0,1,2,0,1,5,1,30,1.69,5.12
ibrahima-konate,Ibrahima Konaté,Defender,Real Madrid,Primera División,27,43.0,54.0,70.0,28,27,58.4,11.27,42.14,0,6,4,5,9,3,1,12,22.1,117.62
abdoulaye-faye,Abdoulaye Faye,Defender,RC Celta,Primera División,21,46.0,46.0,37.5,15,15,34.2,13.8,32.33,0,0,1,5,6,4,1,23,1.74,6.4
tyrhys-dolan,Tyrhys Dolan,Forward,RCD Espanyol de Barcelona,Primera División,24,46.0,47.0,92.5,37,30,63.6,7.44,39.19,0,0,8,5,16,7,0,4,0.54,13.6
martim-carvalho-neto,Martim Neto,Midfielder,Elche CF,Primera División,23,41.0,44.0,62.5,25,16,34.0,4.91,39.2,0,1,4,0,14,4,1,16,0.46,7.2
manuel-bueno-sebastian,Manu Bueno,Midfielder,Sevilla FC,Primera División,22,36.0,36.0,22.5,9,2,7.1,0.98,35.0,0,0,0,0,4,5,0,31,1.57,8.42
borja-mayoral-moya,Borja Mayoral,Forward,Getafe CF,Primera División,29,34.0,41.0,40.0,16,9,21.2,0.55,39.69,0,0,3,0,6,6,0,25,1.04,8.13
diego-rico-salguero,Rico,Defender,CA Osasuna,Primera División,33,35.0,38.0,62.5,25,15,36.0,2.91,35.0,0,1,0,1,13,8,1,16,1.0,3.37
iker-cordoba-sanchez,Iker Córdoba,Defender,Valencia CF,Primera División,20,32.0,34.0,47.5,19,10,26.9,0.66,33.42,0,0,0,1,9,6,2,22,1.69,9.89
petar-ratkov,Petar Ratkov,Forward,Levante UD,Primera División,23,35.0,38.0,57.5,23,12,26.7,0.57,37.39,0,0,3,0,10,9,1,17,1.33,8.25
gorka-guruzeta-rodriguez,Gorka Guruzeta,Forward,Athletic Club,Primera División,30,45.0,47.0,92.5,37,30,64.8,2.64,44.19,0,2,9,1,16,8,0,4,2.02,15.58
isaac-palazon-camacho,Isi Palazón,Midfielder,Rayo Vallecano,Primera División,31,48.0,50.0,72.5,29,26,52.4,9.41,40.69,0,5,2,1,19,1,1,11,2.87,9.95
alex-douma-johan-lebarbier,Alex Lebarbier,Midfielder,Real Sociedad,Primera División,22,41.0,39.0,17.5,7,5,10.1,0.73,38.57,0,0,1,0,4,2,0,33,,
ricardo-rodriguez-gil-carcedo,Riki,Midfielder,Real Club Deportivo de La Coruña,Primera División,28,37.0,42.0,67.5,27,21,42.3,6.84,35.0,0,0,1,2,18,5,0,14,2.12,6.08
hugo-rincon-lumbreras,Hugo Rincón,Defender,Athletic Club,Primera División,23,41.0,42.0,80.0,32,16,43.6,4.67,37.5,0,2,3,3,14,9,1,8,2.02,8.26
alvaro-djalo-dias-fernandes,Álvaro Djaló,Forward,Athletic Club,Primera División,27,45.0,45.0,15.0,6,4,32.3,5.67,39.17,0,0,1,1,9,5,0,24,0.84,6.54
marc-santos-gavilan,Marc Santos,Defender,Levante UD,Primera División,15,33.0,33.0,2.5,1,0,5.2,-1.84,35.0,0,0,0,0,0,1,0,5,,
marc-aguado-pallares,Marc Aguado,Midfielder,Elche CF,Primera División,26,47.0,48.0,90.0,36,31,63.8,9.04,38.47,0,1,4,5,21,4,0,5,0.84,12.84
matteo-prati,Matteo Prati,Midfielder,Real Racing Club de Santander,Primera División,22,37.0,38.0,85.0,34,22,48.3,1.84,35.88,0,0,2,0,18,13,0,7,2.4,11.01
adama-traore-diarra,Adama Traoré,Forward,Real Club Deportivo de La Coruña,Primera División,30,33.0,35.0,60.0,24,1,10.9,0.99,34.17,0,0,0,0,11,14,0,15,2.53,13.65
juan-sebastian-boselli-graf,Sebastián Boselli,Defender,Getafe CF,Primera División,22,35.0,35.0,42.5,17,6,15.8,1.2,33.82,0,0,0,1,8,7,1,23,1.6,10.73
julio-diaz-del-romo,Julio Díaz,Defender,Sevilla FC,Primera División,21,43.0,43.0,20.0,8,5,10.9,4.68,38.13,0,0,2,0,5,1,0,29,1.35,2.98
daniel-requena-sanchez,Reque,Midfielder,Levante UD,Primera División,22,45.0,48.0,80.0,32,31,61.6,11.15,36.56,0,2,3,8,13,5,0,9,0.52,4.63
abel-bretones-cruz,Abel Bretones,Defender,CA Osasuna,Primera División,26,41.0,38.0,80.0,32,20,48.4,0.61,37.34,0,0,4,4,9,10,4,9,1.79,13.53
alberto-risco,Alberto Risco,Midfielder,Getafe CF,Primera División,21,33.0,33.0,10.0,4,0,1.5,-1.53,35.0,0,0,0,0,0,4,0,36,0.3,0.71
jose-luis-perez-del-amo,Joselu Pérez,Forward,Getafe CF,Primera División,22,35.0,35.0,7.5,3,0,0.7,-0.5,35.0,0,0,0,0,1,2,0,37,,
jones-el-abdellaoui,Jones El Abdellaoui,Forward,RC Celta,Primera División,20,34.0,37.0,55.0,22,6,20.2,-0.15,37.27,0,0,2,0,9,11,0,18,1.04,6.45
rodrigo-mendoza-martinez-moya,Rodrigo Mendoza,Midfielder,Atlético de Madrid,Primera División,21,41.0,38.0,47.5,19,11,20.0,1.14,36.32,0,0,1,0,10,7,0,22,0.99,11.36
ruben-sanchez-saez,Rubén Sánchez,Defender,Elche CF,Primera División,25,41.0,39.0,55.0,22,8,20.6,4.13,34.55,0,2,1,1,10,6,2,18,0.38,3.72
jose-manuel-hernando-riol,Manu H. ,Defender,Real Racing Club de Santander,Primera División,28,40.0,46.0,60.0,24,21,46.5,6.2,39.17,0,0,7,1,10,5,1,16,1.76,6.72
francisco-perez-martinez,Fran Pérez,Forward,Rayo Vallecano,Primera División,24,32.0,38.0,65.0,26,11,27.2,0.68,37.12,0,0,3,0,10,11,1,15,0.45,3.54
alvaro-mantilla-perez,Álvaro Mantilla,Defender,Real Racing Club de Santander,Primera División,26,37.0,39.0,67.5,27,27,54.6,0.66,37.22,0,0,6,2,6,10,3,13,2.27,7.7
daniel-cardenas-lindez,Cárdenas,Goalkeeper,Rayo Vallecano,Primera División,29,47.0,47.0,17.5,7,6,14.2,7.2,40.0,0,1,1,0,2,3,0,33,0.76,25.09
pere-milla-pena,Pere Milla,Midfielder,RCD Espanyol de Barcelona,Primera División,33,42.0,44.0,82.5,33,21,45.4,5.35,38.79,0,1,6,0,17,9,0,7,0.95,4.6
ali-houary-jeddoub,Ali Houary,Forward,Elche CF,Primera División,21,38.0,41.0,45.0,18,12,24.2,6.95,34.17,0,0,1,2,12,2,1,22,0.38,8.56
andres-garcia-robledo,Andrés García,Defender,Getafe CF,Primera División,23,41.0,40.0,35.0,14,5,13.8,3.35,36.79,0,0,1,1,10,2,0,26,1.85,8.17
aboubacar-sangare-traore,Buba Sangaré,Defender,Elche CF,Primera División,19,31.0,32.0,45.0,18,14,26.1,-3.02,35.0,0,0,0,0,10,5,3,22,1.35,7.86
pablo-maffeo-becerra,Pablo Maffeo,Defender,Valencia CF,Primera División,29,42.0,48.0,87.5,35,32,70.5,8.92,39.43,1,2,7,1,13,7,3,6,1.53,16.6
jeremy-toljan,Jeremy Toljan,Defender,Levante UD,Primera División,32,32.0,40.0,92.5,37,33,76.9,4.09,35.95,0,1,5,4,14,11,3,2,0.69,6.49
cesar-tarrega-requeni,César Tárrega,Defender,Valencia CF,Primera División,24,40.0,41.0,80.0,32,28,63.5,5.17,36.25,0,1,6,1,12,8,4,8,1.28,8.42
mario-martin-rielves,Mario Martín,Midfielder,Getafe CF,Primera División,22,30.0,34.0,85.0,34,24,51.5,-1.61,35.88,0,0,2,1,12,15,3,7,3.49,6.76
ivan-balliu-campeny,Iván Balliu,Defender,Rayo Vallecano,Primera División,34,35.0,37.0,45.0,18,9,20.9,2.28,35.0,0,0,2,1,5,6,3,23,0.96,8.67
jesus-vazquez-alcalde,Jesús Vázquez,Defender,Valencia CF,Primera División,23,39.0,36.0,65.0,26,10,28.7,1.03,35.0,0,0,0,2,12,12,0,14,1.71,6.34
domingos-andre-ribeiro-almeida,André Almeida,Midfielder,Real Racing Club de Santander,Primera División,26,43.0,46.0,57.5,23,11,26.3,9.88,36.3,0,0,5,2,10,4,1,18,2.04,8.27
yanis-kasonga-musuayi,Yanis Musuayi,Forward,Levante UD,Primera División,19,30.0,30.0,2.5,1,0,6.0,-5.0,35.0,0,0,0,0,0,1,0,5,0.46,7.97
arouna-sangante,Arouna Sangante,Defender,Sevilla FC,Primera División,24,42.0,46.0,67.5,27,27,61.3,12.02,33.89,0,3,2,6,10,6,3,10,1.6,10.59
florian-lejeune,Florian Lejeune,Defender,Rayo Vallecano,Primera División,35,50.0,58.0,95.0,38,38,85.5,20.79,37.63,2,9,5,6,11,3,1,3,6.13,54.69
nicolas-guillen-peguero,Nico Guillén,Midfielder,Sevilla FC,Primera División,18,40.0,40.0,5.0,2,1,8.2,5.1,35.0,0,0,0,1,0,1,0,10,,
gabriel-silva-moscardo-de-salles,Gabriel Moscardo,Midfielder,RCD Espanyol de Barcelona,Primera División,20,38.0,38.0,75.0,30,9,27.1,3.19,34.33,0,0,0,1,22,5,1,11,2.0,4.91
facundo-gonzalez-molino,Facundo González,Defender,Real Racing Club de Santander,Primera División,23,38.0,43.0,70.0,28,23,50.2,5.49,37.68,0,0,5,3,7,11,1,13,2.78,1.32
aleix-febas-perez,Febas,Midfielder,RC Celta,Primera División,30,48.0,54.0,85.0,34,33,72.5,16.91,37.5,0,5,7,7,9,4,1,7,4.83,31.66
jozhua-vertrouwd,Jozhua Vertrouwd,Defender,Rayo Vallecano,Primera División,22,36.0,36.0,22.5,9,5,11.3,4.03,31.67,0,0,0,3,1,4,1,31,2.67,6.76
ryunosuke-sato,Ryunosuke Sato,Midfielder,Valencia CF,Primera División,19,45.0,51.0,70.0,28,23,56.3,8.28,42.5,0,5,4,1,18,4,0,8,2.3,11.35
saba-sazonov,Saba Sazonov,Defender,Getafe CF,Primera División,24,32.0,32.0,12.5,5,2,3.8,0.88,31.0,0,0,0,0,2,3,0,35,2.7,6.12
mouctar-diakhaby,Mouctar Diakhaby,Defender,Valencia CF,Primera División,29,41.0,41.0,20.0,8,7,14.4,7.85,33.13,0,0,0,0,3,2,2,33,2.69,10.29
david-cordon-mancha,Davinchi,Defender,Getafe CF,Primera División,18,29.0,29.0,30.0,12,6,11.5,-6.3,35.0,0,0,0,0,4,4,3,29,3.02,5.19
ifeanyi-ndukwe,Ifeanyi Ndukwe,Defender,Levante UD,Primera División,18,33.0,33.0,5.0,2,0,0.7,-2.32,35.0,0,0,0,0,1,1,0,38,1.92,18.25
inigo-arguibide-goni,Íñigo Arguibide,Defender,CA Osasuna,Primera División,21,33.0,32.0,30.0,12,8,19.5,-1.12,33.33,0,0,0,1,5,3,3,28,1.07,4.25
unai-santos-maneru,Unai Santos,Defender,CA Osasuna,Primera División,20,27.0,27.0,2.5,1,1,3.2,-8.42,35.0,0,0,0,0,0,1,0,28,,
alassane-diatta,Alassane Diatta,Midfielder,Villarreal CF,Primera División,21,37.0,37.0,7.5,3,1,3.1,2.43,35.0,0,0,0,0,2,1,0,37,,
adria-altimira-reynaldos,Adrià Altimira,Defender,Real Club Deportivo de La Coruña,Primera División,25,45.0,53.0,65.0,26,25,53.1,9.93,41.35,0,1,9,5,6,5,0,14,2.36,5.01
pedro-bigas-rigo,Bigas,Defender,Elche CF,Primera División,36,46.0,49.0,67.5,27,23,46.9,12.38,36.48,0,3,5,3,7,5,3,14,0.45,6.37
pelayo-fernandez-balboa,Pelayo Fernández,Defender,Rayo Vallecano,Primera División,23,45.0,46.0,27.5,11,8,19.6,7.6,37.73,1,0,2,2,1,4,1,29,0.95,9.27
victor-garcia-raja,Víctor García,Defender,Levante UD,Primera División,29,37.0,40.0,55.0,22,13,30.4,2.21,37.73,0,0,2,4,8,6,2,18,0.88,5.16
iker-luque-sierra,Iker Luque,Forward,Real Racing Club de Santander,Primera División,21,37.0,37.0,7.5,3,0,2.2,-0.4,36.67,0,0,1,0,0,1,1,31,1.42,11.22
matias-ezequiel-dituro,Matías Dituro,Goalkeeper,Elche CF,Primera División,39,34.0,43.0,60.0,24,24,54.0,8.46,34.79,0,1,4,4,6,6,3,16,5.27,27.56
aaron-martin-caricol,Aarón Martín,Defender,Real Racing Club de Santander,Primera División,29,35.0,44.0,80.0,32,24,49.5,4.51,39.06,0,2,5,3,11,8,2,9,4.0,9.02
pedro-felipe-de-jesus-gomes,Pedro Felipe,Defender,Real Racing Club de Santander,Primera División,22,34.0,34.0,15.0,6,3,5.1,-3.38,34.17,0,0,1,0,2,2,1,34,1.84,6.5
wojciech-szczesny,Wojciech Szczęsny,Goalkeeper,FC Barcelona,Primera División,36,45.0,35.0,10.0,4,2,5.8,4.7,30.0,0,0,0,0,3,0,1,36,12.89,54.14
jose-angel-esmoris-tasende,Angeliño,Defender,Real Club Deportivo de La Coruña,Primera División,29,36.0,31.0,12.5,5,1,2.3,-0.09,31.0,0,0,0,0,3,0,1,36,4.51,20.84
adam-boayar-benaisa,Adam El Mokhtari,Forward,Elche CF,Primera División,20,41.0,41.0,17.5,7,0,2.5,2.36,38.57,0,0,1,0,5,1,0,33,0.38,6.26
rodrygo-silva-de-goes,Rodrygo,Forward,Real Madrid,Primera División,25,57.0,60.0,22.5,9,4,11.8,14.12,46.11,1,2,1,0,3,1,0,32,7.72,32.19
alex-pastor-carayol,Álex Pastor,Defender,Málaga CF,Primera División,26,0.0,0.0,0.0,0,0,0.0,0.0,0.0,0,0,0,0,0,0,0,40,0.46,8.75
bambo-diaby,Bambo Diaby,Defender,Elche CF,Primera División,28,39.0,39.0,25.0,10,6,13.6,1.05,37.5,0,0,2,0,3,4,1,30,0.94,9.25
yago-de-santiago-alonso,Yago Santiago,Forward,Elche CF,Primera División,23,36.0,36.0,22.5,9,3,7.0,0.96,35.0,0,0,0,0,6,3,0,31,1.45,6.96
jiri-letacek,Jiří Letáček,Goalkeeper,Getafe CF,Primera División,27,0.0,0.0,0.0,0,0,0.0,0.0,0.0,0,0,0,0,0,0,0,40,2.49,11.43
luiz-felipe-ramos-marchi,Luiz Felipe,Defender,Rayo Vallecano,Primera División,29,54.0,51.0,30.0,12,9,18.9,15.7,35.0,0,2,2,0,4,3,0,29,4.12,7.49
adrian-molina-colorado,Adrián Molina,Goalkeeper,Rayo Vallecano,Primera División,21,0.0,0.0,0.0,0,0,0.0,0.0,0.0,0,0,0,0,0,0,0,40,,
cristian-rivero-sabater,Cristian Rivero,Goalkeeper,Valencia CF,Primera División,28,0.0,0.0,0.0,0,0,0.0,0.0,0.0,0,0,0,0,0,0,0,40,1.7,6.85
eneko-jauregi-escobar,Jauregi,Forward,Málaga CF,Primera División,30,39.0,39.0,37.5,15,4,9.7,2.05,36.67,0,0,1,0,8,5,0,26,0.85,10.55
jose-manuel-arias-copete,Copete,Defender,Valencia CF,Primera División,26,44.0,45.0,42.5,17,16,38.3,10.95,34.41,0,0,4,3,3,7,0,23,1.44,5.18
german-parreno-boix,Germán,Goalkeeper,Real Club Deportivo de La Coruña,Primera División,33,54.0,52.0,30.0,12,12,27.0,8.17,43.33,0,2,2,2,4,1,0,29,1.07,8.15
diego-jose-conde-alcolado,Diego Conde,Goalkeeper,Real Betis,Primera División,27,0.0,0.0,0.0,0,0,0.0,0.0,0.0,0,0,0,0,0,0,0,40,4.1,17.6
enrique-garcia-martinez,Kike G.,Forward,RCD Espanyol de Barcelona,Primera División,36,42.0,44.0,82.5,33,16,39.5,3.83,40.45,0,2,6,0,16,7,1,8,1.29,9.87
jose-angel-lopez-galvez,José Ángel,Defender,RCD Espanyol de Barcelona,Primera División,20,0.0,0.0,0.0,0,0,0.0,0.0,0.0,0,0,0,0,0,0,0,40,,
aimar-blazquez-labraca,Aimar Blázquez,Forward,Valencia CF,Primera División,20,0.0,0.0,0.0,0,0,0.0,0.0,0.0,0,0,0,0,0,0,0,40,,
rodrigo-gamon-martin,Rodrigo Gamón,Midfielder,Valencia CF,Primera División,18,0.0,0.0,0.0,0,0,0.0,0.0,0.0,0,0,0,0,0,0,0,4,,
samuel-becerra-gomez,Samu Becerra,Midfielder,Rayo Vallecano,Primera División,20,35.0,0.0,0.0,0,0,0.0,0.0,0.0,0,0,0,0,0,0,0,40,,
marco-roman-santos,Marco Román,Midfielder,Rayo Vallecano,Primera División,20,0.0,0.0,0.0,0,0,0.0,0.0,0.0,0,0,0,0,0,0,0,40,,
manuel-angel-castillo-rodriguez,Manuel Ángel Castillo,Forward,Sevilla FC,Primera División,18,0.0,0.0,0.0,0,0,0.0,0.0,0.0,0,0,0,0,0,0,0,6,,
jorge-cabello-trujillo,Jorge Cabello,Defender,Levante UD,Primera División,22,43.0,41.0,60.0,24,22,51.3,5.25,35.42,0,1,2,1,12,5,3,16,0.86,4.45
alvaro-odriozola-arzallus,Odriozola,Defender,Real Sociedad,Primera División,30,48.0,48.0,12.5,5,2,5.0,2.96,45.0,0,0,2,0,2,1,0,35,1.53,11.08
dominik-livakovic,Dominik Livaković,Goalkeeper,FC Barcelona,Primera División,31,55.0,51.0,60.0,24,24,54.0,6.49,44.38,0,2,7,1,5,5,0,20,38.99,92.79
jesus-lopez,Jesús,Goalkeeper,Elche CF,Primera División,24,0.0,0.0,0.0,0,0,0.0,0.0,0.0,0,0,0,0,0,0,0,40,1.05,26.25
rafael-fernandez-rodriguez,Rafa Fernández,Goalkeeper,CA Osasuna,Primera División,22,0.0,0.0,0.0,0,0,0.0,0.0,0.0,0,0,0,0,0,0,0,11,,
ivan-alonso-martin,Iván Alonso,Midfielder,Rayo Vallecano,Primera División,20,0.0,0.0,0.0,0,0,0.0,0.0,0.0,0,0,0,0,0,0,0,7,,
sergio-jose-lozano-martinez,Sergio Lozano,Defender,Rayo Vallecano,Primera División,20,0.0,0.0,0.0,0,0,0.0,0.0,0.0,0,0,0,0,0,0,0,40,,
grady-diangana,Grady Diangana,Forward,Elche CF,Primera División,28,37.0,37.0,50.0,20,13,23.2,2.34,35.0,0,0,0,0,11,6,0,23,1.45,6.71
hugo-novoa-ramos,Hugo Novoa,Forward,D. Alavés,Primera División,23,38.0,38.0,62.5,25,18,37.9,-2.14,39.0,0,0,4,1,6,11,2,16,3.36,5.52
salvador-esquivel-gamez,Salvi Esquivel,Goalkeeper,Atlético de Madrid,Primera División,20,0.0,0.0,0.0,0,0,0.0,0.0,0.0,0,0,0,0,0,0,0,40,3.93,15.73
axel-tape-kobrissa,Axel Tape,Defender,Levante UD,Primera División,19,30.0,29.0,5.0,2,0,1.4,-5.87,35.0,0,0,0,0,0,2,0,38,2.25,6.43
mikel-santos-linares,Mikel Santos,Goalkeeper,Athletic Club,Primera División,21,0.0,0.0,0.0,0,0,0.0,0.0,0.0,0,0,0,0,0,0,0,40,,
andriy-lunin,Andriy Lunin,Goalkeeper,Real Madrid,Primera División,27,53.0,53.0,22.5,9,8,19.1,12.82,40.56,0,2,0,2,4,1,0,31,11.51,41.1
llorenc-serred,Llorenç Serred,Goalkeeper,RCD Espanyol de Barcelona,Primera División,21,0.0,0.0,0.0,0,0,0.0,0.0,0.0,0,0,0,0,0,0,0,40,,
diego-murillo-dominguez,Diego Murillo,Defender,Málaga CF,Primera División,25,60.0,59.0,72.5,29,28,62.1,20.7,37.93,1,6,7,4,5,2,1,14,1.44,10.08
miguel-llorente-cubo,Cubo,Forward,Atlético de Madrid,Primera División,18,53.0,53.0,5.0,2,0,3.0,5.05,47.5,0,0,1,0,1,0,0,15,,
juan-francisco-fernandez-martin,Juani,Forward,Málaga CF,Primera División,19,0.0,0.0,0.0,0,0,0.0,0.0,0.0,0,0,0,0,0,0,0,7,,
manuel-gonzalez-pallares,Manu González,Goalkeeper,Real Betis,Primera División,19,0.0,0.0,0.0,0,0,0.0,0.0,0.0,0,0,0,0,0,0,0,40,,
cheikh-ahmad-tidiane-thiam,Cheikh Thiam,Midfielder,Villarreal CF,Primera División,20,0.0,0.0,0.0,0,0,0.0,0.0,0.0,0,0,0,0,0,0,0,8,,
aitor-ruibal-garcia,Aitor Ruibal,Forward,Real Betis,Primera División,30,44.0,48.0,62.5,25,21,44.8,9.0,38.8,0,1,4,3,14,2,1,15,2.91,7.79
marash-kumbulla,Marash Kumbulla,Defender,Rayo Vallecano,Primera División,26,33.0,33.0,12.5,5,3,6.5,-1.78,35.0,0,0,0,0,0,4,0,36,0.44,4.22
sergi-canos-tenes,Sergi Canós,Forward,Valencia CF,Primera División,29,49.0,44.0,47.5,19,11,22.4,4.99,38.95,0,1,2,1,11,3,0,22,1.52,7.24
sergio-mestre-sanchez,Sergio Mestre,Goalkeeper,Real Madrid,Primera División,21,0.0,0.0,0.0,0,0,0.0,0.0,0.0,0,0,0,0,0,0,0,40,,
brahim-abdelkader-diaz,Brahim,Forward,Real Madrid,Primera División,27,55.0,52.0,90.0,36,23,49.6,8.3,43.89,0,4,7,2,20,1,0,6,7.11,31.61
ihor-galdin,Ihor Haldin,Goalkeeper,Levante UD,Primera División,16,0.0,0.0,0.0,0,0,0.0,0.0,0.0,0,0,0,0,0,0,0,6,,
jesse-bisiwu,Jesse Bisiwu,Forward,FC Barcelona,Primera División,18,0.0,0.0,0.0,0,0,0.0,0.0,0.0,0,0,0,0,0,0,0,11,7.25,23.43
jorge-dominguez-lituba,Jorge Domínguez,Defender,Atlético de Madrid,Primera División,16,19.0,19.0,2.5,1,1,6.4,-15.86,35.0,0,0,0,0,0,0,1,7,,
altay-bayindir,Altay Bayındır,Goalkeeper,RC Celta,Primera División,28,42.0,0.0,0.0,0,0,0.0,0.0,0.0,0,0,0,0,0,0,0,40,2.06,12.88
valentin-rosier,Valentin Rosier,Defender,CA Osasuna,Primera División,30,53.0,44.0,67.5,27,26,54.9,7.33,37.04,0,2,3,3,10,8,0,14,2.02,8.2
pablo-cunat-campos,P. Campos,Goalkeeper,Levante UD,Primera División,24,0.0,0.0,0.0,0,0,0.0,0.0,0.0,0,0,0,0,0,0,0,40,1.68,7.89
marcos-do-nascimento-teixeira,MARCAO,Defender,Sevilla FC,Primera División,30,34.0,34.0,25.0,10,10,20.8,1.62,31.5,0,0,2,1,0,4,2,31,1.61,10.06
alvaro-fernandez-llorente,Álvaro Fernández,Goalkeeper,Real Club Deportivo de La Coruña,Primera División,28,52.0,49.0,55.0,22,22,49.5,5.61,42.95,0,1,6,1,8,6,0,18,3.06,7.04
adrian-corral-alciturri-2003-01-05,Adrián Corral,Defender,Atlético de Madrid,Primera División,23,0.0,0.0,0.0,0,0,0.0,0.0,0.0,0,0,0,0,0,0,0,40,,
javier-gil-puche,Javier Gil,Defender,Atlético de Madrid,Primera División,20,0.0,0.0,0.0,0,0,0.0,0.0,0.0,0,0,0,0,0,0,0,40,,
rafael-romero,Rafael Romero,Goalkeeper,Sevilla FC,Primera División,23,0.0,0.0,0.0,0,0,0.0,0.0,0.0,0,0,0,0,0,0,0,40,3.08,20.1
jose-antonio-morante-antunez,José Antonio Morante,Forward,Real Betis,Primera División,19,14.0,14.0,2.5,1,0,0.6,-1.2,15.0,0,0,0,0,0,0,1,39,,
marcos-navarro,Marcos Navarro,Defender,Valencia CF,Primera División,22,0.0,0.0,0.0,0,0,0.0,0.0,0.0,0,0,0,0,0,0,0,40,,
eder-aller-gonzalez,Eder Aller,Goalkeeper,FC Barcelona,Primera División,19,0.0,0.0,0.0,0,0,0.0,0.0,0.0,0,0,0,0,0,0,0,40,,
marco-de-las-sias-lopez,Marco de las Sías,Defender,Rayo Vallecano,Primera División,20,0.0,0.0,0.0,0,0,0.0,0.0,0.0,0,0,0,0,0,0,0,40,1.28,
diego-ferrer-martinez,Diego Ferrer,Goalkeeper,Getafe CF,Primera División,19,0.0,0.0,0.0,0,0,0.0,0.0,0.0,0,0,0,0,0,0,0,40,,
alvaro-de-pablo-casado,Álvaro de Pablo,Goalkeeper,Real Betis,Primera División,24,0.0,0.0,0.0,0,0,0.0,0.0,0.0,0,0,0,0,0,0,0,40,,
carlos-lopez-nogueras,Carlos López,Goalkeeper,Málaga CF,Primera División,21,0.0,0.0,0.0,0,0,0.0,0.0,0.0,0,0,0,0,0,0,0,40,2.05,3.61
benat-prados-diaz,Beñat Prados,Midfielder,Athletic Club,Primera División,25,0.0,0.0,0.0,0,0,0.0,0.0,0.0,0,0,0,0,0,0,0,40,1.24,9.06
dimitri-foulquier,Dimitri Foulquier,Defender,Valencia CF,Primera División,33,33.0,33.0,25.0,10,7,17.9,-0.42,33.0,0,0,0,0,3,5,2,30,2.67,3.71
francisco-javier-gonzalez-perez,Fran González,Goalkeeper,Sevilla FC,Primera División,21,0.0,0.0,0.0,0,0,0.0,0.0,0.0,0,0,0,0,0,0,0,40,1.43,9.2
aihen-munoz-capellan,Aihen,Defender,Real Sociedad,Primera División,29,38.0,38.0,47.5,19,7,17.3,0.82,36.32,0,0,1,0,10,7,0,22,0.38,7.18
noe-carrillo-collazo,Noé,Midfielder,Real Club Deportivo de La Coruña,Primera División,19,40.0,40.0,15.0,6,1,4.9,0.67,39.17,0,0,1,0,3,2,0,26,1.07,4.56
mauro-echegoyen-berrozpe,Mauro Echegoyen,Midfielder,CA Osasuna,Primera División,21,0.0,0.0,0.0,0,0,0.0,0.0,0.0,0,0,0,0,0,0,0,40,,
alexis-ciria-flores,Alexis Ciria,Midfielder,Real Madrid,Primera División,18,0.0,0.0,0.0,0,0,0.0,0.0,0.0,0,0,0,0,0,0,0,8,,
javier-navarro-jimenez,Javi Navarro,Goalkeeper,Real Madrid,Primera División,19,0.0,0.0,0.0,0,0,0.0,0.0,0.0,0,0,0,0,0,0,0,40,,
juan-agustin-musso,Juan Musso,Goalkeeper,Atlético de Madrid,Primera División,32,49.0,52.0,30.0,12,12,24.9,10.41,41.67,0,2,1,4,0,2,1,30,5.45,31.78
daniel-yanez-barla,Daniel Yáñez,Forward,Real Madrid,Primera División,19,54.0,54.0,5.0,2,0,2.6,6.95,47.5,0,0,1,0,1,0,0,38,,
alejandro-iturbe-encabo,Alejandro Iturbe,Goalkeeper,Elche CF,Primera División,23,0.0,0.0,0.0,0,0,0.0,0.0,0.0,0,0,0,0,0,0,0,40,1.69,22.24
arnau-comas-freixas,Arnau Comas,Defender,Real Club Deportivo de La Coruña,Primera División,26,44.0,45.0,47.5,19,14,34.2,10.66,33.95,0,0,3,2,10,2,1,22,,
alejandro-panach-olmo,Alex Panach,Defender,Valencia CF,Primera División,20,0.0,0.0,0.0,0,0,0.0,0.0,0.0,0,0,0,0,0,0,0,35,,
andres-cespedes-rubio,Andrés Céspedes,Goalkeeper,Málaga CF,Primera División,22,0.0,0.0,0.0,0,0,0.0,0.0,0.0,0,0,0,0,0,0,0,40,,
javier-puado-diaz,Javi Puado,Forward,RCD Espanyol de Barcelona,Primera División,28,40.0,40.0,15.0,6,4,8.6,0.8,39.17,0,0,1,0,1,3,0,35,1.44,6.74
andoni-gorosabel-espinosa,Gorosabel,Defender,RCD Espanyol de Barcelona,Primera División,30,44.0,41.0,62.5,25,16,37.3,4.94,36.0,0,0,3,2,12,7,1,15,3.01,5.82
christantus-ugonna-uche,Christantus Uche,Midfielder,Getafe CF,Primera División,23,40.0,41.0,22.5,9,1,4.5,0.41,40.56,0,0,1,0,1,6,0,32,0.89,8.7
fernando-calero-villa,Fernando Calero,Defender,Málaga CF,Primera División,31,46.0,48.0,60.0,24,21,47.1,9.35,37.92,0,1,3,5,10,4,0,17,3.35,6.02
lars-simon-albin-eriksson,Simon Eriksson,Goalkeeper,Real Racing Club de Santander,Primera División,20,43.0,43.0,15.0,6,6,20.8,3.83,39.17,0,0,1,1,2,2,0,21,3.57,16.6
matia-barzic-gutierrez,Matia Barzić,Defender,Elche CF,Primera División,22,30.0,40.0,70.0,28,27,60.2,5.73,34.29,0,0,3,3,13,4,4,13,1.81,7.02
joseph-otunenche-otu,Joseph Otu,Midfielder,Málaga CF,Primera División,21,0.0,0.0,0.0,0,0,0.0,0.0,0.0,0,0,0,0,0,0,0,7,,
adam-aznou-ben-cheikh,Adam Aznou,Defender,Málaga CF,Primera División,20,0.0,0.0,0.0,0,0,0.0,0.0,0.0,0,0,0,0,0,0,0,40,1.44,10.74
daniel-barcia-rama,Dani Barcia,Defender,Real Club Deportivo de La Coruña,Primera División,23,50.0,47.0,42.5,17,13,29.2,6.16,41.18,0,2,4,1,2,6,1,24,0.46,6.29
obed-vaargas,Obed Vargas,Midfielder,Atlético de Madrid,Primera División,21,46.0,44.0,42.5,17,10,21.7,7.48,36.47,0,1,2,2,13,0,0,22,1.83,12.04
andres-vallecillo-arce,Andrés Vallecillo,Midfielder,Real Racing Club de Santander,Primera División,20,0.0,0.0,0.0,0,0,0.0,0.0,0.0,0,0,0,0,0,0,0,38,,
ferland-mendy,Ferland Mendy,Defender,Real Madrid,Primera División,31,40.0,39.0,17.5,7,5,8.5,3.02,35.71,0,1,0,0,3,2,1,33,0.46,8.58
brian-farinas-perez,Brian Fariñas,Midfielder,FC Barcelona,Primera División,20,0.0,0.0,0.0,0,0,0.0,0.0,0.0,0,0,0,0,0,0,0,8,,
daniel-vivian-moreno,Dani Vivian,Defender,Athletic Club,Primera División,27,45.0,42.0,65.0,26,23,53.5,7.31,34.42,0,1,4,2,10,5,3,15,2.23,17.82
adrian-rodriguez-gimenez,Adrián,Goalkeeper,D. Alavés,Primera División,25,43.0,44.0,22.5,9,9,19.1,8.0,35.56,0,1,0,0,6,1,1,31,2.69,5.16
ebrahima-drammeh-jaiteh,Ebrahima Ebrahima,Forward,Getafe CF,Primera División,19,0.0,0.0,0.0,0,0,0.0,0.0,0.0,0,0,0,0,0,0,0,9,,
ibrahima-sow-2007-01-26,Ibrahima Sow,Forward,Sevilla FC,Primera División,19,0.0,0.0,0.0,0,0,0.0,0.0,0.0,0,0,0,0,0,0,0,33,,
ruben-vargas,Ruben Vargas,Midfielder,Sevilla FC,Primera División,28,51.0,47.0,55.0,22,15,29.7,6.71,40.0,0,2,3,2,12,2,0,19,4.05,18.56
abdelkabir-abqar,A. Abqar,Defender,Getafe CF,Primera División,27,35.0,39.0,57.5,23,16,33.6,3.73,34.57,0,0,2,2,10,4,3,19,0.53,8.17
iker-losada-aragunde,Iker Losada,Forward,Real Betis,Primera División,25,45.0,43.0,52.5,21,10,21.9,3.67,39.76,0,0,4,1,10,5,0,20,1.43,6.81
ivan-villar-martinez,Iván Villar,Goalkeeper,RC Celta,Primera División,29,54.0,0.0,0.0,0,0,0.0,0.0,0.0,0,0,0,0,0,0,0,40,1.36,4.37
andres-antanon-vieites,Andrés Antañón,Midfielder,RC Celta,Primera División,19,41.0,41.0,15.0,6,4,7.6,1.73,39.17,0,0,1,0,2,3,0,34,,
hugo-perez-sanudo,Hugo Pérez,Forward,Real Racing Club de Santander,Primera División,19,0.0,0.0,0.0,0,0,0.0,0.0,0.0,0,0,0,0,0,0,0,6,,
eduardo-altozano-agudo,Edu Altozano,Midfielder,Sevilla FC,Primera División,19,0.0,0.0,0.0,0,0,0.0,0.0,0.0,0,0,0,0,0,0,0,40,,
nizar-el-jmili-ben-hamou,Nizar,Forward,Villarreal CF,Primera División,21,0.0,0.0,0.0,0,0,0.0,0.0,0.0,0,0,0,0,0,0,0,7,,
iker-monreal-agundez,Iker Monreal,Defender,Athletic Club,Primera División,21,0.0,0.0,0.0,0,0,0.0,0.0,0.0,0,0,0,0,0,0,0,40,,
alexander-sorloth,Sorloth,Forward,Atlético de Madrid,Primera División,30,36.0,41.0,72.5,29,17,42.0,-0.28,41.55,0,2,5,0,6,15,0,12,5.57,25.61
jesus-fortea-tejedo,Jesús Fortea,Defender,Real Madrid,Primera División,19,0.0,0.0,0.0,0,0,0.0,0.0,0.0,0,0,0,0,0,0,0,40,,
iker-rodriguez-medina,Iker Rodríguez,Goalkeeper,FC Barcelona,Primera División,18,0.0,0.0,0.0,0,0,,0.0,0.0,0,0,0,0,0,0,0,1,,
frenkie-de-jong,Frenkie de Jong,Midfielder,FC Barcelona,Primera División,29,51.0,59.0,52.5,21,12,33.4,18.76,40.95,2,2,3,4,8,1,0,20,8.99,44.02
unai-eguiluz-arroyo,Unai Eguíluz,Defender,Athletic Club,Primera División,24,0.0,0.0,0.0,0,0,0.0,0.0,0.0,0,0,0,0,0,0,0,40,1.65,8.01
mamadou-selu-diallo-diallo,Selu Diallo,Midfielder,D. Alavés,Primera División,22,34.0,39.0,70.0,28,17,36.5,1.99,36.79,0,1,1,2,14,9,0,13,1.61,5.98
alejandro-rego-mora,Alejandro Rego,Midfielder,Athletic Club,Primera División,23,41.0,41.0,75.0,30,16,39.6,5.55,35.17,0,0,1,4,18,5,1,11,1.21,8.43
victor-mullerat-tomas,Víctor Mullerat,Forward,RCD Espanyol de Barcelona,Primera División,18,0.0,0.0,0.0,0,0,,0.0,0.0,0,0,0,0,0,0,0,1,,
gregoire-swiderski,Grégoire Świderski,Goalkeeper,D. Alavés,Primera División,20,0.0,0.0,0.0,0,0,0.0,0.0,0.0,0,0,0,0,0,0,0,40,,
jorge-castillo-frutos,Jorge Castillo,Midfielder,Atlético de Madrid,Primera División,20,0.0,0.0,0.0,0,0,0.0,0.0,0.0,0,0,0,0,0,0,0,21,,
angel-fortuno-vinas,Ángel Fortuño,Goalkeeper,RCD Espanyol de Barcelona,Primera División,24,52.0,52.0,2.5,1,1,2.2,17.1,35.0,0,0,0,1,0,0,0,39,2.78,10.54
sergio-martinez-montero,Sergio Martínez,Midfielder,Real Madrid,Primera División,19,39.0,40.0,17.5,7,2,6.6,1.59,38.57,0,0,1,1,3,2,0,33,1.12,16.62
pablo-marin-tejada,Pablo Marín,Midfielder,Real Sociedad,Primera División,23,43.0,37.0,72.5,29,10,28.1,0.5,36.72,0,0,2,1,11,14,0,12,1.13,8.09
raul-asencio-del-rosario,Raúl Asencio,Defender,Real Madrid,Primera División,23,42.0,47.0,47.5,19,18,37.6,10.85,36.58,1,0,3,2,8,3,1,22,4.07,22.17
facundo-tomas-garces,Facundo Garcés,Defender,D. Alavés,Primera División,27,38.0,38.0,15.0,6,4,10.8,2.61,35.0,0,0,0,0,2,3,0,35,2.17,7.2
mario-rivas-lago,Mario Rivas,Defender,Real Madrid,Primera División,19,0.0,0.0,0.0,0,0,0.0,0.0,0.0,0,0,0,0,0,0,0,40,,
roony-bardghji,Roony Bardghji,Forward,FC Barcelona,Primera División,20,42.0,43.0,42.5,17,6,13.3,5.59,37.06,0,1,0,1,14,1,0,23,6.31,24.79
raul-de-tomas-gomez,Raúl de Tomás,Forward,Rayo Vallecano,Primera División,31,0.0,0.0,0.0,0,0,0.0,0.0,0.0,0,0,0,0,1,1,0,38,1.06,10.41
juan-miguel-jimenez-lopez,Juanmi,Forward,Getafe CF,Primera División,33,38.0,38.0,20.0,8,0,4.3,-0.56,38.13,0,0,1,0,3,4,0,32,3.42,7.44
yakiv-kinareykin,Yakiv Kinareikin,Goalkeeper,Villarreal CF,Primera División,22,0.0,0.0,0.0,0,0,0.0,0.0,0.0,0,0,0,0,0,1,0,12,,
arnau-sola-mateu,Arnau Solà,Defender,Atlético de Madrid,Primera División,23,43.0,43.0,17.5,7,6,30.6,3.95,38.57,0,0,1,1,4,4,1,29,0.97,8.19
izei-hernandez-canas,Izei Hernández,Forward,D. Alavés,Primera División,19,0.0,0.0,0.0,0,0,0.0,0.0,0.0,0,0,0,0,0,0,0,32,,
carlos-sanchez-martos,Carlos Sánchez,Defender,Real Racing Club de Santander,Primera División,21,0.0,0.0,0.0,0,0,0.0,0.0,0.0,0,0,0,0,0,0,0,18,,
thiago-pitarch-pinar,Thiago Pitarch,Midfielder,Real Madrid,Primera División,19,42.0,40.0,40.0,16,11,20.4,2.64,37.19,0,1,0,0,9,6,0,24,3.92,21.08
hugo-alvarez-antunez,Hugo Álvarez,Midfielder,RC Celta,Primera División,23,44.0,45.0,0.0,0,0,35.3,4.87,39.69,0,0,6,1,22,3,0,8,1.52,8.45
rayane-belaid,Rayane Belaid,Forward,Rayo Vallecano,Primera División,21,30.0,30.0,5.0,2,1,3.9,-5.1,35.0,0,0,0,0,0,3,0,37,4.03,
nicolas-serrano-galdeano,Nico Serrano,Forward,Athletic Club,Primera División,23,45.0,43.0,40.0,16,2,7.3,4.58,38.13,0,1,1,1,10,3,0,24,0.61,8.47
jaume-dura-i-soler,Jaume Durá,Midfielder,Valencia CF,Primera División,18,0.0,0.0,0.0,0,0,0.0,0.0,0.0,0,0,0,0,0,0,0,7,,
selton-sued-sanchez-camilo,Selton Sánchez,Midfielder,Athletic Club,Primera División,19,38.0,38.0,25.0,10,2,7.1,-0.13,37.5,0,0,1,0,4,5,0,29,0.29,8.31
moussa-diarra-2002-01-20,Moussa Diarra,Defender,Málaga CF,Primera División,24,0.0,0.0,0.0,0,0,0.0,0.0,0.0,0,0,0,0,0,0,0,40,0.43,5.19
jorge-castellanos-del-olmo,Jorge Castellanos,Forward,Real Racing Club de Santander,Primera División,20,0.0,0.0,0.0,0,0,0.0,0.0,0.0,0,0,0,0,0,0,0,7,,
diego-lopez-noguerol,Diego López,Forward,Valencia CF,Primera División,24,44.0,42.0,72.5,29,15,35.1,3.75,38.45,0,0,4,1,17,7,0,11,1.59,8.71
jorge-cestero-sancho,Cestero,Midfielder,Real Madrid,Primera División,20,35.0,35.0,7.5,3,0,0.6,-0.17,35.0,0,0,0,0,1,2,0,36,,
jean-yves-valou,Jean Valou,Defender,Getafe CF,Primera División,20,21.0,21.0,2.5,1,0,0.4,-14.46,35.0,0,0,0,0,0,1,0,39,2.11,6.73
alvaro-padilla-escriba,Álvaro Padilla,Forward,Elche CF,Primera División,20,36.0,36.0,2.5,1,0,1.5,1.1,35.0,0,0,0,0,1,0,0,6,,
iker-ortin-munoz,Iker Muñoz,Defender,Sevilla FC,Primera División,22,0.0,0.0,0.0,0,0,0.0,0.0,0.0,0,0,0,0,0,0,0,30,,
jordi-pesquer-barraquer,Jordi Pesquer,Defender,FC Barcelona,Primera División,17,0.0,0.0,0.0,0,0,0.0,0.0,0.0,0,0,0,0,0,0,0,8,,
fabio-rafael-rodrigues-cardoso,Fábio Cardoso,Defender,Sevilla FC,Primera División,32,36.0,36.0,10.0,4,4,7.5,6.07,30.0,0,0,1,0,0,2,1,36,1.44,3.96
mohamed-yassine-hamdoune,Mohamed Hamdoune,Defender,Getafe CF,Primera División,22,0.0,0.0,0.0,0,0,0.0,0.0,0.0,0,0,0,0,0,0,0,5,,
ruben-gomez-peris,Rubén Gómez,Goalkeeper,Villarreal CF,Primera División,24,0.0,0.0,0.0,0,0,0.0,0.0,0.0,0,0,0,0,0,0,0,40,0.65,6.09
kayne-van-oevelen,Kayne van Oevelen,Goalkeeper,Valencia CF,Primera División,23,51.0,48.0,65.0,26,26,68.0,10.09,37.88,0,0,8,4,14,5,0,9,2.13,10.28
asier-bonel-aicua,Asier Bonel,Forward,CA Osasuna,Primera División,18,0.0,0.0,0.0,0,0,0.0,0.0,0.0,0,0,0,0,0,0,0,6,,
moha-achraf,Moha Achraf,Forward,Getafe CF,Primera División,20,0.0,0.0,0.0,0,0,0.0,0.0,0.0,0,0,0,0,0,0,0,3,,
eder-gabriel-militao,Éder Militão,Defender,Real Madrid,Primera División,28,50.0,51.0,17.5,7,5,9.0,8.43,42.14,0,0,2,0,2,2,0,34,7.89,37.13
francisco-burgos-barrionuevo,Curro Burgos,Defender,Getafe CF,Primera División,22,0.0,0.0,0.0,0,0,0.0,0.0,0.0,0,0,0,0,0,0,0,7,,
alejandro-primo-hernandez,Álex Primo,Goalkeeper,Levante UD,Primera División,22,0.0,0.0,0.0,0,0,0.0,0.0,0.0,0,0,0,0,0,0,0,40,1.67,4.13
joan-martinez-lozano,Joan Martínez,Defender,Real Madrid,Primera División,19,0.0,0.0,0.0,0,0,0.0,0.0,0.0,0,0,0,0,0,0,0,36,,
alejandro-padilla-perez,Á. Padilla,Goalkeeper,Athletic Club,Primera División,23,26.0,26.0,2.5,1,1,2.2,-9.1,35.0,0,0,0,0,0,1,0,39,4.22,19.0
laro-gomez-rodriguez,Laro Gómez,Goalkeeper,Real Racing Club de Santander,Primera División,19,25.0,25.0,2.5,1,1,2.3,-10.2,35.0,0,0,0,0,0,1,0,39,,
alberto-calatrava-ragull,Alberto Calatrava,Defender,Levante UD,Primera División,21,0.0,0.0,0.0,0,0,0.0,0.0,0.0,0,0,0,0,0,0,0,6,,
manel-usedo-domingo,Manel Usedo,Midfielder,Levante UD,Primera División,0,0.0,0.0,0.0,0,0,0.0,0.0,0.0,0,0,0,0,0,0,0,6,,
aaron-ochoa-moloney,Aarón Ochoa,Midfielder,Málaga CF,Primera División,19,41.0,45.0,62.5,25,6,19.3,4.64,40.2,0,0,7,1,11,4,0,17,1.74,11.14
asier-hierro-campo,Asier Hierro,Forward,Athletic Club,Primera División,21,36.0,36.0,10.0,4,0,1.9,1.23,35.0,0,0,0,0,3,1,0,34,,
adama-timera,Adama Timera,Defender,RCD Espanyol de Barcelona,Primera División,21,0.0,0.0,0.0,0,0,0.0,0.0,0.0,0,0,0,0,0,0,0,18,,
daniel-martinez-moreno,Dani Martínez,Defender,Atlético de Madrid,Primera División,22,31.0,31.0,5.0,2,2,4.5,5.51,25.0,0,0,0,0,1,1,0,38,,
kevin-sanchez-rey,Kevin Sánchez,Forward,Real Club Deportivo de La Coruña,Primera División,21,35.0,35.0,2.5,1,0,0.8,0.4,35.0,0,0,0,0,2,3,0,35,1.37,9.09
martial-godo,M. Godo,Forward,RC Strasbourg Alsace,Ligue 1,23,56.0,55.0,80.0,32,24,51.5,9.33,45.63,0,5,6,3,14,4,0,8,4.06,38.8
cristian-sleiker-casseres-yepes,Cristian Cásseres Jr.,Midfielder,Toulouse FC,Ligue 1,26,71.0,60.0,80.0,32,30,78.8,19.38,41.09,1,5,9,8,10,3,1,3,36.42,155.78
florian-thauvin,Florian Thauvin,Forward,RC Lens,Ligue 1,33,65.0,60.0,92.5,37,32,72.3,13.47,47.03,2,8,8,1,15,3,0,3,30.6,212.21
lamine-camara-2004-01-01,Lamine Camara,Midfielder,AS Monaco,Ligue 1,22,60.0,55.0,90.0,36,30,67.2,17.13,38.33,0,7,5,8,11,3,1,5,28.8,199.51
jordan-teze,Jordan Teze,Defender,AS Monaco,Ligue 1,26,55.0,51.0,90.0,36,27,64.2,11.37,39.72,0,4,7,7,10,6,1,5,3.56,26.11
lassine-sinayoko,Lassine Sinayoko,Forward,Paris FC,Ligue 1,26,67.0,57.0,92.5,37,37,83.4,10.01,47.16,2,5,8,3,13,4,0,5,42.45,140.61
alexsandro-victor-de-souza-ribeiro,Alexsandro,Defender,LOSC Lille,Ligue 1,27,65.0,57.0,30.0,12,10,19.1,18.98,37.92,1,3,2,1,2,1,2,28,29.1,85.16
vitor-machado-ferreira,Vitinha,Midfielder,Paris Saint-Germain,Ligue 1,26,60.0,59.0,90.0,36,33,69.5,22.29,37.36,1,3,13,9,8,1,0,5,59.91,234.11
flavio-basilua-jacinto-nazinho,Flávio Nazinho,Defender,AS Monaco,Ligue 1,23,56.0,54.0,72.5,29,26,67.9,11.92,42.59,2,6,6,6,4,7,2,7,23.06,100.99
pierre-lees-melou,Pierre Lees-Melou,Midfielder,Paris FC,Ligue 1,33,60.0,54.0,60.0,24,23,59.8,15.14,38.54,0,3,7,2,13,2,1,12,22.53,123.13
otavio-ataide-da-silva,Otávio,Defender,Paris FC,Ligue 1,24,57.0,55.0,55.0,22,20,53.3,18.58,36.36,1,3,5,1,9,5,1,15,5.74,52.32
eric-dier,Eric Dier,Defender,AS Monaco,Ligue 1,32,50.0,50.0,25.0,10,8,19.4,12.1,38.0,0,2,0,1,4,2,1,30,8.72,56.08
fabian-ruiz-pena,Fabián Ruiz,Midfielder,Paris Saint-Germain,Ligue 1,30,59.0,55.0,60.0,24,14,30.4,14.46,40.63,0,3,6,4,8,2,0,17,26.93,107.07
tiago-santos-carvalho,Tiago Santos,Defender,LOSC Lille,Ligue 1,24,49.0,47.0,67.5,27,16,37.3,8.33,38.7,0,5,0,3,11,7,1,13,16.96,51.39
ousmane-dembele,Ousmane Dembélé,Forward,Paris Saint-Germain,Ligue 1,29,70.0,65.0,80.0,32,25,50.5,11.8,53.59,1,13,5,2,12,0,0,7,61.15,240.84
anthony-rouault,Anthony Rouault,Defender,Stade Rennais F.C.,Ligue 1,25,53.0,44.0,50.0,20,18,46.7,11.48,33.0,0,3,4,6,3,7,1,16,7.42,24.78
saud-abdullah-abdul-hamid,Saud Abdulhamid,Defender,RC Lens,Ligue 1,27,53.0,47.0,72.5,29,19,50.0,7.86,39.14,0,3,6,1,9,6,2,13,2.66,17.36
kamory-doumbia,Kamory Doumbia,Midfielder,Stade Brestois 29,Ligue 1,23,55.0,52.0,70.0,28,24,49.9,8.21,43.75,0,3,8,2,9,4,0,14,14.92,68.85
branco-van-den-boomen,Branco van den Boomen,Midfielder,Angers SCO,Ligue 1,31,56.0,53.0,47.5,19,18,40.0,14.08,38.95,0,1,4,5,9,0,0,21,16.97,65.47
ferran-torres-garcia,Ferran Torres,Forward,Paris Saint-Germain,Ligue 1,26,55.0,50.0,90.0,36,17,41.6,3.61,46.11,0,4,7,0,11,12,0,6,42.95,122.67
adrien-monfray,Adrien Monfray,Defender,ESTAC Troyes,Ligue 1,35,58.0,59.0,77.5,31,31,84.5,22.91,35.97,0,9,10,6,10,1,1,3,6.84,64.31
nathaniel-adjei,Nathaniel Adjei,Defender,FC Lorient,Ligue 1,24,50.0,44.0,50.0,20,14,36.6,11.18,33.0,0,1,2,3,9,4,0,21,5.68,24.77
mamady-diambou,Mamady Diambou,Midfielder,Stade Brestois 29,Ligue 1,23,47.0,47.0,25.0,10,8,12.9,9.66,37.5,0,1,0,1,6,1,0,31,1.59,12.46
mark-mckenzie,Mark McKenzie,Defender,Toulouse FC,Ligue 1,27,50.0,49.0,82.5,33,31,65.3,9.88,38.94,0,3,6,3,12,6,1,9,9.41,16.78
anthony-lopes,Anthony Lopes,Goalkeeper,Angers SCO,Ligue 1,35,55.0,49.0,77.5,31,31,84.5,7.85,40.81,0,7,4,2,17,6,1,3,20.0,89.03
gessime-yassine,Gessime Yassine,Forward,RC Strasbourg Alsace,Ligue 1,20,53.0,52.0,70.0,28,15,34.5,9.82,41.96,0,5,5,3,11,2,0,14,19.51,103.02
abdallah-dipo-sima,Abdallah Sima,Forward,RC Lens,Ligue 1,25,52.0,46.0,62.5,25,11,30.5,2.82,43.0,0,0,8,0,13,6,0,13,14.78,38.57
ahmed-touba,Ahmed Touba,Defender,Le Havre AC,Ligue 1,28,57.0,56.0,40.0,16,15,65.2,15.88,39.69,0,3,5,1,11,2,0,18,6.07,16.33
marcos-aoas-correa,Marquinhos,Defender,Paris Saint-Germain,Ligue 1,32,55.0,56.0,70.0,28,27,62.2,18.36,37.32,0,3,12,2,7,3,0,13,22.61,66.5
valentin-rongier,Valentin Rongier,Midfielder,Stade Rennais F.C.,Ligue 1,31,63.0,61.0,80.0,32,31,78.5,20.14,41.56,1,5,10,7,12,1,0,4,33.98,147.59
keito-nakamura,Keito Nakamura,Forward,Olympique Lyonnais,Ligue 1,26,62.0,58.0,87.5,35,33,69.1,12.37,46.43,3,5,7,3,15,1,0,6,5.81,53.7
rasmus-nicolaisen,Rasmus Nicolaisen,Defender,Toulouse FC,Ligue 1,29,50.0,49.0,77.5,31,31,80.5,12.79,36.13,0,2,4,8,13,5,4,4,3.32,28.28
cameron-archer,Cameron Archer,Forward,AJ Auxerre,Ligue 1,24,52.0,43.0,55.0,22,8,18.3,-1.02,43.41,0,0,7,0,6,9,0,18,6.9,23.11
brice-samba,Brice Samba,Goalkeeper,Stade Rennais F.C.,Ligue 1,32,51.0,53.0,62.5,25,25,56.2,9.9,43.4,0,6,7,1,8,2,2,14,24.87,143.18
mohamed-ouedraogo,Mohamed Ouédraogo,Defender,Olympique Lyonnais,Ligue 1,23,40.0,43.0,72.5,29,27,61.2,2.85,37.93,0,0,6,7,8,7,2,10,2.1,12.01
anis-ouzenadji,Anis Ouzenadji,Defender,ESTAC Troyes,Ligue 1,19,51.0,47.0,52.5,21,8,27.6,5.37,40.95,0,1,6,2,9,7,0,14,4.44,25.38
zachary-athekame,Zachary Athekame,Defender,Olympique Lyonnais,Ligue 1,21,52.0,44.0,75.0,30,11,29.5,3.52,40.0,0,1,6,3,13,7,0,10,16.19,58.55
raul-torrente-navarro,Raúl Torrente,Defender,Le Mans FC,Ligue 1,25,55.0,55.0,7.5,3,1,2.8,7.95,46.67,0,1,0,0,2,0,0,37,1.08,11.13
mamadou-coulibaly-2004-04-21,Mamadou Coulibaly,Midfielder,AS Monaco,Ligue 1,22,46.0,46.0,77.5,31,20,45.7,6.61,39.68,1,0,5,3,15,6,0,10,2.46,27.45
berke-ozer,Berke Özer,Goalkeeper,LOSC Lille,Ligue 1,26,57.0,52.0,97.5,39,39,87.3,6.54,46.28,1,2,15,1,9,9,1,2,39.18,157.45
dembo-sylla,Dembo Sylla,Defender,FC Lorient,Ligue 1,23,49.0,44.0,75.0,30,25,66.2,5.79,38.33,0,2,2,3,18,5,2,8,4.78,20.09
kevin-trapp,Kevin Trapp,Goalkeeper,Paris FC,Ligue 1,36,51.0,51.0,62.5,25,25,66.2,5.74,45.2,0,2,9,1,7,8,1,12,20.59,97.44
ayase-ueda,Ayase Ueda,Forward,LOSC Lille,Ligue 1,28,56.0,50.0,90.0,36,34,68.0,3.22,47.5,1,4,9,1,8,12,0,5,17.01,101.81
pierre-ismaelo-ganiou,Pierre-Ismaëlo Ganiou,Defender,RC Lens,Ligue 1,21,65.0,56.0,67.5,27,26,67.5,19.23,36.67,2,5,3,3,9,3,2,13,20.36,98.52
pierre-emile-hojbjerg,Pierre-Emile Højbjerg,Midfielder,Olympique de Marseille,Ligue 1,31,58.0,61.0,95.0,38,37,84.5,19.76,41.45,0,10,9,6,11,1,0,3,16.48,104.34
ruben-aguilar,Ruben Aguilar,Defender,RC Lens,Ligue 1,33,50.0,51.0,65.0,26,18,46.5,11.21,39.81,1,3,4,5,13,4,0,10,3.14,14.0
geoffrey-kondogbia,Geoffrey Kondogbia,Midfielder,Olympique de Marseille,Ligue 1,33,47.0,46.0,32.5,13,11,19.6,11.1,35.0,0,1,1,1,10,0,0,27,2.58,5.03
ousmane-camara-2003-03-06,Ousmane Camara,Defender,Angers SCO,Ligue 1,23,44.0,51.0,87.5,35,34,79.5,13.76,37.43,0,4,9,7,6,7,1,6,5.51,23.96
adrien-thomasson,Adrien Thomasson,Midfielder,Stade Rennais F.C.,Ligue 1,32,60.0,56.0,82.5,33,31,77.2,11.56,44.24,1,6,7,6,12,5,0,3,17.48,109.48
vanderson-de-oliveira-campos,Vanderson,Defender,AS Monaco,Ligue 1,25,52.0,51.0,55.0,22,17,34.1,12.65,38.41,0,3,5,3,7,3,1,18,10.45,47.1
ayumu-seko,Ayumu Seko,Defender,Le Havre AC,Ligue 1,26,46.0,50.0,85.0,34,32,72.0,13.18,36.47,0,4,2,8,15,3,1,7,2.98,23.0
xavier-junior-mandza-tsiendi,Xavier Mandza,Midfielder,OGC Nice,Ligue 1,17,61.0,61.0,7.5,3,3,89.5,26.42,35.0,0,0,3,1,0,0,0,1,26.06,41.38
antoine-mille,Antoine Mille,Midfielder,ESTAC Troyes,Ligue 1,29,58.0,57.0,80.0,32,31,82.8,15.3,41.88,0,8,9,5,13,3,0,2,7.59,35.29
adil-ali-mohamed-bourabaa,Adil Bourabaa,Midfielder,Le Mans FC,Ligue 1,21,52.0,48.0,40.0,16,9,56.8,5.66,41.88,0,0,4,1,10,2,0,1,8.11,28.98
joaquin-martinez-gauna,Oso,Defender,RC Strasbourg Alsace,Ligue 1,23,53.0,50.0,62.5,25,18,44.7,10.27,40.0,0,2,4,5,13,1,0,15,5.95,40.72
aleksandr-golovin,Aleksandr Golovin,Midfielder,AS Monaco,Ligue 1,30,52.0,54.0,85.0,34,29,57.7,9.95,44.12,0,3,8,6,12,4,0,7,9.97,48.73
paris-josua-brunner,Paris Brunner,Forward,AS Monaco,Ligue 1,20,50.0,50.0,25.0,10,6,13.2,3.86,46.0,0,2,2,0,2,4,0,30,34.73,96.39
hugo-magnetti,Hugo Magnetti,Midfielder,Stade Brestois 29,Ligue 1,28,47.0,50.0,82.5,33,30,77.2,13.62,36.67,0,3,5,8,14,6,1,3,6.21,23.4
amine-gouiri,Amine Gouiri,Forward,Olympique de Marseille,Ligue 1,26,49.0,50.0,72.5,29,20,46.9,5.26,45.0,0,6,4,0,13,4,0,13,12.02,96.37
maghnes-akliouche,Maghnes Akliouche,Midfielder,Paris Saint-Germain,Ligue 1,24,48.0,56.0,77.5,31,26,50.5,12.21,43.71,0,7,3,5,14,1,0,10,14.08,64.56
kyllian-anderson-antonio,Kyllian Antonio,Defender,RC Lens,Ligue 1,18,58.0,58.0,17.5,7,5,13.1,19.01,38.57,0,2,1,1,3,0,0,33,9.72,64.11
sofiane-diop,Sofiane Diop,Midfielder,OGC Nice,Ligue 1,26,54.0,51.0,90.0,36,29,59.0,9.41,41.81,0,3,6,7,15,4,0,5,4.96,45.68
sebastian-szymanski,Sebastian Szymański,Midfielder,Stade Rennais F.C.,Ligue 1,27,54.0,50.0,85.0,34,19,39.1,8.78,41.47,1,2,5,2,17,5,0,8,6.43,48.82
louis-mafouta,Louis Mafouta,Forward,Le Mans FC,Ligue 1,32,57.0,52.0,82.5,33,33,86.2,2.35,48.94,0,4,13,0,8,10,0,5,8.19,43.41
moussa-niakhate,Moussa Niakhaté,Defender,Olympique Lyonnais,Ligue 1,30,59.0,61.0,90.0,36,35,78.5,21.66,39.31,1,4,15,4,8,1,1,6,22.41,122.17
dominik-greif,Dominik Greif,Goalkeeper,Olympique Lyonnais,Ligue 1,29,48.0,55.0,82.5,33,33,74.2,9.97,45.0,0,6,5,3,12,6,0,8,32.89,134.38
nathan-ngoy,Nathan Ngoy,Defender,LOSC Lille,Ligue 1,23,54.0,56.0,87.5,35,33,72.7,18.22,38.43,1,4,5,12,8,2,1,7,19.07,76.27
nabil-bentaleb,Nabil Bentaleb,Midfielder,LOSC Lille,Ligue 1,31,55.0,52.0,80.0,32,24,52.9,13.29,38.91,0,3,5,6,16,1,0,9,9.7,66.02
michal-skoras,Michał Skóraś,Forward,RC Lens,Ligue 1,26,50.0,53.0,87.5,35,33,70.2,13.61,39.43,0,4,4,9,17,1,0,5,4.46,39.89
merwan-ifnaoui,Merwan Ifnaoui,Midfielder,ESTAC Troyes,Ligue 1,27,51.0,56.0,65.0,26,24,61.4,14.44,42.0,0,4,4,8,14,0,0,10,2.33,24.48
conrad-jonathan-egan-riley,CJ Egan-Riley,Defender,Olympique de Marseille,Ligue 1,23,48.0,49.0,37.5,15,11,24.6,15.28,33.67,0,0,4,0,10,0,0,26,6.23,35.52
yacine-titraoui,Yacine Titraoui,Midfielder,RC Lens,Ligue 1,23,59.0,56.0,72.5,29,27,58.5,17.03,38.79,0,6,5,6,9,3,0,11,7.62,76.41
khalis-merah,Khalis Merah,Midfielder,Olympique Lyonnais,Ligue 1,19,47.0,46.0,55.0,22,15,28.9,6.97,38.41,0,0,4,4,11,3,0,18,2.67,13.26
timothy-weah,Timothy Weah,Forward,Olympique de Marseille,Ligue 1,26,46.0,47.0,85.0,34,31,68.2,8.07,38.68,0,2,4,7,12,6,0,9,6.15,35.74
niels-nkounkou,Niels Nkounkou,Defender,OGC Nice,Ligue 1,25,43.0,46.0,32.5,13,5,13.0,7.6,38.85,0,1,2,0,8,2,0,27,2.08,20.88
raphael-marc-le-guen,Raphaël Le Guen,Defender,Stade Brestois 29,Ligue 1,20,48.0,48.0,22.5,9,8,21.4,15.11,33.33,0,0,2,3,3,1,1,30,7.38,33.24
lukas-hradecky,Lukáš Hradecky,Goalkeeper,AS Monaco,Ligue 1,36,42.0,44.0,60.0,24,24,51.8,4.63,39.38,0,1,4,3,8,5,1,18,21.18,111.06
ernest-appiah-nuamah,Ernest Nuamah,Forward,Olympique Lyonnais,Ligue 1,22,50.0,46.0,35.0,14,8,15.7,5.04,41.07,0,1,2,1,7,2,0,27,16.07,57.3
jonathan-clauss,Jonathan Clauss,Defender,OGC Nice,Ligue 1,33,55.0,53.0,87.5,35,32,70.3,12.28,40.43,1,3,9,6,7,7,1,6,4.6,52.05
bradley-locko,Bradley Locko,Defender,Stade Brestois 29,Ligue 1,24,51.0,49.0,52.5,21,14,37.9,11.79,37.38,0,0,6,4,8,7,1,14,7.41,29.46
michael-amir-richardson,Amir Richardson,Midfielder,Le Havre AC,Ligue 1,24,47.0,47.0,30.0,12,8,18.8,12.03,35.0,0,0,4,1,4,3,0,28,3.3,27.25
lillian-rao-lisoa,Lillian Rao-Lisoa,Defender,Angers SCO,Ligue 1,26,49.0,44.0,75.0,30,17,50.7,2.94,40.83,0,1,8,2,10,13,2,4,1.28,7.74
sadibou-sane,Sadibou Sané,Defender,AS Monaco,Ligue 1,22,51.0,54.0,65.0,26,25,61.7,16.95,37.31,1,1,10,4,7,2,3,12,11.63,86.25
abdelhamid-ait-boudlal,Abdelhamid Aït Boudlal,Defender,Stade Rennais F.C.,Ligue 1,20,53.0,49.0,52.5,21,17,37.9,8.05,40.95,0,1,7,2,7,3,1,19,5.15,75.07
ibrahima-balde-2003-01-17,Ibrahima Baldé,Forward,FC Lorient,Ligue 1,23,60.0,51.0,80.0,32,25,59.8,2.68,48.44,0,3,13,0,10,9,0,5,10.66,42.54
telli-siwe,Telli Siwe,Defender,AJ Auxerre,Ligue 1,21,36.0,36.0,7.5,3,3,6.6,7.48,28.33,0,0,0,2,0,2,0,36,2.22,4.62
souleymane-sagnan,Souleymane Sagnan,Defender,RC Lens,Ligue 1,21,54.0,54.0,10.0,4,3,61.6,17.61,36.25,1,0,0,1,0,2,0,15,2.31,42.19
dario-cassia-luis-essugo,Dario Essugo,Midfielder,RC Strasbourg Alsace,Ligue 1,21,43.0,43.0,12.5,5,0,2.5,2.68,40.0,0,0,1,0,2,2,0,35,2.95,13.26
filip-jorgensen,Filip Jörgensen,Goalkeeper,RC Strasbourg Alsace,Ligue 1,24,47.0,47.0,27.5,11,10,22.0,9.14,37.73,0,0,2,1,5,1,1,30,19.49,131.71
dilane-bakwa,Dilane Bakwa,Forward,LOSC Lille,Ligue 1,24,49.0,45.0,52.5,21,8,20.2,4.64,39.76,0,1,3,0,15,2,0,19,9.66,46.91
montassar-talbi,Montassar Talbi,Defender,FC Lorient,Ligue 1,28,50.0,52.0,87.5,35,35,79.5,12.71,39.29,0,3,8,7,12,3,0,7,6.6,16.72
mahamadou-aboubakar-nagida,Aboubakar Nagida,Defender,Stade Rennais F.C.,Ligue 1,21,47.0,48.0,60.0,24,12,33.6,12.03,36.25,0,2,3,3,10,4,1,17,9.42,16.73
nuno-mendes,Nuno Mendes,Defender,Paris Saint-Germain,Ligue 1,24,55.0,58.0,72.5,29,26,52.6,18.86,39.66,2,4,9,4,7,2,0,12,49.59,252.42
diego-coppola,Diego Coppola,Defender,Paris FC,Ligue 1,22,51.0,48.0,52.5,21,19,44.2,11.24,36.9,0,1,7,3,4,3,2,20,16.26,69.23
adama-camara,Adama Camara,Midfielder,Paris FC,Ligue 1,29,49.0,46.0,75.0,30,28,69.2,9.97,36.0,0,1,3,9,15,6,0,6,5.74,26.11
maurits-kjaergaard,Maurits Kjærgaard,Midfielder,LOSC Lille,Ligue 1,23,50.0,50.0,50.0,20,11,28.9,9.07,41.25,0,1,6,2,9,2,0,20,4.62,18.53
ludovic-ajorque,Ludovic Ajorque,Forward,Stade Brestois 29,Ligue 1,32,52.0,53.0,80.0,32,32,83.0,6.24,46.88,1,3,11,3,13,5,1,3,12.62,56.23
william-joel-pacho-tenorio,Willian Pacho,Defender,Paris Saint-Germain,Ligue 1,24,52.0,54.0,85.0,34,34,76.6,17.71,36.62,0,1,10,10,11,0,1,7,27.16,117.88
franjo-ivanovic,Franjo Ivanović,Forward,RC Lens,Ligue 1,22,49.0,44.0,65.0,26,8,20.1,2.72,41.15,0,1,5,0,14,6,0,14,5.81,39.43
desire-doue,Désiré Doué,Forward,Paris Saint-Germain,Ligue 1,21,54.0,57.0,90.0,36,24,54.5,12.02,45.0,1,6,8,2,16,3,0,4,41.37,204.69
samuel-yohou,Samuel Yohou,Defender,Le Mans FC,Ligue 1,35,49.0,50.0,67.5,27,26,76.0,11.64,37.96,0,2,6,6,12,7,1,5,0.84,5.71
andrija-bulatovic,Andrija Bulatović,Midfielder,RC Lens,Ligue 1,19,57.0,50.0,62.5,25,10,31.3,10.43,39.2,0,3,3,3,13,2,2,14,4.72,46.91
keyliane-hikram-abdallah,Keyliane Abdallah,Forward,Olympique de Marseille,Ligue 1,20,52.0,52.0,12.5,5,1,6.1,7.28,45.0,0,1,1,0,2,1,0,35,0.49,4.14
simon-ebonog,Simon Ebonog,Midfielder,Le Havre AC,Ligue 1,22,45.0,43.0,75.0,30,24,59.5,6.91,35.83,0,0,3,5,14,12,0,6,3.38,14.7
khvicha-kvaratskhelia,Khvicha Kvaratskhelia,Forward,Paris Saint-Germain,Ligue 1,25,60.0,62.0,87.5,35,26,53.1,12.36,50.0,0,10,8,3,13,0,0,6,50.67,269.89
przemyslaw-frankowski,Przemysław Frankowski,Midfielder,Stade Rennais F.C.,Ligue 1,31,49.0,52.0,50.0,20,16,38.0,12.86,39.25,1,3,4,1,8,3,2,18,3.59,32.9
esteban-lepaul,Esteban Lepaul,Forward,Stade Rennais F.C.,Ligue 1,26,62.0,55.0,87.5,35,34,79.6,4.22,50.86,0,4,17,0,11,7,0,1,25.0,224.97
axel-tuanzebe,Axel Tuanzebe,Defender,AJ Auxerre,Ligue 1,28,44.0,45.0,50.0,20,20,45.0,6.37,38.0,0,1,3,2,5,5,2,22,3.2,17.07
felix-bacher,Felix Bacher,Defender,Olympique Lyonnais,Ligue 1,25,51.0,51.0,85.0,34,33,79.2,14.39,36.47,0,3,5,8,15,3,1,5,12.73,39.58
panos-katseris,Panos Katseris,Defender,FC Lorient,Ligue 1,25,56.0,48.0,42.5,17,8,22.8,4.56,42.94,0,3,2,1,11,3,0,20,5.48,35.05
ilan-kebbal,Ilan Kebbal,Midfielder,Paris FC,Ligue 1,28,50.0,58.0,75.0,30,26,56.9,13.77,44.0,1,4,5,3,14,1,0,12,18.39,89.83
yvann-titi,Yvann Titi,Defender,ESTAC Troyes,Ligue 1,20,54.0,49.0,47.5,19,15,40.9,9.09,40.26,1,1,5,1,9,4,0,19,2.89,17.15
hakon-arnar-haraldsson,Hákon Haraldsson,Midfielder,LOSC Lille,Ligue 1,23,52.0,48.0,97.5,39,34,74.7,8.73,39.23,0,2,7,5,16,8,0,2,15.63,83.84
guillaume-restes,Guillaume Restes,Goalkeeper,Toulouse FC,Ligue 1,21,51.0,48.0,80.0,32,32,85.8,6.53,41.25,0,3,8,1,14,12,0,2,22.38,101.07
mahdi-camara,Mahdi Camara,Midfielder,Stade Rennais F.C.,Ligue 1,28,45.0,48.0,85.0,34,33,83.7,10.96,37.35,0,2,3,8,18,4,1,4,7.64,19.37
gautier-lloris,Gautier Lloris,Defender,Stade Brestois 29,Ligue 1,31,49.0,53.0,70.0,28,27,67.7,16.8,36.61,0,4,5,9,12,1,2,7,3.09,21.26
yvon-landry-mvogo,Yvon Mvogo,Goalkeeper,FC Lorient,Ligue 1,32,49.0,50.0,75.0,30,30,67.5,7.16,42.67,0,5,4,3,10,8,1,9,9.5,69.83
amine-el-ouazzani,Amine El Ouazzani,Forward,Angers SCO,Ligue 1,25,41.0,40.0,32.5,13,9,17.7,1.85,37.69,0,1,0,0,6,6,0,27,2.58,31.87
igor-guilherme-barbosa-da-paixao,Igor Paixão,Forward,Olympique de Marseille,Ligue 1,26,48.0,54.0,95.0,38,28,64.0,8.48,45.13,0,4,10,2,19,1,1,3,23.14,83.36
vincent-marchetti,Vincent Marchetti,Midfielder,Paris FC,Ligue 1,29,43.0,40.0,50.0,20,6,17.0,2.52,37.75,0,0,5,2,12,5,1,15,1.72,7.45
amine-harit,Amine Harit,Midfielder,Olympique de Marseille,Ligue 1,29,51.0,54.0,72.5,29,25,57.4,12.69,41.03,0,3,7,8,10,1,0,11,6.78,56.39
pablo-pagis,Pablo Pagis,Forward,Paris FC,Ligue 1,23,63.0,58.0,75.0,30,25,57.8,11.34,46.5,0,9,7,0,16,1,0,7,31.42,123.61
mamadou-diop-2000-01-03,Mamadou Diop,Goalkeeper,AJ Auxerre,Ligue 1,26,50.0,49.0,75.0,30,30,78.6,7.97,40.83,1,3,4,4,19,4,0,5,8.79,54.2
arthur-ebong-avon,Arthur Avom,Midfielder,FC Lorient,Ligue 1,21,49.0,47.0,90.0,36,25,60.7,11.48,35.28,0,1,2,6,20,3,0,8,2.6,24.77
charlie-cresswell,Charlie Cresswell,Defender,Stade Rennais F.C.,Ligue 1,24,43.0,52.0,75.0,30,29,77.2,12.24,40.33,1,2,8,5,13,5,0,6,10.5,42.12
joseph-kalulu-kyatengwa,Joseph Kalulu,Defender,Angers SCO,Ligue 1,21,49.0,46.0,82.5,33,32,84.7,10.1,36.06,0,1,11,3,11,9,2,3,3.87,14.88
stanis-idumbo-muzambo,Stanis Idumbo,Midfielder,AS Monaco,Ligue 1,21,50.0,50.0,25.0,10,6,13.9,7.4,42.5,0,1,2,1,5,1,0,30,4.01,46.88
gauthier-gallon,Gauthier Gallon,Goalkeeper,Le Havre AC,Ligue 1,33,57.0,54.0,37.5,15,14,38.7,6.8,46.67,0,4,3,0,5,2,1,25,6.41,54.34
mezian-soares-mesloub,Mezian Mesloub,Midfielder,RC Lens,Ligue 1,16,55.0,55.0,10.0,4,0,10.8,7.1,47.5,0,1,1,0,2,0,0,5,15.71,43.59
samir-chergui,Samir Chergui,Defender,Paris FC,Ligue 1,27,43.0,42.0,40.0,16,13,28.8,4.79,36.88,0,1,1,1,7,1,2,27,2.74,12.34
emerson-palmieri-dos-santos,Emerson,Defender,Olympique de Marseille,Ligue 1,32,58.0,55.0,85.0,34,30,66.7,19.63,35.59,1,6,5,6,9,6,0,7,7.69,45.11
christ-melik-makosso,Christ Makosso,Defender,AJ Auxerre,Ligue 1,22,45.0,45.0,25.0,10,9,34.8,10.09,35.5,1,0,1,2,11,6,2,17,1.8,15.44
achraf-hakimi-mouh,Achraf Hakimi,Defender,Paris Saint-Germain,Ligue 1,27,58.0,62.0,80.0,32,32,68.1,17.81,43.13,0,5,10,6,7,1,1,10,46.76,239.29
noah-mbamba,Noah Mbamba,Midfielder,FC Lorient,Ligue 1,21,54.0,52.0,70.0,28,27,71.7,12.88,38.75,0,1,8,9,13,3,1,5,2.61,25.49
illia-zabarnyi,Illia Zabarnyi,Defender,Paris Saint-Germain,Ligue 1,24,61.0,56.0,55.0,22,17,42.7,19.06,36.82,1,3,6,1,7,2,1,19,5.57,43.06
giovanni-reyna,Giovanni Reyna,Midfielder,RC Strasbourg Alsace,Ligue 1,23,45.0,41.0,72.5,29,8,21.4,3.73,37.59,0,1,2,1,14,8,0,14,6.55,41.74
lois-openda,Loïs Openda,Forward,Olympique Lyonnais,Ligue 1,26,46.0,40.0,70.0,28,12,31.8,1.01,38.57,0,0,4,0,12,11,0,13,25.77,114.24
pavel-sulc,Pavel Šulc,Midfielder,Olympique Lyonnais,Ligue 1,25,43.0,47.0,72.5,29,20,46.7,0.88,45.0,0,0,11,0,10,6,1,12,9.2,27.5
mika-marcel-godts,Mika Godts,Forward,Paris Saint-Germain,Ligue 1,21,66.0,65.0,97.5,39,32,73.0,15.7,50.0,3,14,6,4,11,0,0,2,15.41,84.77
antoine-rabillard,Antoine Rabillard,Forward,Le Mans FC,Ligue 1,30,54.0,48.0,70.0,28,22,48.8,2.92,45.0,0,3,8,0,13,8,1,6,2.05,14.52
pape-demba-diop,Pape Diop,Midfielder,RC Strasbourg Alsace,Ligue 1,23,47.0,52.0,70.0,28,22,63.0,14.02,38.04,0,3,3,8,14,2,0,10,4.09,47.41
denis-lemi-zakaria-lako-lado,Denis Zakaria,Midfielder,AS Monaco,Ligue 1,29,48.0,48.0,90.0,36,35,74.9,11.27,36.53,0,0,8,6,16,4,0,6,8.28,33.82
joao-pedro-goncalves-neves,João Neves,Midfielder,Paris Saint-Germain,Ligue 1,21,57.0,54.0,77.5,31,24,54.1,15.91,38.23,1,2,4,5,17,1,0,10,27.85,165.98
lucas-maronnier,Lucas Maronnier,Defender,ESTAC Troyes,Ligue 1,26,42.0,41.0,52.5,21,19,47.7,4.42,35.95,0,0,2,4,13,5,1,15,3.13,6.91
kandet-diawara,Kandet Diawara,Forward,ESTAC Troyes,Ligue 1,26,49.0,47.0,50.0,20,12,34.2,5.44,41.75,0,2,3,2,11,4,0,18,3.45,7.55
samuel-amo-ameyaw,Samuel Amo-Ameyaw,Forward,RC Strasbourg Alsace,Ligue 1,20,47.0,45.0,75.0,30,13,33.2,6.0,38.83,0,3,2,1,16,8,0,10,3.88,18.06
rayan-fofana,Rayan Fofana,Forward,Le Havre AC,Ligue 1,20,42.0,41.0,57.5,23,4,18.0,1.2,39.78,0,0,6,0,15,6,0,13,2.15,21.33
angel-gomes,Angel Gomes,Midfielder,Olympique de Marseille,Ligue 1,26,43.0,43.0,75.0,30,19,33.6,5.0,37.5,0,0,3,2,16,8,0,11,4.14,37.12
issa-soumare,Issa Soumaré,Forward,Stade Rennais F.C.,Ligue 1,25,56.0,51.0,85.0,34,32,80.1,7.57,43.38,0,4,9,3,18,4,0,2,2.4,48.79
mbwana-ally-samatta,Mbwana Samatta,Forward,Le Havre AC,Ligue 1,33,52.0,41.0,77.5,31,20,47.0,2.02,38.55,0,1,3,2,13,12,0,9,3.45,16.56
everton-pereira-da-silva,Everton Pereira da Silva,Midfielder,OGC Nice,Ligue 1,19,35.0,35.0,15.0,6,4,12.5,-0.33,35.0,0,0,0,0,4,1,1,34,0.96,9.32
matvey-safonov,Matvey Safonov,Goalkeeper,Paris Saint-Germain,Ligue 1,27,50.0,53.0,80.0,32,32,72.2,8.99,44.06,0,6,8,1,8,7,1,9,49.92,188.64
olivier-giroud,Olivier Giroud,Forward,LOSC Lille,Ligue 1,39,45.0,43.0,92.5,37,18,45.0,1.55,41.08,0,1,8,0,16,12,0,3,2.14,17.36
ethan-mbappe-lottin,Ethan Mbappé,Midfielder,LOSC Lille,Ligue 1,19,46.0,45.0,50.0,20,8,20.8,6.73,38.75,0,0,3,2,13,2,0,20,11.92,32.9
djibril-ouziad,Djibril Ouziad,Defender,Le Havre AC,Ligue 1,17,47.0,47.0,7.5,3,2,39.0,11.97,35.0,0,0,0,1,2,0,0,2,,
mads-bidstrup,Mads Bidstrup,Midfielder,Olympique Lyonnais,Ligue 1,25,46.0,50.0,70.0,28,23,51.4,14.0,35.89,0,1,3,10,12,2,0,12,7.74,33.52
youssouf-ndayishimiye,Youssouf Ndayishimiye,Midfielder,OGC Nice,Ligue 1,27,42.0,42.0,15.0,6,5,10.8,12.67,29.17,0,1,1,0,1,1,2,34,2.42,22.84
mama-samba-balde,Mama Baldé,Forward,Stade Brestois 29,Ligue 1,30,44.0,42.0,42.5,17,5,15.5,2.69,39.41,0,0,4,0,12,3,0,21,1.33,9.76
daniel-loader,Danny Namaso,Forward,AJ Auxerre,Ligue 1,26,41.0,45.0,92.5,37,37,75.5,5.75,38.51,0,0,7,4,14,9,0,6,5.03,18.18
jeffrey-de-lange,Jeffrey de Lange,Goalkeeper,Olympique de Marseille,Ligue 1,28,43.0,43.0,22.5,9,9,20.2,4.83,37.78,0,0,1,2,1,5,0,31,12.4,65.22
himad-abdelli,Himad Abdelli,Midfielder,Olympique de Marseille,Ligue 1,26,42.0,46.0,70.0,28,18,41.8,8.74,36.79,0,1,2,5,14,6,0,12,3.23,15.15
alec-mathieu-georgen,Alec Georgen,Defender,FC Lorient,Ligue 1,28,48.0,56.0,70.0,28,27,73.3,19.29,36.96,0,2,11,9,9,1,1,7,1.17,5.4
sebastian-nanasi,Sebastian Nanasi,Midfielder,RC Strasbourg Alsace,Ligue 1,24,54.0,52.0,75.0,30,19,43.5,5.99,45.83,1,5,5,0,16,3,0,10,8.48,51.65
lionel-mpasi-nzau,Lionel Mpasi,Goalkeeper,Le Havre AC,Ligue 1,32,51.0,53.0,45.0,18,17,40.9,12.41,40.83,0,1,4,6,2,3,0,24,3.71,31.61
bryan-reynolds,Bryan Reynolds,Defender,Stade Rennais F.C.,Ligue 1,25,51.0,48.0,90.0,36,34,78.8,8.45,39.44,1,1,9,2,14,8,1,4,4.49,9.11
joris-chotard,Joris Chotard,Midfielder,Stade Brestois 29,Ligue 1,24,50.0,48.0,85.0,34,33,86.2,11.03,36.62,0,1,6,4,23,3,0,3,4.46,34.05
jeyland-yahir-mitchell-baltodano,Jeyland Mitchell,Defender,RC Strasbourg Alsace,Ligue 1,21,58.0,55.0,80.0,32,25,53.8,15.9,39.53,2,5,6,5,5,7,1,9,4.95,31.03
sepe-elye-wahi,Elye Wahi,Forward,OGC Nice,Ligue 1,23,43.0,43.0,67.5,27,16,38.2,0.46,42.22,0,2,5,0,8,11,0,14,8.84,55.41
remy-labeau-lascary,Rémy Labeau-Lascary,Forward,AJ Auxerre,Ligue 1,23,42.0,43.0,72.5,29,15,40.6,1.76,41.03,0,1,6,0,10,13,0,10,2.69,20.74
hugo-picard,Hugo Picard,Midfielder,ESTAC Troyes,Ligue 1,23,45.0,45.0,75.0,30,21,55.9,6.88,38.33,0,2,3,3,18,8,0,6,2.21,9.29
mika-bieveth,Mika Biereth,Forward,AS Monaco,Ligue 1,23,41.0,39.0,87.5,35,6,19.8,0.58,38.14,0,1,3,0,15,15,0,6,2.9,24.91
lucas-hernandez-pi,Lucas Hernández,Defender,Paris Saint-Germain,Ligue 1,30,53.0,51.0,57.5,23,11,28.9,11.82,39.35,1,2,4,3,7,5,0,18,5.09,17.96
theo-le-bris,Théo Le Bris,Midfielder,FC Lorient,Ligue 1,23,43.0,48.0,72.5,29,24,59.9,9.03,38.79,0,1,6,3,18,5,0,7,1.98,16.99
casper-tengstedt,Casper Tengstedt,Forward,Toulouse FC,Ligue 1,26,37.0,44.0,50.0,20,4,14.9,1.22,42.5,0,1,5,0,9,5,0,20,6.0,20.4
noah-cadiou,Noah Cadiou,Midfielder,FC Lorient,Ligue 1,27,49.0,47.0,75.0,30,23,64.4,8.12,38.67,0,1,3,5,19,4,0,8,2.86,16.59
maxime-lopez,Maxime Lopez,Midfielder,Paris FC,Ligue 1,28,44.0,46.0,65.0,26,21,55.8,9.96,35.96,0,1,6,6,13,5,0,9,5.54,22.09
jean-victor-makengo,Jean-Victor Makengo,Midfielder,FC Lorient,Ligue 1,28,49.0,46.0,85.0,34,26,61.6,7.64,38.82,0,2,5,8,16,4,1,4,4.19,18.67
rassoul-n-diaye,Rassoul Ndiaye,Midfielder,Le Havre AC,Ligue 1,24,51.0,50.0,80.0,32,29,74.2,10.6,39.22,0,2,7,7,16,5,0,3,2.02,24.17
jacobo-ortega-conde,Jacobo Ortega,Forward,RC Strasbourg Alsace,Ligue 1,20,46.0,46.0,10.0,4,3,61.0,0.83,43.75,0,0,1,0,3,0,0,1,5.5,35.73
lamine-sy,Lamine Sy,Defender,AJ Auxerre,Ligue 1,24,40.0,45.0,67.5,27,21,55.1,6.55,36.85,0,1,4,4,9,9,1,12,1.59,5.42
carlens-arcus,Carlens Arcus,Defender,Angers SCO,Ligue 1,30,44.0,48.0,80.0,32,28,57.3,9.44,38.44,1,2,6,2,10,7,2,10,3.04,16.04
mohamed-amine-sbai,Amine Sbaï,Forward,Angers SCO,Ligue 1,25,44.0,44.0,77.5,31,28,56.0,6.45,37.58,0,2,3,2,17,7,0,9,3.77,24.95
corentin-tolisso,Corentin Tolisso,Midfielder,Olympique Lyonnais,Ligue 1,32,56.0,56.0,85.0,34,27,61.5,11.09,44.85,0,7,6,6,10,4,0,7,25.65,156.55
romain-faivre,Romain Faivre,Midfielder,AJ Auxerre,Ligue 1,28,50.0,48.0,35.0,14,9,35.9,8.24,39.29,0,1,3,1,10,6,0,19,2.19,7.14
benjamin-andre,Benjamin André,Midfielder,LOSC Lille,Ligue 1,36,51.0,56.0,77.5,31,29,63.7,16.23,39.84,0,5,5,7,9,4,0,10,8.82,62.42
djibirin-harouna,Harouna Djibirin,Forward,Angers SCO,Ligue 1,19,40.0,42.0,47.5,19,1,12.7,2.18,40.26,0,0,4,0,8,7,0,13,1.64,7.55
luca-koleosho,Luca Koleosho,Forward,Paris FC,Ligue 1,22,49.0,45.0,55.0,22,6,26.2,4.67,40.68,0,0,5,1,13,3,0,18,8.79,36.62
xiangxin-wei,Wei Xiangxin,Forward,AJ Auxerre,Ligue 1,18,42.0,42.0,5.0,2,0,5.2,7.2,35.0,0,0,1,0,10,6,0,18,2.3,3.65
thomas-jorgensen,Thomas Jørgensen,Midfielder,Toulouse FC,Ligue 1,20,54.0,59.0,77.5,31,31,79.5,16.39,42.26,1,6,14,5,9,3,0,2,17.1,58.3
yassine-belkdim,Yassin Belkhdim,Midfielder,Angers SCO,Ligue 1,24,42.0,49.0,65.0,26,25,62.7,11.24,37.88,0,3,3,4,18,3,0,9,2.19,12.9
moustapha-mbow,Moustapha Mbow,Defender,Paris FC,Ligue 1,26,48.0,52.0,72.5,29,27,69.9,16.37,35.17,0,1,8,8,11,2,0,10,3.1,15.15
laurent-abergel,Laurent Abergel,Midfielder,OGC Nice,Ligue 1,33,44.0,46.0,60.0,24,23,57.8,10.58,35.21,0,2,2,4,16,4,1,11,2.18,1.8
jim-allevinah,Jim Allevinah,Midfielder,Angers SCO,Ligue 1,31,43.0,44.0,40.0,16,7,17.9,5.79,38.13,0,0,2,0,13,1,0,24,1.75,9.66
niklas-schmidt,Niklas Schmidt,Midfielder,Toulouse FC,Ligue 1,28,43.0,47.0,47.5,19,11,29.2,8.21,38.95,0,1,2,2,12,2,0,21,2.08,5.25
tanner-tessmann,Tanner Tessmann,Midfielder,Olympique Lyonnais,Ligue 1,24,41.0,41.0,82.5,33,22,50.8,5.85,35.15,0,1,0,2,21,7,1,8,2.86,4.82
harold-voyer,Harold Voyer,Defender,Le Mans FC,Ligue 1,29,44.0,48.0,55.0,22,18,50.1,13.17,34.55,0,5,3,6,7,6,2,10,2.6,9.06
tochukwu-nadi,Tochukwu Nnadi,Midfielder,Olympique de Marseille,Ligue 1,23,40.0,42.0,52.5,21,13,28.4,6.5,35.48,0,1,1,1,13,4,0,20,3.12,8.76
robin-risser,Robin Risser,Goalkeeper,RC Lens,Ligue 1,21,39.0,50.0,72.5,29,29,65.2,5.65,44.66,0,3,9,1,11,5,1,10,24.77,163.47
axel-witsel,Axel Witsel,Midfielder,OGC Nice,Ligue 1,37,42.0,47.0,80.0,32,27,54.4,10.16,36.56,0,2,2,8,15,3,0,10,3.0,35.55
matthieu-udol,Matthieu Udol,Defender,RC Lens,Ligue 1,30,46.0,53.0,87.5,35,34,86.8,13.05,39.71,1,3,6,10,15,3,1,1,10.32,58.59
antoine-mendy,Antoine Mendy,Defender,OGC Nice,Ligue 1,22,43.0,45.0,50.0,20,16,35.5,9.33,35.5,0,2,3,3,5,6,1,20,1.01,6.68
jean-vercruysse,Jean Vercruysse,Midfielder,Le Mans FC,Ligue 1,26,50.0,50.0,15.0,6,4,11.3,5.85,43.33,0,0,2,2,6,2,0,27,0.98,9.86
brendan-chardonnet,Brendan Chardonnet,Defender,Stade Brestois 29,Ligue 1,31,52.0,55.0,65.0,26,26,67.5,14.33,40.77,0,6,8,2,6,6,1,11,2.55,20.96
kaito-mizuta,Kaito Mizuta,Midfielder,Le Havre AC,Ligue 1,26,44.0,44.0,7.5,3,2,38.0,8.53,35.0,0,0,0,1,2,0,0,21,1.94,4.68
lucas-bretelle,Lucas Bretelle,Midfielder,Le Mans FC,Ligue 1,24,49.0,49.0,40.0,16,12,31.7,8.0,41.25,0,1,3,2,9,2,0,23,2.58,10.94
diogo-lobao-de-sousa,Diogo Sousa,Midfielder,RC Strasbourg Alsace,Ligue 1,20,42.0,43.0,65.0,26,16,44.1,4.56,38.27,0,0,4,3,10,9,0,14,2.29,20.83
sota-nakamura,Sota Nakamura,Forward,Le Havre AC,Ligue 1,23,51.0,47.0,82.5,33,19,47.6,5.48,41.36,0,3,5,1,16,8,0,7,4.6,41.4
yehvann-diouf,Yehvann Diouf,Goalkeeper,OGC Nice,Ligue 1,26,47.0,49.0,45.0,18,18,40.5,5.66,43.33,0,1,5,1,8,3,0,22,8.8,71.65
alexandre-lauray,Alexandre Lauray,Midfielder,Le Mans FC,Ligue 1,29,43.0,46.0,75.0,30,22,62.1,9.03,36.67,0,0,4,6,20,6,0,3,1.69,4.97
hilan-hamzaoui-slimani,Hilan Slimani,Defender,Olympique de Marseille,Ligue 1,20,44.0,44.0,2.5,1,0,0.3,8.56,35.0,0,0,0,0,1,0,0,6,,
tyler-morton,Tyler Morton,Midfielder,Olympique Lyonnais,Ligue 1,23,48.0,51.0,90.0,36,34,74.0,13.89,37.5,0,3,5,9,17,0,1,5,9.02,40.5
conrad-harder,Conrad Harder,Forward,RC Strasbourg Alsace,Ligue 1,21,41.0,41.0,77.5,31,8,27.7,0.75,40.16,0,1,6,0,15,14,0,4,2.79,17.99
egil-selvik,Egil Selvik,Goalkeeper,Stade Brestois 29,Ligue 1,29,41.0,48.0,82.5,33,33,71.3,6.93,40.61,0,3,5,4,12,7,0,9,15.04,62.44
lucas-lopes-beraldo,Beraldo,Defender,Paris Saint-Germain,Ligue 1,22,52.0,51.0,47.5,19,12,28.2,15.29,36.84,1,1,1,5,9,1,0,22,5.74,25.21
warren-zaire-emery,Warren Zaïre-Emery,Midfielder,Paris Saint-Germain,Ligue 1,20,40.0,49.0,72.5,29,24,50.3,10.97,37.76,0,3,4,4,18,1,0,10,14.42,68.41
renaud-ripart,Renaud Ripart,Forward,ESTAC Troyes,Ligue 1,33,40.0,45.0,62.5,25,11,40.3,4.0,41.0,0,0,6,1,13,5,0,15,1.61,11.78
christ-tape,Christ Tapé,Defender,Toulouse FC,Ligue 1,20,43.0,43.0,10.0,4,4,88.5,1.48,41.25,0,0,1,1,1,0,1,1,,
rayan-bamba,Rayan Bamba,Defender,Le Mans FC,Ligue 1,22,37.0,38.0,47.5,19,14,40.0,1.22,36.32,0,0,2,1,12,7,1,17,1.95,4.86
mohamed-abdel-monem-1999-02-01,Mohamed Abdelmonem,Defender,OGC Nice,Ligue 1,27,41.0,41.0,20.0,8,6,7.8,8.27,32.5,0,0,1,1,3,0,1,34,3.17,9.7
sinaly-diomande,Sinaly Diomande,Defender,AJ Auxerre,Ligue 1,25,48.0,50.0,65.0,26,26,68.1,10.84,38.46,0,1,8,3,10,3,2,13,1.25,16.34
niko-sigur,Niko Sigur,Midfielder,Toulouse FC,Ligue 1,23,42.0,51.0,72.5,29,24,58.0,14.87,36.21,0,1,5,3,10,2,0,19,2.31,6.97
kan-guy-arsene-kouassi,Arsène Kouassi,Defender,FC Lorient,Ligue 1,22,48.0,51.0,90.0,36,35,79.8,10.4,40.97,0,7,5,2,15,7,0,4,3.24,18.54
noah-teye-nartey,Noah Nartey,Midfielder,Olympique Lyonnais,Ligue 1,20,42.0,51.0,65.0,26,17,39.2,6.91,43.65,0,4,4,1,10,6,0,15,4.5,17.8
eloge-patrick-zabi-gueu,Patrick Zabi,Midfielder,Paris FC,Ligue 1,19,45.0,45.0,65.0,26,12,38.9,5.36,39.23,0,1,3,2,19,6,0,9,2.58,26.65
kenny-lala,Kenny Lala,Defender,Stade Brestois 29,Ligue 1,34,37.0,44.0,80.0,32,31,80.1,8.39,35.16,0,2,6,4,15,6,4,3,2.35,19.16
pedro-fernandez-sarmiento,Dro Fernández,Midfielder,Paris Saint-Germain,Ligue 1,18,45.0,44.0,45.0,18,8,20.8,7.64,36.39,0,0,1,3,12,2,0,22,8.49,32.16
kevin-danois,Kévin Danois,Midfielder,AJ Auxerre,Ligue 1,22,49.0,53.0,82.5,33,32,83.4,16.41,37.42,1,1,9,9,15,1,1,3,8.43,51.69
elias-jelert-kristensen,Elias Jelert,Defender,Le Havre AC,Ligue 1,23,47.0,47.0,20.0,8,4,10.8,8.57,38.13,0,0,3,1,1,3,0,32,1.53,12.92
ruben-kluivert,Ruben Kluivert,Defender,Olympique Lyonnais,Ligue 1,25,37.0,43.0,52.5,21,16,33.9,6.78,36.19,1,1,1,0,11,6,1,19,2.8,8.67
boulaye-dia,Boulaye Dia,Forward,Stade Rennais F.C.,Ligue 1,29,42.0,41.0,57.5,23,9,20.8,2.2,38.26,0,0,3,0,12,7,0,18,4.23,15.29
vincent-julien-sasso,Vincent Sasso,Defender,Le Havre AC,Ligue 1,35,53.0,58.0,52.5,21,20,54.8,18.22,40.24,0,3,9,8,5,3,0,12,1.53,8.85
gaetan-perrin,Gaëtan Perrin,Forward,LOSC Lille,Ligue 1,30,39.0,40.0,67.5,27,9,27.5,2.5,37.78,0,1,3,1,20,6,0,9,3.09,8.23
ngal-ayel-mukau,Ngal'ayel Mukau,Midfielder,LOSC Lille,Ligue 1,21,41.0,42.0,97.5,39,28,58.5,7.85,34.49,0,0,2,4,27,5,0,2,2.27,6.13
jeremy-le-douaron,Jérémy Le Douaron,Forward,ESTAC Troyes,Ligue 1,28,42.0,42.0,95.0,38,26,53.5,-0.06,41.58,0,0,10,0,10,17,0,3,1.87,14.89
pathe-mboup,Pathé Mboup,Forward,Stade Brestois 29,Ligue 1,22,40.0,37.0,77.5,31,13,38.9,1.47,35.81,0,2,0,1,17,15,0,5,3.01,11.02
senny-mayulu,Senny Mayulu,Midfielder,Paris Saint-Germain,Ligue 1,20,49.0,50.0,65.0,26,16,33.9,9.1,40.58,0,3,4,2,10,6,0,15,4.42,22.59
nicolas-lemaitre,Nicolas Lemaître,Goalkeeper,Stade Rennais F.C.,Ligue 1,29,45.0,45.0,15.0,6,6,14.3,9.88,35.0,0,0,3,1,5,1,1,29,2.04,39.18
mamadou-kone-ci,Mamadou Koné,Forward,FC Lorient,Ligue 1,19,42.0,42.0,10.0,4,3,10.2,0.98,41.25,0,0,1,0,2,1,0,19,,
marvin-senaya,Marvin Senaya,Defender,AJ Auxerre,Ligue 1,25,49.0,47.0,65.0,26,21,43.1,9.46,37.88,1,0,6,5,7,7,0,14,2.68,7.44
naif-aguerd,Nayef Aguerd,Defender,Olympique de Marseille,Ligue 1,30,46.0,53.0,60.0,24,21,49.0,15.03,38.13,0,2,6,4,10,1,0,17,5.47,31.7
morgan-sanson,Morgan Sanson,Midfielder,OGC Nice,Ligue 1,32,41.0,41.0,82.5,33,24,52.3,4.7,35.91,0,0,4,5,11,11,1,8,1.94,3.8
djibril-coulibaly-2008-11-18,Djibril Coulibaly,Midfielder,OGC Nice,Ligue 1,17,40.0,40.0,22.5,9,6,12.7,5.2,35.0,0,0,0,1,7,1,0,31,2.48,16.04
joseph-nonge-boende-ruiz,Joseph Nonge,Midfielder,Stade Brestois 29,Ligue 1,21,41.0,38.0,60.0,24,10,28.5,3.46,35.0,0,1,0,4,15,9,0,11,1.88,4.91
kail-boudache,Kaïl Boudache,Forward,Olympique Lyonnais,Ligue 1,20,43.0,40.0,60.0,24,6,31.9,2.45,37.08,0,0,3,0,13,8,0,16,6.35,35.81
alexandre-phliponeau,Alexandre Phliponeau,Midfielder,ESTAC Troyes,Ligue 1,26,38.0,37.0,30.0,12,2,7.2,2.07,35.0,0,0,0,1,10,4,0,25,1.89,8.69
patrick-beach,Patrick Beach,Goalkeeper,ESTAC Troyes,Ligue 1,23,52.0,50.0,45.0,18,18,81.7,9.54,40.83,0,1,5,2,7,1,2,7,9.39,73.99
nicolas-kocik,Nicolas Kocik,Goalkeeper,Le Mans FC,Ligue 1,28,50.0,51.0,67.5,27,27,78.1,5.56,45.37,0,3,10,2,11,7,0,6,8.37,54.09
seny-koumbassa,Seny Koumbassa,Defender,Toulouse FC,Ligue 1,19,44.0,44.0,25.0,10,6,16.1,0.14,42.5,0,0,4,0,4,4,0,27,1.6,5.55
abner-vinicius-da-silva-santos,Abner,Defender,Olympique Lyonnais,Ligue 1,26,50.0,48.0,82.5,33,29,63.4,8.41,39.85,0,2,8,5,10,6,2,7,4.61,19.05
dame-gueye,Dame Guèye,Forward,Le Mans FC,Ligue 1,31,47.0,47.0,77.5,31,19,53.2,2.75,43.71,0,3,10,0,11,14,0,1,1.69,8.08
karim-dermane,Dermane Karim,Midfielder,ESTAC Troyes,Ligue 1,22,41.0,43.0,72.5,29,14,38.7,6.19,37.07,0,1,1,2,20,6,0,10,2.22,6.87
osame-sahraoui,Osame Sahraoui,Forward,LOSC Lille,Ligue 1,25,38.0,40.0,40.0,16,5,12.5,5.31,35.0,0,0,0,1,13,1,0,25,1.58,4.87
mouhamed-diop,Mouhamed Diop,Midfielder,ESTAC Troyes,Ligue 1,25,44.0,48.0,75.0,30,30,79.1,10.12,37.83,0,2,7,5,19,1,2,4,2.76,7.09
moussa-al-tamari,Mousa Tamari,Forward,Stade Rennais F.C.,Ligue 1,29,45.0,51.0,97.5,39,29,67.3,6.65,44.1,0,4,10,2,20,3,0,1,5.84,59.18
matthis-abline,Matthis Abline,Forward,AS Monaco,Ligue 1,23,42.0,49.0,77.5,31,26,69.1,5.55,42.9,0,3,6,3,16,7,0,5,16.09,62.93
amadou-haidara,Amadou Haïdara,Midfielder,RC Lens,Ligue 1,28,46.0,40.0,35.0,14,5,13.7,3.31,37.14,0,0,2,2,4,5,1,26,5.9,12.65
rafik-messali,Rafik Messali,Midfielder,Toulouse FC,Ligue 1,23,43.0,40.0,37.5,15,7,20.0,4.91,35.0,0,0,1,1,9,6,0,23,2.58,7.75
genesis-antwi,Genesis Antwi,Defender,RC Strasbourg Alsace,Ligue 1,19,41.0,41.0,10.0,4,4,87.2,5.78,35.0,0,0,0,0,6,0,0,16,2.38,12.56
remy-descamps,Rémy Descamps,Goalkeeper,Olympique Lyonnais,Ligue 1,30,53.0,53.0,17.5,7,7,15.8,4.11,49.29,0,1,3,0,2,1,0,33,5.52,26.06
haris-belkebla,Haris Belkebla,Midfielder,Angers SCO,Ligue 1,32,44.0,46.0,70.0,28,28,73.6,11.25,35.0,0,1,5,4,15,7,1,7,2.87,5.6
moses-daddy-simon,Moses Simon,Forward,Paris FC,Ligue 1,31,43.0,43.0,87.5,35,23,51.7,6.11,37.14,0,0,4,0,24,4,0,8,2.22,10.09
noah-edjouma,Noah Edjouma,Forward,Stade Brestois 29,Ligue 1,20,39.0,38.0,37.5,15,2,7.5,2.71,35.0,0,0,0,0,13,2,0,25,2.53,9.81
jacen-russell-rowe,Jacen Russell-Rowe,Forward,Toulouse FC,Ligue 1,24,41.0,42.0,62.5,25,9,37.6,1.28,40.4,0,0,5,1,15,14,0,5,2.74,18.11
paolo-gozzi-iweru,Paolo Gozzi,Defender,ESTAC Troyes,Ligue 1,25,47.0,47.0,25.0,10,9,24.4,11.25,35.5,0,0,2,5,6,2,0,25,1.0,9.05
santiago-hidalgo-massa,Santiago Hidalgo,Forward,Toulouse FC,Ligue 1,21,42.0,43.0,70.0,28,17,42.2,1.3,41.61,0,1,8,0,10,14,0,7,2.43,17.7
lucas-calodat,Lucas Calodat,Defender,Le Mans FC,Ligue 1,24,49.0,52.0,77.5,31,26,69.2,10.83,41.21,0,3,7,7,17,2,0,4,5.8,24.5
mohamed-el-amine-amoura,Mohammed Amoura,Forward,OGC Nice,Ligue 1,26,38.0,43.0,80.0,32,24,50.6,1.53,40.78,0,1,6,0,12,9,0,12,5.17,38.63
edwin-quarshie,Edwin Quarshie,Midfielder,Le Mans FC,Ligue 1,30,41.0,43.0,62.5,25,20,52.3,5.43,37.0,0,0,4,7,12,8,1,7,2.96,3.82
romain-perraud,Romain Perraud,Defender,LOSC Lille,Ligue 1,28,53.0,51.0,92.5,37,31,68.8,12.09,39.05,0,4,5,12,6,8,1,4,7.95,32.86
daren-nbenbege-mosengo,Daren Mosengo,Midfielder,Le Havre AC,Ligue 1,20,36.0,36.0,17.5,7,0,2.9,0.79,35.0,0,0,0,0,6,2,0,32,0.74,6.96
rudy-matondo,Rudy Matondo,Midfielder,Paris FC,Ligue 1,18,48.0,40.0,70.0,28,15,42.9,4.54,35.54,0,1,0,4,16,8,2,9,2.44,22.34
ismail-bouneb,Ismaïl Bouneb,Midfielder,Le Havre AC,Ligue 1,20,39.0,39.0,2.5,1,0,2.5,3.6,35.0,0,0,0,0,1,0,0,39,1.53,6.83
nouhoum-kamissoko,Nouhoum Kamissoko,Midfielder,Olympique de Marseille,Ligue 1,21,39.0,39.0,7.5,3,0,2.6,3.83,35.0,0,0,0,0,3,0,0,6,,
gabin-bernardeau,Gabin Bernardeau,Midfielder,FC Lorient,Ligue 1,20,39.0,39.0,20.0,8,5,9.0,4.35,35.0,0,0,0,1,5,2,0,32,2.06,11.78
thorgan-hazard,Thorgan Hazard,Midfielder,RC Lens,Ligue 1,33,35.0,50.0,85.0,34,26,59.7,7.17,42.79,0,5,5,3,14,6,1,6,2.06,17.29
souleymane-faye,Souleymane Faye,Forward,FC Lorient,Ligue 1,23,36.0,46.0,55.0,22,13,30.9,4.91,41.14,0,1,3,0,10,7,0,19,1.01,4.44
julian-ariel-vignolo,Julián Vignolo,Forward,Toulouse FC,Ligue 1,19,40.0,41.0,40.0,16,3,10.8,2.38,38.13,0,0,2,0,8,6,0,22,1.41,9.17
timothee-pembele,Timothee Pembele,Defender,Le Havre AC,Ligue 1,24,35.0,36.0,42.5,17,5,15.7,1.35,35.0,0,0,0,1,9,7,0,23,1.93,6.6
christian-mawissa-elebi,Christian Mawissa Elebi,Defender,AS Monaco,Ligue 1,21,46.0,46.0,45.0,18,10,23.8,9.81,36.39,0,0,2,4,9,2,0,23,2.11,13.37
giovani-versini,Giovani Versini,Forward,Stade Brestois 29,Ligue 1,22,41.0,51.0,72.5,29,24,57.0,7.28,43.45,0,3,8,2,19,2,0,6,6.52,25.42
isak-jensen,Isak Jensen,Forward,FC Lorient,Ligue 1,22,50.0,51.0,87.5,35,25,53.8,7.99,43.14,0,2,9,4,18,1,0,6,2.03,10.57
michel-diaz,Michel Diaz,Defender,ESTAC Troyes,Ligue 1,23,45.0,51.0,52.5,21,19,50.6,13.94,37.38,0,1,6,2,11,3,1,16,3.19,9.73
maik-nawrocki,Maik Nawrocki,Defender,RC Lens,Ligue 1,25,58.0,61.0,47.5,19,18,43.2,17.83,44.74,2,3,4,3,6,1,0,21,3.06,6.87
florian-sotoca,Florian Sotoca,Forward,RC Lens,Ligue 1,35,43.0,39.0,65.0,26,4,14.5,2.75,35.96,0,0,1,0,17,11,0,11,1.8,3.55
hichem-boudaoui,Hicham Boudaoui,Midfielder,OGC Nice,Ligue 1,26,43.0,44.0,60.0,24,16,36.4,6.74,37.08,0,0,3,4,10,6,0,17,2.98,7.57
salis-abdul-samed,Salis Samed,Midfielder,OGC Nice,Ligue 1,26,38.0,38.0,50.0,20,13,27.8,2.05,36.25,0,0,1,1,11,6,0,21,1.32,9.14
ilyas-azizi,Ilyas Azizi,Forward,Toulouse FC,Ligue 1,18,37.0,37.0,15.0,6,2,6.1,2.28,35.0,0,0,0,0,5,1,0,34,3.15,10.29
bilal-brahimi,Billal Brahimi,Forward,Le Mans FC,Ligue 1,26,36.0,36.0,17.5,7,0,4.3,4.34,32.14,0,0,0,0,4,4,0,32,2.03,9.62
bane-diatta,Bané Diatta,Midfielder,Angers SCO,Ligue 1,18,39.0,39.0,12.5,5,1,12.7,3.5,35.0,0,0,0,0,3,2,0,6,,
habibou-mouhamadou-diallo,Habib Diallo,Forward,Le Mans FC,Ligue 1,31,37.0,42.0,67.5,27,18,43.7,1.79,40.0,0,2,3,0,10,11,1,13,3.71,6.57
hamari-traore,Hamari Traoré,Defender,Paris FC,Ligue 1,34,41.0,42.0,57.5,23,17,37.7,6.95,35.22,0,0,3,3,11,4,2,17,2.19,7.87
srdan-kuzmic,Srđan Kuzmić,Defender,FC Lorient,Ligue 1,22,46.0,50.0,72.5,29,28,74.6,11.37,38.45,1,1,5,5,16,4,0,8,2.68,9.21
aristide-zossou,Aristide Zossou,Midfielder,AJ Auxerre,Ligue 1,21,41.0,43.0,77.5,31,25,54.5,4.79,37.86,0,1,5,0,22,5,1,6,1.5,11.86
henrick-do-marcolino,Henrick Do Marcolino,Forward,Stade Rennais F.C.,Ligue 1,20,42.0,42.0,5.0,2,0,0.6,7.2,35.0,0,0,0,0,2,0,0,38,,
iron-gomis,Iron Gomis,Midfielder,ESTAC Troyes,Ligue 1,26,38.0,38.0,10.0,4,2,45.5,2.63,35.0,0,0,1,0,12,7,0,20,1.45,8.42
sion-uno-kobi-oppong,Sion Oppong,Forward,Toulouse FC,Ligue 1,18,38.0,38.0,7.5,3,0,14.0,2.67,35.0,0,0,0,0,3,0,0,2,2.31,7.61
lucas-buades,Lucas Buades,Defender,Le Mans FC,Ligue 1,28,50.0,60.0,67.5,27,26,72.5,16.54,42.78,0,5,10,6,8,3,0,8,2.92,14.4
mathys-detourbet,Mathys Detourbet,Forward,AS Monaco,Ligue 1,19,44.0,50.0,80.0,32,21,52.2,8.69,41.56,0,4,5,3,23,1,0,4,6.02,23.78
safouane-benzahra,Safouane Benzahra,Midfielder,AS Monaco,Ligue 1,18,37.0,37.0,7.5,3,0,4.7,2.2,35.0,0,0,0,0,3,0,0,4,,
ilane-toure,Ilane Touré,Midfielder,AS Monaco,Ligue 1,20,35.0,35.0,10.0,4,0,2.0,-0.05,35.0,0,0,0,0,2,2,0,25,,
mathis-laine,Mathis Lainé,Midfielder,Stade Brestois 29,Ligue 1,19,38.0,38.0,5.0,2,0,0.4,2.5,35.0,0,0,0,0,2,0,0,21,,
arthur-piedfort,Arthur Piedfort,Midfielder,AJ Auxerre,Ligue 1,21,45.0,54.0,92.5,37,37,82.1,15.86,38.24,1,3,9,8,11,6,0,2,3.86,23.08
josh-maja,Joshua Maja,Forward,Le Havre AC,Ligue 1,27,41.0,40.0,90.0,36,15,37.9,2.14,37.78,0,0,4,0,22,9,0,5,2.15,7.05
nanitamo-jonathan-ikone,Jonathan Ikoné,Forward,Paris FC,Ligue 1,28,48.0,43.0,60.0,24,13,32.5,3.96,38.54,0,1,2,0,17,6,0,14,1.76,8.72
tadjidine-mmadi,Tadjidine Mmadi,Forward,Olympique de Marseille,Ligue 1,19,34.0,34.0,17.5,7,0,2.0,1.39,32.14,0,0,0,0,2,4,1,29,,
nicolas-alejandro-tagliafico,Nicolás Tagliafico,Defender,Olympique Lyonnais,Ligue 1,34,40.0,40.0,55.0,22,16,33.2,5.32,34.32,0,1,0,2,13,4,1,19,1.67,5.98
omar-sissoko,Omar Sissoko,Forward,Paris FC,Ligue 1,20,47.0,43.0,50.0,20,10,26.2,2.76,40.0,0,1,4,0,11,5,0,19,1.65,3.74
anis-soubeir,Anis Soubeir,Midfielder,AS Monaco,Ligue 1,19,37.0,37.0,15.0,6,1,23.5,1.97,35.0,0,0,0,0,6,0,0,1,,
marius-louar,Marius Louãr,Defender,Angers SCO,Ligue 1,19,40.0,40.0,25.0,10,6,16.5,7.31,33.0,0,0,1,1,5,3,0,30,1.66,6.97
quentin-merlin,Quentin Merlin,Midfielder,Stade Rennais F.C.,Ligue 1,24,50.0,50.0,80.0,32,25,66.6,11.31,38.28,0,3,7,8,11,5,2,4,3.14,15.87
timothee-nkada,Timothé Nkada,Forward,ESTAC Troyes,Ligue 1,27,41.0,38.0,77.5,31,11,31.6,-0.69,38.23,0,0,4,0,7,20,0,9,0.96,10.85
ulisses-alexandre-garcia-lopes,Ulisses Garcia,Defender,Olympique de Marseille,Ligue 1,30,43.0,43.0,45.0,18,13,29.5,6.3,36.67,0,0,3,4,6,5,0,22,2.51,7.33
eliezer-mayenda-dossou,Eliezer Mayenda,Forward,Stade Rennais F.C.,Ligue 1,21,38.0,37.0,52.5,21,5,15.3,0.95,36.19,0,0,1,0,10,10,0,19,4.23,19.78
isak-jansson,Isak Jansson,Forward,OGC Nice,Ligue 1,24,36.0,39.0,60.0,24,6,15.0,2.51,36.04,0,0,1,0,15,8,0,16,1.02,10.99
neal-maupay,Neal Maupay,Forward,Olympique de Marseille,Ligue 1,30,43.0,42.0,42.5,17,11,24.2,2.32,39.41,0,0,3,0,9,5,0,23,2.45,6.94
jordan-lefort,Jordan Lefort,Defender,Angers SCO,Ligue 1,33,45.0,47.0,85.0,34,34,90.0,11.25,35.74,0,4,5,9,14,4,3,1,2.52,11.7
ibrahim-yayiya-kante,Ibrahim Kanté,Forward,Stade Brestois 29,Ligue 1,19,36.0,36.0,2.5,1,0,0.3,0.8,35.0,0,0,0,0,1,0,0,39,0.33,1.78
abdoul-karim-coulibaly,K. Coulibaly,Defender,RC Strasbourg Alsace,Ligue 1,19,37.0,38.0,67.5,27,22,57.6,3.69,34.44,0,0,1,3,14,10,2,10,1.67,20.4
martin-rossignol,Martin Rossignol,Midfielder,Le Mans FC,Ligue 1,22,38.0,38.0,47.5,19,8,24.6,0.71,37.63,0,0,2,0,12,10,0,15,1.88,6.05
nathan-n-goumou-minpole,Nathan Ngoumou,Forward,OGC Nice,Ligue 1,26,36.0,36.0,10.0,4,2,4.0,0.68,35.0,0,0,0,0,2,2,0,36,1.67,6.78
fredrik-oppegard,Fredrik Oppegård,Defender,AJ Auxerre,Ligue 1,24,37.0,39.0,52.5,21,15,36.5,5.18,34.05,0,0,1,1,15,9,0,14,1.65,11.83
sekou-mara,Sékou Mara,Forward,RC Strasbourg Alsace,Ligue 1,24,45.0,41.0,70.0,28,14,36.5,2.29,38.39,0,1,2,0,18,8,0,11,0.96,11.63
lucas-tousart,Lucas Tousart,Midfielder,Stade Brestois 29,Ligue 1,29,37.0,39.0,70.0,28,10,28.0,1.36,36.79,0,0,2,2,13,12,0,11,1.72,5.36
arnaud-nordin,Arnaud Nordin,Forward,Stade Rennais F.C.,Ligue 1,28,44.0,42.0,62.5,25,11,25.5,4.21,38.0,0,0,3,1,16,4,0,16,1.39,6.26
fabio-amadu-uri-balde,Fábio Baldé,Forward,RC Strasbourg Alsace,Ligue 1,21,40.0,40.0,42.5,17,3,12.5,2.27,37.94,0,0,2,0,12,5,0,21,1.59,9.26
isaac-cossier,Isaac Cossier,Defender,LOSC Lille,Ligue 1,19,48.0,48.0,57.5,23,14,41.8,10.89,37.17,0,3,2,2,13,5,0,15,1.41,4.85
ugo-lamare-el-kadmiri,Ugo El Kadmiri,Forward,Olympique de Marseille,Ligue 1,19,34.0,34.0,7.5,3,0,2.7,-1.13,35.0,0,0,0,0,1,2,0,4,,
lucas-digne,Lucas Digne,Defender,Paris Saint-Germain,Ligue 1,33,41.0,44.0,67.5,27,20,47.6,7.22,35.93,0,2,5,3,10,5,2,13,4.11,25.48
alexis-vossah,Alexis Vossah,Midfielder,Toulouse FC,Ligue 1,18,35.0,36.0,57.5,23,14,35.6,0.45,35.22,0,0,2,0,12,11,1,13,2.09,6.78
odsonne-edouard,Odsonne Edouard,Forward,RC Lens,Ligue 1,28,36.0,47.0,80.0,32,26,53.3,1.82,44.53,0,1,10,0,13,10,0,6,2.54,31.36
aboulaye-camara,Aboulaye Camara,Midfielder,OGC Nice,Ligue 1,18,36.0,36.0,2.5,1,0,1.2,1.0,35.0,0,0,0,0,1,0,0,4,,
djelan-morana,Djelan Morana,Forward,OGC Nice,Ligue 1,18,35.0,35.0,2.5,1,0,2.7,0.4,35.0,0,0,0,0,1,0,0,3,,
junior-mwanga,Junior Mwanga,Midfielder,Le Havre AC,Ligue 1,23,40.0,41.0,50.0,20,20,40.2,6.04,34.75,0,0,2,1,9,4,3,21,2.09,10.64
yacouba-kone,Yacouba Koné,Forward,ESTAC Troyes,Ligue 1,19,35.0,35.0,10.0,4,0,6.0,0.18,35.0,0,0,0,0,3,1,0,1,,
louis-mouton,Louis Mouton,Midfielder,Angers SCO,Ligue 1,24,35.0,40.0,72.5,29,20,49.9,2.67,37.59,0,0,3,2,14,13,1,7,0.54,8.27
elikya-legros,Elikya Legros,Defender,AJ Auxerre,Ligue 1,18,35.0,35.0,7.5,3,2,4.2,-0.41,35.0,0,0,0,0,2,1,0,36,0.46,8.39
justin-bourgault,Justin Bourgault,Defender,Stade Brestois 29,Ligue 1,21,45.0,47.0,32.5,13,12,29.7,10.94,35.38,0,0,1,3,8,2,0,26,1.06,4.3
hakim-dongopandji,Hakim Dongopandji,Forward,Le Havre AC,Ligue 1,19,35.0,35.0,2.5,1,0,1.0,0.0,35.0,0,0,0,0,1,0,0,1,,
emmanuel-junior-biumla-bayiha,Emmanuel Biumla,Midfielder,Angers SCO,Ligue 1,21,35.0,35.0,20.0,8,3,11.2,-3.57,35.63,0,0,1,0,4,4,1,30,0.87,5.79
junior-morau-kadile,Junior-Morau Kadile,Forward,RC Lens,Ligue 1,23,73.0,68.0,35.0,14,12,55.5,12.23,56.07,1,5,11,1,8,6,0,8,7.44,46.31
prosper-peter,Prosper Peter,Forward,Angers SCO,Ligue 1,19,41.0,39.0,72.5,29,11,33.3,0.32,38.45,0,0,5,0,12,17,0,6,2.22,7.04
basar-onal,Başar Önal,Forward,LOSC Lille,Ligue 1,22,49.0,52.0,70.0,28,23,57.0,7.96,44.29,0,4,9,2,11,7,0,7,2.2,37.14
tyrese-noubissie,Tyrese Noubissie,Midfielder,RC Strasbourg Alsace,Ligue 1,17,38.0,38.0,10.0,4,0,2.2,2.98,35.0,0,0,0,0,4,0,0,22,,
mickael-cuisance,Michaël Cuisance,Midfielder,RC Lens,Ligue 1,27,41.0,46.0,75.0,30,27,67.3,6.68,39.67,1,3,3,3,15,10,0,5,3.45,20.21
pierre-ekwah-elimby,Pierre-Emmanuel Ekwah,Midfielder,AJ Auxerre,Ligue 1,24,42.0,42.0,22.5,9,3,8.0,7.2,35.0,0,0,1,1,5,2,0,31,0.74,7.17
erwan-colas,Erwan Colas,Forward,Le Mans FC,Ligue 1,29,45.0,44.0,67.5,27,14,44.7,1.39,41.48,0,1,8,0,12,9,0,10,2.72,5.09
tosin-aiyegun,Aiyegun Tosin,Forward,FC Lorient,Ligue 1,28,39.0,40.0,72.5,29,12,30.5,2.07,37.59,0,0,2,1,19,6,0,12,1.16,5.74
lucas-hogsberg,Lucas Høgsberg,Defender,RC Strasbourg Alsace,Ligue 1,20,41.0,43.0,70.0,28,22,43.6,7.57,35.0,0,0,1,6,12,7,0,14,2.07,18.03
djylian-n-guessan,Djylian N´Guessan,Forward,Stade Brestois 29,Ligue 1,18,36.0,36.0,12.5,5,0,1.8,0.92,35.0,0,0,0,0,3,2,0,35,1.41,12.42
melvin-zinga,Melvin Zinga,Goalkeeper,Angers SCO,Ligue 1,24,45.0,45.0,7.5,3,2,6.7,1.23,43.33,0,0,1,0,0,2,1,36,3.12,6.13
lamfia-dioubate,Lamfia Dioubaté,Midfielder,AJ Auxerre,Ligue 1,19,33.0,33.0,7.5,3,0,1.6,-1.6,35.0,0,0,0,0,2,1,0,20,,
ewan-hatfout,Ewan Hatfout,Goalkeeper,Le Mans FC,Ligue 1,26,41.0,41.0,12.5,5,4,11.9,5.46,36.0,0,1,1,0,2,1,1,33,3.76,14.13
ismail-diallo,Ismail Diallo,Defender,Toulouse FC,Ligue 1,23,33.0,33.0,10.0,4,2,36.5,-2.34,35.0,0,0,0,0,1,3,0,1,1.1,10.27
usman-mamadou-simbakoli,Usman Simbakoli,Forward,Angers SCO,Ligue 1,24,33.0,33.0,10.0,4,0,11.0,-1.95,35.0,0,0,2,0,8,8,0,11,0.52,6.86
sekou-fofana-2003-03-25,Sékou Fofana,Defender,AJ Auxerre,Ligue 1,23,37.0,41.0,70.0,28,18,42.1,3.62,37.32,0,1,2,4,9,11,1,12,1.15,6.9
jean-clair-todibo,Jean-Clair Todibo,Defender,RC Lens,Ligue 1,26,40.0,44.0,55.0,22,20,43.1,7.25,36.82,0,1,5,0,9,6,1,18,9.77,62.69
faris-pemi-moumbagna,Faris Moumbagna,Forward,Olympique de Marseille,Ligue 1,26,33.0,33.0,20.0,8,0,2.4,-1.7,35.0,0,0,0,0,1,6,0,33,1.92,5.64
felix-khonde-mambimbi,Felix Mambimbi,Forward,Le Havre AC,Ligue 1,25,39.0,37.0,32.5,13,7,14.0,0.29,36.92,0,0,1,0,9,8,0,22,2.36,5.12
daouda-traore-2006-07-22,Daouda Traoré,Midfielder,Le Mans FC,Ligue 1,20,37.0,37.0,25.0,10,3,16.4,1.98,35.0,0,0,0,0,6,5,0,29,1.88,7.42
noah-donkor-znamensky,Noah Donkor,Defender,ESTAC Troyes,Ligue 1,19,34.0,34.0,15.0,6,0,4.1,-1.28,35.0,0,0,0,0,3,3,0,21,1.22,8.81
noa-boisse,Noa Boissé,Defender,Le Mans FC,Ligue 1,20,43.0,49.0,35.0,14,14,39.0,15.57,33.57,0,1,3,5,4,2,1,23,0.62,10.8
mateo-del-blanco,Mateo del Blanco,Defender,RC Strasbourg Alsace,Ligue 1,22,50.0,55.0,72.5,29,27,77.3,15.66,39.31,1,7,8,7,8,5,1,3,1.18,13.25
ismael-landry-doukoure,Ismaël Doukouré,Defender,RC Strasbourg Alsace,Ligue 1,23,44.0,43.0,75.0,30,28,59.0,8.46,34.33,0,0,4,7,10,6,2,11,2.64,25.93
ali-abdi,Ali Abdi,Defender,OGC Nice,Ligue 1,32,37.0,39.0,75.0,30,18,47.9,-0.24,38.83,0,0,5,3,9,9,4,10,1.08,4.75
enzo-koffi-vinette,Enzo Koffi Vinette,Forward,Le Havre AC,Ligue 1,20,39.0,38.0,35.0,14,4,14.2,3.14,35.28,0,1,0,1,10,4,2,17,1.49,9.48
naouirou-ahamada-2002-03-29,Naouirou Ahamada,Midfielder,AJ Auxerre,Ligue 1,24,40.0,40.0,47.5,19,11,23.0,4.88,35.26,0,1,0,1,10,6,1,21,2.04,9.17
derek-cornelius,Derek Cornelius,Defender,Olympique de Marseille,Ligue 1,28,36.0,36.0,27.5,11,8,13.6,2.78,33.18,0,0,1,0,3,2,2,32,2.15,10.7
calvin-verdonk,Calvin Verdonk,Defender,LOSC Lille,Ligue 1,29,39.0,41.0,55.0,22,9,21.8,6.66,34.09,0,0,0,4,13,4,1,18,1.56,10.07
oumar-konate,Oumar Konaté,Forward,AS Monaco,Ligue 1,19,32.0,32.0,5.0,2,0,3.0,-2.6,35.0,0,0,0,0,1,1,0,5,,
william-harhouz,William Harhouz,Forward,Le Mans FC,Ligue 1,26,32.0,41.0,45.0,18,2,17.1,0.17,40.56,0,0,4,0,10,9,0,16,1.88,8.47
clement-akpa,Clément Akpa,Defender,AJ Auxerre,Ligue 1,24,36.0,40.0,70.0,28,23,58.6,7.41,32.32,0,0,2,4,13,5,5,11,1.96,8.55
djibril-sidibe,Djibril Sidibé,Defender,Le Mans FC,Ligue 1,34,35.0,44.0,75.0,30,23,59.7,6.08,37.33,0,3,5,3,10,12,3,4,2.33,12.58
anthony-bermont,Anthony Bermont,Midfielder,Angers SCO,Ligue 1,21,36.0,36.0,25.0,10,3,6.7,1.28,35.0,0,0,0,0,10,3,0,27,1.14,8.09
yasser-larouci,Yasser Larouci,Defender,Le Mans FC,Ligue 1,25,28.0,28.0,5.0,2,1,23.2,-7.47,35.0,0,0,5,3,13,9,2,8,1.88,6.34
jonathan-gradit,Jonathan Gradit,Defender,RC Lens,Ligue 1,33,47.0,47.0,20.0,8,8,17.0,14.15,33.13,0,2,2,2,3,1,1,29,2.29,14.04
zoumana-diallo,Zoumana Diallo,Forward,OGC Nice,Ligue 1,21,32.0,32.0,5.0,2,1,2.6,-3.5,35.0,0,0,0,0,1,1,0,38,,
theo-eyoum-mouen,Théo Eyoum,Defender,Le Mans FC,Ligue 1,24,46.0,52.0,50.0,20,19,55.4,15.68,36.25,2,0,3,7,10,3,1,13,1.88,8.09
hamza-koutoune,Hamza Koutoune,Defender,OGC Nice,Ligue 1,20,28.0,28.0,17.5,7,3,8.1,-6.63,35.0,0,0,0,0,4,6,1,29,0.38,7.8
samir-el-mourabet,Samir El Mourabet,Midfielder,RC Strasbourg Alsace,Ligue 1,20,38.0,48.0,90.0,36,27,54.1,12.26,35.28,0,3,3,7,16,4,1,6,3.76,21.75
mathys-sauveur-niflore,Mathys Niflore,Goalkeeper,Toulouse FC,Ligue 1,19,36.0,44.0,65.0,26,24,69.6,6.5,37.5,0,2,3,3,11,6,3,12,3.45,20.08
aron-donnum,Aron Dønnum,Midfielder,Toulouse FC,Ligue 1,28,46.0,53.0,65.0,26,24,59.5,13.2,40.19,0,7,1,4,10,4,1,13,2.83,20.44
clinton-mukoni-mata-pedro-lourenco,Clinton Mata,Defender,Olympique Lyonnais,Ligue 1,33,40.0,51.0,80.0,32,30,67.5,13.65,36.88,1,2,4,9,8,4,3,9,0.94,13.34
tolikpaley-luc-evrad-zogbe,Luck Zogbé,Defender,Stade Brestois 29,Ligue 1,21,30.0,30.0,22.5,9,3,10.3,-3.17,32.78,0,0,0,1,1,5,2,31,1.53,5.38
moise-bombito,Moïse Bombito,Defender,OGC Nice,Ligue 1,26,31.0,30.0,7.5,3,2,4.8,-4.87,35.0,0,0,0,0,2,0,1,37,1.9,2.79
abdoulaye-toure-1994-03-03,Abdoulaye Touré,Midfielder,Le Havre AC,Ligue 1,32,49.0,49.0,20.0,8,7,18.1,7.05,41.25,0,0,3,2,2,2,0,31,0.31,0.46
noe-poillion,Noé Poillion,Goalkeeper,Stade Brestois 29,Ligue 1,19,0.0,0.0,0.0,0,0,0.0,0.0,0.0,0,0,0,0,0,0,0,5,2.0,9.58
david-uyoyo-odogu,David Odogu,Defender,Toulouse FC,Ligue 1,20,36.0,36.0,5.0,2,0,0.1,0.64,35.0,0,0,0,0,1,1,0,38,2.06,7.92
milosz-piekutowski,Miłosz Piekutowski,Goalkeeper,RC Strasbourg Alsace,Ligue 1,20,47.0,47.0,5.0,2,2,15.0,11.9,35.0,0,0,0,0,2,0,0,29,1.72,6.72
ghianny-kodia-ladji,Ghianny Kodia,Forward,RC Strasbourg Alsace,Ligue 1,19,0.0,0.0,0.0,0,0,0.0,0.0,0.0,0,0,0,0,0,0,0,40,,
paul-nardi,Paul Nardi,Goalkeeper,AJ Auxerre,Ligue 1,32,38.0,41.0,27.5,11,10,24.3,1.03,39.55,0,0,1,1,4,2,2,30,2.22,8.32
emmanuel-alexi-koum-mbondo,Alexi Koum,Defender,Olympique de Marseille,Ligue 1,20,0.0,0.0,0.0,0,0,0.0,0.0,0.0,0,0,0,0,0,1,0,35,,
djaoui-cisse-2004-01-31,Djaoui Cissé,Midfielder,Stade Rennais F.C.,Ligue 1,22,38.0,38.0,52.5,21,11,25.1,3.2,35.0,0,0,1,0,16,7,0,16,1.56,9.47
maxima-adeagan-goffi,Maxima Goffi,Defender,LOSC Lille,Ligue 1,18,44.0,0.0,0.0,0,0,0.0,0.0,0.0,0,0,0,0,0,0,0,40,,
christ-brunel-neyjunior-batola,Christ Batola,Forward,ESTAC Troyes,Ligue 1,17,0.0,0.0,0.0,0,0,0.0,0.0,0.0,0,0,0,0,0,0,0,22,1.32,7.08
lassine-diarra,Lassine Diarra,Goalkeeper,Olympique Lyonnais,Ligue 1,23,0.0,0.0,0.0,0,0,0.0,0.0,0.0,0,0,0,0,0,0,0,40,2.15,9.22
rayan-edwards-kwedi-mandengue,Rayan Mandengue,Defender,AJ Auxerre,Ligue 1,20,45.0,45.0,0.0,0,0,12.5,1.6,43.33,0,0,1,0,1,1,0,24,1.17,13.07
noham-kamara,Noham Kamara,Defender,Olympique Lyonnais,Ligue 1,19,34.0,34.0,5.0,2,0,0.1,-1.14,35.0,0,0,0,0,1,1,0,38,2.89,7.36
benjamin-leroy,Benjamin Leroy,Goalkeeper,FC Lorient,Ligue 1,37,0.0,0.0,0.0,0,0,0.0,0.0,0.0,0,0,0,0,0,0,0,40,0.94,7.46
alvin-petit-dol,Alvin Petit Dol,Defender,AJ Auxerre,Ligue 1,19,0.0,0.0,0.0,0,0,0.0,0.0,0.0,0,0,0,0,0,0,0,36,2.17,5.72
moussa-diarra-ci,Moussa Diarra,Forward,RC Lens,Ligue 1,19,0.0,0.0,0.0,0,0,0.0,0.0,0.0,0,0,0,0,0,0,0,6,,
martin-ponsot,Martin Ponsot,Goalkeeper,OGC Nice,Ligue 1,17,0.0,0.0,0.0,0,0,0.0,0.0,0.0,0,0,0,0,0,0,0,5,,
arnaud-bodart,Arnaud Bodart,Goalkeeper,Le Havre AC,Ligue 1,28,27.0,21.0,5.0,2,1,3.4,-3.65,25.0,0,0,0,0,0,1,1,38,6.1,17.78
naime-ben-zayer-said-mchindra,Naïme Saïd Mchindra,Goalkeeper,Toulouse FC,Ligue 1,21,0.0,0.0,0.0,0,0,0.0,0.0,0.0,0,0,0,0,0,0,0,40,,
aymen-amaaouch,Aymen Amaaouch,Forward,Toulouse FC,Ligue 1,16,0.0,0.0,0.0,0,0,0.0,0.0,0.0,0,0,0,0,0,0,0,4,,
louis-mezerette,Louis Mezerette,Goalkeeper,AJ Auxerre,Ligue 1,20,0.0,0.0,0.0,0,0,0.0,0.0,0.0,0,0,0,0,0,0,0,39,0.51,5.65
joaquin-panichelli,Joaquín Panichelli,Forward,RC Strasbourg Alsace,Ligue 1,23,50.0,50.0,60.0,24,20,46.6,4.5,45.21,0,2,6,2,6,7,0,17,4.9,19.94
theo-collin,Théo Collin,Goalkeeper,Toulouse FC,Ligue 1,20,0.0,0.0,0.0,0,0,0.0,0.0,0.0,0,0,0,0,0,0,0,2,,
mael-gernigon,Maël Gernigon,Defender,Angers SCO,Ligue 1,16,0.0,0.0,0.0,0,0,0.0,0.0,0.0,0,0,0,0,0,0,0,23,,
mohamed-salisu-abdul-karim,Mohammed Salisu,Defender,AS Monaco,Ligue 1,27,56.0,58.0,32.5,13,13,29.2,15.05,43.08,0,2,5,1,2,2,0,28,2.73,8.46
bandiougou-fadiga,Bandiougou Fadiga,Midfielder,FC Lorient,Ligue 1,25,0.0,0.0,0.0,0,0,0.0,0.0,0.0,0,0,0,0,0,0,0,40,1.14,9.42
mamadou-diallo-2010-04-05,Mamadou Diallo,Forward,Angers SCO,Ligue 1,16,0.0,0.0,0.0,0,0,0.0,0.0,0.0,0,0,0,0,0,0,0,5,,
mathis-clement-2006-01-23,Mathis Clement,Defender,Olympique de Marseille,Ligue 1,20,0.0,0.0,0.0,0,0,0.0,0.0,0.0,0,0,0,0,0,0,0,30,,
ismael-boura,Ismaël Boura,Defender,ESTAC Troyes,Ligue 1,26,49.0,53.0,62.5,25,23,55.2,13.54,39.4,1,4,6,3,6,6,0,14,3.39,10.49
lucas-chevalier,Lucas Chevalier,Goalkeeper,Paris Saint-Germain,Ligue 1,24,46.0,49.0,12.5,5,5,11.2,4.16,45.0,0,1,1,0,2,2,0,34,10.8,72.65
loun-srdanovic,Loun Srdanovic,Defender,LOSC Lille,Ligue 1,20,51.0,51.0,17.5,7,4,7.8,12.15,38.57,0,1,1,0,5,1,0,32,1.75,7.09
guy-noel-prince-zohouri,Guy-Noël Zohouri,Midfielder,Le Havre AC,Ligue 1,19,0.0,0.0,0.0,0,0,0.0,0.0,0.0,0,0,0,0,0,0,0,40,2.64,7.2
daniel-xavier-semedo,Daniel Semedo,Midfielder,FC Lorient,Ligue 1,22,35.0,35.0,2.5,1,0,0.9,-0.4,35.0,0,0,0,0,0,1,0,22,,
romain-cagnon,Romain Cagnon,Goalkeeper,Stade Brestois 29,Ligue 1,29,0.0,0.0,0.0,0,0,0.0,0.0,0.0,0,0,0,0,0,0,0,5,2.07,6.21
maximillian-oyedele,Maximillian Oyedele,Midfielder,RC Strasbourg Alsace,Ligue 1,21,41.0,41.0,30.0,12,7,13.3,3.65,37.08,0,0,1,1,7,3,0,28,0.29,6.02
edan-diop,Edan Diop,Midfielder,AS Monaco,Ligue 1,22,61.0,52.0,65.0,26,26,59.8,7.98,43.65,0,3,8,3,13,3,0,10,3.42,11.35
jelle-van-neck,Jelle Van Neck,Goalkeeper,Olympique de Marseille,Ligue 1,22,0.0,0.0,0.0,0,0,0.0,0.0,0.0,0,0,0,0,0,0,0,40,3.11,4.82
joan-lenny-yannis-tincres,Joan Tincrès,Forward,Le Havre AC,Ligue 1,20,0.0,0.0,0.0,0,0,0.0,0.0,0.0,0,0,0,0,2,4,0,24,0.38,6.63
anssumane-fati,Ansu Fati,Forward,AS Monaco,Ligue 1,23,51.0,46.0,60.0,24,10,25.0,4.76,41.25,0,0,6,0,14,3,0,17,3.66,37.75
lassana-simakha,Lassana Simakha,Defender,ESTAC Troyes,Ligue 1,19,0.0,0.0,0.0,0,0,0.0,0.0,0.0,0,0,0,0,0,0,0,2,,
augustin-delbecque,Augustin Delbecque,Goalkeeper,Le Mans FC,Ligue 1,24,0.0,0.0,0.0,0,0,0.0,0.0,0.0,0,0,0,0,0,0,0,39,1.45,5.25
ilan-jourdren,Ilan Jourdren,Goalkeeper,RC Lens,Ligue 1,18,0.0,0.0,0.0,0,0,0.0,0.0,0.0,0,0,0,0,0,0,0,40,1.56,7.56
gauthier-hein,Gauthier Hein,Midfielder,OGC Nice,Ligue 1,30,57.0,56.0,0.0,0,0,70.0,12.12,44.0,1,4,7,7,13,1,0,7,5.92,50.76
anis-doubal,Anis Doubal,Defender,Olympique de Marseille,Ligue 1,19,0.0,0.0,0.0,0,0,0.0,0.0,0.0,0,0,0,0,0,0,0,20,,
mathieu-gorgelin,Mathieu Gorgelin,Goalkeeper,RC Lens,Ligue 1,36,85.0,85.0,2.5,1,1,4.3,24.6,60.0,0,2,2,2,7,3,1,23,2.98,7.9
ludovic-blas,Ludovic Blas,Forward,Stade Rennais F.C.,Ligue 1,28,46.0,48.0,0.0,0,0,44.7,6.62,41.06,0,2,8,4,17,6,0,3,6.47,22.75
formose-mendy-2001-01-02,Formose Mendy,Defender,FC Lorient,Ligue 1,25,35.0,32.0,10.0,4,1,2.1,2.44,30.0,0,0,0,0,2,1,1,36,0.79,3.23
mathis-amougou,Mathis Amougou,Midfielder,Toulouse FC,Ligue 1,20,41.0,41.0,30.0,12,5,13.1,6.03,35.0,0,0,0,1,9,2,0,28,2.49,12.86
joao-vitor-da-silva-almeida,João Almeida,Defender,Le Mans FC,Ligue 1,20,35.0,35.0,2.5,1,0,0.1,0.0,35.0,0,0,0,0,1,0,0,27,3.39,11.22
alessandro-longoni,Alessandro Longoni,Goalkeeper,Paris Saint-Germain,Ligue 1,18,0.0,0.0,0.0,0,0,0.0,0.0,0.0,0,0,0,0,0,0,0,6,3.48,15.37
jean-philippe-krasso,Jean-Philippe Krasso,Forward,Paris FC,Ligue 1,29,37.0,42.0,60.0,24,12,27.3,2.64,39.58,0,0,4,1,13,6,0,16,1.85,5.29
nidal-celik,Nidal Čelik,Defender,RC Lens,Ligue 1,20,41.0,41.0,20.0,8,8,16.7,8.59,32.5,0,0,2,0,3,3,0,32,1.65,8.24
mohamed-coulibaly-2008-11-11,Mohamed Coulibaly,Defender,AJ Auxerre,Ligue 1,17,0.0,0.0,0.0,0,0,0.0,0.0,0.0,0,0,0,0,0,0,0,5,,
goncalo-calisto-de-oliveira,Gonçalo Oliveira,Defender,Stade Rennais F.C.,Ligue 1,20,0.0,0.0,0.0,0,0,0.0,0.0,0.0,0,0,0,0,0,0,0,40,1.33,7.07
nassim-laarej,Nassim Laarej,Midfielder,OGC Nice,Ligue 1,17,0.0,0.0,0.0,0,0,0.0,0.0,0.0,0,0,0,0,0,0,0,5,,
enzo-vagner-moraes-de-souza,Enzo Vágner,Forward,Le Mans FC,Ligue 1,20,24.0,24.0,2.5,1,0,0.6,-10.7,35.0,0,0,0,0,0,1,0,27,1.25,5.96
rayan-ouro-bang-na,Rayan Ouro Bang Na,Defender,Olympique de Marseille,Ligue 1,19,0.0,0.0,0.0,0,0,0.0,0.0,0.0,0,0,0,0,0,0,0,30,,
bingourou-kamara,Bingourou Kamara,Goalkeeper,FC Lorient,Ligue 1,29,0.0,0.0,0.0,0,0,0.0,0.0,0.0,0,0,1,0,1,1,1,36,1.52,9.9
takumi-minamino,Takumi Minamino,Midfielder,AS Monaco,Ligue 1,31,46.0,44.0,27.5,11,8,17.6,4.79,39.55,0,1,1,1,4,3,0,30,2.57,11.63
enzo-monchatre,Enzo Monchatre,Forward,Stade Brestois 29,Ligue 1,18,0.0,0.0,0.0,0,0,0.0,0.0,0.0,0,0,0,0,0,0,0,2,,
roman-murcy,Roman Murcy,Midfielder,ESTAC Troyes,Ligue 1,20,37.0,37.0,5.0,2,0,0.4,1.6,35.0,0,0,0,0,4,0,0,35,1.25,7.72
philipp-kohn,Philipp Köhn,Goalkeeper,AS Monaco,Ligue 1,28,57.0,50.0,47.5,19,18,42.5,4.39,45.79,0,2,6,1,4,3,2,22,3.85,20.87
ayanda-sishuba,Ayanda Sishuba,Midfielder,Stade Rennais F.C.,Ligue 1,21,35.0,35.0,27.5,11,0,4.2,0.35,35.0,0,0,0,0,7,4,0,29,1.14,7.39
folarin-balogun,Folarin Balogun,Forward,AS Monaco,Ligue 1,25,47.0,50.0,80.0,32,32,63.7,2.85,46.88,0,1,14,2,10,3,0,10,5.81,27.89
yaya-dieme,Yaya Diémé,Forward,RC Strasbourg Alsace,Ligue 1,18,41.0,41.0,7.5,3,2,17.2,-2.83,43.33,0,0,1,0,0,2,0,7,1.03,5.93
stephan-zagadou,Stephan Zagadou,Defender,Le Havre AC,Ligue 1,17,42.0,42.0,20.0,8,6,14.6,6.28,35.63,0,0,1,1,3,2,1,32,1.8,5.98
gabriel-kerckaert,Gabriel Kerckaert,Goalkeeper,RC Strasbourg Alsace,Ligue 1,18,0.0,0.0,0.0,0,0,0.0,0.0,0.0,0,0,0,0,0,0,0,40,,
samson-baidoo,Samson Baidoo,Defender,RC Lens,Ligue 1,22,50.0,57.0,50.0,20,18,45.8,18.86,38.75,1,2,5,7,5,2,0,18,4.21,18.87
samuel-kondi-nibombe,Samuel Nibombé,Midfielder,AS Monaco,Ligue 1,19,34.0,34.0,5.0,2,0,0.1,-1.5,35.0,0,0,0,0,1,1,0,38,2.19,6.38
nosa-edward-obaretin,Nosa Obaretin,Defender,FC Lorient,Ligue 1,23,41.0,44.0,67.5,27,26,56.8,7.12,36.85,0,2,2,1,12,10,0,13,1.93,5.41
tidiane-devernois,Tidiane Devernois,Midfielder,AJ Auxerre,Ligue 1,18,37.0,37.0,5.0,2,0,0.2,1.9,35.0,0,0,0,0,2,0,0,37,1.46,3.57
justin-bengui-joao,Justin Bengui João,Goalkeeper,Olympique Lyonnais,Ligue 1,21,0.0,0.0,0.0,0,0,0.0,0.0,0.0,0,0,0,0,0,0,0,40,2.49,8.69
thibault-de-smet,Thibault De Smet,Defender,Paris FC,Ligue 1,28,37.0,37.0,37.5,15,11,28.8,3.67,33.67,0,0,1,0,11,6,0,22,1.45,5.33
yvann-birama-konan,Yvann Konan,Goalkeeper,Olympique Lyonnais,Ligue 1,19,0.0,0.0,0.0,0,0,0.0,0.0,0.0,0,0,0,0,0,0,0,40,,
nhoa-sangui,Nhoa Sangui,Defender,Paris FC,Ligue 1,20,45.0,42.0,55.0,22,16,45.3,7.58,34.09,0,1,0,1,17,7,0,14,2.03,9.35
obed-nkambadio,Obed Nkambadio,Goalkeeper,Paris FC,Ligue 1,23,44.0,44.0,22.5,9,9,23.8,5.87,38.33,0,0,2,1,5,3,1,28,3.1,21.48
theo-vermot,Théo Vermot,Goalkeeper,Olympique de Marseille,Ligue 1,29,0.0,0.0,0.0,0,0,0.0,0.0,0.0,0,0,0,0,0,0,0,40,,
nianzou-tanguy-kouassi,Tanguy Nianzou,Defender,LOSC Lille,Ligue 1,24,32.0,32.0,25.0,10,6,13.5,0.83,31.0,0,0,0,1,5,2,3,29,1.68,5.52
aymen-assab,Aymen Assab,Midfielder,AS Monaco,Ligue 1,18,0.0,0.0,0.0,0,0,0.0,0.0,0.0,0,0,0,0,0,0,0,7,,
kabangu-alex-teixeira,Alex Teixeira,Goalkeeper,Le Havre AC,Ligue 1,19,0.0,0.0,0.0,0,0,0.0,0.0,0.0,0,0,0,0,0,0,0,28,,
pape-cabral,Pape Cabral,Midfielder,AS Monaco,Ligue 1,19,39.0,39.0,10.0,4,0,2.2,4.0,35.0,0,0,0,1,1,2,0,36,2.97,11.04
yoan-wakis-kore,Yoan Koré,Defender,Paris FC,Ligue 1,21,42.0,42.0,20.0,8,8,41.6,0.91,41.25,0,2,1,1,6,6,2,22,1.07,3.87
abdoul-bamo-meite,Bamo Meïté,Defender,Olympique de Marseille,Ligue 1,24,40.0,43.0,60.0,24,21,54.0,4.71,37.5,0,2,2,3,8,8,2,15,2.07,11.67
yored-hillel-konate,Hillel Konaté,Goalkeeper,ESTAC Troyes,Ligue 1,31,52.0,49.0,57.5,23,22,59.8,3.39,45.0,0,0,10,1,7,4,1,17,3.73,5.47
elias-alexander-legendre-quinonez,Elías Legendre,Forward,Stade Rennais F.C.,Ligue 1,18,35.0,35.0,15.0,6,0,1.5,0.13,35.0,0,0,0,0,3,3,0,21,2.01,8.32
zacharie-boucher,Zacharie Boucher,Goalkeeper,ESTAC Troyes,Ligue 1,34,41.0,41.0,5.0,2,2,5.5,3.35,37.5,0,0,1,0,0,0,1,38,1.95,6.79
oumar-kalifa-pona,Oumar Pona,Goalkeeper,Angers SCO,Ligue 1,20,33.0,33.0,5.0,2,2,5.5,-1.9,35.0,0,0,0,0,1,1,0,38,1.22,10.21
soriba-diaoune,Soriba Diaoune,Forward,LOSC Lille,Ligue 1,19,40.0,42.0,35.0,14,1,5.9,1.74,40.36,0,0,2,0,6,5,0,27,1.94,14.78
jules-bouffandeau,Jules Bouffandeau,Midfielder,Angers SCO,Ligue 1,17,0.0,0.0,0.0,0,0,0.0,0.0,0.0,0,0,0,0,0,0,0,5,,
orlando-gill,Orlando Gill,Goalkeeper,LOSC Lille,Ligue 1,26,49.0,53.0,80.0,32,32,72.8,7.83,45.31,0,6,9,2,8,4,2,9,5.4,39.49
matthias-da-silva,Matthias da Silva,Goalkeeper,Olympique Lyonnais,Ligue 1,18,0.0,0.0,0.0,0,0,0.0,0.0,0.0,0,0,0,0,0,0,0,40,,
idrissa-soukouna,Idrissa Soukouna,Midfielder,ESTAC Troyes,Ligue 1,18,0.0,0.0,0.0,0,0,0.0,0.0,0.0,0,0,0,0,0,0,0,5,,
salimou-danfakha,Salimou Danfakha,Defender,AJ Auxerre,Ligue 1,18,0.0,0.0,0.0,0,0,0.0,0.0,0.0,0,0,0,0,0,0,0,5,,
regis-gurtner,Régis Gurtner,Goalkeeper,RC Lens,Ligue 1,39,0.0,0.0,0.0,0,0,0.0,0.0,0.0,0,0,0,0,0,0,0,40,0.44,8.23
benjamin-gustav-brantlind,Benjamin Brantlind,Midfielder,RC Strasbourg Alsace,Ligue 1,18,0.0,0.0,0.0,0,0,0.0,0.0,0.0,0,0,0,0,0,0,0,5,1.5,6.19
souleymane-isaak-toure,Isaak Touré,Defender,FC Lorient,Ligue 1,23,37.0,37.0,2.5,1,0,0.8,1.7,35.0,0,0,0,0,1,0,0,39,1.8,3.43
jhoanner-stalin-chavez-quintero,Jhoanner Chávez,Defender,RC Lens,Ligue 1,24,0.0,0.0,0.0,0,0,0.0,0.0,0.0,0,0,0,0,0,0,0,40,1.74,5.11
yvan-zaddy,Yvan Zaddy,Midfielder,AJ Auxerre,Ligue 1,20,33.0,33.0,2.5,1,0,0.0,-1.7,35.0,0,0,0,0,0,1,0,29,,
issiaga-camara,Issiaga Camara,Midfielder,OGC Nice,Ligue 1,21,0.0,0.0,0.0,0,0,0.0,0.0,0.0,0,0,0,4,7,1,0,28,0.46,4.29
mouhamed-lamine-ndiaye,Lamine Ndiaye,Defender,Le Havre AC,Ligue 1,21,0.0,0.0,0.0,0,0,0.0,0.0,0.0,0,0,0,0,0,0,0,36,,
ryan-rodin,Ryan Rodin,Forward,AJ Auxerre,Ligue 1,20,34.0,34.0,7.5,3,0,0.7,-0.93,35.0,0,0,0,0,1,2,0,36,0.38,10.62
abu-francis,Abu Francis,Midfielder,Toulouse FC,Ligue 1,25,40.0,40.0,17.5,7,6,13.9,8.23,32.14,0,0,1,1,4,2,0,32,2.65,2.11
assane-diousse-el-hadji,Assane Diousse,Midfielder,AJ Auxerre,Ligue 1,29,37.0,37.0,37.5,15,1,6.1,1.93,35.0,0,0,0,0,12,4,0,24,1.51,6.42
tiago-manuel-goncalves-silva,Tiago Gonçalves,Midfielder,Olympique Lyonnais,Ligue 1,18,36.0,36.0,7.5,3,0,1.1,0.73,35.0,0,0,0,0,3,0,0,37,,
deivid-washington-de-souza-eugenio,Deivid Washington,Forward,RC Strasbourg Alsace,Ligue 1,21,0.0,0.0,0.0,0,0,0.0,0.0,0.0,0,0,1,1,10,5,0,23,2.19,11.58
yoann-becker,Yoann Becker,Defender,RC Strasbourg Alsace,Ligue 1,17,0.0,0.0,0.0,0,0,0.0,0.0,0.0,0,0,0,0,0,0,0,25,,
evan-mailly,Evan Mailly,Defender,Stade Brestois 29,Ligue 1,18,0.0,0.0,0.0,0,0,0.0,0.0,0.0,0,0,0,0,0,0,0,6,,
steeve-kango,Steeve Kango,Defender,Olympique Lyonnais,Ligue 1,19,37.0,37.0,15.0,6,3,12.0,2.49,35.0,0,0,0,1,2,3,0,16,2.89,8.04
jules-stawiecki,Jules Stawiecki,Goalkeeper,AS Monaco,Ligue 1,19,0.0,0.0,0.0,0,0,0.0,0.0,0.0,0,0,0,0,0,0,0,40,,
kelyann-bezahaf,Kelyann Bezahaf,Defender,Olympique de Marseille,Ligue 1,20,0.0,0.0,0.0,0,0,0.0,0.0,0.0,0,0,0,0,0,0,0,9,,
omari-kellyman,Omari Kellyman,Midfielder,RC Strasbourg Alsace,Ligue 1,21,0.0,0.0,0.0,0,0,0.0,0.0,0.0,0,0,0,0,0,0,0,40,1.69,8.37
adil-hamdani,Adil Hamdani,Forward,Olympique Lyonnais,Ligue 1,17,40.0,40.0,15.0,6,0,0.9,1.05,39.17,0,0,1,0,5,0,0,29,,
bryan-ikemefuna-okoh,Bryan Okoh,Defender,AJ Auxerre,Ligue 1,23,57.0,57.0,67.5,27,21,48.0,18.13,39.07,3,2,6,4,9,2,0,14,2.05,7.66
emmanuel-mbemba-nlandu,Emmanuel Mbemba,Defender,Paris FC,Ligue 1,18,0.0,0.0,0.0,0,0,0.0,0.0,0.0,0,0,0,0,0,0,0,5,,
enisio-carneiro,Enisio Carneiro,Defender,ESTAC Troyes,Ligue 1,19,0.0,0.0,0.0,0,0,0.0,0.0,0.0,0,0,0,0,0,0,0,3,,
julien-duranville,Julien Duranville,Forward,Olympique Lyonnais,Ligue 1,20,41.0,43.0,45.0,18,11,20.5,4.09,39.17,0,0,3,1,10,4,0,22,1.9,12.39
muhamad-bamba,Mohamed Bamba,Forward,FC Lorient,Ligue 1,24,38.0,39.0,35.0,14,6,15.6,0.56,38.57,0,0,3,0,8,8,0,21,1.08,7.98
alidu-seidu,Alidu Seidu,Defender,OGC Nice,Ligue 1,26,37.0,46.0,50.0,20,13,30.0,10.5,35.25,0,2,0,2,7,6,0,23,3.97,9.24
hamza-igmane,Hamza Igamane,Forward,LOSC Lille,Ligue 1,23,42.0,43.0,20.0,8,3,6.5,0.68,42.5,0,0,2,0,3,1,0,34,4.83,22.76
hermann-benny-diandaga-malonga,Hermann Malonga,Defender,RC Strasbourg Alsace,Ligue 1,18,0.0,0.0,0.0,0,0,0.0,0.0,0.0,0,0,0,0,0,0,0,5,,
remi-stephane-himbert,Rémi Himbert,Forward,Olympique Lyonnais,Ligue 1,18,40.0,40.0,25.0,10,3,10.0,0.09,40.0,0,0,2,0,4,4,0,26,2.38,10.22
mathieu-frank-patouillet,Mathieu Patouillet,Goalkeeper,Stade Brestois 29,Ligue 1,22,70.0,70.0,5.0,2,2,16.4,10.2,60.0,0,1,1,0,0,0,0,18,3.36,16.01
quentin-ndjantou-mbitcha,Quentin Ndjantou,Forward,Paris Saint-Germain,Ligue 1,19,46.0,52.0,12.5,5,2,5.2,2.44,50.0,0,0,3,0,0,1,0,36,3.33,10.65
kilian-belazzoug,Kilian Belazzoug,Goalkeeper,Stade Rennais F.C.,Ligue 1,20,0.0,0.0,0.0,0,0,0.0,0.0,0.0,0,0,0,0,0,0,0,31,2.24,6.85
teddy-boulhendi,Teddy Boulhendi,Goalkeeper,OGC Nice,Ligue 1,25,0.0,0.0,0.0,0,0,0.0,0.0,0.0,0,0,0,0,0,0,0,40,1.37,9.26
ibrahim-traore,Ibrahim Traoré,Forward,ESTAC Troyes,Ligue 1,20,37.0,37.0,2.5,1,0,0.0,2.1,35.0,0,0,0,0,1,0,0,39,1.07,5.88
paul-antoine-robin-stanislas-argney,Paul Argney,Goalkeeper,Le Havre AC,Ligue 1,20,39.0,39.0,2.5,1,1,2.6,4.0,35.0,0,0,0,0,1,0,0,39,1.66,7.39
daniel-batz,Daniel Batz,Goalkeeper,Borussia Mönchengladbach,Bundesliga,35,52.0,52.0,67.5,27,27,60.8,9.69,42.59,0,2,8,3,11,2,1,13,2.22,9.8
matthias-ginter,Matthias Ginter,Defender,Sport-Club Freiburg,Bundesliga,32,70.0,63.0,95.0,38,38,84.1,17.67,46.18,4,9,4,7,9,4,0,3,36.66,108.43
dayotchanculle-upamecano,Dayot Upamecano,Defender,FC Bayern München,Bundesliga,27,71.0,65.0,77.5,31,28,62.9,24.43,40.81,2,6,9,5,7,1,0,10,60.84,344.75
jeremiaha-maluze,Jeremiaha Maluze,Defender,Eintracht Frankfurt,Bundesliga,21,80.0,80.0,5.0,2,2,60.0,32.06,47.5,0,1,1,0,0,0,0,2,8.18,31.39
igor-matanovic,Igor Matanović,Forward,Sport-Club Freiburg,Bundesliga,23,58.0,53.0,92.5,37,27,63.9,6.01,47.16,0,8,8,1,12,9,0,2,34.49,145.69
alphonso-davies,Alphonso Davies,Defender,FC Bayern München,Bundesliga,25,62.0,54.0,65.0,26,10,25.5,11.02,43.65,1,3,6,5,7,4,0,14,41.49,161.6
aleix-garcia-serrano,Aleix García,Midfielder,Bayer 04 Leverkusen,Bundesliga,29,74.0,65.0,95.0,38,37,79.8,22.9,42.5,2,10,9,10,6,0,0,3,69.25,302.74
andrej-ilic,Andrej Ilić,Forward,1. FC Union Berlin,Bundesliga,26,53.0,46.0,75.0,30,21,55.3,1.38,44.17,0,4,6,0,11,11,1,7,2.09,22.31
joshua-kimmich,Joshua Kimmich,Midfielder,FC Bayern München,Bundesliga,31,76.0,69.0,87.5,35,31,70.8,28.57,41.86,4,9,10,5,6,0,0,6,161.35,887.57
michael-olise,Michael Olise,Midfielder,FC Bayern München,Bundesliga,24,68.0,72.0,92.5,37,29,67.4,20.54,53.24,4,15,8,3,6,0,0,4,209.29,1077.47
rocco-reitz,Rocco Reitz,Midfielder,RB Leipzig,Bundesliga,24,56.0,51.0,72.5,29,29,70.1,11.8,39.14,0,4,8,5,9,6,1,7,10.38,44.27
nikolas-nartey,Nikolas Nartey,Midfielder,VfB Stuttgart,Bundesliga,26,47.0,48.0,62.5,25,13,29.4,6.64,41.6,0,2,6,1,10,5,1,15,2.27,7.67
hasan-kurucay,Hasan Kuruçay,Defender,FC Schalke 04,Bundesliga,29,65.0,61.0,70.0,28,27,76.1,20.96,40.89,1,8,3,7,10,3,1,7,6.98,37.17
bernardo-fernandes-da-silva-junior,Bernardo,Defender,TSG Hoffenheim,Bundesliga,31,51.0,52.0,65.0,26,23,59.3,14.45,37.5,0,3,8,6,6,6,2,9,3.48,17.86
serhou-guirassy,Serhou Guirassy,Forward,Borussia Dortmund,Bundesliga,30,62.0,51.0,100.0,40,33,70.0,3.64,47.63,0,3,16,0,12,7,1,1,42.1,281.52
calvin-marc-brackelmann,Calvin Brackelmann,Defender,FC Augsburg,Bundesliga,27,59.0,54.0,60.0,24,23,59.3,13.95,39.58,1,6,6,2,9,4,1,11,7.43,24.27
maximilian-eggestein,Maximilian Eggestein,Midfielder,Sport-Club Freiburg,Bundesliga,29,54.0,48.0,97.5,39,39,86.8,9.89,38.33,0,2,6,6,19,4,1,2,16.75,49.05
aleksandar-pavlovic,Aleksandar Pavlović,Midfielder,FC Bayern München,Bundesliga,22,58.0,58.0,80.0,32,29,59.0,18.62,39.69,1,3,9,9,8,1,0,9,68.75,151.99
jonathan-tah,Jonathan Tah,Defender,FC Bayern München,Bundesliga,30,58.0,54.0,87.5,35,29,63.3,15.65,39.57,1,5,7,4,10,6,0,7,28.01,146.53
kaishu-sano,Kaishu Sano,Midfielder,1. FSV Mainz 05,Bundesliga,25,59.0,55.0,95.0,38,37,83.6,16.29,38.29,0,4,9,7,13,5,0,2,23.03,84.55
oliver-burke,Oliver Burke,Forward,1. FC Union Berlin,Bundesliga,29,49.0,44.0,65.0,26,20,46.1,2.65,41.54,0,1,5,2,15,7,0,10,2.64,3.1
ioannis-konstantelias,Giannis Konstantelias,Midfielder,Borussia Dortmund,Bundesliga,23,63.0,57.0,35.0,14,10,45.0,11.43,45.71,1,3,7,2,10,4,1,12,12.11,210.7
andrija-maksimovic,Andrija Maksimović,Midfielder,RB Leipzig,Bundesliga,19,43.0,43.0,25.0,10,1,4.6,2.69,40.0,0,0,2,0,7,2,0,29,3.48,17.42
valentin-gendrey,Valentin Gendrey,Defender,TSG Hoffenheim,Bundesliga,26,44.0,44.0,22.5,9,0,2.2,0.72,43.33,0,0,3,0,2,4,0,31,2.37,12.09
jonathan-burkardt,Jonathan Burkardt,Forward,Eintracht Frankfurt,Bundesliga,26,55.0,51.0,60.0,24,16,35.5,3.24,47.5,0,5,5,1,3,9,0,17,22.48,90.81
waldemar-anton,Waldemar Anton,Defender,Borussia Dortmund,Bundesliga,30,59.0,59.0,82.5,33,31,67.8,19.95,39.09,2,4,9,8,7,2,1,7,29.44,123.28
miguel-gutierrez-ortega,Miguel Gutiérrez,Defender,Bayer 04 Leverkusen,Bundesliga,25,54.0,48.0,80.0,32,19,45.9,10.78,37.66,1,2,3,5,15,5,0,9,17.13,122.24
adam-daghim,Adam Daghim,Forward,TSG Hoffenheim,Bundesliga,20,53.0,48.0,85.0,34,17,48.0,6.03,41.62,0,4,5,2,15,7,0,7,16.18,68.04
maximilian-mittelstadt,Maximilian Mittelstädt,Defender,VfB Stuttgart,Bundesliga,29,68.0,64.0,92.5,37,29,64.7,20.59,44.32,3,8,7,8,9,2,0,3,37.43,258.51
olivier-deman,Olivier Deman,Midfielder,SV Werder Bremen,Bundesliga,26,55.0,53.0,47.5,19,17,44.9,11.55,41.58,2,1,2,4,9,3,0,19,4.44,20.87
noahkai-kai-daniel-banks,Noahkai Banks,Defender,FC Augsburg,Bundesliga,19,53.0,52.0,62.5,25,23,58.7,11.84,40.0,0,2,8,4,7,5,0,14,6.12,38.7
fabian-rieder,Fabian Rieder,Midfielder,FC Augsburg,Bundesliga,24,53.0,45.0,97.5,39,31,67.2,6.16,39.23,0,5,5,3,13,11,1,2,17.73,69.98
joane-kouakou-gadou,Joane Gadou,Defender,Borussia Dortmund,Bundesliga,19,59.0,51.0,62.5,25,25,56.1,16.88,34.6,0,4,5,4,6,7,0,14,14.15,116.9
harry-kane,Harry Kane,Forward,FC Bayern München,Bundesliga,33,57.0,66.0,87.5,35,29,68.7,10.39,55.43,1,14,8,1,9,1,0,6,181.84,787.86
timo-becker,Timo Becker,Defender,FC Schalke 04,Bundesliga,29,68.0,53.0,57.5,23,21,55.4,14.53,38.7,2,1,7,4,10,7,0,9,8.18,37.3
loris-karius,Loris Karius,Goalkeeper,FC Schalke 04,Bundesliga,33,55.0,56.0,67.5,27,27,78.4,9.41,46.11,0,5,10,4,11,3,0,7,21.4,107.91
younes-ebnoutalib,Younes Ebnoutalib,Forward,Eintracht Frankfurt,Bundesliga,23,50.0,50.0,50.0,20,15,36.8,2.44,47.5,0,5,5,0,5,8,0,17,8.24,59.35
kofi-jeremy-amoako,Kofi Amoako,Midfielder,Hamburger SV,Bundesliga,21,47.0,44.0,67.5,27,25,59.7,7.74,36.11,0,1,2,4,18,6,1,8,2.07,5.25
nico-schlotterbeck,Nico Schlotterbeck,Defender,Borussia Dortmund,Bundesliga,26,73.0,68.0,82.5,33,33,72.2,27.45,41.67,5,9,4,5,4,3,0,10,84.76,385.02
marco-grull,Marco Grüll,Forward,SV Werder Bremen,Bundesliga,28,49.0,47.0,85.0,34,23,53.3,7.73,39.71,1,2,4,2,18,8,0,5,7.03,33.97
daniel-svensson-2002-02-12,Daniel Svensson,Defender,Borussia Dortmund,Bundesliga,24,51.0,45.0,92.5,37,28,64.9,8.07,36.89,0,3,4,7,8,12,2,4,13.01,43.11
hee-chan-hwang,Hwang Hee-Chan,Forward,FC Schalke 04,Bundesliga,30,43.0,40.0,65.0,26,17,35.4,3.42,36.73,0,2,1,0,11,9,1,16,2.53,19.0
tom-zimmerschied,Tom Zimmerschied,Forward,SV 07 Elversberg,Bundesliga,27,58.0,53.0,70.0,28,28,73.7,9.14,44.29,0,3,9,2,18,2,0,6,3.42,9.11
christopher-nkunku,Christopher Nkunku,Forward,RB Leipzig,Bundesliga,28,55.0,49.0,90.0,36,19,41.6,4.77,44.31,0,1,11,1,14,8,0,5,26.49,134.09
lilian-brassier,Lilian Brassier,Defender,Eintracht Frankfurt,Bundesliga,26,56.0,50.0,70.0,28,26,69.1,14.02,36.07,0,3,7,4,8,8,0,10,5.16,36.47
hennes-behrens,Hennes Behrens,Defender,FC Augsburg,Bundesliga,21,54.0,52.0,47.5,19,18,46.7,11.71,39.47,0,2,4,1,11,1,0,21,8.53,32.05
julian-chabot,Jeff Chabot,Defender,VfB Stuttgart,Bundesliga,28,58.0,51.0,80.0,32,31,67.3,18.17,33.28,0,3,6,7,11,4,0,9,8.48,50.74
antonio-eromonsele-nordby-nusa,Antonio Nusa,Midfielder,RB Leipzig,Bundesliga,21,53.0,52.0,95.0,38,31,61.9,11.24,41.05,1,5,4,6,20,1,0,3,26.25,125.9
noel-futkeu,Noel Futkeu,Forward,SV 07 Elversberg,Bundesliga,23,59.0,52.0,75.0,30,25,73.0,2.97,48.83,0,6,14,0,11,7,0,2,5.42,29.42
maximilian-rosenfelder,Max Rosenfelder,Defender,Sport-Club Freiburg,Bundesliga,23,49.0,48.0,32.5,13,7,16.4,11.6,35.38,0,0,5,1,3,2,1,28,2.44,11.87
tim-breithaupt,Tim Breithaupt,Midfielder,FC Augsburg,Bundesliga,24,43.0,45.0,37.5,15,13,32.8,8.09,36.67,0,0,1,1,15,1,0,22,3.02,7.56
karl-jakob-hein,Karl Hein,Goalkeeper,SV Werder Bremen,Bundesliga,24,56.0,56.0,20.0,8,8,19.5,8.29,47.5,0,3,2,0,2,1,1,31,15.84,95.56
christopher-trimmel,Christopher Trimmel,Defender,1. FC Union Berlin,Bundesliga,39,52.0,48.0,67.5,27,19,48.4,8.82,38.7,0,1,8,4,9,10,0,8,2.97,6.36
phillip-tietz,Phillip Tietz,Forward,1. FSV Mainz 05,Bundesliga,29,52.0,45.0,82.5,33,26,61.9,1.51,43.03,0,2,7,0,15,10,0,6,13.97,40.78
michael-gregoritsch,Michael Gregoritsch,Forward,FC Augsburg,Bundesliga,32,55.0,50.0,87.5,35,19,43.8,3.12,46.86,0,3,11,0,13,7,0,6,11.54,45.97
montrell-amare-culbreath,Montrell Culbreath,Midfielder,Bayer 04 Leverkusen,Bundesliga,19,47.0,45.0,37.5,15,9,19.9,7.97,37.0,0,0,3,2,7,2,1,25,2.71,29.79
maxime-esteve,Maxime Esteve,Defender,RB Leipzig,Bundesliga,24,46.0,45.0,77.5,31,30,70.3,10.9,34.03,0,2,2,8,17,2,2,7,5.26,25.37
maarten-vandevoordt,Maarten Vandevoordt,Goalkeeper,RB Leipzig,Bundesliga,24,54.0,51.0,40.0,16,15,36.2,8.07,43.13,0,4,2,1,4,5,0,24,35.4,264.46
tim-skarke,Tim Skarke,Midfielder,1. FC Union Berlin,Bundesliga,30,47.0,42.0,57.5,23,4,18.7,2.15,39.35,0,0,4,0,12,11,0,13,2.16,4.38
mattes-hansen,Mattes Hansen,Defender,SC Paderborn 07,Bundesliga,22,57.0,50.0,72.5,29,22,58.1,15.98,34.48,1,3,4,5,13,6,2,6,4.11,14.12
maurice-krattenmacher,Maurice Krattenmacher,Midfielder,SV 07 Elversberg,Bundesliga,21,45.0,44.0,47.5,19,16,13.9,4.12,39.47,1,0,5,0,21,8,0,5,12.31,39.25
derry-lionel-scherhant,Derry Scherhant,Forward,Sport-Club Freiburg,Bundesliga,23,49.0,43.0,90.0,36,16,40.8,3.53,39.72,1,0,5,0,21,8,0,5,12.31,39.25
jobe-bellingham,Jobe Bellingham,Midfielder,Borussia Dortmund,Bundesliga,20,52.0,49.0,95.0,38,27,61.0,13.0,36.18,0,3,4,9,18,3,0,3,12.02,55.09
amos-pieper,Amos Pieper,Defender,SV Werder Bremen,Bundesliga,28,54.0,57.0,55.0,22,22,52.2,19.03,37.5,0,5,6,4,7,2,0,16,7.11,32.98
bambase-conte,Bambasé Conté,Midfielder,TSG Hoffenheim,Bundesliga,23,48.0,57.0,57.5,23,18,48.6,13.2,45.0,1,4,5,4,12,4,0,10,5.67,26.15
castello-lukeba,Castello Lukeba,Defender,RB Leipzig,Bundesliga,23,55.0,56.0,65.0,26,24,61.7,18.34,37.88,1,3,9,6,6,5,0,10,12.12,56.76
jordy-makengo-basambundu,Jordy Makengo,Defender,Sport-Club Freiburg,Bundesliga,25,47.0,44.0,55.0,22,14,33.9,6.04,38.41,0,2,2,2,8,6,1,19,4.41,21.49
laurin-curda,Laurin Curda,Defender,SC Paderborn 07,Bundesliga,24,55.0,58.0,77.5,31,31,82.2,12.98,44.68,1,8,7,1,15,5,0,3,4.4,24.21
enzo-leopold,Enzo Leopold,Midfielder,Borussia Mönchengladbach,Bundesliga,26,57.0,63.0,72.5,29,29,80.6,21.65,41.03,1,9,9,5,11,1,0,4,1.95,7.65
philipp-lienhart,Philipp Lienhart,Defender,Sport-Club Freiburg,Bundesliga,30,49.0,47.0,60.0,24,16,35.8,11.29,35.21,0,1,3,6,6,5,1,18,6.19,21.42
fabio-daniel-soares-silva,Fábio Silva,Forward,Borussia Dortmund,Bundesliga,24,49.0,46.0,92.5,37,10,29.2,2.03,43.78,0,1,12,0,13,10,0,4,14.76,65.21
edmond-faycal-tapsoba,Edmond Tapsoba,Defender,Bayer 04 Leverkusen,Bundesliga,27,55.0,55.0,82.5,33,32,72.0,17.01,37.88,1,4,5,9,9,3,1,8,10.23,57.68
manuel-neuer,Manuel Neuer,Goalkeeper,FC Bayern München,Bundesliga,40,46.0,43.0,60.0,24,24,51.8,6.69,35.83,0,1,5,0,10,5,3,16,104.44,359.71
philipp-treu,Philipp Treu,Defender,Sport-Club Freiburg,Bundesliga,25,48.0,44.0,92.5,37,34,75.1,6.58,37.3,0,3,5,5,11,8,4,4,8.0,31.16
dariusz-piotr-stalmach,Dariusz Stalmach,Midfielder,SV Werder Bremen,Bundesliga,20,48.0,49.0,60.0,24,7,27.3,7.38,41.67,0,4,3,2,9,9,0,13,1.75,6.33
david-ngabi-mokwa-ntusu,David Mokwa,Forward,SV 07 Elversberg,Bundesliga,22,48.0,46.0,50.0,20,17,45.2,1.27,44.25,0,0,7,0,7,6,0,20,9.28,38.75
adil-aouchiche,Adil Aouchiche,Midfielder,FC Schalke 04,Bundesliga,24,57.0,52.0,87.5,35,32,64.4,11.75,40.29,0,5,7,5,16,2,0,5,9.35,43.56
yannik-engelhardt,Yannik Engelhardt,Midfielder,Sport-Club Freiburg,Bundesliga,25,48.0,46.0,87.5,35,34,80.6,7.07,39.0,1,2,4,6,15,7,1,4,5.01,30.83
robin-koch,Robin Koch,Defender,Eintracht Frankfurt,Bundesliga,30,54.0,53.0,90.0,36,36,79.9,15.97,37.5,0,4,9,10,7,3,2,5,12.18,51.25
sheraldo-becker,Sheraldo Becker,Forward,1. FSV Mainz 05,Bundesliga,31,52.0,46.0,70.0,28,17,38.5,4.08,41.96,0,1,6,1,10,9,0,13,7.46,61.39
patrik-schick,Patrik Schick,Forward,Bayer 04 Leverkusen,Bundesliga,30,50.0,49.0,87.5,35,27,60.7,1.8,47.43,0,2,12,0,11,9,0,6,20.99,96.82
ignacio-ezequiel-agustin-fernandez-carballo,Ignacio Fernández,Midfielder,Bayer 04 Leverkusen,Bundesliga,24,49.0,47.0,65.0,26,15,30.1,9.23,37.88,0,1,3,3,15,3,0,15,6.59,38.03
anton-kade,Anton Kade,Midfielder,FC Augsburg,Bundesliga,22,53.0,45.0,70.0,28,19,53.2,3.58,41.25,0,2,5,1,12,10,1,9,4.28,30.57
chrislain-matsima,Chrislain Matsima,Defender,FC Augsburg,Bundesliga,24,49.0,52.0,45.0,18,17,43.8,13.83,38.06,0,3,5,0,10,4,0,18,6.13,36.89
chris-fuhrich,Chris Führich,Midfielder,VfB Stuttgart,Bundesliga,28,62.0,55.0,95.0,38,25,52.0,12.14,42.63,0,5,10,4,18,0,1,2,12.13,89.85
lukas-pinckert,Lukas Pinckert,Defender,SV 07 Elversberg,Bundesliga,26,51.0,48.0,65.0,26,25,73.1,10.94,37.12,0,2,8,4,11,4,4,7,3.03,19.6
loic-bade,Loïc Badé,Defender,Bayer 04 Leverkusen,Bundesliga,26,57.0,62.0,62.5,25,20,43.4,21.39,40.8,1,5,6,2,10,0,0,16,3.54,30.0
tjark-lasse-scheller,Tjark Scheller,Defender,SC Paderborn 07,Bundesliga,24,48.0,50.0,82.5,33,32,86.6,13.79,36.36,0,5,7,3,13,7,2,3,2.44,12.43
tom-bischof,Tom Bischof,Midfielder,FC Bayern München,Bundesliga,21,59.0,49.0,75.0,30,15,35.5,11.22,37.83,0,3,4,2,18,2,0,11,12.45,75.23
angelo-stiller,Angelo Stiller,Midfielder,VfB Stuttgart,Bundesliga,25,52.0,54.0,90.0,36,32,69.0,16.48,37.22,0,4,9,5,14,3,0,5,20.84,164.23
facundo-axel-medina,Facundo Medina,Defender,Olympique de Marseille,Ligue 1,27,54.0,52.0,70.0,28,24,53.1,12.8,38.93,0,3,7,5,8,2,1,14,8.45,37.4
martin-adeline,Martin Adeline,Midfielder,Hamburger SV,Bundesliga,22,66.0,57.0,72.5,29,29,70.2,8.67,47.76,1,9,8,1,12,4,1,4,2.17,28.18
robin-gosens,Robin Gosens,Defender,FC Schalke 04,Bundesliga,32,52.0,49.0,65.0,26,22,44.6,10.16,38.85,0,1,6,4,11,4,0,14,5.61,33.46
senne-lynen,Senne Lynen,Midfielder,SV Werder Bremen,Bundesliga,27,51.0,46.0,72.5,29,29,74.5,12.3,33.97,0,1,1,10,18,3,1,6,1.8,14.7
josip-juranovic,Josip Juranovic,Defender,1. FC Union Berlin,Bundesliga,31,51.0,50.0,32.5,13,6,16.9,6.58,43.46,0,2,2,1,5,4,0,26,0.83,31.27
willi-orban,Willi Orbán,Defender,RB Leipzig,Bundesliga,33,60.0,60.0,97.5,39,39,87.2,23.78,36.92,1,8,8,12,6,1,2,2,23.93,119.91
lennart-karl,Lennart Karl,Midfielder,FC Bayern München,Bundesliga,18,54.0,55.0,75.0,30,22,41.2,7.85,46.83,0,5,8,1,10,5,0,11,28.37,110.57
christian-gunter,Christian Günter,Defender,Sport-Club Freiburg,Bundesliga,33,42.0,46.0,62.5,25,20,43.5,6.94,39.0,0,1,4,2,13,5,0,15,1.71,7.99
ermedin-demirovic,Ermedin Demirović,Forward,VfB Stuttgart,Bundesliga,28,47.0,47.0,87.5,35,23,53.4,1.53,45.43,0,3,10,0,9,13,0,5,7.75,37.2
gregor-kobel,Gregor Kobel,Goalkeeper,Borussia Dortmund,Bundesliga,28,57.0,52.0,97.5,39,39,89.2,7.59,43.97,0,4,12,0,18,5,0,1,70.9,375.12
carl-klaus,Carl Klaus,Goalkeeper,1. FC Union Berlin,Bundesliga,32,49.0,49.0,10.0,4,3,9.7,7.75,41.25,0,0,1,0,3,0,0,36,0.95,6.12
hugo-bolin,Hugo Bolin,Midfielder,Borussia Mönchengladbach,Bundesliga,23,50.0,45.0,55.0,22,14,49.9,5.28,40.0,0,2,3,3,17,5,0,10,5.83,61.42
felix-kalu-nmecha,Felix Nmecha,Midfielder,Borussia Dortmund,Bundesliga,25,57.0,52.0,87.5,35,31,66.8,12.87,38.71,1,4,4,6,11,6,2,6,32.85,127.19
min-jae-kim,Minjae Kim ,Defender,FC Bayern München,Bundesliga,29,60.0,58.0,70.0,28,23,49.7,21.39,36.25,0,6,5,6,8,2,0,13,14.11,70.41
maximilian-beier,Maximilian Beier,Forward,Borussia Dortmund,Bundesliga,23,53.0,49.0,87.5,35,26,53.6,3.57,45.86,0,3,11,0,11,9,0,6,6.97,42.79
mark-flekken,Mark Flekken,Goalkeeper,Bayer 04 Leverkusen,Bundesliga,33,48.0,45.0,45.0,18,18,38.1,5.51,39.44,1,1,3,2,7,5,0,21,27.2,178.69
malik-tillman,Malik Tillman,Midfielder,Bayer 04 Leverkusen,Bundesliga,24,57.0,49.0,95.0,38,22,52.2,8.4,40.66,0,2,9,3,16,6,1,3,10.99,58.11
fabio-christian-chiarodia,Fabio Chiarodia,Defender,Borussia Mönchengladbach,Bundesliga,21,42.0,40.0,35.0,14,7,19.3,4.93,35.0,0,1,1,2,6,6,0,24,2.07,8.65
linton-maina,Linton Maina,Midfielder,1. FC Köln,Bundesliga,27,49.0,44.0,67.5,27,11,34.9,5.45,38.7,0,1,4,0,20,4,0,11,3.26,17.74
nahuel-nicolas-noll,Nahuel Noll,Goalkeeper,SC Paderborn 07,Bundesliga,23,48.0,54.0,80.0,32,32,90.0,10.81,42.97,1,5,10,4,11,6,0,3,14.89,64.99
vincenzo-grifo,Vincenzo Grifo,Midfielder,Sport-Club Freiburg,Bundesliga,33,51.0,50.0,95.0,38,23,48.5,5.79,43.42,0,2,10,2,18,5,0,3,3.81,31.46
philipp-mwene,Phillipp Mwene,Defender,1. FSV Mainz 05,Bundesliga,32,54.0,43.0,75.0,30,25,53.3,3.17,40.67,2,2,3,1,7,10,4,11,2.97,17.89
lukas-kubler,Lukas Kübler,Defender,Sport-Club Freiburg,Bundesliga,34,48.0,47.0,60.0,24,16,34.8,7.91,39.58,1,2,2,3,10,6,0,16,0.9,6.92
paul-nebel,Paul Nebel,Midfielder,1. FSV Mainz 05,Bundesliga,23,51.0,45.0,87.5,35,27,60.0,4.98,39.71,0,4,3,3,16,7,1,6,5.39,21.26
david-raum,David Raum,Defender,RB Leipzig,Bundesliga,28,52.0,59.0,85.0,34,32,67.6,19.83,40.44,3,8,7,3,7,4,1,7,30.74,274.57
vladimir-coufal,Vladimír Coufal,Defender,TSG Hoffenheim,Bundesliga,34,56.0,54.0,100.0,40,40,89.2,13.17,41.25,2,5,9,6,8,7,2,1,11.8,62.55
andras-schafer,András Schäfer,Midfielder,1. FC Union Berlin,Bundesliga,27,53.0,45.0,90.0,36,22,50.7,7.11,38.19,0,1,3,3,20,7,0,6,1.79,8.9
livan-baha-burcu,Livan Burcu,Forward,1. FC Union Berlin,Bundesliga,21,47.0,41.0,52.5,21,8,23.5,2.7,38.57,0,0,3,0,12,7,0,18,2.52,20.44
arthur-augusto-de-matos-soares,Arthur,Defender,SV Werder Bremen,Bundesliga,23,44.0,41.0,65.0,26,16,36.1,0.14,40.77,0,1,5,1,8,10,0,15,3.04,14.7
satoshi-tanaka,Satoshi Tanaka,Midfielder,FC Schalke 04,Bundesliga,24,54.0,59.0,65.0,26,24,67.6,21.27,38.08,0,5,8,8,9,1,1,8,4.16,33.9
leopold-querfeld,Leopold Querfeld,Defender,1. FC Union Berlin,Bundesliga,22,45.0,49.0,75.0,30,29,68.8,10.86,37.67,0,3,7,2,13,3,3,9,2.52,16.39
ibrahim-maza,Ibrahim Maza,Midfielder,Bayer 04 Leverkusen,Bundesliga,20,42.0,49.0,90.0,36,32,66.5,7.4,41.11,1,4,4,3,12,10,0,6,21.42,97.99
jae-sung-lee,Jae-Sung Lee,Midfielder,1. FSV Mainz 05,Bundesliga,34,43.0,48.0,80.0,32,27,57.2,7.23,40.47,0,3,6,2,17,4,0,8,2.76,17.98
fabio-daniel-ferreira-vieira,Fábio Vieira,Midfielder,Hamburger SV,Bundesliga,26,54.0,53.0,75.0,30,24,62.9,9.89,42.83,0,2,10,2,12,4,1,9,7.12,72.35
ivan-san-jose-cantalejo,Chuky,Midfielder,SV Werder Bremen,Bundesliga,22,44.0,47.0,82.5,33,24,56.4,3.56,43.03,0,3,7,0,13,10,0,7,4.02,27.38
konstantinos-karetsas,Konstantinos Karetsas,Midfielder,Borussia Dortmund,Bundesliga,18,46.0,54.0,82.5,33,26,54.0,9.16,44.55,1,4,8,2,12,5,0,8,28.5,176.62
moussa-n-diaye,Moussa N'Diaye,Defender,SV Werder Bremen,Bundesliga,24,57.0,51.0,85.0,34,23,56.1,15.22,35.29,0,3,7,5,10,4,2,9,1.69,11.61
tidiam-gomis,Tidiam Gomis,Forward,RB Leipzig,Bundesliga,20,43.0,41.0,55.0,22,4,15.2,1.55,38.86,0,0,3,0,13,7,0,17,7.04,38.21
jan-niklas-beste,Jan-Niklas Beste,Midfielder,Sport-Club Freiburg,Bundesliga,27,50.0,50.0,90.0,36,28,57.7,8.81,41.11,0,3,6,5,15,6,0,5,5.91,64.93
ludovit-reis,Ludovit Reis,Midfielder,SV Werder Bremen,Bundesliga,26,42.0,46.0,10.0,4,3,6.8,10.75,35.0,0,0,0,1,2,1,0,36,3.03,15.43
marius-wolf,Marius Wolf,Defender,FC Augsburg,Bundesliga,31,47.0,37.0,72.5,29,12,31.1,2.42,34.48,1,0,3,0,12,15,2,7,1.84,18.3
christian-michel-kofane,Christian Kofane,Forward,Bayer 04 Leverkusen,Bundesliga,20,43.0,44.0,85.0,34,17,42.8,1.51,41.91,0,0,10,0,14,9,0,7,7.04,34.36
ismael-saibari-ben-el-basra,Ismael Saibari,Midfielder,FC Bayern München,Bundesliga,25,52.0,57.0,77.5,31,28,57.6,9.54,47.9,1,4,9,4,7,5,0,10,23.26,196.44
nicolai-remberg,Nicolai Remberg,Midfielder,Hamburger SV,Bundesliga,26,44.0,47.0,80.0,32,32,84.7,11.34,36.09,0,1,6,5,18,5,1,4,1.96,10.17
leon-avdullahu,Leon Avdullahu,Midfielder,TSG Hoffenheim,Bundesliga,22,55.0,49.0,90.0,36,35,84.2,13.46,35.14,0,1,6,9,19,1,1,3,13.08,49.5
raphael-obermair,Raphael Obermair,Midfielder,SC Paderborn 07,Bundesliga,30,49.0,53.0,62.5,25,25,66.2,9.61,42.8,0,4,5,7,14,1,0,9,2.12,19.89
yuito-suzuki,Yuito Suzuki,Midfielder,Sport-Club Freiburg,Bundesliga,24,47.0,46.0,77.5,31,26,53.1,4.66,41.13,0,3,3,2,14,8,0,10,9.02,54.2
ozan-muhammed-kabak,Ozan Kabak,Defender,TSG Hoffenheim,Bundesliga,26,42.0,47.0,82.5,33,25,59.1,8.57,38.79,0,3,5,5,11,5,3,8,8.04,39.53
dennis-seimen,Dennis Seimen,Goalkeeper,VfB Stuttgart,Bundesliga,20,55.0,50.0,77.5,31,31,80.6,9.55,40.16,0,7,5,1,15,6,1,5,23.95,167.01
romulo-jose-cardoso-da-cruz,Rômulo,Forward,RB Leipzig,Bundesliga,24,41.0,48.0,70.0,28,25,57.2,1.68,45.71,0,2,11,0,8,10,0,9,6.74,41.82
luka-lochoshvili,Luka Lochoshvili,Defender,1. FC Köln,Bundesliga,28,55.0,54.0,85.0,34,34,86.9,12.73,41.32,0,6,8,5,9,7,2,3,2.24,20.66
nikola-katic,Nikola Katić,Defender,FC Schalke 04,Bundesliga,29,54.0,53.0,80.0,32,31,72.1,14.23,39.06,1,4,3,4,13,6,0,9,4.19,17.45
can-yilmaz-uzun,Can Uzun,Forward,Eintracht Frankfurt,Bundesliga,20,53.0,47.0,57.5,23,13,26.9,4.89,41.96,0,3,3,0,11,5,0,18,22.77,98.16
santiago-castaneda,Santiago Castañeda,Midfielder,SC Paderborn 07,Bundesliga,21,48.0,44.0,75.0,30,26,66.5,8.31,35.83,0,1,3,4,23,5,0,4,1.75,11.43
wouter-burger,Wouter Burger,Midfielder,TSG Hoffenheim,Bundesliga,25,46.0,52.0,77.5,31,31,75.8,11.69,40.65,0,6,4,2,16,7,0,5,9.04,55.88
alexis-claude-maurice,Alexis Claude-Maurice,Midfielder,FC Augsburg,Bundesliga,28,47.0,48.0,75.0,30,25,63.1,6.13,42.33,0,3,6,3,14,7,0,7,2.53,30.68
warmed-omari,Warmed Omari,Defender,Hamburger SV,Bundesliga,26,46.0,44.0,45.0,18,14,39.8,9.68,34.44,0,1,5,2,6,4,3,19,2.02,8.75
marcel-sabitzer,Marcel Sabitzer,Midfielder,Borussia Dortmund,Bundesliga,32,50.0,50.0,72.5,29,23,50.5,9.09,40.86,0,1,4,3,18,2,0,12,1.78,30.99
eliesse-ben-seghir,Eliesse Ben Seghir,Forward,Bayer 04 Leverkusen,Bundesliga,21,40.0,40.0,22.5,9,0,3.5,5.19,35.0,0,0,0,1,7,0,0,32,1.56,13.76
franck-honorat,Franck Honorat,Midfielder,Borussia Mönchengladbach,Bundesliga,30,46.0,47.0,70.0,28,23,55.3,3.54,43.39,0,1,9,3,13,7,0,7,5.51,21.27
lukas-petkov,Lukas Petkov,Midfielder,SV 07 Elversberg,Bundesliga,25,56.0,53.0,80.0,32,31,81.2,6.25,46.56,1,3,9,1,13,10,0,3,5.32,34.1
joseph-scally,Joe Scally,Defender,Borussia Mönchengladbach,Bundesliga,23,45.0,42.0,90.0,36,31,64.6,3.74,36.94,0,3,8,3,7,9,5,5,1.5,9.55
finn-dahmen,Finn Dahmen,Goalkeeper,FC Augsburg,Bundesliga,28,44.0,43.0,85.0,34,34,76.5,6.2,36.47,0,3,5,5,11,6,5,5,19.34,144.36
tom-krauss,Tom Krauß,Midfielder,1. FC Köln,Bundesliga,25,46.0,50.0,67.5,27,21,57.5,12.85,36.85,0,1,5,6,16,2,0,10,2.2,11.08
junior-chikwubuike-adamu,Junior Adamu,Forward,FC Schalke 04,Bundesliga,25,41.0,39.0,45.0,18,15,23.8,0.78,37.78,0,0,2,0,7,8,0,23,3.09,14.92
maximilian-rohr,Maximilian Rohr,Defender,SV 07 Elversberg,Bundesliga,31,52.0,59.0,70.0,28,26,73.3,19.59,39.64,2,5,10,7,5,5,0,6,3.34,22.56
soufian-el-faouzi,Soufian El-Faouzi,Midfielder,FC Schalke 04,Bundesliga,24,54.0,52.0,77.5,31,31,88.9,12.15,39.84,0,5,6,7,14,5,0,1,3.57,34.06
laurin-ulrich,Laurin Ulrich,Midfielder,SC Paderborn 07,Bundesliga,21,53.0,48.0,75.0,30,30,80.1,10.02,38.33,0,0,7,5,22,2,0,4,2.42,8.51
anthony-caci,Anthony Caci,Defender,1. FSV Mainz 05,Bundesliga,29,45.0,45.0,25.0,10,5,11.0,9.96,35.0,0,1,2,0,3,4,0,30,2.22,38.17
jan-gyamerah,Jan Gyamerah,Defender,SV 07 Elversberg,Bundesliga,31,45.0,51.0,67.5,27,24,63.0,13.15,37.78,0,3,10,2,9,6,1,9,2.96,13.44
nadiem-amiri,Nadiem Amiri,Midfielder,1. FSV Mainz 05,Bundesliga,29,55.0,60.0,65.0,26,21,46.5,14.08,45.58,0,6,7,4,5,3,0,15,25.13,239.49
han-noah-massengo,Han-Noah Massengo,Midfielder,FC Augsburg,Bundesliga,25,43.0,45.0,82.5,33,29,71.7,7.85,37.27,0,2,3,6,19,8,0,2,2.39,17.1
ramy-bensebaini,Ramy Bensebaini,Defender,Borussia Dortmund,Bundesliga,31,61.0,58.0,62.5,25,20,49.2,17.21,41.8,2,3,10,2,3,4,1,15,7.79,57.57
niclas-fullkrug,Niclas Füllkrug,Forward,SV Werder Bremen,Bundesliga,33,42.0,39.0,65.0,26,7,23.8,2.05,37.12,0,1,2,0,14,7,1,15,8.19,46.08
adam-hlozek,Adam Hložek,Forward,TSG Hoffenheim,Bundesliga,24,40.0,39.0,30.0,12,6,12.9,1.26,37.92,0,0,1,0,6,5,0,28,8.33,38.35
bakery-jatta,Bakery Jatta,Midfielder,Hamburger SV,Bundesliga,28,39.0,41.0,42.5,17,13,29.4,2.21,38.24,0,0,3,1,5,7,1,23,0.95,6.74
ibrahima-ndiaye-ch,Bara Ndiaye,Midfielder,FC Bayern München,Bundesliga,18,44.0,44.0,12.5,5,2,4.6,8.88,35.0,0,0,1,0,2,2,0,31,,
robin-zentner,Robin Zentner,Goalkeeper,1. FSV Mainz 05,Bundesliga,31,44.0,44.0,25.0,10,10,20.9,6.26,38.0,0,0,2,0,7,1,0,30,6.94,102.44
arijon-ibrahimovic,Arijon Ibrahimović,Forward,FC Augsburg,Bundesliga,20,49.0,51.0,77.5,31,24,61.5,11.67,39.35,0,4,4,4,18,4,0,6,4.48,41.75
sven-michel,Sven Michel,Forward,SC Paderborn 07,Bundesliga,36,44.0,42.0,62.5,25,6,23.6,3.1,39.0,0,0,4,2,13,10,0,11,2.07,6.78
jarell-quansah-2003-01-29,Jarell Quansah,Defender,Bayer 04 Leverkusen,Bundesliga,23,47.0,50.0,82.5,33,29,65.4,12.2,38.18,1,4,3,6,10,5,1,10,4.98,37.98
tom-rothe,Tom Rothe,Defender,1. FC Union Berlin,Bundesliga,21,40.0,39.0,52.5,21,10,30.3,0.45,37.86,0,0,4,2,5,13,2,14,2.0,35.99
keisuke-goto,Keisuke Goto,Forward,Sport-Club Freiburg,Bundesliga,21,43.0,49.0,90.0,36,29,64.3,3.66,45.56,0,2,12,0,16,6,0,4,2.06,15.26
kevin-diks,Kevin Diks,Defender,Borussia Mönchengladbach,Bundesliga,29,45.0,55.0,80.0,32,31,75.7,14.74,40.94,2,4,6,7,7,7,2,5,5.62,32.16
moritz-nicolas,Moritz Nicolas,Goalkeeper,Borussia Mönchengladbach,Bundesliga,28,54.0,53.0,85.0,34,34,90.0,9.02,43.97,0,6,10,5,7,7,2,3,18.51,110.55
mikey-moore,Mikey Moore,Forward,1. FC Köln,Bundesliga,19,47.0,48.0,90.0,36,26,59.1,7.23,40.83,0,2,6,3,20,4,0,5,9.04,54.67
elias-niklas-baum,Elias Baum,Defender,Eintracht Frankfurt,Bundesliga,20,38.0,38.0,20.0,8,3,7.9,2.69,35.63,0,0,2,0,2,3,1,32,4.32,20.83
konrad-laimer,Konrad Laimer,Midfielder,FC Bayern München,Bundesliga,29,47.0,52.0,75.0,30,24,53.5,8.2,44.0,0,6,6,2,15,1,0,10,17.07,63.57
brajan-gruda,Brajan Gruda,Forward,RB Leipzig,Bundesliga,22,46.0,43.0,72.5,29,17,41.2,4.48,38.79,1,1,2,2,12,12,1,9,8.61,80.68
kenan-karaman,Kenan Karaman,Forward,FC Schalke 04,Bundesliga,32,54.0,53.0,72.5,29,28,77.8,6.06,46.72,0,5,10,1,16,4,0,4,6.08,32.14
joey-veerman,Joey Veerman,Midfielder,Borussia Dortmund,Bundesliga,27,49.0,66.0,90.0,36,32,70.3,22.19,44.86,4,12,3,5,9,2,0,5,14.25,70.56
dominik-kohr,Dominik Kohr,Midfielder,1. FSV Mainz 05,Bundesliga,32,42.0,44.0,85.0,34,33,71.1,10.64,33.38,0,0,8,9,8,4,4,7,2.3,8.86
cyriaque-kalou-bi-irie,Cyriaque Irié,Forward,Sport-Club Freiburg,Bundesliga,21,41.0,38.0,52.5,21,6,16.9,2.9,35.24,0,1,0,0,13,6,1,19,2.33,11.13
felix-keidel,Felix Keidel,Defender,SV 07 Elversberg,Bundesliga,23,39.0,44.0,55.0,22,14,41.5,5.25,38.41,1,0,5,3,8,10,1,10,5.73,17.83
noah-yanis-darvich,Noah Darvich,Midfielder,SV 07 Elversberg,Bundesliga,19,45.0,45.0,5.0,2,0,2.6,-8.25,47.5,0,0,1,0,0,1,0,38,2.17,15.53
gian-luca-waldschmidt,Luca Waldschmidt,Forward,1. FC Köln,Bundesliga,30,49.0,47.0,55.0,22,6,17.8,3.7,42.95,0,1,9,0,10,6,0,14,1.11,9.92
emmanuel-latte-lath,Emmanuel Latte Lath,Forward,1. FC Union Berlin,Bundesliga,27,41.0,41.0,55.0,22,15,51.8,1.33,39.55,0,0,7,0,13,10,0,10,3.33,9.74
luca-sirch,Luca Sirch,Defender,SV 07 Elversberg,Bundesliga,27,49.0,54.0,72.5,29,25,74.5,13.5,40.17,0,5,10,2,12,8,0,3,2.07,6.36
said-el-mala,Said El Mala,Midfielder,1. FC Köln,Bundesliga,20,53.0,50.0,82.5,33,21,56.2,2.41,46.67,0,1,16,0,12,7,0,4,17.36,84.82
ridle-bote-baku,Ridle Baku,Midfielder,RB Leipzig,Bundesliga,28,51.0,53.0,92.5,37,29,68.0,12.64,39.86,0,7,5,5,14,5,1,3,5.8,96.14
alexander-schwolow,Alexander Schwolow,Goalkeeper,1. FSV Mainz 05,Bundesliga,34,38.0,47.0,85.0,34,34,79.3,3.34,44.12,0,2,13,3,6,7,4,5,7.93,46.18
cajetan-benjamin-lenz,Cajetan Lenz,Midfielder,TSG Hoffenheim,Bundesliga,20,44.0,45.0,62.5,25,21,56.9,8.19,37.2,0,0,4,7,11,8,1,8,2.84,11.89
fabio-gruber,Fabio Gruber,Defender,1. FSV Mainz 05,Bundesliga,24,57.0,51.0,85.0,34,34,77.8,15.35,36.03,0,6,4,8,10,9,0,3,4.45,41.03
luis-fernando-diaz-marulanda,Luis Díaz,Forward,FC Bayern München,Bundesliga,29,46.0,59.0,97.5,39,34,75.9,12.08,48.21,2,11,4,3,13,2,1,4,64.96,308.99
ransford-konigsdorffer,Ransford-Yeboah Königsdörffer,Forward,1. FSV Mainz 05,Bundesliga,25,44.0,41.0,85.0,34,27,61.9,2.12,38.97,0,2,4,0,21,10,0,3,3.28,12.87
lukasz-poreba,Łukasz Poręba,Midfielder,SV 07 Elversberg,Bundesliga,26,49.0,49.0,77.5,31,31,87.8,9.9,38.55,0,2,6,6,18,6,0,2,2.79,17.27
afonso-bastardo-moreira,Afonso Moreira,Forward,Bayer 04 Leverkusen,Bundesliga,21,57.0,57.0,82.5,33,24,57.2,11.96,45.3,1,5,7,5,14,0,0,8,17.67,106.86
albert-mboyo-sambi-lokonga,Albert Sambi Lokonga,Midfielder,Hamburger SV,Bundesliga,26,45.0,47.0,70.0,28,22,55.3,7.89,38.75,0,2,3,2,17,3,1,12,2.51,13.4
mats-rots,Mats Rots,Defender,TSG Hoffenheim,Bundesliga,20,55.0,54.0,80.0,32,31,84.0,11.16,42.97,0,6,7,6,13,5,2,1,7.38,39.51
alessio-castro-montes,Alessio Castro-Montes,Defender,1. FC Köln,Bundesliga,29,45.0,49.0,40.0,16,10,26.1,8.49,40.63,0,2,2,0,11,5,0,20,2.26,16.12
jano-ter-horst,Jano ter Horst,Defender,SC Paderborn 07,Bundesliga,24,52.0,50.0,72.5,29,29,83.1,9.82,39.48,0,4,6,5,10,10,0,5,2.32,9.32
marius-bulter,Marius Bülter,Forward,1. FC Köln,Bundesliga,33,48.0,44.0,80.0,32,16,42.4,3.22,40.47,0,1,9,0,22,5,0,3,1.77,7.42
nathaniel-brown,Nathaniel Brown,Defender,FC Bayern München,Bundesliga,23,47.0,50.0,90.0,36,34,72.2,9.49,40.56,0,4,7,6,12,6,0,5,31.06,283.43
noah-atubolu,Noah Atubolu,Goalkeeper,Eintracht Frankfurt,Bundesliga,24,41.0,47.0,95.0,38,38,85.5,7.62,39.21,0,3,5,3,20,4,2,3,32.2,186.66
marvin-schwabe,Marvin Schwäbe,Goalkeeper,1. FC Köln,Bundesliga,31,43.0,45.0,85.0,34,34,90.0,6.62,38.09,0,2,7,4,16,8,2,1,11.02,73.75
robin-fellhauer,Robin Fellhauer,Midfielder,FC Augsburg,Bundesliga,28,44.0,45.0,85.0,34,32,82.4,6.0,38.68,0,1,5,6,18,7,0,3,2.68,13.63
deniz-undav,Deniz Undav,Forward,VfB Stuttgart,Bundesliga,30,53.0,57.0,95.0,38,31,69.3,5.5,51.71,0,8,14,0,8,8,0,2,19.47,157.38
nicolas-gerrit-kuhn,Nicolas Kühn,Forward,Borussia Mönchengladbach,Bundesliga,26,43.0,40.0,52.5,21,5,14.6,3.1,37.38,0,0,2,1,15,3,0,19,1.94,23.9
thijs-dallinga,Thijs Dallinga,Forward,1. FC Köln,Bundesliga,26,44.0,41.0,57.5,23,8,20.8,-0.49,40.87,0,1,4,0,5,12,0,18,2.78,11.14
frederik-ronnow,Frederik Rønnow,Goalkeeper,1. FC Union Berlin,Bundesliga,34,40.0,41.0,72.5,29,29,70.9,3.32,37.24,0,1,5,0,11,13,2,8,8.91,57.46
felix-gotze,Felix Götze,Defender,SC Paderborn 07,Bundesliga,28,52.0,51.0,67.5,27,24,65.5,12.0,39.26,0,6,6,4,8,7,1,8,2.98,7.05
mert-komur,Mert Kömür,Midfielder,FC Augsburg,Bundesliga,21,40.0,40.0,70.0,28,14,36.7,1.5,38.04,0,0,5,0,15,13,0,7,1.86,13.14
moussa-diaby,Moussa Diaby,Forward,Bayer 04 Leverkusen,Bundesliga,27,62.0,60.0,27.5,11,10,74.2,13.95,45.91,0,7,5,0,17,7,0,4,16.43,99.97
fares-chaibi,Fares Chaïbi,Midfielder,Eintracht Frankfurt,Bundesliga,23,43.0,45.0,85.0,34,24,53.0,5.8,38.97,0,3,3,2,16,9,0,7,2.1,5.78
josha-mamadou-karaboue-vagnomann,Josha Vagnoman,Defender,VfB Stuttgart,Bundesliga,25,36.0,41.0,77.5,31,19,40.2,1.39,39.68,0,1,5,1,11,12,1,9,1.93,9.59
mario-gotze,Mario Götze,Midfielder,Eintracht Frankfurt,Bundesliga,34,40.0,39.0,72.5,29,14,34.5,2.15,36.72,0,0,2,2,15,9,0,12,3.42,25.52
ezechiel-banzuzi,Ezechiel Banzuzi,Midfielder,RB Leipzig,Bundesliga,21,39.0,38.0,62.5,25,4,20.7,2.38,36.0,0,0,2,0,21,5,0,12,4.36,28.52
ritsu-doan,Ritsu Dōan,Midfielder,Eintracht Frankfurt,Bundesliga,28,43.0,43.0,87.5,35,31,63.3,3.86,39.29,0,1,5,2,18,8,0,6,5.37,43.81
niklas-mohr-2004-07-23,Niklas Mohr,Midfielder,SC Paderborn 07,Bundesliga,22,40.0,40.0,10.0,4,0,1.9,5.13,35.0,0,0,0,1,2,1,0,32,1.1,6.1
woo-yeong-jeong,Wooyeong Jeong,Midfielder,1. FC Union Berlin,Bundesliga,27,40.0,41.0,72.5,29,14,38.1,1.48,39.31,0,0,5,2,11,13,0,9,1.42,7.04
fabian-bredlow,Fabian Bredlow,Goalkeeper,VfB Stuttgart,Bundesliga,31,39.0,39.0,12.5,5,5,11.2,7.66,31.0,0,0,0,0,3,1,1,35,7.94,43.02
aljoscha-kemlein,Aljoscha Kemlein,Midfielder,1. FC Union Berlin,Bundesliga,22,37.0,41.0,77.5,31,26,62.5,4.11,36.61,0,0,4,1,16,12,0,7,1.98,11.58
grischa-promel,Grischa Prömel,Midfielder,VfB Stuttgart,Bundesliga,31,41.0,46.0,85.0,34,20,58.5,4.59,41.47,0,2,7,3,18,7,0,3,4.97,33.06
william-cole-campbell,Cole Campbell,Forward,SV 07 Elversberg,Bundesliga,20,37.0,37.0,20.0,8,3,6.4,-0.88,38.13,0,0,1,0,3,4,0,32,2.73,28.06
sebastiaan-bornauw,Sebastiaan Bornauw,Defender,Hamburger SV,Bundesliga,27,38.0,38.0,35.0,14,7,16.5,0.16,36.79,0,0,1,1,7,5,0,26,2.85,9.17
danny-vieira-da-costa,Danny da Costa,Defender,1. FSV Mainz 05,Bundesliga,33,43.0,47.0,95.0,38,32,72.8,8.36,38.42,0,3,8,4,10,10,2,3,2.14,9.68
jonas-hofmann-1992-07-14,Jonas Hofmann,Midfielder,Bayer 04 Leverkusen,Bundesliga,34,41.0,44.0,55.0,22,11,25.5,5.47,38.41,0,2,1,1,12,5,0,19,1.59,4.1
ethan-chidiebere-nwaneri,Ethan Nwaneri,Midfielder,Borussia Dortmund,Bundesliga,19,42.0,42.0,40.0,16,5,15.1,2.69,39.69,0,0,3,1,7,5,0,24,7.41,92.71
young-woo-seol,Seol Young-Woo,Defender,FC Augsburg,Bundesliga,27,42.0,49.0,47.5,19,16,71.9,11.38,37.63,0,3,9,5,9,4,0,10,2.11,14.93
stefan-posch,Stefan Posch,Defender,1. FSV Mainz 05,Bundesliga,29,39.0,47.0,92.5,37,28,64.8,9.21,37.3,1,3,3,7,9,12,1,4,4.17,24.39
justin-armando-lerma-soliz,Justin Lerma,Midfielder,Borussia Dortmund,Bundesliga,18,51.0,47.0,65.0,26,18,39.9,8.72,37.88,0,1,3,3,15,4,0,14,4.85,17.4
philipp-sander,Philipp Sander,Midfielder,Borussia Mönchengladbach,Bundesliga,28,43.0,48.0,75.0,30,29,73.3,13.35,34.67,0,1,5,8,18,2,1,5,2.28,12.69
isac-lidberg,Isac Lidberg,Forward,Borussia Mönchengladbach,Bundesliga,28,50.0,49.0,75.0,30,26,66.6,1.89,47.0,0,1,15,0,10,7,0,7,3.99,17.42
josip-stanisic,Josip Stanišić,Defender,FC Bayern München,Bundesliga,26,50.0,57.0,85.0,34,26,61.5,15.81,41.18,2,5,5,6,10,5,0,7,14.93,55.45
finn-jeltsch,Finn Jeltsch,Defender,VfB Stuttgart,Bundesliga,20,38.0,44.0,80.0,32,26,56.9,7.31,36.72,0,3,1,5,12,9,1,9,6.23,37.16
marvin-pieringer,Marvin Pieringer,Forward,SC Paderborn 07,Bundesliga,26,39.0,42.0,80.0,32,25,59.8,3.01,39.22,0,3,2,0,15,12,0,8,1.75,10.92
mio-backhaus,Mio Backhaus,Goalkeeper,Sport-Club Freiburg,Bundesliga,22,45.0,47.0,85.0,34,34,85.0,9.53,37.06,0,3,7,4,14,6,3,3,27.04,190.47
bilal-el-khannous,Bilal El Khannous,Midfielder,VfB Stuttgart,Bundesliga,22,44.0,49.0,85.0,34,23,48.4,9.51,39.26,0,3,6,3,13,6,1,8,6.44,74.04
nicolas-seiwald,Nicolas Seiwald,Midfielder,RB Leipzig,Bundesliga,25,50.0,52.0,95.0,38,37,77.2,14.42,37.63,0,2,7,10,14,4,0,3,4.56,57.54
keita-kosugi,Keita Kosugi,Defender,Eintracht Frankfurt,Bundesliga,20,41.0,41.0,7.5,3,3,11.2,6.38,35.0,1,1,1,4,4,3,0,26,2.76,17.34
isak-bergmann-johannesson,Ísak Bergmann Jóhannesson,Midfielder,1. FC Köln,Bundesliga,23,43.0,44.0,92.5,37,26,57.8,5.89,38.38,0,2,5,5,17,7,0,4,2.19,26.95
forzan-assan-ouedraogo,Assan Ouédraogo,Midfielder,RB Leipzig,Bundesliga,20,39.0,51.0,45.0,18,13,24.1,7.33,43.89,1,1,4,0,9,2,0,23,5.03,33.86
jonas-urbig,Jonas Urbig,Goalkeeper,FC Bayern München,Bundesliga,23,53.0,53.0,42.5,17,14,34.5,12.83,39.71,0,3,2,3,7,1,1,23,25.46,129.94
jeffrey-gouweleeuw,Jeffrey Gouweleeuw,Defender,FC Augsburg,Bundesliga,35,44.0,44.0,25.0,10,7,17.3,6.18,37.5,0,0,2,2,8,3,0,25,1.79,16.21
noel-aseko-nkili,Noël Aséko Nkili,Midfielder,Eintracht Frankfurt,Bundesliga,20,41.0,45.0,70.0,28,27,64.2,6.47,38.57,0,2,3,2,21,5,1,6,3.65,20.85
koki-machida,Koki Machida,Defender,TSG Hoffenheim,Bundesliga,29,41.0,41.0,5.0,2,0,1.9,5.98,35.0,0,0,0,0,3,1,0,36,2.45,9.21
ellyes-skhiri,Ellyes Skhiri,Midfielder,1. FC Köln,Bundesliga,31,42.0,43.0,87.5,35,23,56.9,7.23,35.29,0,1,2,4,21,4,2,6,2.99,13.36
jamal-musiala,Jamal Musiala,Midfielder,FC Bayern München,Bundesliga,23,43.0,49.0,72.5,29,15,36.7,4.39,44.14,0,1,10,1,11,5,0,12,41.15,154.41
robert-andrich,Robert Andrich,Midfielder,Bayer 04 Leverkusen,Bundesliga,31,41.0,45.0,87.5,35,32,72.1,10.36,34.86,0,1,4,3,21,5,0,6,2.36,8.69
francis-ikechukwu-onyeka,Francis-Ikechukwu Onyeka,Midfielder,SV 07 Elversberg,Bundesliga,19,37.0,42.0,75.0,30,26,65.6,-0.58,42.33,0,1,7,0,11,14,0,7,2.78,24.32
rael-tshimbela-nakuzola,Rael-Tshimbela Nakuzola,Defender,1. FSV Mainz 05,Bundesliga,19,41.0,41.0,5.0,2,0,6.0,6.44,35.0,0,0,0,0,2,0,0,2,,
look-saa-nicholas-k-mickelson,Nicholas Mickelson,Defender,SV 07 Elversberg,Bundesliga,27,39.0,43.0,57.5,23,9,30.1,4.27,38.26,0,0,3,2,14,7,0,14,3.09,6.96
david-herold,David Herold,Defender,Borussia Mönchengladbach,Bundesliga,23,36.0,39.0,77.5,31,28,79.0,-1.03,39.03,0,3,6,2,16,7,4,2,2.09,8.37
yanik-noah-spalt,Yanik Spalt,Defender,VfB Stuttgart,Bundesliga,19,37.0,37.0,7.5,3,0,2.6,2.37,35.0,0,0,0,0,2,1,0,23,,
robin-hack,Robin Hack,Midfielder,Borussia Mönchengladbach,Bundesliga,28,38.0,38.0,20.0,8,2,6.7,-0.5,38.13,0,0,1,2,5,5,0,27,1.67,15.85
fisnik-asllani,Fisnik Asllani,Forward,TSG Hoffenheim,Bundesliga,24,49.0,51.0,92.5,37,32,61.4,5.12,46.08,0,1,14,0,19,2,0,4,7.04,57.96
mitchell-weiser,Mitchell Weiser,Defender,SV Werder Bremen,Bundesliga,32,40.0,40.0,2.5,1,0,0.2,4.86,35.0,0,1,1,0,1,0,0,37,2.14,12.32
otto-ruoppi,Otto Ruoppi,Midfielder,1. FSV Mainz 05,Bundesliga,20,42.0,42.0,27.5,11,8,68.1,4.72,37.27,0,0,2,0,9,2,0,11,2.01,9.98
marco-friedl,Marco Friedl,Defender,SV Werder Bremen,Bundesliga,28,42.0,48.0,80.0,32,28,63.2,12.69,35.78,0,2,6,2,15,6,0,9,4.37,18.4
youri-regeer,Youri Regeer,Midfielder,SV Werder Bremen,Bundesliga,23,56.0,55.0,85.0,34,31,61.7,16.8,38.09,0,4,9,7,8,5,0,7,3.88,34.12
kennet-eichhorn,Kennet Eichhorn,Midfielder,Bayer 04 Leverkusen,Bundesliga,17,42.0,43.0,32.5,13,12,27.9,7.98,35.38,0,0,1,2,11,2,1,22,2.73,13.74
rodrigo-duarte-ribeiro,Rodrigo Ribeiro,Forward,FC Augsburg,Bundesliga,21,38.0,39.0,45.0,18,6,18.0,0.11,39.17,0,0,3,0,6,9,0,22,2.37,9.81
daiki-hashioka,Daiki Hashioka,Defender,Borussia Mönchengladbach,Bundesliga,27,43.0,37.0,55.0,22,18,53.4,2.39,33.86,0,0,3,2,8,6,3,18,1.94,10.36
albert-gronbaek-erlykke,Albert Grønbæk,Midfielder,Hamburger SV,Bundesliga,25,50.0,46.0,35.0,14,9,20.6,8.43,37.86,0,2,0,1,7,3,0,27,4.95,49.76
neil-el-aynaoi,Neil El Aynaoui,Midfielder,RB Leipzig,Bundesliga,25,45.0,48.0,80.0,32,22,54.3,10.61,37.03,0,2,2,5,14,7,0,10,5.58,27.46
gabriel-vidovic,Gabriel Vidović,Forward,SC Paderborn 07,Bundesliga,22,47.0,52.0,77.5,31,18,38.9,8.32,43.39,0,2,9,2,14,3,0,10,2.7,19.38
oliver-baumann,Oliver Baumann,Goalkeeper,TSG Hoffenheim,Bundesliga,36,40.0,45.0,87.5,35,35,78.8,5.9,39.0,0,2,8,1,15,8,1,5,12.77,133.64
imad-rondic,Imad Rondić,Forward,1. FC Köln,Bundesliga,27,42.0,41.0,47.5,19,9,37.9,2.85,38.16,0,1,2,1,13,10,0,13,1.94,5.32
lucas-vazquez-iglesias,Lucas Vázquez,Forward,Bayer 04 Leverkusen,Bundesliga,35,42.0,45.0,40.0,16,9,16.2,5.51,39.69,0,0,3,2,8,2,1,24,1.33,10.28
eren-sami-dinkci,Eren Dinkçi,Midfielder,SV Werder Bremen,Bundesliga,24,46.0,43.0,57.5,23,16,36.8,2.41,40.87,0,1,4,0,13,4,0,18,3.06,20.65
alexander-schlager,Alexander Schlager,Goalkeeper,SV Werder Bremen,Bundesliga,30,38.0,42.0,85.0,34,34,75.4,3.67,38.68,0,0,5,2,20,7,0,6,4.08,14.15
zeno-van-den-bosch,Zeno Van Den Bosch,Defender,1. FC Union Berlin,Bundesliga,23,46.0,47.0,75.0,30,30,73.1,12.11,34.67,0,0,7,11,10,2,3,7,1.83,12.49
ragnar-ache,Ragnar Ache,Forward,1. FC Köln,Bundesliga,28,44.0,48.0,72.5,29,20,54.2,4.92,43.1,0,2,9,0,18,5,0,6,2.32,24.1
ruben-muller,Ruben Müller,Forward,SC Paderborn 07,Bundesliga,21,34.0,41.0,55.0,22,15,35.9,3.69,37.27,0,1,2,1,10,10,0,16,2.54,7.72
martin-terrier,Martin Terrier,Forward,Bayer 04 Leverkusen,Bundesliga,29,43.0,43.0,55.0,22,10,22.3,4.26,38.86,0,1,2,0,14,5,0,18,2.22,12.11
janik-haberer,Janik Haberer,Midfielder,1. FC Union Berlin,Bundesliga,32,36.0,38.0,70.0,28,17,43.6,1.96,35.89,0,0,1,2,21,8,1,7,0.99,7.43
maximilian-wober,Maximilian Wöber,Defender,FC Schalke 04,Bundesliga,28,40.0,40.0,12.5,5,0,2.7,2.14,36.0,0,0,2,0,3,0,1,34,1.53,33.15
eric-martel,Eric Martel,Midfielder,1. FSV Mainz 05,Bundesliga,24,47.0,47.0,70.0,28,27,67.5,8.92,37.86,0,2,4,5,15,6,1,7,3.68,6.87
julian-ryerson,Julian Ryerson,Defender,Borussia Dortmund,Bundesliga,28,44.0,50.0,90.0,36,33,66.9,7.16,42.22,1,5,4,6,11,4,3,6,10.01,60.59
wael-mohya,Wael Mohya,Midfielder,Borussia Mönchengladbach,Bundesliga,17,43.0,40.0,45.0,18,8,20.7,0.91,39.17,0,0,3,0,7,8,0,20,2.97,29.77
gideon-mensah,Gideon Mensah,Defender,1. FC Köln,Bundesliga,28,54.0,49.0,87.5,35,31,68.3,9.13,39.29,0,4,3,7,11,8,0,7,2.71,13.85
lukas-ullrich,Lukas Ullrich,Defender,Borussia Mönchengladbach,Bundesliga,22,36.0,35.0,55.0,22,13,36.1,0.73,34.09,0,0,1,2,10,10,3,14,1.84,8.52
patrick-wimmer,Patrick Wimmer,Midfielder,TSG Hoffenheim,Bundesliga,25,46.0,45.0,72.5,29,21,41.2,6.31,39.14,0,2,2,2,16,6,0,12,3.29,34.91
ayoube-amaimouni-echghouyab,Ayoube Amaimouni-Echghouyab,Forward,Eintracht Frankfurt,Bundesliga,21,39.0,43.0,60.0,24,7,24.1,2.9,40.21,0,0,5,0,12,5,0,9,2.05,11.54
nicolas-capaldo,Nicolás Capaldo,Midfielder,Hamburger SV,Bundesliga,28,40.0,48.0,67.5,27,25,57.8,7.98,39.26,0,3,4,4,8,8,2,11,1.61,9.7
filippo-calixte-mane,Filippo Mané,Defender,Borussia Dortmund,Bundesliga,21,46.0,46.0,17.5,7,4,6.0,7.36,38.57,0,1,0,0,2,2,0,35,3.13,17.85
jan-thielmann,Jan Thielmann,Midfielder,1. FC Köln,Bundesliga,24,41.0,43.0,62.5,25,19,43.6,5.67,37.0,0,1,3,2,16,6,0,12,1.53,8.04
kaua-prates-de-almeida,Kauã Prates,Defender,Borussia Dortmund,Bundesliga,18,38.0,38.0,17.5,7,2,4.8,2.6,35.0,0,0,0,0,3,4,0,33,3.8,17.63
max-finkgrafe,Max Finkgräfe,Defender,RB Leipzig,Bundesliga,22,48.0,45.0,35.0,14,5,14.7,6.51,38.57,0,1,2,0,7,4,0,26,2.53,9.57
lasse-gunther,Lasse Günther,Defender,SV 07 Elversberg,Bundesliga,23,45.0,49.0,62.5,25,19,49.8,7.44,41.4,1,3,5,2,12,8,1,8,2.35,17.34
yussuf-yurary-poulsen,Yussuf Poulsen,Forward,Hamburger SV,Bundesliga,32,36.0,38.0,37.5,15,2,9.5,0.84,36.67,0,0,1,0,10,8,0,21,2.15,6.35
eric-junior-dina-ebimbe,Junior Dina Ebimbe,Midfielder,FC Schalke 04,Bundesliga,25,43.0,39.0,77.5,31,16,37.3,-0.38,38.55,0,0,4,1,16,12,0,7,2.37,10.39
amara-conde,Amara Condé,Midfielder,SV 07 Elversberg,Bundesliga,29,43.0,42.0,67.5,27,19,53.7,4.83,36.85,0,2,0,1,21,10,0,6,1.73,4.72
tim-lemperle,Tim Lemperle,Forward,TSG Hoffenheim,Bundesliga,24,40.0,41.0,72.5,29,24,57.8,0.43,40.69,0,1,8,1,13,9,1,7,10.65,42.27
lucas-holer,Lucas Höler,Forward,Sport-Club Freiburg,Bundesliga,32,37.0,42.0,90.0,36,17,40.2,2.94,39.17,0,1,5,0,22,7,0,5,1.91,4.67
julius-frederik-schmahl,Frederik Schmahl,Midfielder,SV 07 Elversberg,Bundesliga,23,43.0,45.0,60.0,24,9,32.9,7.62,37.29,0,2,5,2,11,8,0,12,1.57,3.71
salim-amani-musah,Salim Musah,Forward,SV Werder Bremen,Bundesliga,20,39.0,39.0,25.0,10,2,7.1,1.87,37.5,0,0,1,0,6,3,0,28,1.22,5.86
rayan-philippe,Rayan Philippe,Forward,SC Paderborn 07,Bundesliga,25,37.0,40.0,67.5,27,13,35.8,1.83,37.41,0,1,3,0,18,11,0,7,1.54,10.43
bilal-nadir,Bilal Nadir,Midfielder,Hamburger SV,Bundesliga,22,36.0,39.0,57.5,23,5,14.6,2.52,36.3,0,1,1,2,8,9,1,18,2.02,9.71
justin-gideon-njinmah,Justin Njinmah,Forward,SV Werder Bremen,Bundesliga,25,44.0,43.0,77.5,31,21,54.3,5.28,37.42,0,1,4,1,26,4,0,4,2.06,4.43
nicolas-kristof,Nicolas Kristof,Goalkeeper,SV 07 Elversberg,Bundesliga,26,41.0,50.0,77.5,31,31,90.0,9.85,40.16,0,5,7,3,12,8,2,3,12.27,51.06
mert-ayhan,Mertcan Ayhan,Defender,FC Schalke 04,Bundesliga,20,41.0,43.0,67.5,27,20,63.4,7.45,35.19,0,1,5,2,10,9,2,11,1.97,6.23
sacha-boey,Sacha Boey,Defender,FC Bayern München,Bundesliga,26,50.0,47.0,47.5,19,9,20.6,7.55,39.47,0,1,5,1,7,4,0,22,4.51,14.98
jamie-leweling,Jamie Leweling,Forward,VfB Stuttgart,Bundesliga,25,45.0,53.0,87.5,35,25,56.2,8.81,44.29,1,3,7,2,19,2,0,6,4.2,20.59
steffen-tigges,Steffen Tigges,Forward,SC Paderborn 07,Bundesliga,28,33.0,44.0,80.0,32,11,45.7,3.94,40.0,0,2,4,1,19,9,1,4,1.75,7.06
ramon-hendriks,Ramon Hendriks,Defender,VfB Stuttgart,Bundesliga,25,44.0,45.0,92.5,37,27,63.1,8.55,36.08,0,2,3,9,13,7,3,3,2.09,6.64
raif-adam,Raif Adam,Forward,SV 07 Elversberg,Bundesliga,21,37.0,37.0,25.0,10,0,3.5,-0.71,37.5,0,0,1,0,2,7,0,11,1.89,6.33
terem-igobor-moffi,Terem Moffi,Forward,Hamburger SV,Bundesliga,27,36.0,37.0,52.5,21,10,22.8,-0.3,37.62,0,0,3,0,4,13,0,20,3.14,8.25
kacper-potulski,Kacper Potulski,Defender,1. FSV Mainz 05,Bundesliga,18,41.0,43.0,62.5,25,15,41.7,8.22,34.4,0,0,4,4,11,3,3,15,4.08,22.87
leo-sauer,Leo Sauer,Forward,VfB Stuttgart,Bundesliga,20,43.0,45.0,62.5,25,15,33.6,5.48,39.2,0,1,4,1,14,3,1,16,2.08,11.37
daniel-heuer-fernandes,Daniel Heuer Fernandes,Goalkeeper,Hamburger SV,Bundesliga,33,41.0,45.0,82.5,33,33,87.3,5.99,39.24,0,5,3,4,17,8,1,2,7.38,68.82
reigan-heskey,Reigan Heskey,Forward,1. FC Köln,Bundesliga,18,36.0,36.0,2.5,1,0,0.4,1.2,35.0,0,0,0,0,1,0,0,39,2.29,9.64
kevin-stoger,Kevin Stöger,Midfielder,Borussia Mönchengladbach,Bundesliga,33,44.0,42.0,70.0,28,15,38.4,5.6,36.79,0,0,3,5,16,9,0,7,1.96,15.92
bruno-ifechukwu-ogbus,Bruno Ogbus,Defender,Sport-Club Freiburg,Bundesliga,20,38.0,41.0,60.0,24,17,37.1,4.97,36.25,0,0,2,3,12,6,1,16,2.21,6.26
silvan-widmer,Silvan Widmer,Defender,1. FSV Mainz 05,Bundesliga,33,44.0,43.0,85.0,34,26,51.2,4.87,37.94,0,2,2,4,16,7,1,8,2.3,4.53
rani-khedira,Rani Khedira,Midfielder,1. FC Union Berlin,Bundesliga,32,32.0,42.0,90.0,36,35,78.8,1.68,40.14,0,2,5,1,14,15,0,3,1.49,7.02
tiago-barreiros-de-melo-tomas,Tiago Tomás,Forward,VfB Stuttgart,Bundesliga,24,46.0,45.0,67.5,27,10,24.4,2.84,42.41,0,1,7,0,13,5,0,14,2.34,14.01
paul-bright-max-erevbenagie,Paul Erevbenagie,Forward,SV Werder Bremen,Bundesliga,19,36.0,36.0,5.0,2,0,10.0,1.4,35.0,0,0,0,0,2,0,0,2,1.91,8.48
stefano-marino,Stefano Marino,Forward,SC Paderborn 07,Bundesliga,22,43.0,42.0,70.0,28,18,43.6,1.5,40.71,0,1,6,0,10,15,0,8,2.27,9.2
dejan-ljubicic,Dejan Ljubicic,Midfielder,FC Schalke 04,Bundesliga,28,51.0,47.0,80.0,32,29,55.8,5.41,41.72,1,1,4,1,19,5,0,9,2.43,5.91
miro-muheim,Miro Muheim,Defender,Hamburger SV,Bundesliga,28,33.0,46.0,75.0,30,23,52.2,7.13,38.83,0,2,7,2,6,9,1,13,2.09,6.32
paul-michael-junior-okon-engstler,Paul Okon,Midfielder,1. FC Köln,Bundesliga,21,41.0,41.0,25.0,10,4,45.0,3.31,37.5,0,1,0,0,4,2,0,3,1.82,7.22
jens-castrop,Jens Castrop,Midfielder,Borussia Mönchengladbach,Bundesliga,23,44.0,42.0,65.0,26,20,42.1,5.63,36.73,0,1,5,1,9,9,1,14,2.01,6.47
benjamin-henrichs,Benjamin Henrichs,Defender,RB Leipzig,Bundesliga,29,34.0,37.0,50.0,20,4,11.2,0.6,36.25,0,0,1,0,12,6,1,20,3.76,15.45
klaus-sima-suso,Sima Suso,Midfielder,FC Augsburg,Bundesliga,21,41.0,43.0,57.5,23,16,43.2,7.9,35.22,0,0,3,3,12,5,1,16,2.06,6.91
derrick-kohn,Derrick Köhn,Defender,1. FC Union Berlin,Bundesliga,27,41.0,40.0,72.5,29,21,56.1,1.34,38.62,0,2,3,2,6,13,4,10,1.98,5.17
victor-okoh-boniface,Victor Boniface,Forward,Bayer 04 Leverkusen,Bundesliga,25,43.0,43.0,25.0,10,2,8.4,5.0,37.5,0,1,1,0,8,2,0,28,1.61,14.04
ameen-al-dakhil,Amin Al-Dakhil,Defender,VfB Stuttgart,Bundesliga,24,41.0,42.0,17.5,7,3,8.6,3.08,38.57,0,1,0,0,2,2,1,34,1.81,5.09
nathan-de-cat,Nathan De Cat,Midfielder,TSG Hoffenheim,Bundesliga,18,40.0,45.0,82.5,33,30,60.6,6.22,38.48,0,1,5,5,14,9,0,6,4.64,36.8
lennard-maloney,Lennard Maloney,Midfielder,1. FSV Mainz 05,Bundesliga,26,34.0,35.0,65.0,26,7,16.5,0.4,35.0,0,0,0,1,10,15,0,14,2.19,5.76
berkay-yilmaz-2005-02-25,Berkay Yılmaz,Defender,Sport-Club Freiburg,Bundesliga,21,50.0,50.0,75.0,30,27,72.3,8.39,41.17,0,3,9,4,13,6,0,5,1.79,9.11
mathieu-nguefack,Mathieu Nguefack,Midfielder,Borussia Mönchengladbach,Bundesliga,18,35.0,35.0,7.5,3,1,41.0,0.33,35.0,0,0,0,0,1,2,0,1,,
patson-daka,Patson Daka,Forward,Hamburger SV,Bundesliga,27,43.0,42.0,87.5,35,23,53.0,0.97,40.57,0,2,5,0,14,13,0,6,3.64,26.75
moussa-sylla,Moussa Sylla,Forward,FC Schalke 04,Bundesliga,26,46.0,44.0,67.5,27,22,63.1,2.06,41.85,0,0,7,0,10,13,0,10,2.94,15.79
sebastian-reinhard-klaas,Sebastian Klaas,Midfielder,SC Paderborn 07,Bundesliga,28,43.0,48.0,60.0,24,18,41.4,4.4,43.33,0,2,6,2,9,9,0,12,2.54,7.22
timothy-chandler,Timothy Chandler,Midfielder,Eintracht Frankfurt,Bundesliga,36,34.0,34.0,7.5,3,0,0.8,-0.61,35.0,0,0,0,0,1,2,0,37,1.98,6.1
oscar-winther-hojlund,Oscar Højlund,Midfielder,Eintracht Frankfurt,Bundesliga,21,44.0,39.0,60.0,24,12,27.4,2.66,36.04,0,0,3,2,10,6,2,17,2.08,11.05
malik-razak-engholm-pimpong,Malik Pimpong,Forward,Eintracht Frankfurt,Bundesliga,18,34.0,34.0,5.0,2,0,1.3,-1.1,35.0,0,0,0,0,1,1,0,20,0.84,8.2
marin-ljubicic-2002-02-28,Marin Ljubičić,Forward,1. FC Union Berlin,Bundesliga,24,36.0,39.0,37.5,15,8,25.5,0.31,38.33,0,0,2,0,9,6,0,23,1.31,8.94
cedric-itten,Cédric Itten,Forward,SV Werder Bremen,Bundesliga,29,42.0,48.0,75.0,30,24,52.9,2.9,45.17,0,2,9,1,6,10,0,12,1.22,3.78
zakaria-el-ouahdi,Zakaria El Ouahdi,Midfielder,Hamburger SV,Bundesliga,24,44.0,58.0,80.0,32,31,66.5,14.51,42.66,1,9,6,5,3,7,1,8,4.21,18.83
andrej-kramaric,Andrej Kramarić,Forward,TSG Hoffenheim,Bundesliga,35,36.0,48.0,97.5,39,24,52.7,5.68,42.69,0,8,4,0,22,4,0,2,4.4,23.56
luca-pascal-schnellbacher,Luca Schnellbacher,Midfielder,SV 07 Elversberg,Bundesliga,32,44.0,42.0,65.0,26,4,14.0,0.8,40.77,0,0,7,0,12,11,0,10,2.16,7.04
ansgar-knauff,Ansgar Knauff,Forward,Eintracht Frankfurt,Bundesliga,24,39.0,44.0,77.5,31,18,43.5,3.14,40.65,0,0,6,0,18,6,0,10,2.25,5.77
edin-dzeko,Edin Džeko,Forward,FC Schalke 04,Bundesliga,40,40.0,50.0,60.0,24,16,36.0,6.11,43.54,1,2,3,0,12,5,0,17,2.98,6.64
albian-hajdari,Albian Hajdari,Defender,TSG Hoffenheim,Bundesliga,23,52.0,51.0,90.0,36,35,77.1,11.55,39.58,0,5,7,6,9,8,1,4,6.01,32.89
jahmai-simpson-pusey,Jahmai Simpson-Pusey,Defender,1. FC Köln,Bundesliga,20,40.0,44.0,37.5,15,14,29.9,11.36,32.33,0,0,3,3,4,3,2,25,3.32,14.6
abdoul-kone,Abdoul Koné,Defender,RB Leipzig,Bundesliga,21,51.0,53.0,57.5,23,21,54.8,15.45,38.04,0,5,7,4,8,4,0,12,3.56,13.28
yannik-keitel,Yannik Keitel,Midfielder,FC Augsburg,Bundesliga,26,36.0,36.0,20.0,8,2,6.5,0.8,35.0,0,0,0,0,5,3,0,32,1.5,6.54
oliver-batista-meier,Oliver Meier,Midfielder,SC Paderborn 07,Bundesliga,25,42.0,47.0,65.0,26,21,57.4,4.84,41.73,0,3,6,2,13,9,0,7,2.03,9.41
shuto-machino,Shuto Machino,Forward,Borussia Mönchengladbach,Bundesliga,26,38.0,40.0,80.0,32,8,24.6,2.03,38.13,0,0,4,1,14,13,0,8,1.11,10.12
otto-emerson-stange,Otto Stange,Forward,Hamburger SV,Bundesliga,19,34.0,40.0,57.5,23,2,15.6,0.36,39.78,0,1,3,0,9,12,0,15,3.1,8.25
robin-hranac,Robin Hranáč,Defender,TSG Hoffenheim,Bundesliga,26,34.0,42.0,80.0,32,27,62.0,5.68,36.72,0,1,4,4,11,10,1,9,1.6,8.53
luca-vozar,Luca Vozar,Midfielder,FC Schalke 04,Bundesliga,19,33.0,33.0,2.5,1,0,0.6,-2.5,35.0,0,0,0,0,0,1,0,27,1.82,5.56
manuel-pherai,Immanuel Pherai,Midfielder,Hamburger SV,Bundesliga,25,40.0,37.0,47.5,19,11,26.5,-0.44,37.11,0,1,1,1,5,12,1,19,1.53,5.52
alexander-prass,Alexander Prass,Defender,TSG Hoffenheim,Bundesliga,25,35.0,42.0,77.5,31,11,30.6,3.89,38.55,0,1,3,1,13,11,0,11,2.19,12.87
samba-konate,Samba Konaté,Forward,RB Leipzig,Bundesliga,17,34.0,34.0,5.0,2,0,0.3,-0.9,35.0,0,0,0,0,1,1,0,25,,
benedict-hollerbach,Benedict Hollerbach,Forward,1. FSV Mainz 05,Bundesliga,25,42.0,42.0,40.0,16,12,23.8,-1.48,42.81,0,1,4,0,0,10,0,25,2.11,7.38
jonah-benedict-sticker,Jonah Sticker,Midfielder,SC Paderborn 07,Bundesliga,22,41.0,40.0,62.5,25,8,27.9,5.82,34.2,0,1,1,0,15,8,0,11,1.12,4.49
raphael-onyedika-nwadike,Raphael Onyedika,Midfielder,Eintracht Frankfurt,Bundesliga,25,34.0,45.0,75.0,30,24,52.3,8.81,36.17,0,3,3,4,11,7,1,11,4.55,18.13
dzenan-pejcinovic,Dženan Pejčinović,Forward,VfB Stuttgart,Bundesliga,21,43.0,42.0,82.5,33,19,46.3,0.92,40.3,0,2,5,1,14,11,1,6,5.4,36.25
abdulay-juma-bah,Juma Bah,Defender,FC Augsburg,Bundesliga,20,48.0,47.0,67.5,27,22,48.8,9.12,37.96,0,0,8,5,7,6,1,13,2.2,15.61
carney-chukwuemeka,Carney Chukwuemeka,Midfielder,Borussia Dortmund,Bundesliga,22,34.0,39.0,82.5,33,6,21.8,1.81,37.27,0,0,3,2,16,11,0,8,1.93,19.11
uchenna-ogundu,Uchenna Ogundu,Forward,FC Augsburg,Bundesliga,20,37.0,37.0,42.5,17,8,23.4,-1.34,37.94,0,2,2,0,6,12,0,16,1.79,8.7
paul-love-arrhov,L. Arrhov,Midfielder,Eintracht Frankfurt,Bundesliga,18,34.0,34.0,15.0,6,1,3.0,-1.33,35.0,0,0,0,0,1,5,0,19,1.34,9.36
janik-bachmann,Janik Bachmann,Midfielder,FC Schalke 04,Bundesliga,30,34.0,33.0,47.5,19,1,8.2,-2.44,35.0,0,0,0,0,8,15,1,16,1.65,6.28
robert-skov,Robert Skov,Midfielder,1. FC Union Berlin,Bundesliga,30,32.0,32.0,2.5,1,0,0.0,-3.3,35.0,0,0,0,0,2,2,0,36,2.22,3.11
tom-baack,Tom Baack,Midfielder,SC Paderborn 07,Bundesliga,27,39.0,42.0,45.0,18,10,28.6,2.26,39.17,0,0,3,2,9,7,0,17,1.57,7.29
luka-duric,Luka Đurić,Midfielder,SC Paderborn 07,Bundesliga,23,32.0,32.0,5.0,2,0,0.7,-2.6,35.0,0,0,0,0,0,2,0,38,1.45,7.16
joel-schmied,Joël Schmied,Defender,1. FC Köln,Bundesliga,27,31.0,34.0,35.0,14,11,25.2,0.0,33.57,0,0,2,2,5,8,2,21,1.94,7.24
jan-leszczynski,Jan Leszczyński,Defender,Borussia Mönchengladbach,Bundesliga,19,31.0,31.0,2.5,1,0,4.3,-4.34,35.0,0,0,0,0,0,1,0,27,1.15,6.15
ron-schallenberg,Ron Schallenberg,Midfielder,FC Schalke 04,Bundesliga,27,38.0,43.0,70.0,28,28,76.7,8.9,33.75,1,2,2,5,21,3,2,4,2.3,8.73
michel-aebischer,Michel Aebischer,Midfielder,1. FC Union Berlin,Bundesliga,29,40.0,45.0,92.5,37,33,68.9,7.6,37.03,0,1,4,4,18,8,0,5,1.41,7.45
marc-guiu-paz,Marc Guiu,Forward,RB Leipzig,Bundesliga,20,37.0,36.0,17.5,7,1,4.8,-2.09,38.57,0,0,1,0,2,4,0,33,1.46,23.26
adrian-tobias-gantenbein,Adrian Gantenbein,Defender,FC Schalke 04,Bundesliga,25,40.0,44.0,32.5,13,6,18.7,6.61,36.92,0,0,3,4,9,4,0,20,1.83,5.49
vitalie-becker,Vitalie Becker,Defender,FC Schalke 04,Bundesliga,21,47.0,52.0,42.5,17,13,35.5,10.89,40.88,0,3,4,2,6,8,0,17,1.99,11.1
otavio-manoel-galdino-fernandes,Otávio,Defender,Eintracht Frankfurt,Bundesliga,20,39.0,41.0,57.5,23,17,42.5,5.15,36.3,0,0,4,2,11,3,3,17,1.18,6.66
louis-pepe-lemke,Louis Lemke,Defender,Hamburger SV,Bundesliga,16,30.0,30.0,7.5,3,1,5.0,-4.89,35.0,0,0,0,0,1,2,0,17,3.35,25.17
hiroki-ito,Hiroki Ito,Defender,FC Bayern München,Bundesliga,27,46.0,46.0,62.5,25,15,37.8,9.45,37.0,0,1,4,2,11,6,0,16,1.77,24.6
mick-schmetgens,Mick Schmetgens,Defender,SV Werder Bremen,Bundesliga,19,40.0,40.0,12.5,5,1,4.7,-0.01,40.0,0,1,0,0,2,2,0,35,1.3,8.37
leonidas-stergiou,Leonidas Stergiou,Defender,VfB Stuttgart,Bundesliga,24,42.0,42.0,17.5,7,1,5.5,-0.8,42.14,0,0,2,0,2,3,0,33,0.99,7.26
johan-bakayoko,Johan Bakayoko,Forward,RB Leipzig,Bundesliga,23,34.0,39.0,47.5,19,6,18.6,3.48,35.26,0,1,1,0,13,6,1,18,2.55,26.61
tim-kleindienst,Tim Kleindienst,Forward,Borussia Mönchengladbach,Bundesliga,31,31.0,31.0,15.0,6,3,6.6,-0.28,31.67,0,0,0,1,2,3,1,33,4.33,48.24
max-moerstedt,Max Moerstedt,Forward,TSG Hoffenheim,Bundesliga,20,34.0,37.0,55.0,22,1,11.8,-0.01,37.27,0,0,2,0,15,7,0,16,2.84,11.7
shafiq-bello-nandja,Shafiq Nandja,Defender,Hamburger SV,Bundesliga,19,28.0,28.0,10.0,4,1,5.3,-7.18,35.0,0,0,0,0,1,3,0,22,1.1,22.75
felix-uduokhai,Felix Uduokhai,Defender,1. FC Union Berlin,Bundesliga,29,51.0,51.0,30.0,12,9,21.4,14.31,37.08,0,2,2,2,3,3,0,28,1.34,11.09
christoph-baumgartner,Christoph Baumgartner,Midfielder,RB Leipzig,Bundesliga,27,53.0,49.0,85.0,34,34,72.1,2.04,46.18,0,4,12,0,4,9,4,7,6.99,32.96
sebastian-soraas-sebulonsen,Sebastian Sebulonsen,Defender,1. FC Köln,Bundesliga,26,35.0,36.0,72.5,29,25,67.7,0.77,35.17,0,0,1,1,18,12,2,6,1.93,6.6
florian-le-joncour,Florian Le Joncour,Defender,SV 07 Elversberg,Bundesliga,31,41.0,49.0,42.5,17,11,34.6,13.24,37.06,1,2,3,3,5,4,1,21,1.06,5.96
david-moller-wolfe,David Møller Wolfe,Defender,Hamburger SV,Bundesliga,24,35.0,38.0,67.5,27,18,39.2,-0.77,38.15,0,0,2,1,10,11,2,14,1.48,10.78
luca-reggiani,Luca Reggiani,Defender,Borussia Dortmund,Bundesliga,18,43.0,42.0,27.5,11,7,29.2,8.19,35.45,1,0,0,4,1,4,0,11,4.32,16.54
kevin-muller,Kevin Müller,Goalkeeper,FC Schalke 04,Bundesliga,35,39.0,39.0,10.0,4,4,10.9,2.85,36.25,0,1,0,0,0,2,1,36,0.99,9.43
guela-doue,Guela Doué,Defender,Bayer 04 Leverkusen,Bundesliga,23,45.0,50.0,70.0,28,25,55.3,10.25,40.0,0,5,4,4,4,8,1,14,3.66,50.79
jordan-torunarigha,Jordan Torunarigha,Defender,Hamburger SV,Bundesliga,29,35.0,42.0,62.5,25,22,58.9,6.44,35.2,0,0,6,4,7,8,2,13,1.58,11.13
ko-itakura,Ko Itakura,Defender,Borussia Mönchengladbach,Bundesliga,29,44.0,46.0,47.5,19,15,34.0,9.17,36.58,1,1,3,1,6,4,2,22,3.0,14.32
matheo-raab,Matheo Raab,Goalkeeper,1. FC Union Berlin,Bundesliga,27,51.0,51.0,5.0,2,2,5.3,3.6,47.5,0,1,0,0,0,0,1,38,1.11,11.84
orjan-haskjold-nyland,Ørjan Nyland,Goalkeeper,Sevilla FC,Primera División,36,40.0,40.0,25.0,10,10,21.7,6.16,33.5,0,1,0,1,3,1,2,32,4.65,33.81
samuele-inacio-pia,Samuele Inácio,Forward,Borussia Dortmund,Bundesliga,18,41.0,41.0,22.5,9,4,17.6,5.26,35.56,0,0,1,1,5,0,1,18,7.54,66.38
albert-frank-millgramm,Albert Millgramm,Forward,SC Paderborn 07,Bundesliga,21,34.0,34.0,5.0,2,0,0.1,-1.15,35.0,0,0,0,0,0,2,0,20,2.68,8.81
amil-siljevic,Amil Siljevic,Goalkeeper,Eintracht Frankfurt,Bundesliga,19,0.0,0.0,0.0,0,0,0.0,0.0,0.0,0,0,0,0,0,0,0,40,2.08,5.39
leonhard-von-schroetter,Leonhard Schroetter,Defender,FC Augsburg,Bundesliga,27,0.0,0.0,0.0,0,0,0.0,0.0,0.0,0,0,0,0,0,0,0,40,,
luca-antony-jaquez,Luca Jaquez,Defender,VfB Stuttgart,Bundesliga,23,39.0,44.0,40.0,16,8,20.1,7.58,36.56,0,0,2,3,7,3,0,25,1.53,6.31
marcel-hoffmeier,Marcel Hoffmeier,Defender,SC Paderborn 07,Bundesliga,27,0.0,0.0,0.0,0,0,0.0,0.0,0.0,0,1,2,0,1,0,0,36,1.53,12.46
mahmut-kucuksahin,Mahmut Kücüksahin,Midfielder,FC Augsburg,Bundesliga,22,0.0,0.0,0.0,0,0,0.0,0.0,0.0,0,0,0,0,0,0,0,40,0.38,2.24
justin-diehl,Justin Diehl,Forward,VfB Stuttgart,Bundesliga,21,0.0,0.0,0.0,0,0,0.0,0.0,0.0,0,0,1,0,2,2,0,35,2.24,6.58
maximilian-kinzig,Maximilian Kinzig,Goalkeeper,1. FSV Mainz 05,Bundesliga,22,0.0,0.0,0.0,0,0,0.0,0.0,0.0,0,0,0,0,0,0,0,4,2.68,8.35
alynho-haidara,Alynho Haïdara,Forward,1. FSV Mainz 05,Bundesliga,18,0.0,0.0,0.0,0,0,0.0,0.0,0.0,0,0,0,0,0,0,0,4,,
kelvin-ojo,Kelvin Ojo,Forward,Hamburger SV,Bundesliga,19,0.0,0.0,0.0,0,0,0.0,0.0,0.0,0,0,0,0,0,0,0,4,,
mekhi-anthony-gray,Mekhi Gray,Forward,1. FC Union Berlin,Bundesliga,19,0.0,0.0,0.0,0,0,0.0,0.0,0.0,0,0,0,0,0,0,0,4,2.85,7.05
patrick-osterhage,Patrick Osterhage,Midfielder,Sport-Club Freiburg,Bundesliga,26,36.0,42.0,52.5,21,12,28.0,5.33,36.19,0,0,1,4,11,3,1,20,2.33,6.39
silas-ostrzinski,Silas Ostrzinski,Goalkeeper,Borussia Dortmund,Bundesliga,22,0.0,0.0,0.0,0,0,0.0,0.0,0.0,0,0,0,0,0,0,0,40,3.25,13.37
sota-kawasaki,Sota Kawasaki,Midfielder,1. FSV Mainz 05,Bundesliga,25,40.0,43.0,40.0,16,7,16.6,3.34,38.13,0,0,3,0,6,7,0,24,1.23,4.65
bryan-lasme,Bryan Lasme,Forward,FC Schalke 04,Bundesliga,27,40.0,40.0,15.0,6,0,4.6,0.47,39.17,0,0,2,0,6,4,0,28,1.15,7.13
luis-seifert,Luis Seifert,Defender,SV 07 Elversberg,Bundesliga,22,0.0,0.0,0.0,0,0,0.0,0.0,0.0,0,0,0,0,0,0,0,40,1.79,6.38
silla-wamangituka,Silas Katompa Mvumpa,Forward,1. FSV Mainz 05,Bundesliga,27,38.0,38.0,22.5,9,5,10.1,0.61,37.78,0,0,1,0,3,5,0,31,2.3,4.58
sven-ulreich,Sven Ulreich,Goalkeeper,FC Bayern München,Bundesliga,38,42.0,42.0,2.5,1,1,2.2,6.8,35.0,0,0,0,0,1,0,0,39,4.15,13.42
gil-matteo-neves,Gil Neves,Midfielder,1. FC Köln,Bundesliga,18,0.0,0.0,0.0,0,0,0.0,0.0,0.0,0,0,0,0,0,0,0,4,,
ron-robert-zieler,Ron-Robert Zieler,Goalkeeper,1. FC Köln,Bundesliga,37,0.0,0.0,0.0,0,0,0.0,0.0,0.0,0,0,0,0,2,0,0,38,2.06,6.61
marius-funk,Marius Funk,Goalkeeper,VfB Stuttgart,Bundesliga,30,0.0,0.0,0.0,0,0,0.0,0.0,0.0,0,0,0,0,0,0,0,5,1.26,5.71
julien-piet-friedrich,Julien Friedrich,Midfielder,1. FC Union Berlin,Bundesliga,19,0.0,0.0,0.0,0,0,0.0,0.0,0.0,0,0,0,0,0,0,0,4,0.79,6.17
marvin-friedrich,Marvin Friedrich,Defender,1. FC Union Berlin,Bundesliga,30,37.0,37.0,15.0,6,1,4.3,2.15,35.0,0,0,0,0,5,1,0,34,2.07,3.66
rouven-vuk-tarnutzer,Rouven Tarnutzer,Midfielder,Sport-Club Freiburg,Bundesliga,19,35.0,35.0,2.5,1,0,0.2,-0.2,35.0,0,0,0,0,0,1,0,24,2.28,5.6
florian-muller,Florian Müller,Goalkeeper,Sport-Club Freiburg,Bundesliga,28,0.0,0.0,0.0,0,0,0.0,0.0,0.0,0,0,0,0,0,0,0,40,3.27,16.96
jens-grahl,Jens Grahl,Goalkeeper,Eintracht Frankfurt,Bundesliga,37,0.0,0.0,0.0,0,0,0.0,0.0,0.0,0,0,0,0,0,0,0,40,2.25,7.47
keke-maximilian-topp,Keke Topp,Forward,SV Werder Bremen,Bundesliga,22,37.0,35.0,45.0,18,7,17.6,-1.11,36.39,0,0,3,0,7,11,0,19,1.29,3.79
felix-agu,Felix Agu,Defender,SV Werder Bremen,Bundesliga,26,39.0,39.0,20.0,8,6,14.0,6.4,32.5,1,0,0,2,3,2,1,31,2.14,4.99
sean-dulic,Sean Dulic,Defender,TSG Hoffenheim,Bundesliga,21,0.0,0.0,0.0,0,0,0.0,0.0,0.0,0,0,0,0,0,0,0,5,2.15,7.96
sander-tangvik,Sander Tangvik,Goalkeeper,Hamburger SV,Bundesliga,23,55.0,54.0,27.5,11,11,25.4,11.89,41.82,0,1,4,1,5,1,0,28,3.87,18.17
stefan-stefanov-smarkalev,Stefan Smarkalev,Goalkeeper,SV Werder Bremen,Bundesliga,19,0.0,0.0,0.0,0,0,0.0,0.0,0.0,0,0,0,0,0,0,0,38,2.75,7.12
tobias-sippel,Tobias Sippel,Goalkeeper,Borussia Mönchengladbach,Bundesliga,38,0.0,0.0,0.0,0,0,0.0,0.0,0.0,0,0,0,0,0,0,0,40,0.96,8.85
nnamdi-collins,Nnamdi Collins,Defender,Eintracht Frankfurt,Bundesliga,22,54.0,49.0,60.0,24,16,37.3,11.04,38.33,0,5,3,0,8,6,1,17,3.27,14.63
nediljko-labrovic,Nediljko Labrović,Goalkeeper,FC Augsburg,Bundesliga,26,0.0,0.0,0.0,0,0,0.0,0.0,0.0,0,0,0,0,0,0,0,40,2.22,12.34
markus-kolke,Markus Kolke,Goalkeeper,SV Werder Bremen,Bundesliga,36,0.0,0.0,0.0,0,0,0.0,0.0,0.0,0,0,0,0,0,0,0,40,2.65,9.05
kaua-morais-vieira-dos-santos,Kauã Santos,Goalkeeper,Eintracht Frankfurt,Bundesliga,23,37.0,35.0,37.5,15,15,31.6,0.07,34.33,0,1,1,0,4,6,2,26,3.53,23.84
linus-guther,Linus Güther,Forward,1. FC Union Berlin,Bundesliga,16,30.0,30.0,2.5,1,0,0.7,-5.3,35.0,0,0,0,0,0,1,0,9,0.75,7.77
emre-can,Emre Can,Midfielder,Borussia Dortmund,Bundesliga,32,54.0,52.0,37.5,15,9,22.2,10.07,41.67,0,1,6,0,5,3,0,25,3.45,12.84
jonathan-friemel,Jonathan Friemel,Midfielder,1. FC Köln,Bundesliga,19,0.0,0.0,0.0,0,0,0.0,0.0,0.0,0,0,0,0,0,0,0,4,,
fritz-henri-fleck,Fritz Fleck,Midfielder,Borussia Mönchengladbach,Bundesliga,19,0.0,0.0,0.0,0,0,0.0,0.0,0.0,0,0,0,0,0,0,0,25,1.45,8.95
mario-vuskovic,Mario Vušković,Defender,Hamburger SV,Bundesliga,24,0.0,0.0,0.0,0,0,0.0,0.0,0.0,0,0,0,0,0,0,0,29,2.78,44.0
maycon-douglas-normanha-cardozo,Maycon Cardozo,Midfielder,FC Bayern München,Bundesliga,17,36.0,36.0,5.0,2,0,1.0,1.2,35.0,0,0,0,0,2,0,0,30,,
stefan-bell,Stefan Bell,Defender,1. FSV Mainz 05,Bundesliga,35,51.0,47.0,32.5,13,12,22.8,3.94,42.69,0,2,2,0,3,4,1,28,1.92,6.26
enzo-de-pina-duarte-dos-santos,Enzo dos Santos,Midfielder,Borussia Dortmund,Bundesliga,17,35.0,35.0,2.5,1,0,0.1,0.0,35.0,0,0,0,0,2,1,0,6,,
andrik-markgraf,Andrik Markgraf,Defender,1. FC Union Berlin,Bundesliga,20,0.0,0.0,0.0,0,0,0.0,0.0,0.0,0,0,0,0,0,0,0,38,3.12,7.51
tristan-spranger,Tristan Spranger,Defender,TSG Hoffenheim,Bundesliga,18,0.0,0.0,0.0,0,0,0.0,0.0,0.0,0,0,0,0,0,0,0,5,,
mateo-zelic,Mateo Zelic,Forward,Sport-Club Freiburg,Bundesliga,19,0.0,0.0,0.0,0,0,0.0,0.0,0.0,0,0,0,0,0,0,0,6,,
deniz-zeitler,Deniz Zeitler,Forward,SC Paderborn 07,Bundesliga,19,0.0,0.0,0.0,0,0,0.0,0.0,0.0,0,0,0,0,0,0,0,4,0.95,7.83
julian-yao-mawuli-etse,Julian Etse,Defender,Eintracht Frankfurt,Bundesliga,20,0.0,0.0,0.0,0,0,0.0,0.0,0.0,0,0,0,0,0,0,0,4,,
viggo-gebel,Viggo Gebel,Midfielder,RB Leipzig,Bundesliga,18,0.0,0.0,0.0,0,0,0.0,0.0,0.0,0,0,0,0,0,0,0,40,1.5,9.73
janis-blaswich,Janis Blaswich,Goalkeeper,Bayer 04 Leverkusen,Bundesliga,35,54.0,53.0,42.5,17,16,36.8,10.49,42.65,0,0,8,1,5,3,0,23,2.34,19.13
dawid-kownacki,Dawid Kownacki,Forward,SV Werder Bremen,Bundesliga,29,41.0,42.0,42.5,17,9,25.9,1.96,40.29,0,1,6,0,9,6,1,17,1.68,5.05
jannik-huth,Jannik Huth,Goalkeeper,Sport-Club Freiburg,Bundesliga,32,0.0,0.0,0.0,0,0,0.0,0.0,0.0,0,0,0,0,0,0,0,40,1.36,9.1
stefan-drljaca,Stefan Drljača,Goalkeeper,VfB Stuttgart,Bundesliga,27,0.0,0.0,0.0,0,0,0.0,0.0,0.0,0,0,0,0,0,0,0,40,1.71,7.68
florent-muslija,Florent Muslija,Midfielder,Sport-Club Freiburg,Bundesliga,28,61.0,57.0,75.0,30,29,64.3,15.65,41.17,0,6,5,7,11,0,0,11,1.74,6.52
luca-philipp,Luca Philipp,Goalkeeper,TSG Hoffenheim,Bundesliga,25,0.0,0.0,0.0,0,0,0.0,0.0,0.0,0,0,0,0,0,0,0,40,2.28,12.2
david-michael-santos-daiber,David Daiber,Midfielder,FC Bayern München,Bundesliga,19,37.0,37.0,5.0,2,0,0.7,1.65,35.0,0,0,0,0,1,1,0,38,3.52,13.08
skelly-alvero,Skelly Alvero,Midfielder,SV Werder Bremen,Bundesliga,24,43.0,43.0,20.0,8,6,14.2,7.29,35.63,0,0,2,2,3,2,1,30,2.05,6.36
fernando-dickes,Fernando Dickes,Goalkeeper,Hamburger SV,Bundesliga,18,0.0,0.0,0.0,0,0,0.0,0.0,0.0,0,0,0,0,0,0,0,40,1.95,6.54
jan-jakob-olschowsky,Jan Olschowsky,Goalkeeper,Borussia Mönchengladbach,Bundesliga,24,0.0,0.0,0.0,0,0,0.0,0.0,0.0,0,0,0,0,0,0,0,40,0.96,9.42
johannes-simon-siebeking,Johannes Siebeking,Goalkeeper,FC Schalke 04,Bundesliga,20,0.0,0.0,0.0,0,0,0.0,0.0,0.0,0,0,0,0,0,0,0,19,1.76,5.39
alexander-rossing-lelesiit,Alexander Røssing-Lelesiit,Forward,Hamburger SV,Bundesliga,19,37.0,37.0,20.0,8,2,4.3,2.25,35.0,0,0,0,0,8,4,0,28,1.94,4.37
elias-etringer,Elias Etringer,Goalkeeper,SV 07 Elversberg,Bundesliga,18,0.0,0.0,0.0,0,0,0.0,0.0,0.0,0,0,0,0,0,0,0,4,2.32,1.92
finn-dominik-porath,Finn Porath,Midfielder,FC Schalke 04,Bundesliga,29,39.0,40.0,35.0,14,4,15.6,3.32,36.79,0,0,2,1,13,6,0,18,1.76,6.2
lukas-johannes-blondal-petersson,Lúkas Petersson,Goalkeeper,TSG Hoffenheim,Bundesliga,22,0.0,0.0,0.0,0,0,0.0,0.0,0.0,0,0,0,0,0,0,0,40,2.48,8.25
anthony-jung,Anthony Jung,Defender,Sport-Club Freiburg,Bundesliga,34,39.0,36.0,27.5,11,3,10.7,2.43,33.18,0,0,0,0,7,3,1,29,1.3,8.7
martin-james,Martin James,Goalkeeper,1. FC Köln,Bundesliga,18,0.0,0.0,0.0,0,0,0.0,0.0,0.0,0,0,0,0,0,0,0,38,1.21,5.36
mussa-kaba,Mussa Kaba,Midfielder,Borussia Dortmund,Bundesliga,17,0.0,0.0,0.0,0,0,0.0,0.0,0.0,0,0,0,0,0,0,0,28,0.96,16.21
lorenz-assignon,Lorenz Assignon,Defender,VfB Stuttgart,Bundesliga,26,42.0,41.0,62.5,25,14,31.4,2.71,37.8,0,1,4,1,10,7,1,16,1.31,6.6
luca-pfeiffer,Luca Pfeiffer,Forward,SV 07 Elversberg,Bundesliga,30,37.0,37.0,5.0,2,0,0.6,2.15,35.0,0,0,0,0,2,0,0,38,2.07,5.49
darwin-kaan-soylu,Darwin Soylu,Midfielder,SV Werder Bremen,Bundesliga,19,0.0,0.0,0.0,0,0,0.0,0.0,0.0,0,0,0,0,0,0,0,4,1.63,6.01
alexander-meyer,Alexander Meyer,Goalkeeper,Borussia Dortmund,Bundesliga,35,0.0,0.0,0.0,0,0,0.0,0.0,0.0,0,0,0,0,0,0,0,40,4.85,35.05
tristan-zobel,Tristan Zobel,Defender,SC Paderborn 07,Bundesliga,22,0.0,0.0,0.0,0,0,0.0,0.0,0.0,0,0,0,0,0,0,0,14,2.64,5.86
serge-gnabry,Serge Gnabry,Forward,FC Bayern München,Bundesliga,31,57.0,57.0,55.0,22,16,30.9,7.23,49.77,0,3,8,0,9,1,0,19,14.42,53.97
nyamekye-awortwie-grant,Nyamekye Awortwie-Grant,Defender,SC Paderborn 07,Bundesliga,26,0.0,0.0,0.0,0,0,0.0,0.0,0.0,0,0,0,0,0,0,0,4,1.97,9.35
iaia-manco-danfa,Iaia Danfa,Forward,Borussia Mönchengladbach,Bundesliga,19,0.0,0.0,0.0,0,0,0.0,0.0,0.0,0,0,0,0,0,0,0,4,1.48,10.39
lukas-klostermann,Lukas Klostermann,Defender,RB Leipzig,Bundesliga,30,45.0,45.0,12.5,5,1,2.7,4.78,40.0,0,1,0,0,4,0,0,35,2.45,12.13
timo-gayret,Timur Gayret,Midfielder,SC Paderborn 07,Bundesliga,28,0.0,0.0,0.0,0,0,0.0,0.0,0.0,0,0,0,0,0,0,0,4,2.06,9.49
leopold-zingerle,Leopold Zingerle,Goalkeeper,RB Leipzig,Bundesliga,32,0.0,0.0,0.0,0,0,0.0,0.0,0.0,0,0,0,0,0,0,0,40,2.62,6.5
rihito-yamamoto,Rihito Yamamoto,Midfielder,Sport-Club Freiburg,Bundesliga,24,58.0,60.0,77.5,31,31,70.8,17.56,42.58,1,4,10,7,9,1,0,8,2.33,11.97
niklas-lomb,Niklas Lomb,Goalkeeper,Bayer 04 Leverkusen,Bundesliga,33,0.0,0.0,0.0,0,0,0.0,0.0,0.0,0,0,0,0,0,0,0,40,2.6,10.34
malek-el-mala,Malek El Mala,Forward,1. FC Köln,Bundesliga,21,0.0,0.0,0.0,0,0,0.0,0.0,0.0,0,0,0,0,0,0,0,38,1.8,5.72
naba-mensah,Naba Mensah,Midfielder,Bayer 04 Leverkusen,Bundesliga,19,0.0,0.0,0.0,0,0,0.0,0.0,0.0,0,0,0,0,0,0,0,36,2.06,8.59
emil-winther-hojlund,Emil Højlund,Forward,FC Schalke 04,Bundesliga,21,0.0,0.0,0.0,0,0,0.0,0.0,0.0,0,0,0,0,2,3,0,35,2.19,6.6
lasse-eickel,Lasse Eickel,Forward,SC Paderborn 07,Bundesliga,18,0.0,0.0,0.0,0,0,0.0,0.0,0.0,0,0,0,0,0,0,0,4,3.57,11.38
jens-stage,Jens Stage,Midfielder,SV Werder Bremen,Bundesliga,29,46.0,51.0,70.0,28,28,66.8,6.76,43.75,0,3,9,3,8,8,0,9,1.94,8.89
joel-agyekum,Joel Agyekum,Defender,Hamburger SV,Bundesliga,21,0.0,0.0,0.0,0,0,0.0,0.0,0.0,0,0,0,0,1,0,0,20,2.33,5.48
niklas-stark,Niklas Stark,Defender,SV Werder Bremen,Bundesliga,31,42.0,41.0,30.0,12,7,16.5,9.16,31.67,0,0,2,2,6,4,2,24,3.06,7.11
miguel-samuel-adje,Miguel Adje,Defender,Borussia Dortmund,Bundesliga,18,0.0,0.0,0.0,0,0,0.0,0.0,0.0,0,0,0,0,0,0,0,3,,
tim-boss,Tim Boss,Goalkeeper,SV 07 Elversberg,Bundesliga,33,0.0,0.0,0.0,0,0,0.0,0.0,0.0,0,0,0,0,0,0,0,40,2.3,6.36
luis-engelns,Luis Engelns,Midfielder,TSG Hoffenheim,Bundesliga,19,40.0,40.0,30.0,12,0,7.7,4.67,35.0,0,0,2,0,8,7,0,23,0.76,8.93
stanley-nsoki,Stanley Nsoki,Defender,1. FC Union Berlin,Bundesliga,27,42.0,44.0,32.5,13,10,24.1,6.8,37.31,0,1,1,2,6,2,1,27,1.65,7.47
frank-lehmann,Frank Lehmann,Goalkeeper,SV 07 Elversberg,Bundesliga,37,0.0,0.0,0.0,0,0,0.0,0.0,0.0,0,0,0,0,0,0,0,40,1.73,5.98
yukhym-konoplia,Yukhym Konoplia ,Defender,Borussia Mönchengladbach,Bundesliga,27,38.0,38.0,20.0,8,5,19.4,-0.1,38.13,0,1,3,1,6,5,3,21,1.94,6.34
jason-dean-bissi-mouelle,Jason-Dean Bissi Mouelle,Defender,Hamburger SV,Bundesliga,18,0.0,0.0,0.0,0,0,0.0,0.0,0.0,0,0,0,0,0,0,0,4,,
ertugrul-yigit,Ertugrul Yigit,Midfielder,VfB Stuttgart,Bundesliga,17,0.0,0.0,0.0,0,0,0.0,0.0,0.0,0,0,0,0,0,0,0,5,1.82,8.73
florian-pruhs,Florian Pruhs,Goalkeeper,SC Paderborn 07,Bundesliga,20,0.0,0.0,0.0,0,0,0.0,0.0,0.0,0,0,0,0,0,0,0,40,1.64,9.28
steve-mounie,Steve Mounié,Forward,FC Augsburg,Bundesliga,31,39.0,39.0,57.5,23,8,26.0,0.43,38.26,0,0,3,0,9,11,0,17,2.06,11.09
tarek-buchmann,Tarek Buchmann,Defender,FC Bayern München,Bundesliga,21,37.0,37.0,5.0,2,1,2.9,2.08,35.0,0,0,0,0,1,1,0,38,0.44,5.09
jessic-ngankam,Jessic Ngankam,Forward,Eintracht Frankfurt,Bundesliga,26,36.0,35.0,30.0,12,5,11.7,-2.01,37.08,0,0,1,0,4,7,0,28,2.14,5.95
benno-valentin-kilan-kaltefleiter,Benno Kaltefleiter,Midfielder,RB Leipzig,Bundesliga,18,0.0,0.0,0.0,0,0,0.0,0.0,0.0,0,0,0,0,0,0,0,25,2.32,7.55
maximilian-tobias-herwerth,Maximilian Herwerth,Defender,VfB Stuttgart,Bundesliga,20,0.0,0.0,0.0,0,0,0.0,0.0,0.0,0,0,0,0,0,0,0,30,,
zento-uno,Zento Uno,Midfielder,Borussia Mönchengladbach,Bundesliga,22,50.0,51.0,52.5,21,15,41.8,12.25,38.57,0,1,7,1,12,2,0,17,1.44,6.33
nathan-tella,Nathan Tella,Forward,Bayer 04 Leverkusen,Bundesliga,27,55.0,48.0,40.0,16,7,16.1,6.11,41.88,0,1,3,1,9,2,0,24,3.63,16.67
oskar-wojcik,Oskar Wójcik,Defender,SV Werder Bremen,Bundesliga,23,0.0,0.0,0.0,0,0,0.0,0.0,0.0,0,0,0,0,0,0,0,4,1.3,5.5
jan-luca-riedl,Jan-Luca Riedl,Defender,Borussia Dortmund,Bundesliga,17,0.0,0.0,0.0,0,0,0.0,0.0,0.0,0,0,0,0,0,0,0,3,,
faik-sakar,Faik Sakar,Forward,FC Augsburg,Bundesliga,18,0.0,0.0,0.0,0,0,0.0,0.0,0.0,0,0,0,0,1,0,0,29,2.3,7.72
tim-schnitzer,Tim Schnitzer,Midfielder,FC Augsburg,Bundesliga,18,34.0,34.0,2.5,1,0,0.3,-1.1,35.0,0,0,0,0,0,1,0,23,,
rav-van-den-berg,Rav van den Berg,Defender,1. FC Köln,Bundesliga,22,43.0,44.0,30.0,12,10,28.6,8.94,35.42,0,0,1,3,9,2,0,25,2.22,6.12
timo-hubers,Timo Hübers,Defender,1. FC Köln,Bundesliga,30,62.0,62.0,12.5,5,5,13.1,21.82,40.0,0,1,4,1,4,0,0,30,3.0,7.14
florian-neuhaus,Florian Neuhaus,Midfielder,Borussia Mönchengladbach,Bundesliga,29,39.0,41.0,37.5,15,11,26.6,3.98,36.67,0,1,0,1,11,6,0,21,2.37,9.09
natnael-abraha,Natnael Abraha,Defender,TSG Hoffenheim,Bundesliga,18,0.0,0.0,0.0,0,0,0.0,0.0,0.0,0,0,0,0,0,0,0,5,1.89,7.35
matthias-kobbing,Matthias Köbbing,Goalkeeper,1. FC Köln,Bundesliga,29,0.0,0.0,0.0,0,0,0.0,0.0,0.0,0,0,0,0,0,0,0,40,2.23,9.85
marcus-schubert,Markus Schubert,Goalkeeper,SC Paderborn 07,Bundesliga,28,0.0,0.0,0.0,0,0,0.0,0.0,0.0,0,0,0,0,0,0,0,40,2.02,8.22
atakan-karazor,Atakan Karazor,Midfielder,VfB Stuttgart,Bundesliga,29,42.0,43.0,72.5,29,22,49.5,8.03,34.48,0,1,1,5,14,7,0,12,1.76,6.17
tom-heinz-wisbereit,Tom Wisbereit,Goalkeeper,FC Augsburg,Bundesliga,18,0.0,0.0,0.0,0,0,0.0,0.0,0.0,0,0,0,0,0,0,0,7,1.73,6.64
kastriot-imeri,Kastriot Imeri,Midfielder,1. FC Union Berlin,Bundesliga,26,52.0,54.0,75.0,30,21,40.1,7.54,47.0,1,5,8,1,6,8,0,11,2.2,5.66
jarzinho-ataide-adriano-de-nascimento-malanga,Jarzinho Malanga,Midfielder,VfB Stuttgart,Bundesliga,20,38.0,38.0,52.5,21,1,13.6,0.63,37.38,0,0,2,0,10,11,0,17,2.61,8.41
dan-axel-zagadou,Dan-Axel Zagadou,Defender,VfB Stuttgart,Bundesliga,27,59.0,59.0,10.0,4,3,5.5,18.6,41.25,1,0,0,0,2,0,0,37,1.87,8.22
borna-sosa,Borna Sosa,Defender,1. FC Köln,Bundesliga,28,39.0,40.0,22.5,9,3,8.5,2.34,37.78,0,1,0,0,4,3,1,31,2.08,12.03
mathis-albert,Mathis Albert,Forward,Borussia Dortmund,Bundesliga,17,36.0,36.0,2.5,1,0,0.1,0.7,35.0,0,0,0,0,1,0,0,25,3.62,23.37
tim-oermann,Tim Oermann,Defender,Bayer 04 Leverkusen,Bundesliga,22,45.0,43.0,32.5,13,11,22.4,6.41,36.92,0,0,1,3,6,2,0,28,2.7,5.5
patrick-drewes,Patrick Drewes,Goalkeeper,Borussia Dortmund,Bundesliga,33,0.0,0.0,0.0,0,0,0.0,0.0,0.0,0,0,0,0,0,0,0,40,3.53,13.98
clemens-lippmann,Clemens Lippmann,Defender,SC Paderborn 07,Bundesliga,20,29.0,29.0,0.0,0,0,8.0,-6.15,35.0,0,0,0,0,0,2,0,2,1.63,6.22
kenny-quetant,Kenny Quetant,Forward,SV Werder Bremen,Bundesliga,20,38.0,38.0,22.5,9,4,16.9,-0.59,37.78,0,0,1,0,4,4,0,14,0.3,5.88
