Slug,Player Name,Position,Club,Current League,Age,L5,L5 Games Started,L5 Min Play/90,L10,L40,Play % L40,Games Played L40,Game Started L40,Min Play/90 L40,AA L40,Decisive L40,Score 100,Score 75-99,Score 60-74,Score 50-59,Score 35-49,Score 20-34,Score 0-19,DNP L40,Avg Limited IS (€),Avg Rare IS (€)
daniel-heber,Daniel Heber,Defender,1. FC Magdeburg,2. Bundesliga,32,87.0,1,14.6,75.0,75.0,7.5,3,2,4.8,25.7,51.67,1,1,0,1,1,0,0,36,2.63,8.67
josip-brekalo,Josip Brekalo,Forward,Hertha Berlin,2. Bundesliga,28,85.0,5,90.0,58.0,51.0,67.5,27,19,44.1,9.31,41.67,0,4,4,2,15,2,3,10,15.83,50.71
fabian-reese,Fabian Reese,Forward,VfL Wolfsburg,2. Bundesliga,28,77.0,5,87.6,72.0,68.0,82.5,33,32,82.3,14.41,55.15,3,9,14,1,11,1,0,1,31.67,127.85
herbert-bockhorn,Herbert Bockhorn,Defender,1. FC Magdeburg,2. Bundesliga,31,73.0,3,47.8,49.0,45.0,42.5,17,11,26.7,7.95,37.06,0,2,3,1,5,6,1,22,3.3,8.86
robert-nesta-glatzel,Robert Glatzel,Forward,VfL Wolfsburg,2. Bundesliga,32,73.0,2,41.0,60.0,49.0,55.0,22,10,23.9,2.97,46.14,0,2,7,0,10,5,0,16,9.12,30.09
alexander-nollenberger,Alexander Nollenberger,Forward,1. FC Magdeburg,2. Bundesliga,29,70.0,5,83.0,60.0,57.0,80.0,32,31,79.3,13.4,43.75,1,3,8,6,17,1,1,3,3.53,18.65
budu-zivzivadze,Budu Zivzivadze,Forward,1. FC Heidenheim 1846,2. Bundesliga,32,70.0,2,34.0,54.0,46.0,62.5,25,19,41.1,2.54,43.4,0,0,8,0,11,6,0,15,4.49,17.83
julian-krahl,Julian Krahl,Goalkeeper,1. FC Kaiserslautern,2. Bundesliga,26,70.0,5,90.0,67.0,54.0,80.0,32,32,84.7,9.95,44.06,1,7,6,0,15,8,1,2,11.67,67.55
fynn-otto,Fynn Otto,Defender,1. FC Nürnberg,2. Bundesliga,24,68.0,4,69.8,67.0,67.0,12.5,5,5,73.2,21.99,45.0,0,2,2,0,0,1,0,1,4.6,23.72
baris-atik,Barış Atik,Forward,1. FC Magdeburg,2. Bundesliga,31,67.0,4,71.6,62.0,66.0,80.0,32,32,82.0,17.07,49.22,1,12,6,9,9,1,0,2,16.58,65.2
dominik-reimann,Dominik Reimann,Goalkeeper,1. FC Magdeburg,2. Bundesliga,29,67.0,5,90.0,60.0,53.0,85.0,34,34,90.0,11.83,40.88,0,6,4,7,14,6,3,0,4.4,39.04
robin-fabinski,Robin Fabinski,Defender,VfL Osnabrück,2. Bundesliga,23,66.0,5,90.0,64.0,64.0,15.0,6,6,90.0,19.1,43.33,0,2,1,1,2,0,0,0,3.27,10.55
emmanuel-iyoha,Emmanuel Iyoha,Forward,1. FC Magdeburg,2. Bundesliga,28,66.0,5,86.8,61.0,51.0,70.0,28,27,67.9,10.55,40.71,0,3,5,3,15,5,0,9,8.35,26.01
lukas-michelbrink,Lukas Michelbrink,Midfielder,FC Energie Cottbus,2. Bundesliga,21,65.0,5,81.4,55.0,55.0,20.0,8,8,82.8,10.88,44.38,0,2,1,1,4,0,0,18,5.21,20.49
mohamed-ali-zoma,Mohamed Zoma,Forward,1. FC Nürnberg,2. Bundesliga,22,64.0,2,71.2,67.0,61.0,77.5,31,30,72.6,9.23,51.77,0,10,8,2,12,3,0,5,20.48,77.83
ben-bobzien,Ben Bobzien,Forward,SG Dynamo Dresden,2. Bundesliga,23,64.0,5,88.6,54.0,55.0,57.5,23,21,45.7,10.32,44.78,0,4,5,2,11,0,1,17,4.48,31.43
michael-steinwender,Michael Steinwender,Defender,VfL Bochum 1848,2. Bundesliga,26,64.0,5,90.0,62.0,50.0,85.0,34,24,59.8,13.75,36.47,1,2,5,5,14,8,0,5,2.19,11.28
arne-sicker,Arne Sicker,Defender,DSC Arminia Bielefeld,2. Bundesliga,29,64.0,3,52.4,55.0,48.0,45.0,18,11,31.6,10.15,37.78,0,2,4,1,9,5,0,19,1.05,5.99
semih-sahin,Semih Şahin,Midfielder,1. FC Kaiserslautern,2. Bundesliga,26,63.0,5,88.8,53.0,49.0,80.0,32,28,71.6,7.62,41.56,0,6,3,3,12,14,0,2,2.47,18.21
jon-dagur-thorsteinsson,Jón Dagur Thorsteinsson,Forward,Hertha Berlin,2. Bundesliga,27,63.0,4,64.4,52.0,50.0,77.5,31,24,46.2,8.83,40.97,0,5,3,2,16,4,0,10,7.15,15.36
jan-elvedi,Jan Elvedi,Defender,1. FC Kaiserslautern,2. Bundesliga,30,63.0,5,90.0,63.0,53.0,72.5,29,23,61.8,16.08,37.07,0,3,8,7,9,4,2,7,8.73,30.71
niklas-kolbe,Niklas Kolbe,Defender,Hertha Berlin,2. Bundesliga,29,62.0,5,90.0,57.0,47.0,57.5,23,16,41.1,10.27,37.17,0,3,1,3,16,3,0,14,4.34,15.59
maximilian-wittek,Maximilian Wittek,Defender,VfL Bochum 1848,2. Bundesliga,31,62.0,5,87.6,52.0,57.0,75.0,30,30,74.7,16.58,40.5,1,5,8,5,9,7,0,5,3.04,15.12
cleiton-santana-dos-santos,Cleiton,Defender,VfL Wolfsburg,2. Bundesliga,23,61.0,2,31.0,62.0,61.0,5.0,2,2,3.9,13.88,47.5,0,1,0,0,1,0,0,38,3.43,8.36
anselmo-garcia-mcnulty,Anselmo MacNulty,Defender,1. FC Magdeburg,2. Bundesliga,23,61.0,5,90.0,52.0,48.0,82.5,33,33,83.9,9.72,37.58,0,5,4,7,10,10,2,2,3.11,7.83
alexander-bernhardsson,Alexander Bernhardsson,Forward,VfL Wolfsburg,2. Bundesliga,28,60.0,4,69.8,57.0,55.0,62.5,25,19,41.2,9.41,45.2,0,4,5,1,13,1,0,16,12.68,28.99
luka-mikael-hyrylainen,Luka-Mikael Hyryläinen,Midfielder,1. FC Magdeburg,2. Bundesliga,22,59.0,5,81.0,51.0,50.0,27.5,11,8,21.4,12.19,37.73,0,1,1,5,6,3,0,24,2.19,17.88
falko-michel,Falko Michel,Midfielder,1. FC Magdeburg,2. Bundesliga,25,59.0,5,90.0,45.0,45.0,77.5,31,29,73.2,9.53,35.16,0,1,3,6,14,10,1,5,3.59,9.35
tobias-muller,Tobias Müller,Defender,1. FC Magdeburg,2. Bundesliga,32,59.0,4,68.6,56.0,51.0,67.5,27,26,62.9,12.17,39.07,1,4,3,5,9,7,1,10,3.04,7.04
hauke-wahl,Hauke Wahl,Defender,VfL Wolfsburg,2. Bundesliga,32,59.0,5,90.0,51.0,51.0,80.0,32,31,77.0,13.09,37.97,1,1,12,6,7,7,2,4,5.17,23.26
enis-cokaj,Enis Çokaj,Midfielder,VfL Bochum 1848,2. Bundesliga,27,59.0,2,22.2,49.0,49.0,7.5,3,3,32.8,12.63,36.67,0,1,2,3,9,3,0,22,1.27,8.03
felix-klaus,Felix Klaus,Midfielder,SpVgg Greuther Fürth,2. Bundesliga,34,59.0,3,90.0,59.0,53.0,67.5,27,28,68.0,6.85,45.37,0,5,4,6,13,7,0,5,1.57,10.84
jonathan-gomez-2003-09-01,Jonathan Gómez,Defender,VfL Osnabrück,2. Bundesliga,23,58.0,5,52.4,53.0,50.0,87.5,35,33,62.2,11.81,38.57,1,2,2,3,12,13,2,5,2.3,8.8
arkadiusz-pyrka,Arkadiusz Pyrka,Defender,FC St. Pauli,2. Bundesliga,24,58.0,5,90.0,51.0,43.0,85.0,34,33,76.9,4.44,37.94,1,2,2,3,12,13,2,5,2.3,8.8
phil-harres,Phil Harres,Forward,Kieler SV Holstein 1900,2. Bundesliga,24,58.0,5,90.0,60.0,48.0,82.5,33,5,72.4,1.03,46.52,0,1,0,3,1,0,0,35,3.72,22.71
leo-weinkauf,Leo Weinkauf,Goalkeeper,Hannoverscher Sportverein 1896,2. Bundesliga,30,58.0,5,90.0,58.0,58.0,12.5,5,5,13.2,18.36,40.0,0,1,0,3,1,0,0,35,3.72,22.71
marcus-mathisen,Marcus Mathisen,Defender,FC St. Pauli,2. Bundesliga,30,57.0,3,47.0,68.0,58.0,77.5,31,30,77.6,18.75,39.52,2,4,9,10,8,2,2,3,2.18,28.69
jacob-rasmussen,Jacob Rasmussen,Defender,1. FC Kaiserslautern,2. Bundesliga,29,57.0,4,72.0,49.0,50.0,80.0,32,29,67.6,14.23,35.47,0,2,8,3,16,1,3,7,1.66,7.26
david-nemeth,David Nemeth,Defender,FC St. Pauli,2. Bundesliga,25,57.0,5,90.0,55.0,55.0,15.0,6,6,15.0,16.06,39.17,0,0,2,2,2,0,0,34,3.05,13.52
adrian-kapralik,Adrián Kaprálik,Forward,Kieler SV Holstein 1900,2. Bundesliga,24,57.0,3,63.8,52.0,45.0,82.5,33,29,67.4,3.89,41.36,0,1,8,1,17,8,0,5,3.35,15.78
jonas-fohrenbach,Jonas Föhrenbach,Defender,1. FC Heidenheim 1846,2. Bundesliga,30,57.0,5,90.0,58.0,47.0,72.5,29,28,70.6,8.52,38.45,0,4,4,3,12,7,3,7,2.05,11.09
marnon-busch,Marnon Busch,Defender,1. FC Heidenheim 1846,2. Bundesliga,31,57.0,4,79.0,53.0,47.0,77.5,31,22,58.1,4.98,42.26,0,2,8,2,14,8,1,5,1.43,9.98
alex-murphy,Alex Murphy,Defender,1. FC Kaiserslautern,2. Bundesliga,22,56.0,2,33.4,49.0,49.0,15.0,6,3,6.6,9.42,39.17,0,1,0,0,3,2,0,34,1.53,6.35
jan-schoppner,Jan Schöppner,Midfielder,1. FC Heidenheim 1846,2. Bundesliga,27,56.0,5,90.0,57.0,43.0,85.0,34,32,70.9,2.27,40.29,0,2,6,1,11,16,1,3,3.78,13.67
joakim-maehle,Joakim Mæhle,Defender,VfL Wolfsburg,2. Bundesliga,29,56.0,5,88.0,64.0,53.0,57.5,23,22,49.9,13.81,39.35,1,1,6,2,6,4,2,18,6.75,33.07
marcel-costly,Marcel Costly,Forward,1. FC Heidenheim 1846,2. Bundesliga,30,56.0,4,70.2,65.0,65.0,12.5,5,5,73.5,16.88,49.0,1,0,1,2,1,0,0,1,2.94,16.71
leonardo-bittencourt,Leonardo Bittencourt,Midfielder,FC Energie Cottbus,2. Bundesliga,32,56.0,5,71.0,48.0,46.0,47.5,19,10,24.9,7.86,38.16,1,1,0,3,14,4,0,17,2.06,6.71
king-samuel-manu,King Manu,Defender,FC Energie Cottbus,2. Bundesliga,22,56.0,4,72.0,59.0,59.0,12.5,5,5,75.0,22.56,36.0,0,1,3,0,0,5,1,30,3.41,18.05
adam-marhiev,Adam Markhiev,Midfielder,1. FC Nürnberg,2. Bundesliga,24,56.0,5,76.2,61.0,56.0,90.0,36,35,75.7,16.37,39.72,2,1,6,11,13,1,0,6,12.27,39.76
alexios-kalogeropoulos,Alexis Kalogeropoulos,Defender,1. FC Nürnberg,2. Bundesliga,22,55.0,5,90.0,54.0,54.0,15.0,6,6,36.0,19.48,35.0,0,1,0,3,1,1,0,10,2.05,10.21
leon-parduzi,Leon Parduzi,Defender,Kieler SV Holstein 1900,2. Bundesliga,19,55.0,3,55.8,54.0,54.0,15.0,6,4,11.2,10.21,43.33,0,1,1,2,1,1,0,34,3.16,7.88
aaron-opoku-1999-03-28,Aaron Opoku,Forward,Braunschweiger TSV Eintracht 1895,2. Bundesliga,27,55.0,5,78.6,50.0,46.0,72.5,29,23,56.9,7.79,38.62,0,1,6,2,19,5,1,6,1.76,4.63
taichi-hara,Taichi Hara,Forward,FC St. Pauli,2. Bundesliga,27,55.0,3,48.0,44.0,45.0,45.0,18,12,35.5,4.58,40.56,0,3,6,1,13,5,0,12,1.24,10.98
tolcay-cigerci,Tolcay Ciğerci,Midfielder,FC Energie Cottbus,2. Bundesliga,31,55.0,4,77.8,59.0,59.0,15.0,6,5,78.7,9.03,50.0,0,1,3,0,1,1,0,0,4.96,18.86
thomas-dahne,Thomas Dähne,Goalkeeper,1. FC Heidenheim 1846,2. Bundesliga,32,54.0,4,72.0,54.0,54.0,10.0,4,4,60.0,6.68,47.5,0,2,2,0,4,4,1,27,7.0,17.49
marius-worl,Marius Wörl,Midfielder,DSC Arminia Bielefeld,2. Bundesliga,22,54.0,4,72.0,45.0,44.0,82.5,33,25,66.2,7.0,36.67,0,2,2,7,16,9,0,4,2.32,9.12
kevin-ehlers,Kevin Ehlers,Defender,Braunschweiger TSV Eintracht 1895,2. Bundesliga,25,54.0,5,90.0,54.0,54.0,82.5,33,32,85.0,13.18,40.3,1,4,6,7,14,5,0,3,2.24,8.21
yann-sturm,Yann Sturm,Midfielder,Braunschweiger TSV Eintracht 1895,2. Bundesliga,21,54.0,5,82.8,59.0,59.0,15.0,6,6,79.8,8.4,49.17,0,1,2,1,2,0,0,15,1.43,22.84
marvin-wanitzek,Marvin Wanitzek,Midfielder,Karlsruher SC,2. Bundesliga,33,54.0,5,90.0,59.0,60.0,85.0,34,34,90.0,13.56,47.06,2,10,4,11,11,2,0,0,11.88,103.15
mehmet-can-aydin,Mehmet Can Aydin,Midfielder,Braunschweiger TSV Eintracht 1895,2. Bundesliga,24,54.0,5,88.8,55.0,49.0,80.0,32,30,73.3,8.11,40.16,0,5,10,4,12,7,0,2,1.97,14.06
lars-timo-gindorf,Lars Gindorf,Midfielder,Hannoverscher Sportverein 1896,2. Bundesliga,25,54.0,5,73.6,52.0,52.0,15.0,6,6,74.5,4.53,47.5,0,0,4,0,10,13,0,13,3.66,13.73
marcel-hartel,Marcel Hartel,Midfielder,Hannoverscher Sportverein 1896,2. Bundesliga,30,54.0,5,84.2,63.0,61.0,60.0,24,23,79.3,15.14,46.04,1,8,10,4,14,1,0,2,5.4,23.03
linus-gechter,Linus Gechter,Defender,Hertha Berlin,2. Bundesliga,22,54.0,5,90.0,56.0,50.0,80.0,32,32,82.6,13.37,36.72,0,3,8,5,12,7,1,4,2.9,9.5
charlie-patino,Charlie Patino,Midfielder,VfL Bochum 1848,2. Bundesliga,22,54.0,1,14.4,44.0,42.0,52.5,21,4,13.6,7.91,34.05,0,0,0,3,15,2,1,19,1.71,5.61
jonas-meffert,Jonas Meffert,Midfielder,Kieler SV Holstein 1900,2. Bundesliga,32,54.0,5,89.0,48.0,47.0,62.5,25,24,61.4,9.48,37.2,0,2,2,2,20,2,1,11,2.03,6.33
tom-meyer,Tom Meyer,Midfielder,VfL Bochum 1848,2. Bundesliga,18,54.0,3,63.2,54.0,54.0,12.5,5,3,52.7,7.46,45.0,0,1,1,0,3,0,0,1,2.3,11.31
omar-sillah,Omar Sillah,Forward,SpVgg Greuther Fürth,2. Bundesliga,23,54.0,1,35.6,44.0,41.0,40.0,16,1,14.7,0.16,41.25,0,0,4,0,5,9,0,8,2.28,7.93
moritz-broni-kwarteng,Moritz-Broni Kwarteng,Midfielder,1. FC Magdeburg,2. Bundesliga,28,53.0,4,64.0,48.0,44.0,57.5,23,7,23.4,4.53,39.35,0,1,3,2,12,5,0,17,2.12,10.61
maxwell-gyamfi,Maxwell Gyamfi,Defender,1. FC Kaiserslautern,2. Bundesliga,26,53.0,5,88.8,61.0,53.0,67.5,27,27,67.5,15.91,36.85,0,6,6,7,6,5,3,7,3.93,14.25
koji-miyoshi,Koji Miyoshi,Midfielder,VfL Bochum 1848,2. Bundesliga,29,53.0,5,87.8,43.0,43.0,67.5,27,20,48.7,0.4,41.85,0,0,8,2,10,8,0,12,2.1,7.31
mathias-rasmussen,Mathias Rasmussen,Midfielder,FC St. Pauli,2. Bundesliga,28,53.0,5,86.8,47.0,46.0,80.0,32,18,43.0,8.5,37.34,0,2,4,5,12,9,0,8,1.85,11.17
shio-fukuda,Shio Fukuda,Forward,Karlsruher SC,2. Bundesliga,22,53.0,4,63.0,55.0,47.0,52.5,21,9,29.3,1.83,44.52,0,0,8,0,10,7,0,15,1.19,10.94
kolja-nuno-oudenne,Kolja Oudenne,Midfielder,Hannoverscher Sportverein 1896,2. Bundesliga,24,53.0,5,84.4,51.0,50.0,77.5,31,24,66.6,8.94,40.65,0,2,7,3,17,4,0,7,1.94,8.17
marcel-franke,Marcel Franke,Defender,Karlsruher SC,2. Bundesliga,33,53.0,5,90.0,49.0,43.0,72.5,29,28,73.3,8.18,33.97,0,1,7,7,11,6,3,5,0.9,5.41
stefano-russo,Stefano Russo,Midfielder,DSC Arminia Bielefeld,2. Bundesliga,26,53.0,5,90.0,52.0,49.0,67.5,27,27,68.8,11.31,37.96,0,2,4,8,14,5,0,7,2.6,6.21
justin-butler,Justin Butler,Forward,FC Energie Cottbus,2. Bundesliga,25,53.0,3,55.2,54.0,54.0,15.0,6,3,53.5,2.77,51.67,0,0,4,0,2,0,0,0,2.7,7.99
luca-schuler,Luca Schuler,Forward,Hertha Berlin,2. Bundesliga,27,53.0,0,13.2,45.0,44.0,72.5,29,15,35.8,1.84,42.24,0,1,8,0,12,10,0,9,1.09,7.57
paul-will,Paul Will,Midfielder,SpVgg Greuther Fürth,2. Bundesliga,27,53.0,5,90.0,51.0,48.0,65.0,26,21,57.1,13.48,35.0,0,0,4,8,10,4,0,14,1.92,9.96
marius-gersbeck,Marius Gersbeck,Goalkeeper,Hertha Berlin,2. Bundesliga,31,52.0,5,90.0,58.0,58.0,17.5,7,7,18.5,12.11,45.71,0,1,2,2,2,0,0,33,6.91,16.98
mattias-svanberg,Mattias Svanberg,Midfielder,VfL Wolfsburg,2. Bundesliga,27,52.0,2,35.2,49.0,41.0,70.0,28,9,22.0,3.0,37.68,0,0,4,2,10,12,0,12,2.84,7.83
connor-metcalfe,Connor Metcalfe,Midfielder,FC St. Pauli,2. Bundesliga,26,52.0,2,51.8,54.0,42.0,72.5,29,8,30.7,3.9,38.45,0,0,4,1,15,9,0,11,1.42,9.32
vinicius-de-souza-costa,Vinicius Souza,Midfielder,VfL Wolfsburg,2. Bundesliga,27,52.0,5,84.8,50.0,45.0,67.5,27,25,54.3,10.15,35.19,0,0,2,9,13,5,0,11,2.84,16.14
sebastian-jung,Sebastian Jung,Defender,Karlsruher SC,2. Bundesliga,36,52.0,2,34.4,37.0,39.0,62.5,25,22,54.8,1.53,37.0,0,2,2,3,8,15,1,9,0.81,6.02
tim-schreiber,Tim Schreiber,Goalkeeper,SG Dynamo Dresden,2. Bundesliga,24,52.0,5,90.0,53.0,48.0,67.5,27,27,71.5,6.96,41.48,0,1,10,3,11,6,2,7,3.86,27.36
vincent-vermeij,Vincent Vermeij,Forward,SG Dynamo Dresden,2. Bundesliga,32,52.0,5,80.6,50.0,51.0,75.0,30,26,62.7,3.67,46.83,0,3,10,0,9,8,0,10,2.1,9.66
piet-lasse-scobel,Piet Scobel,Forward,1. FC Nürnberg,2. Bundesliga,21,52.0,5,80.8,46.0,40.0,67.5,27,13,38.0,0.94,38.89,0,1,2,1,13,10,0,13,3.13,17.68
jan-reichert,Jan Reichert,Goalkeeper,1. FC Nürnberg,2. Bundesliga,25,52.0,5,90.0,54.0,49.0,82.5,33,33,87.3,9.1,40.3,0,0,12,3,19,5,0,1,7.98,28.72
joel-grodowski,Joel Grodowski,Forward,DSC Arminia Bielefeld,2. Bundesliga,28,52.0,5,83.4,53.0,47.0,80.0,32,27,61.3,2.27,44.06,0,3,10,0,16,9,0,2,1.97,16.3
julian-justvan,Julian Justvan,Midfielder,1. FC Nürnberg,2. Bundesliga,28,52.0,5,71.2,49.0,50.0,82.5,33,33,79.0,4.93,45.0,0,6,8,0,17,5,3,1,2.74,21.89
jonas-sterner,Jonas Sterner,Defender,SG Dynamo Dresden,2. Bundesliga,24,52.0,4,66.2,49.0,48.0,60.0,24,22,54.9,7.49,40.21,0,4,2,4,7,6,1,16,1.47,7.78
hendry-aron-blank,Hendry Blank,Defender,SpVgg Greuther Fürth,2. Bundesliga,22,51.0,1,24.0,44.0,44.0,27.5,11,3,11.0,6.99,37.27,0,0,2,0,7,2,0,29,1.78,11.15
philipp-hofmann,Philipp Hofmann,Forward,VfL Bochum 1848,2. Bundesliga,33,51.0,5,90.0,52.0,56.0,82.5,33,29,79.3,9.1,47.12,1,4,10,4,15,4,0,2,2.86,8.89
mika-haas,Mika Haas,Defender,1. FC Kaiserslautern,2. Bundesliga,21,51.0,4,74.6,51.0,46.0,67.5,27,26,65.9,9.11,36.3,0,1,6,7,11,6,2,7,2.27,9.29
mikkel-kaufmann,Mikkel Kaufmann,Forward,1. FC Heidenheim 1846,2. Bundesliga,25,51.0,1,36.0,40.0,41.0,40.0,16,5,15.0,0.85,40.31,0,1,2,0,9,8,0,20,1.05,8.37
simon-straudi,Simon Straudi,Defender,SG Dynamo Dresden,2. Bundesliga,27,51.0,1,23.8,40.0,40.0,7.5,3,1,27.3,3.81,36.67,1,1,4,1,8,9,4,12,2.35,4.97
erencan-yardimci,Erencan Yardımcı,Forward,1. FC Kaiserslautern,2. Bundesliga,24,51.0,2,24.2,44.0,39.0,75.0,30,19,47.9,-0.52,39.33,0,0,8,0,9,18,1,4,1.9,6.24
andi-hoti,Andi Hoti,Defender,Braunschweiger TSV Eintracht 1895,2. Bundesliga,23,51.0,3,59.0,45.0,45.0,37.5,15,11,30.2,6.34,39.0,0,2,2,1,8,7,0,20,1.99,8.61
louey-ben-farhat,Louey Ben Farhat,Forward,Karlsruher SC,2. Bundesliga,20,46.0,4,49.2,41.0,45.0,32.5,13,10,40.9,3.17,41.3,0,2,4,0,15,4,0,15,1.71,9.99
shinta-karl-appelkamp,Shinta Appelkamp,Midfielder,SpVgg Greuther Fürth,2. Bundesliga,25,51.0,3,47.8,49.0,47.0,67.5,27,22,54.9,6.34,40.56,0,1,6,4,15,5,0,9,0.85,8.65
gian-luca-itter,Luca Itter,Defender,SpVgg Greuther Fürth,2. Bundesliga,27,51.0,5,90.0,46.0,45.0,50.0,20,16,45.2,5.97,38.75,0,2,3,1,10,8,1,15,1.72,6.31
timo-horn,Timo Horn,Goalkeeper,VfL Bochum 1848,2. Bundesliga,33,50.0,5,90.0,46.0,49.0,85.0,34,34,90.0,8.57,40.88,0,4,5,5,18,8,0,0,3.89,27.25
deyovaisio-zeefuik,Deyovaisio Zeefuik,Defender,Hertha Berlin,2. Bundesliga,28,50.0,5,23.4,51.0,49.0,52.5,21,34,33.5,12.97,36.19,0,0,7,7,11,12,2,1,2.17,18.81
jonas-thomas-kersken,Jonas Kersken,Goalkeeper,DSC Arminia Bielefeld,2. Bundesliga,26,50.0,5,90.0,47.0,43.0,85.0,34,34,90.0,6.71,36.47,0,0,7,7,11,12,2,1,2.17,18.81
karol-mets,Karol Mets,Defender,VfL Bochum 1848,2. Bundesliga,33,50.0,5,90.0,49.0,44.0,85.0,34,31,70.4,9.28,35.15,0,0,7,4,14,8,1,6,2.24,4.91
adrian-beck,Adrian Beck,Midfielder,VfL Osnabrück,2. Bundesliga,29,50.0,5,80.8,47.0,45.0,65.0,26,14,34.4,5.6,38.85,0,1,4,1,15,9,0,10,1.62,11.6
michael-heule,Michael Heule,Defender,1. FC Heidenheim 1846,2. Bundesliga,25,50.0,5,81.0,52.0,58.0,82.5,33,29,65.0,15.29,42.27,2,6,6,6,7,5,1,7,2.12,13.45
waniss-taibi,Waniss Taïbi,Midfielder,Hannoverscher Sportverein 1896,2. Bundesliga,24,50.0,4,69.2,57.0,46.0,65.0,26,14,40.5,8.32,37.5,0,3,1,1,19,7,0,9,1.71,12.81
sean-klaiber,Sean Klaiber,Defender,VfL Bochum 1848,2. Bundesliga,32,50.0,2,39.6,57.0,57.0,22.5,9,8,21.5,18.95,37.78,0,1,3,2,4,4,0,26,2.59,8.02
florian-kleinhansl,Florian Kleinhansl,Defender,SV Darmstadt 1898,2. Bundesliga,26,50.0,1,18.4,41.0,42.0,32.5,13,6,18.6,4.64,36.92,0,1,2,1,5,6,0,25,0.7,3.3
kai-klefisch,Kai Klefisch,Midfielder,SV Darmstadt 1898,2. Bundesliga,26,49.0,4,68.2,53.0,49.0,70.0,28,28,71.7,13.18,35.54,0,2,7,4,16,5,0,6,3.1,6.54
niklas-wiemann,Niklas Wiemann,Defender,VfL Osnabrück,2. Bundesliga,27,49.0,5,90.0,52.0,52.0,15.0,6,6,90.0,12.78,39.17,0,1,5,6,11,9,2,6,0.67,8.04
florian-flick,Florian Flick,Midfielder,Braunschweiger TSV Eintracht 1895,2. Bundesliga,26,49.0,5,90.0,53.0,43.0,77.5,31,25,65.5,5.57,37.58,0,1,3,2,19,7,1,7,1.14,7.6
patrick-mainka,Patrick Mainka,Defender,1. FC Heidenheim 1846,2. Bundesliga,31,49.0,5,81.0,52.0,53.0,90.0,36,36,88.8,12.48,40.0,2,3,6,8,12,8,1,0,2.64,14.18
sandro-tremoulet,Sandro Tremoulet,Defender,Karlsruher SC,2. Bundesliga,26,49.0,0,10.8,49.0,49.0,7.5,3,0,23.3,13.87,35.0,0,0,0,1,1,2,0,22,1.27,5.19
jannik-muller,Jannik Müller,Defender,VfL Osnabrück,2. Bundesliga,32,49.0,5,89.8,46.0,46.0,15.0,6,6,89.8,11.26,35.0,0,0,3,3,7,7,2,18,1.09,8.47
ahmet-muhamedbegovic,Ahmet Muhamedbegović,Defender,SG Dynamo Dresden,2. Bundesliga,27,49.0,3,57.8,49.0,49.0,10.0,4,3,48.2,7.83,41.25,0,3,4,2,9,1,1,20,1.31,6.17
carlo-sickinger,Carlo Sickinger,Midfielder,SV Darmstadt 1898,2. Bundesliga,29,49.0,3,50.0,40.0,41.0,30.0,12,3,8.9,5.94,35.0,0,0,1,2,11,3,0,23,1.42,6.34
julian-niehues,Julian Niehues,Midfielder,1. FC Heidenheim 1846,2. Bundesliga,25,49.0,2,37.6,45.0,43.0,67.5,27,19,42.9,4.8,37.78,0,1,3,1,17,6,0,12,2.2,6.55
timon-weiner,Timon Weiner,Goalkeeper,Kieler SV Holstein 1900,2. Bundesliga,27,49.0,5,90.0,51.0,50.0,45.0,18,18,47.6,9.37,40.83,0,5,1,1,7,4,0,22,2.2,22.07
jakub-zielinski,Jakub Zieliński,Goalkeeper,VfL Wolfsburg,2. Bundesliga,18,49.0,5,90.0,54.0,54.0,15.0,6,6,14.2,10.45,43.33,0,1,1,1,3,0,0,34,12.41,37.38
guillermo-balzi,Guillermo Balzi,Midfielder,Kieler SV Holstein 1900,2. Bundesliga,25,49.0,5,80.0,54.0,54.0,15.0,6,6,81.7,14.92,39.17,0,2,1,2,12,1,1,21,3.12,11.41
moritz-hannemann,Moritz Hannemann,Forward,FC Energie Cottbus,2. Bundesliga,28,49.0,2,50.8,51.0,51.0,15.0,6,2,49.8,3.48,47.5,0,0,3,0,2,1,0,0,2.2,5.52
isiah-ahmad-young,Isaiah Young,Forward,DSC Arminia Bielefeld,2. Bundesliga,28,49.0,0,10.8,42.0,39.0,42.5,17,0,10.3,2.52,36.76,0,1,2,0,13,4,1,19,1.05,5.8
bjarke-jacobsen,Bjarke Jacobsen,Midfielder,VfL Osnabrück,2. Bundesliga,33,49.0,5,87.6,46.0,46.0,15.0,6,6,88.0,7.03,39.17,0,1,5,1,16,7,0,10,1.73,4.22
julian-eitschberger,Julian Eitschberger,Defender,Hertha Berlin,2. Bundesliga,22,49.0,5,85.4,53.0,47.0,62.5,25,11,35.1,6.9,40.0,1,1,5,3,12,8,1,9,1.19,11.97
mads-pedersen,Mads Pedersen,Defender,Hertha Berlin,2. Bundesliga,30,48.0,4,73.6,37.0,37.0,27.5,11,5,16.0,-2.14,39.55,0,0,2,1,3,2,3,29,1.94,6.66
farid-alfa-ruprecht,Farid Alfa-Ruprecht,Forward,Hertha Berlin,2. Bundesliga,20,48.0,1,23.6,51.0,42.0,72.5,29,13,39.5,2.79,39.48,0,0,6,1,12,9,1,11,2.7,6.85
lilian-egloff,Lilian Egloff,Midfielder,Karlsruher SC,2. Bundesliga,24,48.0,2,38.6,44.0,50.0,37.5,15,8,19.2,6.19,43.33,0,0,7,2,7,5,0,19,1.09,4.54
torben-musel,Torben Müsel,Midfielder,1. FC Magdeburg,2. Bundesliga,27,48.0,1,33.4,48.0,48.0,10.0,4,1,27.8,6.6,41.25,0,0,1,0,3,0,0,5,1.1,7.33
alexander-rossipal,Alexander Rossipal,Defender,SG Dynamo Dresden,2. Bundesliga,30,48.0,5,86.6,58.0,54.0,80.0,32,32,81.6,11.76,42.5,2,4,6,6,9,6,1,6,2.33,8.67
thomas-leon-keller,Thomas Keller,Defender,SG Dynamo Dresden,2. Bundesliga,27,48.0,3,49.8,52.0,50.0,55.0,22,21,50.6,9.84,39.77,1,2,3,3,8,3,2,18,1.47,4.41
javier-fernandez-gonzalez,Javier Fernández,Midfielder,1. FC Nürnberg,2. Bundesliga,19,48.0,5,87.4,49.0,46.0,35.0,14,11,35.2,8.81,37.5,0,1,3,0,7,3,0,26,2.64,10.55
dennis-srbeny,Dennis Srbeny,Forward,SpVgg Greuther Fürth,2. Bundesliga,32,48.0,3,50.6,43.0,42.0,62.5,25,11,29.8,1.85,40.0,0,0,6,0,14,7,0,13,1.51,2.38
christian-joe-conteh,Christian Conteh,Forward,1. FC Heidenheim 1846,2. Bundesliga,27,48.0,1,26.4,41.0,45.0,60.0,24,16,39.0,6.77,38.13,0,2,3,2,16,5,1,11,2.14,3.94
eric-anders-smith,Eric Smith,Midfielder,FC St. Pauli,2. Bundesliga,29,48.0,4,77.2,44.0,47.0,70.0,28,25,54.8,9.96,37.32,0,1,4,3,14,4,0,14,2.07,7.56
niklas-hauptmann,Niklas Hauptmann,Midfielder,SG Dynamo Dresden,2. Bundesliga,30,48.0,5,74.8,41.0,45.0,77.5,31,30,69.7,5.81,40.48,1,1,6,2,18,8,1,3,1.76,7.27
jannis-heuer,Jannis Heuer,Defender,SpVgg Greuther Fürth,2. Bundesliga,27,48.0,5,90.0,42.0,50.0,80.0,32,25,78.0,11.2,38.91,0,5,5,4,14,2,1,9,1.49,9.69
boris-tomiak,Boris Tomiak,Defender,Hannoverscher Sportverein 1896,2. Bundesliga,28,48.0,5,81.2,47.0,52.0,62.5,25,25,60.6,15.09,37.2,0,5,5,4,14,2,1,9,1.49,9.69
elvis-rexhbecaj,Elvis Rexhbecaj,Midfielder,VfL Wolfsburg,2. Bundesliga,28,48.0,3,49.6,41.0,39.0,75.0,30,17,40.0,2.94,36.0,0,0,2,2,16,8,1,11,1.41,9.98
stefan-teitur-thordarson,Stefán Þórðarson,Midfielder,Hannoverscher Sportverein 1896,2. Bundesliga,27,47.0,4,75.8,51.0,46.0,80.0,32,20,41.0,6.37,39.22,0,3,2,3,14,9,0,9,4.61,7.68
henri-koudossou,Henri Koudossou,Defender,DSC Arminia Bielefeld,2. Bundesliga,27,47.0,5,79.2,52.0,48.0,40.0,16,15,38.3,10.43,38.44,1,2,1,1,8,8,0,19,1.28,6.46
lucas-copado-schrobenhauser,Lucas Copado,Forward,FC Energie Cottbus,2. Bundesliga,22,47.0,5,72.0,42.0,42.0,25.0,10,8,15.1,1.8,40.0,0,0,3,0,7,3,0,27,1.0,4.79
martijn-kaars,Martijn Kaars,Forward,FC St. Pauli,2. Bundesliga,27,47.0,3,47.6,44.0,40.0,80.0,32,18,43.9,0.93,39.22,0,0,6,0,16,14,0,4,1.71,9.48
naatan-skytta,Naatan Skyttä,Midfielder,1. FC Kaiserslautern,2. Bundesliga,24,47.0,1,8.6,41.0,47.0,85.0,34,29,60.5,5.29,41.47,1,0,9,1,19,3,1,6,1.48,7.96
kevin-sessa,Kevin Sessa,Midfielder,Hertha Berlin,2. Bundesliga,26,47.0,5,88.4,41.0,41.0,62.5,25,7,34.7,4.4,36.2,0,1,2,3,13,5,0,16,2.11,12.23
ole-pohlmann,Ole Pohlmann,Midfielder,SpVgg Greuther Fürth,2. Bundesliga,25,47.0,5,84.6,45.0,41.0,82.5,33,23,56.8,3.55,37.27,0,0,3,2,23,9,0,3,1.19,6.67
noah-weisshaupt,Noah Weißhaupt,Forward,SV Darmstadt 1898,2. Bundesliga,25,55.0,5,78.8,48.0,46.0,37.5,15,7,22.8,7.51,38.33,0,1,2,3,13,5,0,16,2.11,12.23
milan-smit,Milan Smit,Forward,SV Darmstadt 1898,2. Bundesliga,23,47.0,5,86.6,43.0,44.0,87.5,35,28,61.0,0.75,42.71,0,1,9,0,12,13,0,5,1.63,10.95
patrice-covic,Patrice Čović,Midfielder,SG Dynamo Dresden,2. Bundesliga,19,47.0,1,24.0,45.0,42.0,35.0,14,2,9.6,3.36,38.57,0,0,2,0,8,8,0,22,1.66,12.58
abdoulie-ceesay,Abdoulie Ceesay,Forward,FC St. Pauli,2. Bundesliga,22,47.0,2,45.2,47.0,40.0,57.5,23,2,14.5,-0.97,40.43,0,0,5,0,9,9,0,17,1.99,9.76
joel-chima-fujita,Joel Chima Fujita,Midfielder,FC St. Pauli,2. Bundesliga,24,47.0,3,45.6,44.0,43.0,82.5,33,32,71.2,5.7,37.58,0,2,2,3,21,8,0,4,1.15,4.48
franz-roggow,Franz Roggow,Midfielder,Hannoverscher Sportverein 1896,2. Bundesliga,24,47.0,2,23.8,39.0,39.0,22.5,9,2,6.6,1.54,37.78,0,0,1,0,6,4,0,29,2.19,5.21
luca-erlein,Luca Erlein,Defender,FC Energie Cottbus,2. Bundesliga,19,47.0,5,81.0,51.0,51.0,15.0,6,6,15.5,7.7,43.33,0,0,2,2,0,2,0,34,2.8,7.33
maximilian-entrup,Maximilian Entrup,Forward,Braunschweiger TSV Eintracht 1895,2. Bundesliga,29,46.0,3,41.6,45.0,40.0,55.0,22,5,18.2,1.13,38.41,0,0,4,0,13,12,0,11,1.24,4.73
mats-henry-pannewig,Mats Pannewig,Midfielder,VfL Bochum 1848,2. Bundesliga,21,46.0,4,63.8,45.0,44.0,72.5,29,22,56.6,8.16,35.34,0,1,1,6,16,8,0,8,2.17,5.17
eric-porstner,Eric Porstner,Defender,1. FC Nürnberg,2. Bundesliga,19,46.0,5,90.0,42.0,42.0,27.5,11,7,18.8,6.29,35.45,0,0,3,1,2,4,1,29,1.53,10.79
dmytro-bohdanov,Dmytro Bohdanov,Forward,FC Energie Cottbus,2. Bundesliga,19,46.0,0,17.6,44.0,44.0,15.0,6,0,2.6,1.07,43.33,0,0,2,0,3,1,0,32,1.62,7.87
kasper-davidsen,Kasper Davidsen,Midfielder,Kieler SV Holstein 1900,2. Bundesliga,21,46.0,4,64.6,44.0,42.0,70.0,28,22,54.0,3.73,38.75,1,0,4,3,11,14,0,7,0.53,4.86
kaan-inanoglu,Kaan İnanoğlu,Forward,SG Dynamo Dresden,2. Bundesliga,21,46.0,2,32.8,44.0,44.0,10.0,4,2,32.2,8.8,35.0,0,0,0,1,3,0,0,2,1.53,5.31
gyan-de-regt,Gyan de Regt,Forward,Kieler SV Holstein 1900,2. Bundesliga,23,46.0,1,27.2,55.0,50.0,82.5,33,27,71.3,7.43,42.88,0,1,10,4,20,4,0,1,1.91,10.74
tim-janisch,Tim Janisch,Defender,1. FC Nürnberg,2. Bundesliga,21,46.0,5,75.4,39.0,40.0,52.5,21,12,30.2,3.21,36.43,0,1,2,1,11,8,2,15,1.34,7.93
bastian-allgeier,Bastian Allgeier,Defender,Hannoverscher Sportverein 1896,2. Bundesliga,24,46.0,5,89.8,45.0,44.0,55.0,22,18,47.8,9.16,35.0,0,0,2,5,11,5,0,17,1.71,5.54
marco-richter,Marco Richter,Midfielder,SV Darmstadt 1898,2. Bundesliga,28,45.0,3,48.6,44.0,51.0,70.0,28,23,65.7,8.92,42.32,1,3,4,4,15,7,0,6,2.71,5.67
benjamin-kallman,Benjamin Källman,Forward,Hannoverscher Sportverein 1896,2. Bundesliga,28,45.0,2,40.2,39.0,45.0,92.5,37,27,61.2,1.14,43.65,0,1,11,0,10,16,0,2,6.25,11.99
jonas-krumrey,Jonas Krumrey,Goalkeeper,VfL Osnabrück,2. Bundesliga,22,45.0,5,90.0,43.0,47.0,55.0,22,22,58.2,7.87,38.64,0,6,2,2,13,3,2,12,3.37,14.54
nicolai-rapp,Nicolai Rapp,Midfielder,SG Dynamo Dresden,2. Bundesliga,29,45.0,5,59.2,44.0,43.0,60.0,24,28,51.3,7.05,36.25,0,2,7,4,17,8,0,2,1.8,12.94
finn-ole-becker,Finn Ole Becker,Midfielder,1. FC Nürnberg,2. Bundesliga,26,45.0,5,70.8,51.0,48.0,82.5,33,28,72.1,6.62,40.61,0,2,7,4,17,8,0,2,1.8,12.94
leon-flach,Leon Flach,Midfielder,VfL Osnabrück,2. Bundesliga,25,45.0,0,6.2,48.0,48.0,20.0,8,6,38.7,13.1,35.0,0,0,1,8,13,5,0,13,1.94,4.54
maximilian-breunig,Maximilian Breunig,Forward,1. FC Heidenheim 1846,2. Bundesliga,26,45.0,0,7.0,41.0,41.0,50.0,20,3,14.1,1.33,40.0,0,0,4,0,9,9,0,18,2.0,5.34
oliver-olsen,Oliver Olsen,Defender,VfL Bochum 1848,2. Bundesliga,26,45.0,3,39.0,41.0,44.0,67.5,27,22,70.3,7.06,36.85,1,2,8,4,8,9,5,3,1.19,6.36
florian-pascal-hellstern,Florian Hellstern,Goalkeeper,SpVgg Greuther Fürth,2. Bundesliga,18,45.0,5,90.0,46.0,46.0,15.0,6,6,13.5,11.3,35.0,0,0,0,4,1,1,0,34,7.46,25.83
hiroki-sekine,Hiroki Sekine,Defender,Kieler SV Holstein 1900,2. Bundesliga,24,45.0,5,89.8,49.0,48.0,60.0,24,14,41.8,12.42,35.21,0,0,5,8,9,8,0,10,1.71,7.65
patric-pfeiffer,Patric Pfeiffer,Defender,SV Darmstadt 1898,2. Bundesliga,27,45.0,5,90.0,36.0,46.0,80.0,32,32,72.5,12.57,33.28,0,2,11,4,11,6,3,3,1.62,6.93
ron-torben-hoffmann,Ron-Thorben Hoffmann,Goalkeeper,Braunschweiger TSV Eintracht 1895,2. Bundesliga,27,44.0,5,90.0,49.0,46.0,80.0,32,32,84.7,6.03,39.84,0,2,7,1,17,9,2,2,2.55,15.92
krisztian-keresztes,Krisztián Keresztes,Defender,SpVgg Greuther Fürth,2. Bundesliga,26,44.0,4,66.0,46.0,49.0,92.5,37,35,73.6,11.3,37.57,2,0,10,4,11,9,1,3,1.17,7.34
ricky-jade-jones,Ricky-Jade Jones,Forward,FC St. Pauli,2. Bundesliga,23,44.0,0,8.2,38.0,40.0,30.0,12,3,11.3,0.86,39.17,0,0,2,0,4,6,0,28,1.24,5.06
steven-skrzybski,Steven Skrzybski,Forward,Kieler SV Holstein 1900,2. Bundesliga,33,44.0,0,4.2,51.0,50.0,37.5,15,10,24.1,8.31,41.67,0,1,3,1,12,4,0,19,1.19,4.78
berkan-taz,Berkan Taz,Midfielder,VfL Bochum 1848,2. Bundesliga,27,44.0,2,26.8,43.0,43.0,10.0,4,3,37.3,7.63,35.0,0,0,0,0,4,0,0,2,1.2,8.41
christian-kinsombi,Christian Kinsombi,Forward,FC Energie Cottbus,2. Bundesliga,27,44.0,2,40.4,44.0,44.0,12.5,5,2,33.7,3.52,40.0,0,0,2,0,14,8,0,16,1.63,4.42
hans-christian-bernat,Hans Bernat,Goalkeeper,Karlsruher SC,2. Bundesliga,25,44.0,5,90.0,38.0,39.0,82.5,33,33,87.3,5.43,33.64,0,2,5,3,12,13,4,1,1.9,18.06
christian-theodor-kjelder-rasmussen,Christian Rasmussen,Forward,VfL Bochum 1848,2. Bundesliga,23,44.0,3,59.8,43.0,45.0,57.5,23,13,31.9,4.19,40.43,0,1,5,3,11,9,0,11,1.57,4.43
mario-sauer,Mário Sauer,Midfielder,1. FC Kaiserslautern,2. Bundesliga,22,44.0,0,28.2,40.0,37.0,57.5,23,3,14.9,0.05,37.17,0,0,2,0,12,10,0,16,1.1,6.58
ben-alexander-voll,Ben Voll,Goalkeeper,FC St. Pauli,2. Bundesliga,25,44.0,5,90.0,46.0,46.0,15.0,6,6,15.0,6.43,39.17,0,0,1,1,3,1,0,34,2.89,24.1
lukas-reich,Lukas Reich,Defender,SpVgg Greuther Fürth,2. Bundesliga,19,44.0,2,42.4,44.0,39.0,65.0,26,11,32.7,4.03,35.19,0,0,3,4,9,9,2,13,1.63,4.65
jannik-rochelt,Jannik Rochelt,Forward,DSC Arminia Bielefeld,2. Bundesliga,28,49.0,5,70.8,49.0,46.0,75.0,30,20,52.2,5.71,39.67,0,2,6,1,24,2,1,4,1.19,7.37
branimir-hrgota,Branimir Hrgota,Forward,FC St. Pauli,2. Bundesliga,33,43.0,3,43.0,54.0,56.0,77.5,31,30,75.1,11.41,44.19,0,5,10,5,14,3,0,3,2.41,9.99
maurice-neubauer,Maurice Neubauer,Midfielder,Hannoverscher Sportverein 1896,2. Bundesliga,30,43.0,5,90.0,45.0,47.0,77.5,31,29,73.8,7.52,39.19,0,4,5,7,11,9,1,3,1.23,9.0
thaddaus-monju-momuluh,Thaddäus Monju Momuluh,Forward,DSC Arminia Bielefeld,2. Bundesliga,24,43.0,5,69.4,46.0,50.0,82.5,33,31,70.9,5.65,44.24,0,5,7,2,14,7,0,5,1.34,4.89
mustapha-bundu,Mustapha Bundu,Forward,Hannoverscher Sportverein 1896,2. Bundesliga,29,43.0,2,24.2,53.0,51.0,52.5,21,14,32.4,5.91,45.0,0,2,6,1,11,2,0,18,1.34,7.59
max-marie,Max Marie,Midfielder,Braunschweiger TSV Eintracht 1895,2. Bundesliga,22,43.0,5,84.0,50.0,47.0,80.0,32,31,75.8,8.24,38.75,0,3,1,9,21,4,0,2,1.39,7.06
fabio-di-michele-sanchez,Fabio Di Michele Sanchez,Defender,Braunschweiger TSV Eintracht 1895,2. Bundesliga,23,43.0,3,48.2,36.0,38.0,70.0,28,19,48.7,2.06,35.89,0,1,1,4,10,14,4,6,0.74,4.32
muhammed-mehmet-damar,Muhammed Damar,Midfielder,VfL Wolfsburg,2. Bundesliga,22,43.0,4,65.6,40.0,39.0,45.0,18,6,16.2,2.32,36.39,0,0,1,1,14,5,0,19,1.25,10.63
leonhard-munst,Leonhard Münst,Midfielder,VfL Osnabrück,2. Bundesliga,24,43.0,2,39.2,42.0,42.0,12.5,5,2,34.3,1.82,40.0,0,0,1,0,2,2,0,21,0.48,5.04
jan-urbich,Jan Urbich,Forward,Braunschweiger TSV Eintracht 1895,2. Bundesliga,22,43.0,2,41.8,44.0,44.0,22.5,9,3,9.6,-0.4,44.44,0,0,3,0,2,4,0,26,1.39,5.18
soufian-gouram,Soufian Gouram,Midfielder,Hertha Berlin,2. Bundesliga,20,43.0,3,36.4,45.0,45.0,17.5,7,4,36.0,2.21,42.14,0,0,2,0,4,1,0,0,1.72,7.11
dominik-pelivan,Dominik Pelivan,Midfielder,FC Energie Cottbus,2. Bundesliga,30,43.0,1,37.0,41.0,41.0,12.5,5,1,33.0,5.1,36.0,0,1,0,0,2,1,1,1,0.71,5.14
jonas-therkelsen,Jonas Therkelsen,Midfielder,Kieler SV Holstein 1900,2. Bundesliga,23,43.0,3,43.8,48.0,42.0,82.5,33,23,61.8,2.71,39.09,0,0,9,3,12,13,2,1,1.24,6.65
noah-haubjerg-ellegaard-madsen,Noah Madsen,Defender,Kieler SV Holstein 1900,2. Bundesliga,25,43.0,1,24.6,43.0,43.0,5.0,2,1,20.5,8.44,35.0,0,0,0,0,2,0,0,4,1.43,4.14
rafael-pinto-pedrosa,Rafael Pedrosa,Defender,Karlsruher SC,2. Bundesliga,19,43.0,4,71.4,40.0,41.0,77.5,31,19,53.5,1.01,39.52,0,0,7,2,7,15,2,7,1.72,7.17
jannis-boziaris,Jannis Boziaris,Midfielder,FC Energie Cottbus,2. Bundesliga,23,43.0,2,29.6,41.0,41.0,10.0,4,3,32.2,5.85,35.0,0,0,0,1,3,0,0,2,0.46,5.96
sam-francis-schreck,Sam Schreck,Midfielder,DSC Arminia Bielefeld,2. Bundesliga,27,43.0,1,17.8,40.0,39.0,27.5,11,5,13.6,4.46,35.0,0,0,1,0,10,4,0,25,0.73,5.85
lukas-frenkert,Lukas Frenkert,Defender,Braunschweiger TSV Eintracht 1895,2. Bundesliga,26,42.0,1,29.4,46.0,48.0,47.5,19,14,36.9,7.15,40.53,0,1,6,3,8,3,2,17,0.74,3.19
danyal-hakan-zor,Danyal Zor,Midfielder,Karlsruher SC,2. Bundesliga,19,42.0,4,75.8,42.0,42.0,15.0,6,5,13.1,7.18,35.0,0,0,0,1,5,0,0,28,1.15,7.67
ho-jae-lee,Lee Ho-Jae,Forward,SV Darmstadt 1898,2. Bundesliga,25,42.0,2,40.2,43.0,51.0,82.5,33,27,73.9,7.19,43.64,1,0,13,0,16,7,0,3,0.52,5.78
mergim-berisha,Mergim Berisha,Forward,1. FC Kaiserslautern,2. Bundesliga,28,42.0,1,32.4,38.0,41.0,42.5,17,9,24.1,-0.72,40.88,0,0,4,0,5,8,0,23,1.8,6.79
mateusz-zukowski,Mateusz Żukowski,Forward,1. FC Magdeburg,2. Bundesliga,24,42.0,3,72.4,45.0,54.0,72.5,29,28,70.5,4.94,49.31,0,5,9,1,10,5,0,10,3.48,17.79
felix-hagmann,Felix Hagmann,Defender,DSC Arminia Bielefeld,2. Bundesliga,22,42.0,0,9.0,37.0,37.0,30.0,12,6,20.0,1.66,35.0,0,0,1,2,9,4,0,24,1.21,4.5
alessio-besio,Alessio Besio,Forward,VfL Wolfsburg,2. Bundesliga,22,42.0,0,7.4,41.0,41.0,12.5,5,0,9.8,0.56,40.0,0,0,1,0,5,1,0,19,1.33,6.2
robert-wagner,Robert Wagner,Midfielder,SG Dynamo Dresden,2. Bundesliga,23,42.0,5,81.0,43.0,43.0,72.5,29,24,61.8,8.56,34.66,0,1,2,7,12,12,1,5,1.39,5.33
tobias-hess,Tobias Heß,Defender,1. FC Nürnberg,2. Bundesliga,20,41.0,0,0.2,28.0,28.0,5.0,2,0,4.2,-7.28,35.0,0,0,0,0,1,0,1,4,,
robin-maximilian-meissner,Robin Meißner,Forward,VfL Osnabrück,2. Bundesliga,26,41.0,5,86.4,45.0,45.0,15.0,6,6,87.0,4.47,40.0,0,0,2,0,3,0,1,2,2.12,7.7
brooklyn-ezeh,Brooklyn Ezeh,Defender,SG Dynamo Dresden,2. Bundesliga,25,41.0,0,3.4,41.0,41.0,2.5,1,0,0.5,6.28,35.0,0,0,0,0,1,0,0,39,1.01,5.15
scott-banks,Scott Banks,Forward,FC St. Pauli,2. Bundesliga,25,41.0,0,2.0,41.0,41.0,2.5,1,0,1.7,5.5,35.0,0,0,0,0,8,5,0,27,0.86,6.1
christoph-kobald,Christoph Kobald,Defender,Karlsruher SC,2. Bundesliga,29,41.0,5,84.4,42.0,48.0,65.0,26,25,63.5,8.36,39.23,1,2,6,2,10,10,1,8,0.34,4.78
mathys-angely,Mathys Angély,Defender,VfL Wolfsburg,2. Bundesliga,19,41.0,2,35.6,38.0,38.0,17.5,7,6,14.0,7.5,30.71,0,0,1,1,2,2,1,33,1.33,7.33
santeri-vaananen,Santeri Väänänen,Midfielder,Karlsruher SC,2. Bundesliga,24,41.0,0,16.4,39.0,40.0,47.5,19,10,29.9,4.81,35.0,0,1,2,2,10,10,0,15,2.09,9.72
marvin-mehlem,Marvin Mehlem,Midfielder,DSC Arminia Bielefeld,2. Bundesliga,29,41.0,4,54.6,41.0,38.0,45.0,18,10,24.7,4.16,34.17,0,0,3,3,13,3,2,16,1.08,4.45
louis-oppie,Louis Oppie,Defender,FC St. Pauli,2. Bundesliga,24,41.0,5,90.0,37.0,40.0,62.5,25,19,49.8,2.16,37.0,0,0,2,3,12,11,1,11,1.29,5.84
fridolin-wagner,Fridolin Wagner,Midfielder,VfL Osnabrück,2. Bundesliga,29,40.0,5,73.0,38.0,38.0,15.0,6,6,74.2,3.05,35.0,0,0,0,1,3,2,0,0,1.26,3.38
kilian-fischer,Kilian Fischer,Defender,VfL Wolfsburg,2. Bundesliga,25,40.0,3,55.6,37.0,38.0,32.5,13,10,21.4,4.16,33.46,0,0,3,0,4,7,1,25,1.75,5.41
marcel-laurenz-lotka,Marcel Lotka,Goalkeeper,FC Energie Cottbus,2. Bundesliga,25,40.0,5,90.0,50.0,50.0,20.0,8,8,21.2,10.91,38.75,0,1,2,1,1,2,1,32,3.29,19.49
hiroki-akiyama,Hiroki Akiyama,Midfielder,SV Darmstadt 1898,2. Bundesliga,25,40.0,2,36.0,45.0,43.0,75.0,30,30,72.2,6.53,36.83,0,1,4,2,22,5,1,5,1.26,6.15
jovan-mijatovic,Jovan Mijatović,Forward,Braunschweiger TSV Eintracht 1895,2. Bundesliga,21,40.0,0,16.2,43.0,39.0,57.5,23,8,27.5,1.8,37.17,0,0,2,0,19,7,0,12,0.8,1.9
luca-herrmann,Luca Herrmann,Midfielder,SG Dynamo Dresden,2. Bundesliga,27,40.0,0,2.2,39.0,40.0,62.5,25,8,26.6,4.98,35.0,0,1,0,2,22,5,0,10,1.2,5.29
lars-ritzka,Lars Ritzka,Defender,FC St. Pauli,2. Bundesliga,28,40.0,1,25.6,39.0,39.0,50.0,20,13,29.6,3.62,35.0,0,0,0,3,14,6,0,17,0.86,2.91
husseyn-chakroun,Husseyn Chakroun,Forward,Hannoverscher Sportverein 1896,2. Bundesliga,21,40.0,1,25.6,42.0,45.0,50.0,20,20,25.8,5.02,40.0,0,3,11,1,9,3,0,13,1.75,11.18
fraser-hornby,Fraser Hornby,Forward,VfL Wolfsburg,2. Bundesliga,27,40.0,1,9.0,58.0,56.0,52.5,21,20,47.4,5.24,50.48,0,3,11,1,9,3,0,13,1.75,11.18
adam-dzwigala,Adam Dźwigała,Defender,FC St. Pauli,2. Bundesliga,31,40.0,0,4.6,49.0,50.0,40.0,16,10,27.8,10.33,39.69,0,2,4,2,10,1,1,20,0.71,6.18
adriano-grimaldi,Adriano Grimaldi,Forward,1. FC Nürnberg,2. Bundesliga,35,40.0,0,0.4,35.0,37.0,65.0,26,10,25.6,-0.33,36.92,0,0,3,0,12,16,0,9,1.61,5.26
gerrit-holtmann,Gerrit Holtmann,Forward,VfL Bochum 1848,2. Bundesliga,31,40.0,5,58.2,39.0,46.0,65.0,26,23,46.5,6.79,39.23,0,3,4,3,17,4,0,9,1.77,5.2
maximilian-bauer-2000-02-09,Maximilian Bauer,Defender,DSC Arminia Bielefeld,2. Bundesliga,26,39.0,5,90.0,40.0,46.0,57.5,23,23,58.6,9.66,36.3,0,1,5,4,8,3,2,17,1.73,6.34
kennedy-onyedika-okpala,Kennedy Okpala,Forward,SG Dynamo Dresden,2. Bundesliga,21,39.0,1,22.8,41.0,41.0,35.0,14,3,17.8,2.33,38.57,0,1,1,0,9,3,0,9,1.31,10.9
jason-manuel-ponente-ramirez,Jason Ponente,Forward,Karlsruher SC,2. Bundesliga,19,39.0,0,17.4,39.0,39.0,7.5,3,0,14.5,3.57,35.0,0,0,0,0,2,1,0,3,0.38,5.22
friedrich-muller,Friedrich Müller,Defender,SG Dynamo Dresden,2. Bundesliga,20,39.0,3,59.0,44.0,44.0,47.5,19,16,51.2,9.82,33.95,0,0,3,6,4,5,1,10,1.27,8.3
tony-reitz,Tony Reitz,Midfielder,1. FC Magdeburg,2. Bundesliga,22,39.0,0,1.4,39.0,39.0,2.5,1,0,1.2,4.3,35.0,0,0,0,0,1,0,0,5,2.04,5.13
maximilian-grosser,Maximilian Großer,Defender,DSC Arminia Bielefeld,2. Bundesliga,25,39.0,5,90.0,38.0,47.0,72.5,29,22,63.2,8.93,37.76,1,1,5,6,15,6,1,5,2.05,8.07
rafael-lubach,Rafael Lubach,Midfielder,1. FC Nürnberg,2. Bundesliga,21,39.0,0,21.0,42.0,43.0,72.5,29,19,52.1,4.2,38.79,0,1,8,4,15,4,3,5,1.28,4.55
bence-dardai,Bence Dárdai,Midfielder,VfL Wolfsburg,2. Bundesliga,20,39.0,0,7.8,40.0,40.0,7.5,3,0,1.9,5.0,35.0,0,0,0,0,2,1,0,37,2.27,7.11
marcel-schuhen,Marcel Schuhen,Goalkeeper,SV Darmstadt 1898,2. Bundesliga,33,39.0,5,90.0,42.0,49.0,85.0,34,34,90.0,7.38,41.62,0,2,11,5,14,6,2,0,2.37,22.78
tobias-raschl,Tobias Raschl,Midfielder,SG Dynamo Dresden,2. Bundesliga,26,39.0,0,20.6,38.0,38.0,37.5,15,2,11.5,2.58,35.33,0,0,2,1,8,5,1,23,2.27,5.9
christopher-lannert,Christopher Lannert,Defender,SV Darmstadt 1898,2. Bundesliga,28,39.0,5,89.0,39.0,42.0,75.0,30,19,52.5,5.05,36.67,0,0,3,3,17,11,0,6,1.01,5.34
virgil-eugen-ghita,Virgil Ghiță,Defender,Hannoverscher Sportverein 1896,2. Bundesliga,28,39.0,4,68.4,42.0,46.0,75.0,30,24,56.4,7.96,37.5,0,2,3,5,14,5,1,10,2.37,7.75
pascal-klemens,Pascal Klemens,Defender,Hertha Berlin,2. Bundesliga,21,39.0,1,27.0,34.0,35.0,32.5,13,5,14.7,2.58,32.31,0,0,1,0,5,5,2,27,2.19,4.09
daniel-kofi-kyereh,Daniel-Kofi Kyereh,Midfielder,VfL Osnabrück,2. Bundesliga,30,38.0,0,23.6,38.0,38.0,10.0,4,0,3.0,-3.48,41.25,0,0,1,0,1,2,0,36,1.37,5.07
mika-tom-wallentowitz,Mika Wallentowitz,Midfielder,SpVgg Greuther Fürth,2. Bundesliga,18,38.0,5,2.6,36.0,36.0,37.5,15,27,16.8,-1.11,36.67,0,5,5,2,19,6,0,3,0.71,5.61
paul-joly,Paul Joly,Defender,1. FC Kaiserslautern,2. Bundesliga,26,38.0,3,56.8,38.0,43.0,77.5,31,27,62.8,5.94,36.77,0,2,5,4,14,8,2,5,2.02,7.22
marlon-ritter,Marlon Ritter,Midfielder,1. FC Kaiserslautern,2. Bundesliga,31,38.0,5,67.2,48.0,49.0,77.5,31,27,58.6,5.44,43.23,0,5,5,2,19,6,0,3,0.71,5.61
felipe-marlon-chavez-somocursio,Felipe Chávez,Midfielder,1. FC Magdeburg,2. Bundesliga,19,38.0,0,9.4,37.0,37.0,30.0,12,0,6.0,2.4,35.0,0,0,0,0,10,2,0,14,2.06,20.28
nicolas-verkooijen,Nicolas Verkooijen,Midfielder,SV Darmstadt 1898,2. Bundesliga,19,38.0,2,40.0,37.0,37.0,20.0,8,2,9.2,2.11,35.0,0,0,0,0,6,2,0,18,2.04,3.95
kristian-mandic,Kristian Mandić,Defender,1. FC Nürnberg,2. Bundesliga,19,38.0,1,20.2,38.0,38.0,5.0,2,1,3.0,3.39,35.0,0,0,0,0,1,1,0,38,1.86,5.08
benedikt-pichler,Benedikt Pichler,Forward,Hannoverscher Sportverein 1896,2. Bundesliga,29,38.0,2,35.0,42.0,40.0,47.5,19,6,17.3,0.52,38.95,0,0,4,1,11,9,0,15,1.05,8.99
paul-seguin,Paul Seguin,Midfielder,Hertha Berlin,2. Bundesliga,31,38.0,4,64.8,39.0,43.0,75.0,30,30,76.0,7.67,34.83,0,1,2,6,14,6,1,10,1.48,6.75
yosuke-furukawa,Yosuke Furukawa,Forward,SV Darmstadt 1898,2. Bundesliga,23,38.0,2,15.0,45.0,44.0,40.0,16,6,12.6,5.91,38.13,0,0,2,1,11,3,0,23,1.99,4.66
maximilian-arnold,Maximilian Arnold,Midfielder,VfL Wolfsburg,2. Bundesliga,32,38.0,1,19.8,38.0,44.0,65.0,26,17,42.2,7.19,36.92,0,3,2,2,16,5,0,12,1.79,10.13
till-wegener,Till Wegener,Midfielder,DSC Arminia Bielefeld,2. Bundesliga,17,38.0,0,5.6,38.0,38.0,5.0,2,0,4.7,3.25,35.0,0,0,0,0,2,0,0,4,,
kelven-olagie-frees,Kelven Frees,Defender,1. FC Kaiserslautern,2. Bundesliga,21,38.0,0,1.2,38.0,38.0,2.5,1,0,0.2,2.66,35.0,0,0,0,0,1,0,0,37,1.17,4.82
emir-sahiti,Emir Sahiti,Forward,Hannoverscher Sportverein 1896,2. Bundesliga,27,38.0,0,6.2,38.0,38.0,5.0,2,0,1.7,3.3,35.0,1,0,3,3,11,3,0,19,1.62,10.76
raoul-petretta,Raoul Petretta,Defender,SV Darmstadt 1898,2. Bundesliga,29,38.0,4,62.6,36.0,36.0,47.5,19,10,38.5,0.8,35.0,0,0,1,3,10,16,0,10,1.58,5.08
giorgi-kvilitaia,Giorgi Kvilitaia,Forward,Kieler SV Holstein 1900,2. Bundesliga,33,37.0,0,0.2,45.0,44.0,32.5,13,5,26.1,3.12,40.77,0,0,5,0,9,4,0,22,0.76,4.41
ikem-ugoh,Ikem Ugoh,Midfielder,Kieler SV Holstein 1900,2. Bundesliga,21,37.0,1,16.8,41.0,41.0,22.5,9,5,25.3,2.88,37.78,0,1,0,0,5,3,0,7,0.8,6.1
david-min,David Min,Forward,DSC Arminia Bielefeld,2. Bundesliga,27,37.0,1,27.6,42.0,38.0,57.5,23,4,16.1,0.56,37.17,0,0,2,0,16,5,0,17,0.81,4.45
viktor-bergh,Viktor Bergh,Defender,Karlsruher SC,2. Bundesliga,27,37.0,2,36.2,37.0,37.0,12.5,5,2,34.3,1.65,35.0,0,0,0,1,6,3,0,14,0.34,4.36
leon-robinson,Leon Robinson,Midfielder,1. FC Kaiserslautern,2. Bundesliga,25,37.0,1,18.0,42.0,41.0,70.0,28,17,46.6,4.39,36.61,0,1,3,4,14,9,1,8,0.59,3.06
lars-kehl,Lars Kehl,Midfielder,SV Darmstadt 1898,2. Bundesliga,24,37.0,1,23.6,37.0,37.0,7.5,3,1,19.7,2.03,35.0,0,0,1,1,6,5,0,27,0.53,2.41
sacha-jordan-banse,Sacha Bansé,Midfielder,SpVgg Greuther Fürth,2. Bundesliga,25,37.0,5,72.6,38.0,38.0,15.0,6,6,12.9,2.88,35.0,0,0,0,0,4,3,0,33,1.83,4.24
leon-jensen,Leon Jensen,Midfielder,DSC Arminia Bielefeld,2. Bundesliga,29,37.0,0,16.8,38.0,38.0,10.0,4,0,3.3,8.25,30.0,0,0,0,0,8,1,1,30,1.47,2.59
sebastian-gronning,Sebastian Grønning,Forward,Hertha Berlin,2. Bundesliga,29,37.0,5,61.4,39.0,40.0,52.5,21,10,26.6,-0.94,40.24,0,0,5,0,13,8,0,14,2.32,7.55
fabian-kunze,Fabian Kunze,Midfielder,1. FC Kaiserslautern,2. Bundesliga,28,37.0,4,73.2,40.0,44.0,77.5,31,29,73.2,9.7,33.87,0,1,4,6,16,9,1,3,1.34,6.49
oualid-mhamdi,Oualid Mhamdi,Defender,1. FC Heidenheim 1846,2. Bundesliga,23,37.0,3,40.4,36.0,36.0,15.0,6,4,43.5,-3.07,39.17,0,1,0,0,6,8,2,23,2.36,3.89
bernd-riesselmann,Bernd Riesselmann,Forward,VfL Osnabrück,2. Bundesliga,21,37.0,1,28.4,35.0,35.0,12.5,5,1,25.3,-0.12,35.0,0,0,0,0,2,3,0,1,1.35,4.96
ivan-nekic,Ivan Nekić,Defender,Kieler SV Holstein 1900,2. Bundesliga,25,37.0,4,72.0,49.0,49.0,57.5,23,20,52.3,10.11,38.48,0,2,3,3,13,2,1,16,1.21,6.12
samuele-di-benedetto,Samuele Di Benedetto,Midfielder,Braunschweiger TSV Eintracht 1895,2. Bundesliga,21,37.0,5,63.4,46.0,46.0,15.0,6,6,63.7,5.1,40.83,0,1,0,0,4,2,0,19,2.54,5.94
marton-dardai,Márton Dárdai,Defender,Hertha Berlin,2. Bundesliga,24,37.0,0,3.0,50.0,49.0,77.5,31,24,52.7,12.9,36.61,1,1,6,5,12,5,1,9,2.15,4.08
christoph-daferner,Christoph Daferner,Forward,SG Dynamo Dresden,2. Bundesliga,28,37.0,0,4.8,34.0,40.0,67.5,27,8,23.9,0.01,40.0,0,0,8,0,12,12,0,8,1.5,4.74
yannick-gerhardt,Yannick Gerhardt,Midfielder,VfL Wolfsburg,2. Bundesliga,32,37.0,2,37.6,38.0,38.0,62.5,25,15,35.2,0.26,38.0,0,0,3,0,12,10,0,15,1.19,4.61
ibrahim-el-kadiri,Ibrahim El Kadiri,Forward,SV Darmstadt 1898,2. Bundesliga,24,36.0,0,5.4,35.0,35.0,10.0,4,0,5.3,-0.25,35.0,0,0,0,0,3,5,0,32,1.56,5.21
noel-eichinger,Noel Eichinger,Forward,Karlsruher SC,2. Bundesliga,25,39.0,3,49.8,40.0,40.0,15.0,6,4,56.5,5.12,35.0,0,0,0,0,5,1,0,4,0.77,6.32
noah-katterbach,Noah Katterbach,Defender,Braunschweiger TSV Eintracht 1895,2. Bundesliga,25,36.0,2,41.8,37.0,37.0,12.5,5,2,6.1,1.63,35.0,0,0,0,0,3,2,0,35,1.35,3.95
yannik-wagner,Yannik Wagner,Forward,1. FC Heidenheim 1846,2. Bundesliga,19,36.0,0,7.4,36.0,36.0,15.0,6,0,1.9,0.8,35.0,0,0,0,0,6,1,0,33,2.35,4.66
faton-ademi,Faton Ademi,Midfielder,SpVgg Greuther Fürth,2. Bundesliga,20,36.0,2,56.7,36.0,36.0,7.5,3,2,56.7,1.27,35.0,0,0,0,0,2,1,0,0,2.21,9.92
joel-abu-hanna,Joël Abu Hanna,Defender,VfL Osnabrück,2. Bundesliga,28,36.0,0,5.6,36.0,36.0,5.0,2,0,4.7,1.39,35.0,0,0,0,0,1,1,0,4,1.57,5.3
kento-shiogai,Kento Shiogai,Forward,VfL Wolfsburg,2. Bundesliga,21,36.0,2,38.8,36.0,42.0,67.5,27,5,18.8,1.29,40.93,0,1,4,0,14,7,0,14,1.52,10.91
jarne-steuckers,Jarne Steuckers,Forward,VfL Bochum 1848,2. Bundesliga,24,36.0,0,23.4,38.0,42.0,62.5,25,7,20.6,4.8,37.0,0,0,2,1,18,4,0,15,1.09,15.5
alessandro-adriano-crimaldi,Alessandro Crimaldi,Forward,VfL Bochum 1848,2. Bundesliga,19,36.0,0,7.6,37.0,37.0,7.5,3,1,5.5,1.83,35.0,0,0,0,0,2,1,0,17,1.56,7.08
isidoros-koutsidis,Isidoros Koutsidis,Defender,Braunschweiger TSV Eintracht 1895,2. Bundesliga,21,36.0,1,1.8,36.0,36.0,2.5,1,1,1.8,1.24,35.0,0,0,0,0,1,0,0,14,2.01,
benjamin-bediako-boakye,Benjamin Boakye,Forward,DSC Arminia Bielefeld,2. Bundesliga,21,36.0,0,19.8,38.0,42.0,65.0,26,12,34.3,4.92,36.92,0,0,2,1,22,5,0,10,1.22,5.34
jannik-dehm,Jannik Dehm,Defender,SpVgg Greuther Fürth,2. Bundesliga,30,36.0,3,47.6,42.0,40.0,72.5,29,25,59.6,-0.09,39.31,0,0,5,4,10,16,0,5,1.25,3.05
ime-okon,Ime Okon,Defender,Hannoverscher Sportverein 1896,2. Bundesliga,22,36.0,1,19.2,43.0,43.0,77.5,31,20,46.2,7.72,35.32,0,0,5,3,15,6,2,9,0.39,8.32
marko-zrilic,Marko Zrilić,Midfielder,1. FC Heidenheim 1846,2. Bundesliga,18,36.0,0,10.0,36.0,36.0,5.0,2,0,8.3,1.35,35.0,0,0,0,0,1,1,0,4,1.08,6.5
david-zec,David Zec,Defender,Kieler SV Holstein 1900,2. Bundesliga,26,36.0,3,57.0,34.0,41.0,82.5,33,31,65.0,6.45,34.39,0,3,7,2,8,6,6,8,3.24,4.5
selim-telib,Selim Telib,Midfielder,Hertha Berlin,2. Bundesliga,20,36.0,0,0.6,36.0,36.0,2.5,1,0,0.2,1.2,35.0,0,0,0,0,1,0,0,22,2.06,4.61
marko-soldic,Marko Soldic,Midfielder,1. FC Nürnberg,2. Bundesliga,16,35.0,0,1.4,36.0,36.0,20.0,8,0,2.4,1.46,35.0,0,0,0,0,6,2,0,13,,
faride-alidou,Faride Alidou,Forward,Kieler SV Holstein 1900,2. Bundesliga,25,35.0,0,1.8,39.0,37.0,45.0,18,6,16.6,-0.81,37.78,0,1,3,0,9,10,0,17,1.12,5.44
paul-jaeckel,Paul Jaeckel,Defender,1. FC Magdeburg,2. Bundesliga,28,35.0,0,1.2,38.0,45.0,62.5,25,22,57.8,6.66,38.4,0,3,6,3,11,6,2,9,1.34,5.26
tomoya-ando,Tomoya Ando,Defender,FC St. Pauli,2. Bundesliga,27,35.0,4,58.2,43.0,49.0,65.0,26,25,70.4,14.17,34.62,0,4,4,5,15,3,3,6,1.34,4.98
nils-froling,Nils Fröling,Forward,SG Dynamo Dresden,2. Bundesliga,26,35.0,0,1.6,37.0,41.0,55.0,22,8,22.7,3.23,37.27,0,0,3,1,18,5,0,13,1.14,5.17
manolo-merx,Manolo Merx,Midfielder,SV Darmstadt 1898,2. Bundesliga,18,35.0,0,3.2,35.0,35.0,7.5,3,0,6.3,-0.13,35.0,0,0,0,0,2,1,0,3,1.18,6.4
theoson-jordan-siebatcheu,Jordan Siebatcheu,Forward,SpVgg Greuther Fürth,2. Bundesliga,30,35.0,1,18.0,33.0,37.0,55.0,22,14,35.0,-0.39,37.27,0,0,2,0,14,10,0,14,1.34,5.53
william-boving-vick,William Bøving,Forward,1. FC Nürnberg,2. Bundesliga,23,35.0,0,14.8,37.0,39.0,45.0,18,4,12.7,2.53,36.39,0,0,1,0,12,5,0,22,2.09,7.97
mathias-honsak,Mathias Honsak,Forward,1. FC Heidenheim 1846,2. Bundesliga,29,35.0,4,47.8,45.0,41.0,75.0,30,18,38.3,2.87,37.83,0,0,3,3,19,8,0,7,1.17,6.76
pierre-nadjombe,Pierre Nadjombe,Defender,1. FC Magdeburg,2. Bundesliga,23,35.0,2,29.4,32.0,32.0,15.0,6,2,32.0,-3.23,35.0,0,0,0,0,4,7,1,28,1.57,4.4
john-tolkin,John Tolkin,Defender,Kieler SV Holstein 1900,2. Bundesliga,24,35.0,2,31.2,42.0,42.0,60.0,24,22,51.8,8.31,34.17,0,4,1,9,9,5,2,10,1.09,5.18
till-wiese,Till Wiese,Midfielder,Kieler SV Holstein 1900,2. Bundesliga,18,35.0,0,1.4,35.0,35.0,2.5,1,0,1.2,0.0,35.0,0,0,0,0,1,0,0,5,,
marc-kornwachs-barjuan,Marc Kornwachs Barjuan,Midfielder,1. FC Nürnberg,2. Bundesliga,17,35.0,0,0.4,35.0,35.0,2.5,1,0,0.3,0.1,35.0,0,0,0,0,1,0,0,5,,
lasse-isbruch,Lasse Isbruch,Midfielder,VfL Bochum 1848,2. Bundesliga,18,35.0,0,8.4,35.0,35.0,5.0,2,0,7.0,-0.05,35.0,0,0,0,0,1,1,0,4,0.98,5.24
tim-henry-handwerker,Tim Handwerker,Defender,DSC Arminia Bielefeld,2. Bundesliga,28,35.0,2,37.6,45.0,57.0,60.0,24,21,51.3,14.53,42.92,1,6,4,7,3,4,2,13,2.34,6.36
arlet-junior-ze,Junior Zé,Midfielder,Braunschweiger TSV Eintracht 1895,2. Bundesliga,20,35.0,0,24.2,36.0,36.0,20.0,8,0,4.5,0.51,35.0,0,0,0,0,3,5,0,32,0.76,4.2
mansour-ouro-tagba,Mansour Ouro-Tagba,Forward,VfL Bochum 1848,2. Bundesliga,21,35.0,0,1.6,35.0,35.0,2.5,1,0,1.6,0.0,35.0,0,0,0,0,6,3,1,13,1.6,3.77
richmond-tachie,Richmond Tachie,Forward,1. FC Magdeburg,2. Bundesliga,27,35.0,0,8.8,40.0,38.0,52.5,21,3,14.3,0.8,37.38,0,0,3,0,12,11,0,14,1.38,4.83
youssoupha-niang,Youssoupha Niang,Forward,FC St. Pauli,2. Bundesliga,20,35.0,2,25.8,36.0,36.0,35.0,14,4,13.4,0.5,35.0,0,0,0,0,8,6,0,9,2.07,5.16
taycan-macid-etcibasi,Taycan Etcibasi,Forward,Hannoverscher Sportverein 1896,2. Bundesliga,19,35.0,0,0.2,38.0,38.0,5.0,2,0,2.0,3.3,35.0,0,0,0,0,2,0,0,4,1.59,8.04
william-mikelbrencis,William Mikelbrencis,Defender,SV Darmstadt 1898,2. Bundesliga,22,35.0,0,8.8,32.0,35.0,62.5,25,14,39.6,-3.56,38.0,0,0,3,1,9,13,6,8,2.34,2.62
jasper-fynn-reinhold,Jasper Reinhold,Midfielder,Hannoverscher Sportverein 1896,2. Bundesliga,18,35.0,0,3.0,35.0,35.0,2.5,1,0,3.0,-0.1,35.0,0,0,0,0,0,1,0,3,,
magnus-elias-baars,Magnus Baars,Forward,1. FC Magdeburg,2. Bundesliga,19,35.0,0,6.6,35.0,35.0,12.5,5,0,1.2,0.02,35.0,0,0,0,0,4,1,0,35,1.03,4.48
deniz-emre-ofli,Deniz Ofli,Defender,Karlsruher SC,2. Bundesliga,19,35.0,5,86.0,37.0,37.0,20.0,8,6,15.7,-1.41,38.13,0,0,1,0,3,4,0,26,1.62,5.79
roko-simic,Roko Šimić,Forward,1. FC Magdeburg,2. Bundesliga,23,35.0,0,1.4,37.0,37.0,57.5,23,7,18.6,-0.56,37.61,0,0,3,0,9,17,0,11,1.32,6.12
leon-noel-mergner,Leon Mergner,Midfielder,1. FC Magdeburg,2. Bundesliga,20,34.0,1,16.6,32.0,32.0,5.0,2,1,17.8,-3.35,35.0,0,0,0,0,0,2,0,4,,
luca-raimund,Luca Raimund,Forward,VfL Osnabrück,2. Bundesliga,21,34.0,0,4.6,39.0,37.0,47.5,19,5,15.9,1.03,36.32,0,0,1,0,10,8,0,21,1.18,5.1
ben-jungfleisch,Ben Jungfleisch,Forward,1. FC Kaiserslautern,2. Bundesliga,18,,0,0.0,35.0,35.0,2.5,1,0,0.8,0.0,35.0,0,0,0,0,1,0,0,8,1.28,5.01
heliton-jorge-tito-dos-santos,Héliton,Defender,Karlsruher SC,2. Bundesliga,30,34.0,2,38.0,40.0,44.0,67.5,27,26,75.8,8.97,35.19,0,3,7,7,6,9,4,4,1.53,4.96
jakob-lemmer,Jakob Lemmer,Midfielder,SG Dynamo Dresden,2. Bundesliga,26,34.0,1,23.0,39.0,42.0,80.0,32,12,40.5,3.25,39.06,0,0,3,4,10,7,0,16,1.23,5.51
lukas-boeder,Lukas Boeder,Defender,SG Dynamo Dresden,2. Bundesliga,29,34.0,1,15.8,38.0,45.0,47.5,19,12,33.4,6.43,37.63,0,0,3,4,10,7,0,16,1.23,5.51
niko-takahashi-cendagorta,Niko Takahashi,Defender,Kieler SV Holstein 1900,2. Bundesliga,21,34.0,0,2.2,38.0,38.0,22.5,9,4,24.3,4.77,32.78,0,0,2,1,16,4,0,17,1.26,6.34
doni-arifi,Doni Arifi,Midfielder,SpVgg Greuther Fürth,2. Bundesliga,24,34.0,0,3.2,36.0,41.0,55.0,22,12,29.1,3.64,37.27,0,1,1,1,15,5,0,17,1.96,0.8
brian-henning,Bryan Henning,Midfielder,VfL Osnabrück,2. Bundesliga,31,34.0,0,2.4,33.0,33.0,5.0,2,0,3.7,-1.95,35.0,0,0,0,1,5,6,0,11,0.88,5.07
joel-rasmus-felix,Joel Felix,Defender,DSC Arminia Bielefeld,2. Bundesliga,28,34.0,0,2.8,44.0,48.0,35.0,14,12,28.1,7.86,40.36,0,2,4,0,6,7,0,21,0.9,6.72
sigurd-hauso-haugen,Sigurd Haugen,Forward,1. FC Nürnberg,2. Bundesliga,29,34.0,0,8.8,34.0,34.0,10.0,4,0,7.3,-0.83,35.0,0,0,0,0,7,13,0,15,1.57,8.11
tim-campulka,Tim Campulka,Defender,FC Energie Cottbus,2. Bundesliga,27,33.0,0,10.0,33.0,33.0,5.0,2,0,8.3,8.1,25.0,0,0,0,0,0,2,0,4,1.14,5.84
tim-civeja,Tim Civeja,Midfielder,Karlsruher SC,2. Bundesliga,24,33.0,1,15.4,31.0,31.0,7.5,3,1,14.8,-4.1,35.0,0,0,0,0,1,2,0,3,1.39,6.15
aaron-keller,Aaron Keller,Midfielder,SpVgg Greuther Fürth,2. Bundesliga,22,33.0,0,11.0,34.0,39.0,75.0,30,16,48.1,1.3,37.17,0,0,3,2,14,15,1,5,0.87,6.13
ibrahim-kanate,Ibrahim Kanaté,Forward,1. FC Kaiserslautern,2. Bundesliga,19,33.0,2,47.8,37.0,39.0,55.0,22,2,15.0,1.4,37.27,0,0,2,0,12,9,0,17,1.65,5.62
rayan-ghrieb,Rayan Ghrieb,Forward,1. FC Nürnberg,2. Bundesliga,27,33.0,0,5.6,37.0,44.0,67.5,27,9,26.8,4.48,39.07,0,1,4,4,18,6,0,7,1.23,4.44
john-davis-meyer,John Meyer,Forward,Karlsruher SC,2. Bundesliga,17,33.0,0,22.8,33.0,33.0,7.5,3,0,19.0,-1.93,35.0,0,0,0,0,1,2,0,3,,
lance-duijvestijn,Lance Duijvestijn,Midfielder,SV Darmstadt 1898,2. Bundesliga,27,33.0,3,64.4,42.0,47.0,80.0,32,25,68.3,7.16,39.06,0,2,4,6,12,9,1,6,1.41,10.01
moritz-broschinski,Moritz Broschinski,Forward,Karlsruher SC,2. Bundesliga,26,33.0,1,8.8,42.0,38.0,47.5,19,8,17.5,0.25,38.16,0,1,1,0,5,12,0,21,0.34,9.12
asuma-ikari,Asuma Ikari,Midfielder,Hannoverscher Sportverein 1896,2. Bundesliga,21,33.0,0,45.0,33.0,33.0,2.5,1,0,45.0,-2.1,35.0,0,0,0,0,0,1,0,0,,
tayar-tasdelen,Tayar Tasdelen,Midfielder,Kieler SV Holstein 1900,2. Bundesliga,20,33.0,0,2.2,33.0,33.0,2.5,1,0,1.8,-2.1,35.0,0,0,0,0,0,1,0,5,1.52,5.23
kevin-wiethaup,Kevin Wiethaup,Midfielder,Karlsruher SC,2. Bundesliga,21,32.0,2,35.8,35.0,35.0,10.0,4,2,37.3,-0.23,35.0,0,0,0,0,2,2,0,34,1.33,4.29
jean-hugonet,Jean Hugonet,Defender,Hannoverscher Sportverein 1896,2. Bundesliga,26,32.0,1,18.0,45.0,46.0,50.0,20,14,38.7,11.85,34.5,1,4,2,3,10,5,1,14,1.56,7.82
loris-giandomenico,Loris Giandomenico,Defender,SpVgg Greuther Fürth,2. Bundesliga,21,32.0,0,0.6,31.0,31.0,22.5,9,0,3.8,-4.05,35.0,0,0,0,0,2,13,0,12,2.84,5.11
alessandro-vogt,Alessandro Vogt,Forward,1. FC Heidenheim 1846,2. Bundesliga,21,32.0,3,56.4,33.0,42.0,77.5,31,27,58.9,-2.0,43.87,0,4,7,0,6,17,2,4,1.72,8.69
ryan-malone,Ryan Malone,Defender,FC Energie Cottbus,2. Bundesliga,34,32.0,0,3.0,32.0,32.0,2.5,1,0,2.5,-2.74,35.0,1,4,1,0,4,6,0,7,1.11,5.13
till-neininger,Till Neininger,Defender,SG Dynamo Dresden,2. Bundesliga,19,32.0,1,18.0,32.0,32.0,2.5,1,1,3.0,-3.36,35.0,0,0,0,0,0,1,0,39,1.39,5.36
konrad-faber,Konrad Faber,Defender,VfL Osnabrück,2. Bundesliga,28,32.0,0,20.8,41.0,38.0,57.5,23,10,33.8,2.43,35.65,0,1,1,3,13,9,2,11,1.36,7.13
leon-opitz,Leon Opitz,Midfielder,VfL Osnabrück,2. Bundesliga,21,32.0,0,1.0,40.0,37.0,40.0,16,2,10.4,0.22,36.56,0,0,1,0,7,8,0,24,1.0,5.89
frank-feller,Frank Feller,Goalkeeper,1. FC Heidenheim 1846,2. Bundesliga,22,32.0,1,18.0,49.0,49.0,12.5,5,5,12.5,9.36,40.0,0,0,2,0,1,2,0,35,2.81,4.88
yannik-luhrs,Yannik Lührs,Defender,SV Darmstadt 1898,2. Bundesliga,23,32.0,2,49.6,32.0,32.0,7.5,3,2,41.3,-2.89,35.0,0,0,0,0,1,4,0,35,0.99,4.96
david-schramm,David Schramm,Midfielder,1. FC Kaiserslautern,2. Bundesliga,20,31.0,0,1.0,48.0,48.0,10.0,4,2,21.1,6.38,41.25,0,1,0,0,1,2,0,5,1.66,4.15
yigit-karademir,Yiğit Karademir,Defender,VfL Bochum 1848,2. Bundesliga,22,31.0,0,7.6,33.0,33.0,7.5,3,1,13.8,-1.99,35.0,0,0,0,0,1,2,0,5,1.6,5.11
sael-kumbedi-nseke,Saël Kumbedi,Defender,VfL Wolfsburg,2. Bundesliga,21,31.0,2,34.6,40.0,43.0,72.5,29,25,59.4,1.07,40.34,0,0,9,2,7,9,2,11,2.31,7.66
daniel-hanslik,Daniel Hanslik,Forward,VfL Bochum 1848,2. Bundesliga,29,31.0,0,10.8,37.0,42.0,67.5,27,10,31.8,0.9,40.93,0,0,7,0,12,10,0,11,1.44,4.37
aleksandar-vukotic,Aleksandar Vukotić,Defender,SV Darmstadt 1898,2. Bundesliga,31,31.0,3,40.0,35.0,44.0,67.5,27,13,39.3,9.14,35.93,1,3,5,4,13,4,3,7,0.79,5.81
giannis-masouras,Giannis Masouras,Defender,1. FC Nürnberg,2. Bundesliga,30,30.0,0,14.6,38.0,39.0,27.5,11,5,39.9,2.99,35.45,0,0,2,4,8,5,1,18,2.04,11.21
theo-janotta,Theo Janotta,Defender,VfL Osnabrück,2. Bundesliga,23,30.0,0,0.2,30.0,30.0,2.5,1,0,0.2,-4.86,35.0,0,0,0,0,0,1,0,5,1.25,5.0
tim-siersleben,Tim Siersleben,Defender,1. FC Heidenheim 1846,2. Bundesliga,26,30.0,1,20.0,35.0,40.0,42.5,17,13,32.9,4.41,35.29,0,0,2,3,4,9,1,21,1.99,6.37
pharell-hensel,Pharell Hensel,Midfielder,VfL Wolfsburg,2. Bundesliga,19,30.0,0,0.8,34.0,34.0,15.0,6,1,2.2,-1.1,35.0,0,0,0,0,2,4,0,27,2.22,5.23
samuel-klein-au,Samuel Klein,Midfielder,FC St. Pauli,2. Bundesliga,22,30.0,0,1.4,30.0,30.0,7.5,3,0,1.2,-4.53,35.0,0,0,0,0,1,2,0,3,1.13,5.07
henry-rorig,Henry Rorig,Defender,FC Energie Cottbus,2. Bundesliga,26,30.0,4,78.0,33.0,33.0,15.0,6,5,80.0,-1.68,35.0,0,0,1,1,4,9,1,24,1.34,5.58
julian-guttau,Julian Guttau,Midfielder,FC Energie Cottbus,2. Bundesliga,26,29.0,1,9.0,29.0,29.0,2.5,1,1,7.5,-6.2,35.0,0,0,0,0,0,1,0,5,1.15,5.04
luca-kerber,Luca Kerber,Midfielder,1. FC Heidenheim 1846,2. Bundesliga,24,29.0,1,12.2,37.0,37.0,42.5,17,6,14.5,-0.54,37.06,0,1,0,0,11,8,1,19,1.0,5.26
hayate-matsuda,Hayate Matsuda,Midfielder,Hannoverscher Sportverein 1896,2. Bundesliga,23,32.0,0,3.2,36.0,39.0,55.0,22,11,27.7,0.2,38.41,0,0,4,0,12,11,1,12,0.97,6.04
lino-tempelmann,Lino Tempelmann,Midfielder,Braunschweiger TSV Eintracht 1895,2. Bundesliga,27,29.0,0,18.4,34.0,37.0,42.5,17,8,22.1,2.16,35.29,0,1,0,0,14,4,1,20,0.78,5.07
simon-asta,Simon Asta,Defender,1. FC Kaiserslautern,2. Bundesliga,25,29.0,2,33.2,37.0,36.0,42.5,17,8,23.3,-0.9,36.47,0,0,2,0,6,12,0,20,0.86,5.99
jonas-adjei-adjetey,Jonas Adjetey,Defender,VfL Wolfsburg,2. Bundesliga,22,28.0,0,9.8,34.0,44.0,57.5,23,18,41.2,9.86,34.35,0,3,1,2,11,2,2,19,0.66,11.68
elias-geoffrey-bakatukanda,Elias Bakatukanda,Defender,VfL Osnabrück,2. Bundesliga,22,27.0,0,5.4,44.0,44.0,20.0,8,7,22.2,8.69,35.63,1,1,2,4,4,3,2,23,1.05,3.34
gustaf-nilsson,Gustaf Nilsson,Forward,Hertha Berlin,2. Bundesliga,29,26.0,0,13.4,36.0,36.0,25.0,10,0,3.1,-1.27,37.5,0,0,0,0,5,3,1,31,2.66,9.44
paul-scholl,Paul Scholl,Defender,Karlsruher SC,2. Bundesliga,20,21.0,0,2.2,43.0,42.0,40.0,16,7,20.6,5.16,36.88,0,1,3,1,6,3,2,24,0.82,6.78
fousseny-max-doumbia,Fousseny Doumbia,Defender,FC Energie Cottbus,2. Bundesliga,21,20.0,3,34.2,23.0,23.0,15.0,6,3,5.4,-5.76,28.33,0,0,0,0,2,2,2,34,0.79,5.43
dion-hofmeister,Dion Hofmeister,Midfielder,1. FC Kaiserslautern,2. Bundesliga,17,,0,0.0,39.0,39.0,7.5,3,0,0.7,3.8,35.0,0,0,0,0,3,0,0,28,1.8,6.51
alexander-dercho,Alexander Dercho,Defender,VfL Osnabrück,2. Bundesliga,39,,0,0.0,0.0,0.0,0.0,0,0,0.0,0.0,0.0,0,0,0,0,0,0,0,40,,
milian-herbst,Milian Herbst,Midfielder,SV Darmstadt 1898,2. Bundesliga,18,,0,0.0,0.0,0.0,0.0,0,0,0.0,0.0,0.0,0,0,0,0,0,0,0,6,1.01,4.01
pavao-pervan,Pavao Pervan,Goalkeeper,VfL Wolfsburg,2. Bundesliga,38,,0,0.0,0.0,0.0,0.0,0,0,0.0,0.0,0.0,0,0,0,0,0,0,0,40,1.74,5.58
robert-kampa,Robert Kampa,Goalkeeper,1. FC Magdeburg,2. Bundesliga,21,,0,0.0,0.0,0.0,0.0,0,0,0.0,0.0,0.0,0,0,0,0,0,0,0,40,1.2,5.48
kevin-simon-manthey,Kevin Manthey,Forward,1. FC Magdeburg,2. Bundesliga,19,,0,0.0,0.0,0.0,0.0,0,0,0.0,0.0,0.0,0,0,0,0,0,0,0,6,1.57,5.09
sirlord-conteh,Sirlord Conteh,Forward,1. FC Heidenheim 1846,2. Bundesliga,30,,0,0.0,39.0,42.0,30.0,12,2,12.6,1.67,40.0,0,1,1,0,9,4,0,25,1.04,5.31
silas-joel-prufrock,Silas Prüfrock,Goalkeeper,SpVgg Greuther Fürth,2. Bundesliga,21,,0,0.0,47.0,45.0,37.5,15,15,39.7,5.73,39.0,0,2,2,1,4,5,1,25,2.11,4.41
maxim-bora-dal,Maxim Dal,Defender,SpVgg Greuther Fürth,2. Bundesliga,20,,0,0.0,0.0,0.0,0.0,0,0,0.0,0.0,0.0,0,0,0,0,0,0,0,40,1.27,6.08
daniel-richter-2008-04-08,Daniel Richter,Forward,DSC Arminia Bielefeld,2. Bundesliga,18,,0,0.0,0.0,0.0,0.0,0,0,0.0,0.0,0.0,0,0,0,0,0,1,0,39,0.94,5.85
hasan-jannis-zaydan,Jannis Zaydan,Defender,FC Energie Cottbus,2. Bundesliga,19,,0,0.0,60.0,60.0,2.5,1,1,7.5,-3.3,60.0,0,0,1,0,0,0,0,5,1.25,7.31
styopa-mkrtchyan,Styopa Mkrtchyan,Defender,1. FC Nürnberg,2. Bundesliga,23,,0,0.0,34.0,38.0,42.5,17,12,32.5,0.99,36.76,0,0,2,4,7,2,3,22,2.5,6.46
ismail-badjie,Ismail Badjie,Forward,VfL Osnabrück,2. Bundesliga,20,46.0,3,36.6,44.0,44.0,10.0,4,4,43.8,3.03,41.25,0,0,1,0,2,1,0,2,1.66,6.46
ferdinand-gebert,Ferdinand Gebert,Goalkeeper,Karlsruher SC,2. Bundesliga,20,,0,0.0,0.0,0.0,0.0,0,0,0.0,0.0,0.0,0,0,0,0,0,0,0,6,1.09,6.35
philipp-muller-2004-01-18,Philipp Müller,Midfielder,SpVgg Greuther Fürth,2. Bundesliga,22,,0,0.0,0.0,0.0,0.0,0,0,0.0,0.0,0.0,0,0,1,0,8,3,0,28,0.79,2.01
fynn-luca-lakenmacher,Fynn-Luca Lakenmacher,Forward,SV Darmstadt 1898,2. Bundesliga,26,,0,0.0,36.0,38.0,37.5,15,3,11.2,1.46,36.67,0,0,1,0,10,6,0,23,0.74,5.83
olgherto-balliu,Olgherto Balliu,Midfielder,SpVgg Greuther Fürth,2. Bundesliga,20,,0,0.0,0.0,0.0,0.0,0,0,0.0,0.0,0.0,0,0,0,0,0,0,0,4,,
mikayil-ngor-faye,Mikayil Faye,Defender,1. FC Nürnberg,2. Bundesliga,22,,0,0.0,42.0,42.0,20.0,8,2,6.2,7.32,35.0,0,0,1,1,4,2,0,32,2.37,3.88
sebastian-schonlau,Sebastian Schonlau,Defender,Kieler SV Holstein 1900,2. Bundesliga,32,,0,0.0,32.0,32.0,2.5,1,0,0.7,-3.14,35.0,0,0,1,0,0,1,0,38,0.8,3.89
thierry-fidjeu-tazemeta-junior,Thierry Fidjeu-Tazemeta,Forward,1. FC Kaiserslautern,2. Bundesliga,19,55.0,3,60.6,55.0,55.0,0.0,0,0,50.5,9.64,45.0,0,1,1,0,3,0,0,1,2.8,13.15
malte-wilke,Malte Wilke,Goalkeeper,FC Energie Cottbus,2. Bundesliga,19,,0,0.0,0.0,0.0,0.0,0,0,0.0,0.0,0.0,0,0,0,0,0,0,0,6,1.57,5.99
lasse-rosenboom,Lasse Rosenboom,Defender,Kieler SV Holstein 1900,2. Bundesliga,24,,0,0.0,40.0,36.0,62.5,25,18,44.6,1.0,35.4,0,0,3,2,10,12,3,10,0.92,4.37
grayson-dettoni,Grayson Dettoni,Defender,SV Darmstadt 1898,2. Bundesliga,21,,0,0.0,54.0,54.0,5.0,2,0,5.1,19.39,35.0,0,0,1,0,1,0,0,38,1.16,4.56
christian-ortag,Christian Ortag,Goalkeeper,SpVgg Greuther Fürth,2. Bundesliga,31,,0,0.0,0.0,0.0,0.0,0,0,0.0,0.0,0.0,0,0,5,3,5,6,0,21,0.75,6.04
aurel-badji-wagbe,Aurel Wagbe,Midfielder,VfL Bochum 1848,2. Bundesliga,22,,0,0.0,0.0,0.0,0.0,0,0,0.0,0.0,0.0,0,0,0,0,0,0,0,40,2.53,5.25
alexander-vogel-2006-01-13,Alexander Vogel,Midfielder,Hannoverscher Sportverein 1896,2. Bundesliga,20,,0,0.0,0.0,0.0,0.0,0,0,0.0,0.0,0.0,0,0,0,0,0,0,0,6,,
erik-ahlstrand,Erik Ahlstrand,Midfielder,FC St. Pauli,2. Bundesliga,24,,0,0.0,39.0,39.0,37.5,15,7,22.1,2.17,36.67,0,0,1,0,8,6,0,25,1.13,5.48
niklas-sauter,Niklas Sauter,Goalkeeper,VfL Osnabrück,2. Bundesliga,23,,0,0.0,0.0,0.0,0.0,0,0,0.0,0.0,0.0,0,0,0,0,0,0,0,40,1.59,5.96
frederik-roslyng,Frederik Roslyng,Defender,Kieler SV Holstein 1900,2. Bundesliga,20,,0,0.0,37.0,37.0,22.5,9,1,6.7,2.42,35.0,0,0,0,1,6,1,1,30,0.75,5.11
meldin-dreskovic,Meldin Drešković,Defender,SV Darmstadt 1898,2. Bundesliga,28,,0,0.0,0.0,0.0,0.0,0,0,0.0,0.0,0.0,0,0,0,0,1,3,0,36,1.65,5.17
marcel-engelhardt,Marcel Engelhardt,Goalkeeper,Kieler SV Holstein 1900,2. Bundesliga,33,,0,0.0,0.0,0.0,0.0,0,0,0.0,0.0,0.0,0,0,0,0,0,0,0,40,1.42,6.44
kevin-kratzsch,Kevin Kratzsch,Goalkeeper,FC Energie Cottbus,2. Bundesliga,24,,0,0.0,0.0,0.0,0.0,0,0,0.0,0.0,0.0,0,0,0,0,0,0,0,6,1.03,4.62
yunus-unal,Yunus Ünal,Forward,Hannoverscher Sportverein 1896,2. Bundesliga,18,,0,0.0,0.0,0.0,0.0,0,0,0.0,0.0,0.0,0,0,0,0,0,0,0,6,1.57,7.47
luca-boggemann,Luca Böggemann,Goalkeeper,VfL Osnabrück,2. Bundesliga,22,,0,0.0,0.0,0.0,0.0,0,0,0.0,0.0,0.0,0,0,0,0,0,1,0,39,0.83,4.41
adem-bukvic,Adem Bukvic,Midfielder,VfL Osnabrück,2. Bundesliga,17,,0,0.0,0.0,0.0,0.0,0,0,0.0,0.0,0.0,0,0,0,0,0,0,0,3,,
tom-hobrecht,Tom Hobrecht,Forward,Hannoverscher Sportverein 1896,2. Bundesliga,19,,0,0.0,0.0,0.0,0.0,0,0,0.0,0.0,0.0,0,0,0,0,0,0,0,7,1.86,7.93
benedikt-borner,Benedikt Börner,Goalkeeper,SV Darmstadt 1898,2. Bundesliga,20,,0,0.0,0.0,0.0,0.0,0,0,0.0,0.0,0.0,0,0,0,0,0,0,0,40,0.79,4.21
mathias-pereira-lage,Mathias Pereira Lage,Midfielder,FC St. Pauli,2. Bundesliga,29,,0,0.0,40.0,39.0,60.0,24,21,47.4,0.92,38.13,0,1,3,0,11,13,0,12,1.28,4.01
merveille-papela,Merveille Papela,Midfielder,SV Darmstadt 1898,2. Bundesliga,25,,0,0.0,40.0,42.0,52.5,21,6,22.9,4.19,37.38,0,1,1,1,17,7,0,13,0.79,5.65
jerome-kalil-diallo,Jerome Diallo,Defender,Hertha Berlin,2. Bundesliga,17,,0,0.0,0.0,0.0,0.0,0,0,0.0,0.0,0.0,0,0,0,0,0,0,0,6,,
konstantin-gunter-georg-heide,Konstantin Heide,Goalkeeper,Hertha Berlin,2. Bundesliga,20,,0,0.0,0.0,0.0,0.0,0,0,0.0,0.0,0.0,0,0,0,0,0,0,0,38,2.09,4.46
caspar-julius-medlin,Caspar Medlin,Defender,Kieler SV Holstein 1900,2. Bundesliga,19,,0,0.0,0.0,0.0,0.0,0,0,0.0,0.0,0.0,0,0,0,0,0,0,0,6,1.51,5.12
christian-mathenia,Christian Mathenia,Goalkeeper,1. FC Nürnberg,2. Bundesliga,34,,0,0.0,73.0,73.0,2.5,1,1,2.6,12.9,60.0,0,0,1,0,0,0,0,39,1.11,7.41
leon-schneider,Leon Schneider,Defender,DSC Arminia Bielefeld,2. Bundesliga,26,,0,0.0,42.0,42.0,27.5,11,9,24.1,8.3,33.64,0,0,3,4,7,2,1,23,0.73,5.8
anderson-lenda-lucoqui,Anderson Lucoqui,Defender,FC Energie Cottbus,2. Bundesliga,29,,0,0.0,0.0,0.0,0.0,0,0,0.0,0.0,0.0,0,0,0,1,3,4,2,30,0.81,5.21
erik-muller,Erik Müller,Midfielder,1. FC Kaiserslautern,2. Bundesliga,20,,0,0.0,32.0,32.0,2.5,1,0,0.0,-3.3,35.0,0,0,0,0,0,1,0,25,0.88,6.46
do-yong-yoon,Yoon Do-Yong,Forward,1. FC Magdeburg,2. Bundesliga,19,,0,0.0,33.0,33.0,5.0,2,0,0.9,-1.85,35.0,0,0,2,0,13,2,0,23,1.09,5.93
jelani-agendia-ndi,Jelani Ndi,Forward,Hertha Berlin,2. Bundesliga,19,,0,0.0,0.0,0.0,0.0,0,0,0.0,0.0,0.0,0,0,0,0,0,0,0,12,,
winners-mark-osawe,Winners Osawe,Midfielder,1. FC Nürnberg,2. Bundesliga,19,,0,0.0,0.0,0.0,0.0,0,0,0.0,0.0,0.0,0,0,0,0,1,1,0,38,2.36,6.26
bruno-katz,Bruno Katz,Forward,VfL Wolfsburg,2. Bundesliga,18,,0,0.0,0.0,0.0,0.0,0,0,0.0,0.0,0.0,0,0,0,0,0,0,0,31,1.02,8.03
owen-lennox-gibs,Owen Gibs,Midfielder,1. FC Kaiserslautern,2. Bundesliga,19,,0,0.0,35.0,35.0,10.0,4,1,2.2,0.15,35.0,0,0,0,0,2,2,0,22,1.23,6.72
taisei-abe,Taisei Abe,Midfielder,Kieler SV Holstein 1900,2. Bundesliga,22,,0,0.0,49.0,49.0,70.0,28,27,61.2,16.21,32.5,0,1,0,14,11,4,0,10,1.69,5.05
can-yahya-moustfa,Can Moustfa,Forward,1. FC Nürnberg,2. Bundesliga,21,,0,0.0,0.0,0.0,0.0,0,0,0.0,0.0,0.0,0,0,0,0,0,0,0,6,1.89,5.1
tristan-wagner-2005-07-06,Tristan Wagner,Midfielder,Braunschweiger TSV Eintracht 1895,2. Bundesliga,21,,0,0.0,37.0,37.0,2.5,1,0,0.5,1.8,35.0,0,0,0,0,1,0,0,5,1.18,4.01
moritz-reimers,Moritz Reimers,Forward,Kieler SV Holstein 1900,2. Bundesliga,19,,0,0.0,0.0,0.0,0.0,0,0,0.0,0.0,0.0,0,0,0,0,0,0,0,6,0.9,6.18
robin-heusser,Robin Heußer,Midfielder,Braunschweiger TSV Eintracht 1895,2. Bundesliga,28,,0,0.0,42.0,43.0,60.0,24,18,48.0,4.63,38.13,0,1,5,3,9,12,0,10,1.2,4.23
karl-steinmann,Karl Steinmann,Midfielder,Hannoverscher Sportverein 1896,2. Bundesliga,20,,0,0.0,0.0,0.0,0.0,0,0,0.0,0.0,0.0,0,0,0,0,0,0,0,34,1.23,5.32
hyeok-kyu-kwon,Kwon Hyeok-Kyu,Midfielder,Karlsruher SC,2. Bundesliga,25,,0,0.0,36.0,38.0,45.0,18,13,27.0,2.41,35.28,0,0,1,2,10,6,1,20,0.96,9.71
lennart-grill,Lennart Grill,Goalkeeper,SG Dynamo Dresden,2. Bundesliga,27,,0,0.0,33.0,33.0,15.0,6,6,15.9,1.23,31.67,0,0,0,0,2,3,1,34,1.35,5.15
ivan-prtajin,Ivan Prtajin,Forward,1. FC Kaiserslautern,2. Bundesliga,30,,0,0.0,51.0,51.0,25.0,10,8,19.7,3.8,47.0,1,2,3,0,6,2,0,26,2.3,5.8
aaron-reschke,Aaron Reschke,Midfielder,FC Energie Cottbus,2. Bundesliga,18,,0,0.0,0.0,0.0,0.0,0,0,0.0,0.0,0.0,0,0,0,0,0,0,0,6,1.58,3.42
hugo-johannes-walter-rolleke,Hugo Rölleke,Goalkeeper,VfL Bochum 1848,2. Bundesliga,21,,0,0.0,0.0,0.0,0.0,0,0,0.0,0.0,0.0,0,0,0,0,0,0,0,40,1.38,5.35
sidney-raebiger,Sidney Raebiger,Midfielder,Braunschweiger TSV Eintracht 1895,2. Bundesliga,21,,0,0.0,35.0,35.0,12.5,5,1,1.9,0.44,35.0,0,0,0,0,2,3,0,35,0.75,5.37
eldin-dzogovic,Eldin Dzogovic,Defender,1. FC Magdeburg,2. Bundesliga,23,,0,0.0,34.0,34.0,15.0,6,0,0.5,-1.23,35.0,0,0,0,0,3,2,0,35,2.47,5.21
benjamin-uphoff,Benjamin Uphoff,Goalkeeper,Braunschweiger TSV Eintracht 1895,2. Bundesliga,33,,0,0.0,0.0,0.0,0.0,0,0,0.0,0.0,0.0,0,0,0,0,0,0,0,40,0.88,5.11
tarek-chahed,Tarek Chahed,Defender,1. FC Magdeburg,2. Bundesliga,30,,0,0.0,0.0,0.0,0.0,0,0,0.0,0.0,0.0,0,0,0,0,0,0,0,40,1.61,5.02
benjamin-merlin-zank,Benjamin Zank,Forward,SpVgg Greuther Fürth,2. Bundesliga,22,,0,0.0,0.0,0.0,0.0,0,0,0.0,0.0,0.0,0,0,0,0,0,0,0,6,0.74,5.99
nicolas-ortegel,Nicolas Ortegel,Goalkeeper,1. FC Nürnberg,2. Bundesliga,22,,0,0.0,0.0,0.0,0.0,0,0,0.0,0.0,0.0,0,0,0,0,0,0,0,40,1.26,5.22
erik-engelhardt,Erik Engelhardt,Forward,FC Energie Cottbus,2. Bundesliga,28,,0,0.0,37.0,37.0,2.5,1,1,15.0,1.6,35.0,0,2,8,2,12,9,0,7,1.11,7.11
jean-manuel-mbom,Manuel Mbom,Midfielder,VfL Bochum 1848,2. Bundesliga,26,32.0,0,6.6,34.0,39.0,40.0,16,9,29.5,1.09,38.13,0,1,3,4,9,9,0,14,0.98,5.75
niklas-hildebrandt,Niklas Hildebrandt,Forward,Hertha Berlin,2. Bundesliga,18,,0,0.0,40.0,40.0,2.5,1,0,1.0,5.0,35.0,0,0,0,0,1,0,0,7,,
noah-kruth,Noah Kruth,Goalkeeper,1. FC Magdeburg,2. Bundesliga,23,,0,0.0,0.0,0.0,0.0,0,0,0.0,0.0,0.0,0,0,0,0,0,0,0,40,1.82,5.81
lowe-matteo-jose-bjerlestam,Lowe Bjerlestam,Goalkeeper,VfL Osnabrück,2. Bundesliga,18,,0,0.0,0.0,0.0,0.0,0,0,0.0,0.0,0.0,0,0,0,0,0,0,0,3,,
felix-mark,Felix Mark,Goalkeeper,1. FC Heidenheim 1846,2. Bundesliga,18,,0,0.0,0.0,0.0,0.0,0,0,0.0,0.0,0.0,0,0,0,0,0,0,0,6,1.87,6.44
eyyub-arda-yasar,Eyyüb Arda,Midfielder,DSC Arminia Bielefeld,2. Bundesliga,18,,0,0.0,37.0,37.0,15.0,6,0,2.0,1.65,35.0,0,0,0,0,3,3,0,21,1.61,5.86
max-bohnke,Max Böhnke,Goalkeeper,FC Energie Cottbus,2. Bundesliga,23,,0,0.0,0.0,0.0,0.0,0,0,0.0,0.0,0.0,0,0,0,0,0,0,0,6,1.24,5.02
sanoussy-ba,Sanoussy Ba,Defender,Braunschweiger TSV Eintracht 1895,2. Bundesliga,22,,0,0.0,27.0,27.0,2.5,1,0,0.2,-8.12,35.0,0,0,0,0,0,3,0,37,0.7,5.05
chung-hyun-lee,Lee Chung-Hyun,Forward,1. FC Magdeburg,2. Bundesliga,19,,0,0.0,35.0,35.0,2.5,1,0,0.2,0.0,35.0,0,0,0,0,1,0,0,22,0.92,4.78
frederik-jakel,Frederik Jäkel,Defender,Braunschweiger TSV Eintracht 1895,2. Bundesliga,25,,0,0.0,0.0,0.0,0.0,0,0,0.0,0.0,0.0,0,0,0,0,0,1,0,39,1.26,6.08
boris-chi-manuzah-lum,Boris Lum,Midfielder,Hertha Berlin,2. Bundesliga,19,,0,0.0,37.0,37.0,12.5,5,0,2.0,2.06,35.0,0,0,0,0,3,3,0,34,1.0,7.37
milos-lukovic,Miloš Luković,Forward,1. FC Kaiserslautern,2. Bundesliga,20,,0,0.0,36.0,40.0,32.5,13,10,21.8,0.24,39.23,0,0,3,0,3,7,1,26,1.24,8.35
rony-jene-aleksi-jansson,Rony Jansson,Defender,FC St. Pauli,2. Bundesliga,22,,0,0.0,31.0,31.0,5.0,2,0,14.4,-4.48,35.0,0,0,0,0,1,1,0,22,1.19,4.25
daniel-mesenholer,Daniel Mesenhöler,Goalkeeper,SG Dynamo Dresden,2. Bundesliga,31,,0,0.0,90.0,90.0,2.5,1,1,2.6,29.9,60.0,0,1,0,0,0,0,0,39,2.04,5.14
mehmet-avlayici,Mehmet Avlayici,Midfielder,SpVgg Greuther Fürth,2. Bundesliga,20,,0,0.0,36.0,36.0,5.0,2,0,1.1,0.6,35.0,0,0,0,0,1,1,0,22,1.19,4.25
adam-kolle,Adam Kölle,Defender,1. FC Heidenheim 1846,2. Bundesliga,20,,0,0.0,30.0,30.0,12.5,5,0,2.1,-5.33,35.0,0,0,1,0,1,3,1,34,0.39,4.04
jannik-westphal,Jannik Westphal,Defender,FC St. Pauli,2. Bundesliga,22,,0,0.0,0.0,0.0,0.0,0,0,0.0,0.0,0.0,0,0,0,0,0,0,0,2,,
aaron-zehnter,Aaron Zehnter,Defender,VfL Wolfsburg,2. Bundesliga,21,,0,0.0,35.0,40.0,45.0,18,15,33.7,3.43,36.39,0,1,0,1,12,3,1,22,2.05,8.4
lio-mark-rothenhagen,Lio Rothenhagen,Goalkeeper,Kieler SV Holstein 1900,2. Bundesliga,20,,0,0.0,0.0,0.0,0.0,0,0,0.0,0.0,0.0,0,0,0,0,0,0,0,40,1.8,5.09
tan-kenneth-jerico-schmidt,Kenneth Schmidt,Defender,SG Dynamo Dresden,2. Bundesliga,24,,0,0.0,49.0,49.0,37.5,15,6,30.3,9.05,40.0,0,0,2,0,9,13,0,16,0.74,4.98
robin-himmelmann,Robin Himmelmann,Goalkeeper,Karlsruher SC,2. Bundesliga,37,,0,0.0,37.0,37.0,2.5,1,1,2.6,2.4,35.0,0,0,0,0,1,0,0,39,0.82,6.35
leo-oppermann,Leo Oppermann,Goalkeeper,DSC Arminia Bielefeld,2. Bundesliga,25,,0,0.0,0.0,0.0,0.0,0,0,0.0,0.0,0.0,0,0,1,1,0,0,0,38,1.56,5.05
sidi-guessor-sane,Sidi Sané,Midfielder,Braunschweiger TSV Eintracht 1895,2. Bundesliga,23,,0,0.0,37.0,38.0,55.0,22,6,22.2,0.3,37.27,0,0,2,0,9,13,0,16,0.74,4.98
jonathan-wensing,Jonathan Wensing,Midfielder,VfL Osnabrück,2. Bundesliga,22,,0,0.0,0.0,0.0,0.0,0,0,0.0,0.0,0.0,0,0,0,0,0,0,0,6,1.02,5.07
nick-bodon,Nick Bodon,Goalkeeper,Braunschweiger TSV Eintracht 1895,2. Bundesliga,19,,0,0.0,0.0,0.0,0.0,0,0,0.0,0.0,0.0,0,0,0,0,0,0,0,6,0.81,6.02
taycan-kurt,Taycan Kurt,Forward,Hannoverscher Sportverein 1896,2. Bundesliga,18,,0,0.0,0.0,0.0,0.0,0,0,0.0,0.0,0.0,0,0,0,0,0,0,0,40,,
mayson-grothe,Mayson Grothe,Defender,Hertha Berlin,2. Bundesliga,17,,0,0.0,0.0,0.0,0.0,0,0,0.0,0.0,0.0,0,0,0,0,0,0,0,6,,
nick-schmidt,Nick Schmidt,Midfielder,FC St. Pauli,2. Bundesliga,19,,0,0.0,0.0,0.0,0.0,0,0,0.0,0.0,0.0,0,0,0,0,0,0,0,40,1.43,6.85
dimitar-mitov,Dimitar Mitov,Goalkeeper,FC St. Pauli,2. Bundesliga,29,,0,0.0,43.0,43.0,62.5,25,25,56.2,3.74,39.4,0,1,5,3,6,7,2,16,0.72,7.95
mark-richter-montserrat,Mark Montserrat,Forward,Kieler SV Holstein 1900,2. Bundesliga,18,,0,0.0,0.0,0.0,0.0,0,0,0.0,0.0,0.0,0,0,0,0,0,0,0,6,,
tony-lesueur,Tony Lesueur,Forward,VfL Osnabrück,2. Bundesliga,26,35.0,1,9.0,36.0,36.0,5.0,2,1,11.0,1.1,35.0,0,0,0,0,1,1,0,4,1.43,4.61
eymen-laghrissi,Eymen Laghrissi,Forward,Karlsruher SC,2. Bundesliga,18,,0,0.0,37.0,37.0,17.5,7,1,3.7,-1.91,38.57,0,0,1,0,1,5,0,25,1.04,6.46
rogerio-oliveira-da-silva,Rogério,Defender,VfL Wolfsburg,2. Bundesliga,28,,0,0.0,0.0,0.0,0.0,0,23,0.0,0.0,0.0,0,2,6,1,7,8,3,13,1.22,4.93
lubambo-musonda,Lubambo Musonda,Defender,1. FC Magdeburg,2. Bundesliga,31,,0,0.0,53.0,44.0,65.0,26,23,54.8,5.6,38.27,0,2,6,1,7,8,3,13,1.22,4.93
khalid-abu-el-haija,Khalid El Haija,Defender,1. FC Nürnberg,2. Bundesliga,20,,0,0.0,0.0,0.0,0.0,0,0,0.0,0.0,0.0,0,0,0,0,0,0,0,4,,
matthias-bader,Matthias Bader,Defender,SV Darmstadt 1898,2. Bundesliga,29,,0,0.0,38.0,38.0,27.5,11,0,5.0,3.28,35.0,0,0,0,1,8,2,0,29,1.27,5.22
enis-vauclain-kamga,Enis Kamga,Goalkeeper,1. FC Kaiserslautern,2. Bundesliga,19,,0,0.0,10.0,10.0,2.5,1,1,2.7,-5.1,15.0,0,0,0,0,0,0,1,39,1.7,9.71
jonas-werner-schwanke,Jonas Schwanke,Goalkeeper,Hannoverscher Sportverein 1896,2. Bundesliga,20,,0,0.0,0.0,0.0,0.0,0,0,0.0,0.0,0.0,0,0,0,0,0,0,0,40,1.16,7.48
leon-sawas,Leon Sawas,Defender,VfL Bochum 1848,2. Bundesliga,19,,0,0.0,0.0,0.0,0.0,0,0,0.0,0.0,0.0,0,0,0,0,0,0,0,4,,
kian-scheer,Kian Scheer,Midfielder,1. FC Kaiserslautern,2. Bundesliga,19,,0,0.0,0.0,0.0,0.0,0,0,0.0,0.0,0.0,0,0,0,0,0,0,0,6,,
ben-schmit,Ben Schmit,Goalkeeper,Kieler SV Holstein 1900,2. Bundesliga,18,,0,0.0,0.0,0.0,0.0,0,0,0.0,0.0,0.0,0,0,0,0,0,0,0,6,1.07,5.14
philipp-strompf,Philipp Strompf,Defender,VfL Bochum 1848,2. Bundesliga,28,,0,0.0,41.0,49.0,57.5,23,23,60.4,11.65,37.17,0,1,4,7,8,7,0,13,0.84,4.41
trevor-chidubem-benedict,Trevor Benedict,Forward,VfL Wolfsburg,2. Bundesliga,19,,0,0.0,0.0,0.0,0.0,0,0,0.0,0.0,0.0,0,0,0,0,0,0,0,29,2.38,8.01
fabian-nurnberger,Fabian Nürnberger,Midfielder,SV Darmstadt 1898,2. Bundesliga,27,,0,0.0,45.0,44.0,35.0,14,10,22.6,6.82,36.79,0,1,3,2,12,2,0,20,1.07,5.36
lars-bunning,Lars Bünning,Defender,SG Dynamo Dresden,2. Bundesliga,28,,0,0.0,50.0,50.0,15.0,6,4,11.0,10.79,39.17,0,0,2,3,6,1,0,28,0.96,5.07
joschua-caspar-siewert,Joschua Siewert,Defender,Hannoverscher Sportverein 1896,2. Bundesliga,17,,0,0.0,0.0,0.0,0.0,0,0,0.0,0.0,0.0,0,0,0,0,0,0,0,6,,
omar-abdel-megeed,Omar Abdel Megeed,Midfielder,SpVgg Greuther Fürth,2. Bundesliga,21,,0,0.0,0.0,0.0,0.0,0,0,0.0,0.0,0.0,0,0,0,0,0,0,0,40,1.87,5.62
axel-borgmann,Axel Borgmann,Midfielder,FC Energie Cottbus,2. Bundesliga,32,38.0,4,79.0,38.0,38.0,0.0,0,0,67.0,6.0,31.67,0,0,1,0,2,2,1,0,0.92,4.25
paul-hennrich,Paul Hennrich,Forward,1. FC Heidenheim 1846,2. Bundesliga,21,56.0,1,24.0,51.0,51.0,0.0,0,0,20.3,3.53,47.5,0,0,2,0,1,2,0,24,1.88,8.76
gisli-gottskalk-thordarson,Gísli Þórðarson,Midfielder,FC St. Pauli,2. Bundesliga,22,,0,0.0,41.0,41.0,22.5,9,2,12.1,5.59,35.0,1,0,0,3,10,3,0,23,2.2,5.31
joey-taubeneck,Joey Taubeneck,Defender,FC Energie Cottbus,2. Bundesliga,19,,0,0.0,0.0,0.0,0.0,0,0,0.0,0.0,0.0,0,0,0,0,0,0,0,6,1.89,4.16
mwisho-mhango,Mwisho Mhango,Midfielder,Hannoverscher Sportverein 1896,2. Bundesliga,19,,0,0.0,0.0,0.0,0.0,0,0,0.0,0.0,0.0,0,0,0,0,0,0,0,23,1.64,8.47
patrick-kammerbauer,Patrick Kammerbauer,Defender,VfL Osnabrück,2. Bundesliga,29,40.0,5,78.6,38.0,38.0,15.0,6,6,80.3,2.79,35.0,0,0,0,0,4,2,0,0,1.11,5.06
timon-wellenreuther,Timon Wellenreuther,Goalkeeper,VfL Wolfsburg,2. Bundesliga,30,,0,0.0,46.0,43.0,82.5,33,33,74.2,6.52,36.97,0,3,4,2,15,6,3,7,6.42,32.65
luis-raphael-pick,Luis Pick,Forward,VfL Bochum 1848,2. Bundesliga,18,,0,0.0,0.0,0.0,0.0,0,0,0.0,0.0,0.0,0,0,0,0,0,0,0,4,2.32,5.1
andrea-ceresoli,Andrea Ceresoli,Defender,1. FC Nürnberg,2. Bundesliga,23,,0,0.0,0.0,0.0,0.0,0,0,0.0,0.0,0.0,0,0,0,0,2,4,1,33,,
hamza-muqaj,Hamza Muqaj,Midfielder,Kieler SV Holstein 1900,2. Bundesliga,21,,0,0.0,0.0,0.0,0.0,0,0,0.0,0.0,0.0,0,0,0,0,0,0,0,40,1.79,4.03
jonas-hofmann,Jonas Hofmann,Midfielder,FC Energie Cottbus,2. Bundesliga,29,,0,0.0,0.0,0.0,0.0,0,0,0.0,0.0,0.0,0,0,0,0,0,0,0,6,1.21,5.07
luca-marseiler,Luca Marseiler,Forward,SV Darmstadt 1898,2. Bundesliga,29,,0,0.0,63.0,56.0,50.0,20,17,43.6,11.99,44.25,1,2,4,6,11,2,0,14,1.17,5.68
can-hayri-ozkan,Can Özkan,Midfielder,DSC Arminia Bielefeld,2. Bundesliga,27,,0,0.0,0.0,0.0,0.0,0,0,0.0,0.0,0.0,0,0,0,0,0,0,0,40,,
andu-yobel-kelati,Andu Kelati,Forward,Kieler SV Holstein 1900,2. Bundesliga,24,,0,0.0,41.0,41.0,15.0,6,5,11.2,6.35,35.0,0,0,0,0,5,1,0,34,1.05,3.79
alexander-brunst-zollner,Alexander Brunst,Goalkeeper,SV Darmstadt 1898,2. Bundesliga,31,,0,0.0,0.0,0.0,0.0,0,0,0.0,0.0,0.0,0,0,0,0,0,0,0,40,0.92,5.96
philip-hildesheim,Philip Hildesheim,Goalkeeper,DSC Arminia Bielefeld,2. Bundesliga,21,,0,0.0,0.0,0.0,0.0,0,0,0.0,0.0,0.0,0,0,0,0,0,0,0,38,1.22,3.92
simon-spari,Simon Spari,Goalkeeper,FC St. Pauli,2. Bundesliga,24,,0,0.0,0.0,0.0,0.0,0,0,0.0,0.0,0.0,0,0,0,0,0,0,0,40,1.17,6.11
oluwaseun-adewumi,Oluwaseun Adewumi,Midfielder,Hertha Berlin,2. Bundesliga,21,57.0,2,49.2,45.0,39.0,0.0,0,0,48.8,-1.66,40.3,0,0,8,0,12,18,0,2,4.88,10.96
ivan-knezevic-2007-03-09,Ivan Knežević,Defender,1. FC Kaiserslautern,2. Bundesliga,19,,0,0.0,0.0,0.0,0.0,0,0,0.0,0.0,0.0,0,0,0,0,0,0,0,6,0.94,4.97
jakob-krautkramer,Jakob Krautkrämer,Defender,SpVgg Greuther Fürth,2. Bundesliga,21,,0,0.0,0.0,0.0,0.0,0,0,0.0,0.0,0.0,0,0,0,0,0,0,0,6,,
damjan-kovacevic-2004-08-28,Damjan Kovacevic,Defender,Braunschweiger TSV Eintracht 1895,2. Bundesliga,22,,0,0.0,33.0,32.0,45.0,18,8,28.0,-5.32,36.67,0,0,3,1,6,11,5,14,0.82,3.69
haron-sabah,Haron Sabah,Forward,FC St. Pauli,2. Bundesliga,22,,0,0.0,0.0,0.0,0.0,0,0,0.0,0.0,0.0,0,0,0,0,0,0,0,6,,
pascal-david-loretz,Pascal Loretz,Goalkeeper,Hannoverscher Sportverein 1896,2. Bundesliga,23,,0,0.0,48.0,43.0,82.5,33,33,78.2,4.12,39.09,0,3,4,2,13,10,2,6,2.26,25.4
yannick-onohiol,Yannick Onohiol,Goalkeeper,1. FC Kaiserslautern,2. Bundesliga,22,,0,0.0,0.0,0.0,0.0,0,0,0.0,0.0,0.0,0,0,0,0,0,0,0,6,1.72,9.39
luca-samuel-kroger,Luca Kröger,Midfielder,VfL Osnabrück,2. Bundesliga,17,,0,0.0,0.0,0.0,0.0,0,0,0.0,0.0,0.0,0,0,0,0,0,0,0,3,,
elias-bethke,Elias Bethke,Goalkeeper,SG Dynamo Dresden,2. Bundesliga,23,,0,0.0,0.0,0.0,0.0,0,0,0.0,0.0,0.0,0,0,0,0,0,0,0,23,1.26,5.05
marwin-reiner-ian-schmitz,Marwin Schmitz,Midfielder,FC St. Pauli,2. Bundesliga,19,,0,0.0,0.0,0.0,0.0,0,0,0.0,0.0,0.0,0,0,0,0,0,0,0,40,1.04,6.01
leart-paqarada,Leart Pacarada,Defender,1. FC Heidenheim 1846,2. Bundesliga,31,,0,0.0,0.0,0.0,0.0,0,0,0.0,0.0,0.0,0,0,0,0,0,2,0,38,0.92,7.98
kian-leon-todorovic,Kian Todorović,Midfielder,Hertha Berlin,2. Bundesliga,19,,0,0.0,0.0,0.0,0.0,0,0,0.0,0.0,0.0,0,0,0,0,0,0,0,6,,
elias-benkara,Elias Benkara,Defender,SpVgg Greuther Fürth,2. Bundesliga,19,,0,0.0,0.0,0.0,0.0,0,0,0.0,0.0,0.0,0,0,0,0,0,0,0,40,2.04,4.72
noah-engelbreth,Noah Engelbreth,Midfielder,Hannoverscher Sportverein 1896,2. Bundesliga,21,,0,0.0,0.0,0.0,0.0,0,0,0.0,0.0,0.0,0,0,0,0,0,0,0,24,,
tim-goller,Tim Goller,Goalkeeper,Hertha Berlin,2. Bundesliga,21,,0,0.0,0.0,0.0,0.0,0,0,0.0,0.0,0.0,0,0,0,0,0,0,0,40,1.82,7.16
babis-charalampos-drakas,Babis Drakas,Forward,VfL Bochum 1848,2. Bundesliga,23,,0,0.0,0.0,0.0,0.0,0,0,0.0,0.0,0.0,0,0,0,0,0,0,0,6,1.14,6.47
robin-lisewski,Robin Lisewski,Goalkeeper,1. FC Nürnberg,2. Bundesliga,20,,0,0.0,0.0,0.0,0.0,0,0,0.0,0.0,0.0,0,0,0,0,0,0,0,40,0.48,5.68
lukas-kunze,Lukas Kunze,Midfielder,DSC Arminia Bielefeld,2. Bundesliga,28,,0,0.0,0.0,0.0,0.0,0,0,0.0,0.0,0.0,0,0,1,1,6,3,0,29,1.33,5.13
tino-casali,Tino Casali,Goalkeeper,VfL Bochum 1848,2. Bundesliga,30,,0,0.0,0.0,0.0,0.0,0,0,0.0,0.0,0.0,0,0,0,0,0,0,0,40,1.02,4.99
aster-vranckx,Aster Vranckx,Midfielder,VfL Wolfsburg,2. Bundesliga,24,,0,0.0,35.0,35.0,32.5,13,6,12.2,0.06,35.0,0,0,0,0,8,5,0,27,1.04,5.3
paul-tschernuth,Paul Tschernuth,Goalkeeper,1. FC Heidenheim 1846,2. Bundesliga,24,,0,0.0,0.0,0.0,0.0,0,0,0.0,0.0,0.0,0,0,0,0,0,0,0,40,1.24,6.56
max-pfister,Max Pfister,Defender,SV Darmstadt 1898,2. Bundesliga,19,,0,0.0,0.0,0.0,0.0,0,0,0.0,0.0,0.0,0,0,0,0,0,0,0,40,1.32,5.21
andrija-radulovic,Andrija Radulović,Forward,TSV Egger Glas Hartberg,Bundesliga,24,86.0,0,9.0,55.0,55.0,17.5,7,5,13.1,6.36,48.57,0,3,1,0,6,6,0,24,2.13,7.25
kevin-boma,Kévin Boma,Defender,FC Red Bull Salzburg,Bundesliga,23,83.0,5,88.0,78.0,64.0,67.5,27,25,56.3,22.95,41.11,0,9,6,5,4,1,0,15,31.11,103.61
bartosz-mazurek,Bartosz Mazurek,Midfielder,FC Red Bull Salzburg,Bundesliga,19,83.0,5,86.0,68.0,60.0,45.0,18,12,58.7,17.86,42.22,1,3,4,2,7,2,0,13,24.11,76.39
cheikh-mamadou-diabate,Mamadou Diabaté,Defender,RZ Pellets WAC,Bundesliga,22,74.0,1,9.0,46.0,44.0,47.5,19,12,34.2,7.17,36.32,0,1,4,3,10,5,1,16,0.98,13.46
nikolas-konrad-veratschnig,Nikolas Veratschnig,Defender,FC Red Bull Salzburg,Bundesliga,23,72.0,4,69.8,73.0,53.0,70.0,28,17,41.0,13.99,38.57,0,7,4,1,10,6,0,12,17.01,65.95
yusuf-demir,Yusuf Demir,Forward,SK Rapid,Bundesliga,23,71.0,5,95.4,64.0,56.0,50.0,20,11,28.1,15.46,41.25,1,2,4,2,10,0,1,20,11.65,61.7
yannick-oberleitner,Yannick Oberleitner,Defender,Grazer AK,Bundesliga,24,68.0,4,72.0,50.0,51.0,27.5,11,8,23.5,16.0,35.45,0,1,3,2,4,1,1,27,1.87,5.22
tim-drexler,Tim Drexler,Defender,FC Red Bull Salzburg,Bundesliga,21,67.0,2,36.0,56.0,46.0,72.5,29,25,53.4,9.8,36.03,0,2,5,4,11,6,1,11,1.29,9.09
valentin-zabransky,Valentin Zabransky,Defender,FC Red Bull Salzburg,Bundesliga,19,67.0,3,54.0,59.0,59.0,25.0,10,9,28.5,26.04,33.0,0,2,2,4,1,1,0,30,4.72,23.45
nicolas-bajlicz,Nicolas Bajlicz,Midfielder,SK Rapid,Bundesliga,22,66.0,4,77.4,58.0,47.0,92.5,37,28,58.5,10.52,36.49,0,2,1,10,20,3,1,3,5.37,20.1
thomas-sabitzer,Thomas Sabitzer,Forward,WSG Tirol,Bundesliga,25,65.0,0,0.4,38.0,40.0,52.5,21,10,26.7,1.61,38.57,0,0,6,0,16,5,0,13,0.86,6.36
abubakr-barry,Abubakr Barry,Midfielder,FC Red Bull Salzburg,Bundesliga,26,65.0,5,85.2,62.0,53.0,82.5,33,32,77.0,11.37,41.06,0,6,7,4,16,1,0,6,5.4,25.09
nenad-n-cvetkovic,Nenad Cvetković,Defender,SK Rapid,Bundesliga,30,65.0,5,96.0,67.0,58.0,90.0,36,35,78.3,20.09,39.03,2,4,11,8,5,4,2,4,9.49,38.79
drew-hokulani-murray,Drew Murray,Defender,WSG Tirol,Bundesliga,20,64.0,5,89.4,54.0,54.0,17.5,7,7,89.6,11.77,42.14,0,2,0,1,3,0,1,0,1.96,10.5
andres-andrade-cedeno,Andres Andrade,Defender,LASK,Bundesliga,27,64.0,5,90.0,73.0,61.0,100.0,40,40,88.8,20.8,41.25,4,5,12,5,11,3,0,0,10.64,63.42
dominik-robin-schmid,Dominik Schmid,Defender,FC Red Bull Salzburg,Bundesliga,28,63.0,5,90.0,60.0,61.0,90.0,36,32,75.3,21.95,40.28,4,5,6,9,10,1,1,4,3.89,19.95
johannes-handl,Johannes Handl,Defender,FK Austria Wien,Bundesliga,28,62.0,4,74.2,55.0,45.0,65.0,26,13,33.4,10.11,35.19,1,1,3,1,16,4,0,14,1.74,9.63
danilo-teodoro-soares,Danilo Soares,Defender,SC Austria Lustenau,Bundesliga,34,61.0,5,82.6,60.0,60.0,20.0,8,8,18.9,21.5,41.25,1,0,2,4,2,0,0,31,0.76,9.78
joao-victor-tornich,João Victor,Defender,LASK,Bundesliga,23,61.0,5,80.4,59.0,50.0,77.5,31,31,72.5,15.68,34.68,1,5,7,3,12,4,3,5,3.6,16.99
marco-boras,Marco Boras,Defender,WSG Tirol,Bundesliga,25,61.0,5,90.0,56.0,53.0,77.5,31,31,83.6,13.25,38.87,2,5,7,2,10,8,3,3,1.72,14.31
benedikt-zech,Benedikt Zech,Defender,SCR Altach,Bundesliga,35,60.0,3,54.0,52.0,50.0,70.0,28,28,78.3,15.32,34.29,0,2,8,11,10,2,2,5,0.52,6.64
aleksandar-dragovic,Aleksandar Dragović,Defender,FK Austria Wien,Bundesliga,35,59.0,5,83.6,48.0,52.0,82.5,33,31,74.5,15.08,36.67,1,6,4,6,11,5,2,5,1.74,7.38
ante-bajic,Ante Bajic,Midfielder,SV Oberbank Ried,Bundesliga,31,53.0,5,88.0,54.0,51.0,80.0,32,31,79.2,5.72,45.47,0,4,10,1,13,6,2,4,1.84,8.12
marco-philip-hoffman,Marco Hoffmann,Forward,TSV Egger Glas Hartberg,Bundesliga,22,59.0,5,83.4,53.0,41.0,77.5,31,27,67.9,0.57,40.32,0,2,7,0,17,12,1,1,2.88,5.75
emmanuel-chukwu,Emmanuel Chukwu,Defender,SC Austria Lustenau,Bundesliga,19,59.0,4,68.0,41.0,39.0,37.5,15,4,16.2,-0.3,38.67,0,2,1,0,7,5,2,21,1.19,4.34
yussef-nasrawe,Yussef Nasrawe,Midfielder,SV Oberbank Ried,Bundesliga,19,58.0,3,44.0,51.0,45.0,52.5,21,13,46.4,6.14,38.57,0,1,2,1,12,5,0,4,1.53,7.02
serge-philippe-raux-yao,Serge-Philippe Raux-Yao,Defender,SK Rapid,Bundesliga,27,58.0,5,96.0,56.0,57.0,85.0,34,32,72.4,19.41,38.24,1,5,10,4,12,2,0,6,4.41,22.79
arjan-malic,Arjan Malić,Defender,SK Puntigamer Sturm Graz,Bundesliga,21,57.0,1,43.8,43.0,43.0,57.5,23,15,33.3,4.66,38.7,0,3,0,3,7,8,1,18,2.08,5.07
fabian-wilfinger,Fabian Wilfinger,Defender,TSV Egger Glas Hartberg,Bundesliga,23,55.0,5,88.8,54.0,57.0,77.5,31,31,87.0,16.21,41.13,0,8,7,9,10,2,2,2,1.61,12.51
niklas-hedl,Niklas Hedl,Goalkeeper,SK Rapid,Bundesliga,25,56.0,5,96.0,60.0,52.0,82.5,33,33,75.0,9.51,42.73,1,6,5,1,12,8,0,7,10.54,46.66
matteo-kitz,Matteo Kitz,Defender,RZ Pellets WAC,Bundesliga,19,56.0,3,77.0,56.0,56.0,12.5,5,3,55.0,16.09,40.0,0,0,1,3,9,5,2,6,2.53,6.48
xavier-mbuyamba,Xavier Mbuyamba,Defender,LASK,Bundesliga,24,56.0,5,90.0,59.0,48.0,85.0,34,17,48.7,9.9,38.53,1,4,6,1,12,10,2,4,4.3,30.24
florian-flecker,Florian Flecker,Midfielder,LASK,Bundesliga,30,56.0,1,33.6,49.0,42.0,55.0,22,2,11.0,2.73,39.55,0,0,4,0,17,5,0,14,1.78,5.99
dominik-weixelbraun,Dominik Weixelbraun,Forward,SC Austria Lustenau,Bundesliga,22,56.0,5,81.8,51.0,47.0,37.5,15,7,17.6,2.79,44.0,0,1,4,0,8,2,0,25,1.33,10.97
petter-nosakhare-dahl,Petter Dahl,Forward,SK Rapid,Bundesliga,22,55.0,3,59.4,49.0,48.0,80.0,32,20,43.9,5.12,42.81,0,1,9,2,10,10,0,8,2.5,18.98
matthias-seidl,Matthias Seidl,Midfielder,SK Rapid,Bundesliga,25,55.0,4,77.8,60.0,62.0,92.5,37,33,75.3,18.76,43.11,1,6,15,3,10,2,0,3,12.17,58.36
luis-francisco-balbo-vieira,Luís Balbo,Defender,SK Puntigamer Sturm Graz,Bundesliga,20,55.0,1,29.8,43.0,40.0,40.0,16,3,14.5,3.65,36.56,0,1,0,1,7,6,0,23,1.71,6.88
bendeguz-bolla,Bendegúz Bolla,Defender,SK Rapid,Bundesliga,26,55.0,4,78.8,50.0,54.0,80.0,32,30,67.3,11.14,43.28,1,6,4,7,5,8,0,9,3.96,18.25
fabian-wohlmuth,Fabian Wohlmuth,Defender,RZ Pellets WAC,Bundesliga,24,55.0,5,90.0,52.0,45.0,70.0,28,21,59.9,3.76,40.36,0,1,7,4,11,10,1,6,2.72,8.38
christian-zawieschitzky,Christian Zawieschitzky,Goalkeeper,FC Red Bull Salzburg,Bundesliga,19,55.0,3,90.0,60.0,58.0,37.5,15,15,33.8,10.71,47.67,0,1,7,0,5,1,0,26,23.08,99.12
christoph-lang,Christoph Lang,Midfielder,LASK,Bundesliga,24,55.0,2,29.0,53.0,48.0,80.0,32,11,31.9,4.19,44.22,0,2,10,1,14,7,0,6,1.18,7.72
moegamat-yusuf-maart,Yusuf Maart,Midfielder,SV Oberbank Ried,Bundesliga,31,54.0,1,90.0,53.0,51.0,82.5,33,1,79.3,15.72,35.76,0,0,1,0,1,1,0,37,0.74,5.17
jonas-karner,Jonas Karner,Midfielder,TSV Egger Glas Hartberg,Bundesliga,22,53.0,1,17.6,47.0,47.0,7.5,3,1,3.1,3.33,43.33,0,0,1,0,1,1,0,37,0.74,5.17
beres-owusu,Beres Owusu,Defender,Grazer AK,Bundesliga,23,53.0,5,90.0,50.0,48.0,77.5,31,31,87.2,12.44,35.81,2,1,3,9,14,7,1,3,2.22,7.32
donis-avdijaj,Donis Avdijaj,Forward,RZ Pellets WAC,Bundesliga,30,56.0,3,42.6,48.0,46.0,70.0,28,16,37.1,3.85,42.5,0,1,8,0,14,6,0,11,1.25,6.1
sasa-kalajdzic,Saša Kalajdžić,Forward,LASK,Bundesliga,29,53.0,1,50.2,51.0,50.0,80.0,32,17,40.0,6.18,44.06,1,5,4,2,13,6,0,9,5.35,14.63
karim-konate,Karim Konaté,Forward,FC Red Bull Salzburg,Bundesliga,22,52.0,1,24.2,47.0,46.0,77.5,31,16,36.9,0.77,44.68,0,2,10,0,9,9,1,9,2.75,18.8
niklas-pertlwieser,Niklas Pertlwieser,Defender,SC Austria Lustenau,Bundesliga,22,52.0,5,89.2,49.0,49.0,17.5,7,7,89.4,10.77,38.57,0,1,1,2,1,1,1,0,1.29,6.67
reinhold-ranftl,Reinhold Ranftl,Midfielder,FK Austria Wien,Bundesliga,34,52.0,5,85.0,44.0,46.0,95.0,38,36,86.5,7.43,38.95,0,2,9,2,15,12,0,0,0.52,6.82
george-bello,George Bello,Defender,LASK,Bundesliga,24,52.0,4,77.4,46.0,48.0,77.5,31,28,72.9,8.33,39.35,0,5,4,6,5,12,4,4,1.53,9.57
tobias-kainz,Tobias Kainz,Midfielder,TSV Egger Glas Hartberg,Bundesliga,33,52.0,5,82.4,52.0,48.0,75.0,30,28,72.0,7.71,40.17,0,0,10,7,14,7,0,2,1.67,6.22
jacob-italiano,Jacob Italiano,Defender,Grazer AK,Bundesliga,25,51.0,1,18.6,48.0,47.0,57.5,23,22,49.4,8.22,39.13,0,3,3,3,7,8,1,15,0.9,5.61
krystof-danek,Kryštof Daněk,Midfielder,LASK,Bundesliga,23,51.0,3,42.6,52.0,47.0,67.5,27,19,43.2,6.28,40.56,0,2,6,1,17,5,0,9,1.58,4.87
ercan-kara,Ercan Kara,Forward,SK Rapid,Bundesliga,30,51.0,3,56.8,53.0,48.0,85.0,34,23,53.0,4.22,43.82,1,3,7,1,8,14,0,6,1.66,8.29
sascha-horvath,Sascha Horvath,Midfielder,LASK,Bundesliga,30,51.0,2,53.0,56.0,59.0,82.5,33,32,76.9,16.72,42.12,0,7,7,9,11,2,0,4,7.28,51.5
christian-lichtenberger,Christian Lichtenberger,Midfielder,Grazer AK,Bundesliga,30,51.0,3,47.8,53.0,44.0,75.0,30,17,42.3,4.75,39.5,0,2,4,1,21,9,0,3,1.61,6.22
matthaus-taferner,Matthäus Taferner,Midfielder,WSG Tirol,Bundesliga,25,51.0,3,60.2,50.0,56.0,57.5,23,22,64.5,18.36,37.83,1,2,11,7,10,3,0,6,3.42,12.3
marc-striednig,Marc Striednig,Midfielder,WSG Tirol,Bundesliga,20,51.0,5,85.2,48.0,48.0,15.0,6,5,62.4,4.48,43.33,0,1,1,0,2,2,0,1,1.09,4.17
moritz-oswald,Moritz Oswald,Midfielder,WSG Tirol,Bundesliga,24,51.0,4,72.0,43.0,40.0,50.0,20,10,25.8,4.99,35.0,0,0,0,4,11,7,0,18,0.95,6.11
moulaye-haidara,Moulaye Haïdara,Forward,SK Rapid,Bundesliga,20,50.0,3,45.8,51.0,49.0,35.0,14,5,11.0,4.05,44.64,0,2,3,0,7,2,0,26,3.17,7.17
philipp-pomer,Philipp Pomer,Midfielder,SV Oberbank Ried,Bundesliga,29,50.0,5,45.0,46.0,48.0,70.0,28,19,62.1,6.61,41.43,0,1,10,0,19,5,0,4,1.38,5.42
alessandro-schopf,Alessandro Schöpf,Midfielder,LASK,Bundesliga,32,50.0,1,36.8,45.0,48.0,70.0,28,15,38.7,8.93,39.46,0,2,5,1,17,3,0,12,1.56,7.38
edmund-baidoo,Edmund Baidoo,Forward,FC Red Bull Salzburg,Bundesliga,20,49.0,4,64.4,52.0,49.0,85.0,34,26,53.8,7.22,41.62,0,1,10,2,15,6,0,6,3.13,22.87
valentino-muller,Valentino Müller,Midfielder,FK Austria Wien,Bundesliga,27,49.0,5,85.4,53.0,53.0,67.5,27,27,86.0,11.64,41.85,1,5,6,7,13,6,1,1,0.4,1.49
alexander-hofleitner,Alexander Hofleitner,Forward,Grazer AK,Bundesliga,26,49.0,5,75.0,53.0,48.0,70.0,28,19,51.3,2.8,44.82,0,1,10,0,19,5,0,4,1.38,5.42
ismael-guerti,Ismaël Guerti,Midfielder,Grazer AK,Bundesliga,22,49.0,2,42.2,42.0,42.0,12.5,5,2,6.1,7.4,35.0,0,1,0,0,2,3,0,34,1.17,4.93
simon-seidl,Simon Seidl,Midfielder,SK Puntigamer Sturm Graz,Bundesliga,24,49.0,4,55.6,52.0,50.0,87.5,35,33,74.3,4.66,44.57,0,5,10,1,10,11,0,3,2.99,20.62
stefan-schwab,Stefan Schwab,Midfielder,SV Oberbank Ried,Bundesliga,36,49.0,5,77.8,48.0,39.0,67.5,27,10,33.1,1.14,37.78,0,1,2,0,11,16,0,10,1.1,8.31
moses-usor,Moses Usor,Forward,LASK,Bundesliga,24,49.0,5,78.8,56.0,60.0,85.0,34,29,69.5,10.03,50.0,0,7,14,4,11,2,0,2,7.49,44.35
filip-rozga,Filip Rózga,Midfielder,SK Puntigamer Sturm Graz,Bundesliga,20,48.0,0,16.4,44.0,41.0,52.5,21,9,21.1,4.06,37.38,0,1,1,1,14,4,0,19,1.34,7.35
andreas-leitner,Andreas Leitner,Goalkeeper,SV Oberbank Ried,Bundesliga,32,48.0,5,90.0,45.0,48.0,87.5,35,35,90.0,7.47,40.71,0,4,5,6,18,7,0,0,1.8,15.17
jannes-kilian-horn,Jannes Horn,Defender,SK Rapid,Bundesliga,29,48.0,4,63.8,62.0,54.0,57.5,23,19,40.6,13.39,40.87,1,4,3,1,12,2,0,17,1.61,9.29
daniil-khudyakov,Daniil Khudyakov,Goalkeeper,SK Puntigamer Sturm Graz,Bundesliga,22,48.0,3,54.0,58.0,56.0,50.0,20,20,45.0,9.61,46.25,0,4,5,4,4,3,0,20,8.83,45.41
haris-tabakovic,Haris Tabaković,Forward,FC Red Bull Salzburg,Bundesliga,32,48.0,5,86.6,58.0,47.0,87.5,35,29,63.0,0.65,45.43,0,2,11,0,14,7,0,6,8.22,30.3
florian-wustinger,Florian Wustinger,Midfielder,FK Austria Wien,Bundesliga,23,48.0,2,41.0,47.0,43.0,45.0,18,7,21.2,5.43,37.78,0,0,2,3,8,5,0,22,0.75,6.83
sacha-delaye,Sacha Delaye,Midfielder,SC Austria Lustenau,Bundesliga,24,48.0,1,39.6,47.0,47.0,17.5,7,3,52.0,8.09,38.57,0,0,1,1,11,2,0,25,1.01,7.14
benjamin-bockle,Benjamin Böckle,Defender,SCR Altach,Bundesliga,24,48.0,5,88.4,45.0,41.0,75.0,30,29,78.2,2.4,37.67,0,2,9,2,11,7,5,4,0.95,7.06
marco-tilio,Marco Tilio,Forward,SK Rapid,Bundesliga,25,48.0,1,28.6,49.0,45.0,47.5,19,6,15.9,3.47,41.58,0,2,3,0,10,4,0,21,1.09,7.97
simon-piesinger,Simon Piesinger,Midfielder,RZ Pellets WAC,Bundesliga,34,48.0,4,72.0,44.0,40.0,67.5,27,24,58.9,2.26,37.78,0,0,3,0,18,11,0,8,0.43,5.16
kelvin-owusu-boateng,Kelvin Boateng,Forward,FK Austria Wien,Bundesliga,26,48.0,3,44.6,45.0,41.0,75.0,30,11,31.3,-1.14,41.33,0,1,7,0,8,14,2,8,0.76,6.21
nikolai-baden-frederiksen,Nikolai Frederiksen,Forward,WSG Tirol,Bundesliga,26,48.0,4,62.6,47.0,51.0,80.0,32,29,70.7,7.13,44.06,1,2,7,0,20,5,0,5,1.49,6.86
antonio-verinac,Antonio Verinac,Forward,SC Austria Lustenau,Bundesliga,21,48.0,5,75.2,41.0,41.0,25.0,10,5,19.6,-2.08,42.5,0,0,3,0,3,3,1,15,1.83,6.16
manuel-pfeifer,Manuel Pfeifer,Defender,TSV Egger Glas Hartberg,Bundesliga,27,48.0,3,29.3,48.0,48.0,2.5,1,1,29.3,13.24,35.0,0,1,7,4,10,6,1,11,1.44,3.69
donovan-pines,Donovan Pines,Defender,Grazer AK,Bundesliga,28,47.0,3,54.0,55.0,51.0,75.0,30,30,84.4,13.61,37.5,0,2,8,9,10,4,2,5,1.08,4.55
michael-oluwakorede-olakigbe,Michael Olakigbe,Forward,WSG Tirol,Bundesliga,22,47.0,5,83.0,50.0,50.0,17.5,7,7,84.3,6.41,43.57,0,1,1,0,8,5,0,22,0.48,12.92
cican-stankovic,Cican Stanković,Goalkeeper,Grazer AK,Bundesliga,33,47.0,5,90.0,47.0,47.0,17.5,7,7,90.0,8.54,38.57,0,0,1,3,5,2,1,11,2.43,14.63
melayro-bogarde,Melayro Bogarde,Midfielder,LASK,Bundesliga,24,51.0,4,73.2,59.0,56.0,87.5,35,31,79.0,16.83,39.71,1,5,9,4,9,7,0,5,4.14,24.83
isaac-kiese-thelin,Isaac Thelin,Forward,SV Oberbank Ried,Bundesliga,34,47.0,0,10.0,44.0,42.0,47.5,19,6,25.4,0.03,42.11,0,1,4,0,8,8,0,19,0.48,1.81
salko-hamzic,Salko Hamzić,Goalkeeper,WSG Tirol,Bundesliga,20,47.0,3,54.0,50.0,50.0,17.5,7,7,16.1,8.11,42.14,0,1,2,0,3,1,0,33,6.06,32.04
manfred-fischer,Manfred Fischer,Midfielder,FK Austria Wien,Bundesliga,31,47.0,4,81.0,43.0,47.0,95.0,38,34,81.9,3.86,42.37,0,4,9,3,11,12,1,0,1.43,4.04
sota-kitano,Sota Kitano,Midfielder,FC Red Bull Salzburg,Bundesliga,22,46.0,4,66.4,46.0,49.0,80.0,32,23,49.6,6.41,42.97,0,4,6,1,12,9,0,8,1.57,7.53
samuel-johansen-chukwudi,Samuel Chukwudi,Defender,SV Oberbank Ried,Bundesliga,23,47.0,3,72.0,47.0,47.0,20.0,8,8,80.0,9.35,38.13,0,2,1,1,4,2,0,15,2.04,9.62
ammar-helac,Ammar Helac,Goalkeeper,SK Puntigamer Sturm Graz,Bundesliga,28,47.0,2,36.0,48.0,48.0,12.5,5,4,10.1,7.62,40.0,0,0,1,1,3,0,0,35,2.25,2.32
jed-francis-drew,Jed Drew,Forward,TSV Egger Glas Hartberg,Bundesliga,23,46.0,0,14.2,43.0,41.0,35.0,14,2,11.4,1.46,39.29,0,1,3,0,11,4,0,21,1.94,4.13
belmin-beganovic,Belmin Beganovic,Forward,SK Puntigamer Sturm Graz,Bundesliga,22,46.0,2,26.4,42.0,42.0,45.0,18,5,14.2,2.42,39.17,0,0,3,0,10,5,0,22,1.1,6.9
eaden-roka,Eaden Roka,Defender,SK Rapid,Bundesliga,19,46.0,1,30.6,49.0,49.0,15.0,6,2,6.6,13.97,35.0,0,1,0,1,3,1,0,33,1.81,6.4
albin-gashi,Albin Gashi,Forward,SC Austria Lustenau,Bundesliga,29,46.0,4,48.4,42.0,42.0,15.0,6,4,37.7,6.95,35.0,0,0,0,1,3,2,0,1,1.41,5.26
seedy-jatta,Seedyahmed Jatta,Forward,SK Puntigamer Sturm Graz,Bundesliga,23,46.0,3,43.8,39.0,38.0,95.0,38,28,56.0,-0.36,38.29,0,0,5,0,16,17,0,2,1.68,6.21
jaedin-rhodes,Jaedin Rhodes,Midfielder,SV Oberbank Ried,Bundesliga,23,46.0,1,14.4,50.0,50.0,10.0,4,3,35.0,8.98,41.25,0,0,2,0,1,1,0,3,1.5,4.97
rassa-rahmani,Rassa Rahmani,Defender,SCR Altach,Bundesliga,26,46.0,2,34.0,46.0,46.0,17.5,7,5,20.4,11.29,35.0,0,0,1,2,4,0,0,15,1.6,5.54
angelo-gattermayer,Angelo Gattermayer,Forward,TSV Egger Glas Hartberg,Bundesliga,24,46.0,5,77.0,44.0,42.0,72.5,29,24,58.9,3.94,37.59,0,2,3,1,19,11,0,4,1.17,3.62
benjamin-markus,Benjamin Markuš,Midfielder,TSV Egger Glas Hartberg,Bundesliga,25,46.0,5,90.0,44.0,42.0,80.0,32,32,89.8,6.37,35.16,0,1,1,7,18,12,1,0,0.9,3.57
dion-kacuri,Dion Kacuri,Midfielder,SC Austria Lustenau,Bundesliga,22,46.0,3,47.8,50.0,48.0,42.5,17,12,28.6,11.14,36.47,0,0,1,4,11,1,0,23,0.95,6.2
giacomo-vrioni,Giacomo Vrioni,Forward,RZ Pellets WAC,Bundesliga,27,46.0,3,47.8,45.0,40.0,52.5,21,7,28.0,1.29,39.05,0,0,3,0,8,11,0,18,0.99,7.19
gizo-mamageishvili,Gizo Mamageishvili,Midfielder,SK Puntigamer Sturm Graz,Bundesliga,23,46.0,1,25.6,42.0,43.0,57.5,23,9,28.3,2.95,40.43,0,0,5,1,12,7,1,14,2.28,3.61
thomas-goiginger,Thomas Goiginger,Forward,WSG Tirol,Bundesliga,33,45.0,5,78.6,44.0,45.0,45.0,18,14,36.1,5.63,39.17,0,0,4,0,19,2,0,15,0.96,6.05
peter-michorl,Peter Michorl,Midfielder,Grazer AK,Bundesliga,31,45.0,5,88.6,46.0,46.0,17.5,7,7,89.0,3.54,42.14,0,0,2,3,4,5,0,26,1.05,6.29
filip-milojevic,Filip Milojević,Defender,SCR Altach,Bundesliga,21,42.0,5,90.0,35.0,45.0,65.0,26,26,73.5,6.57,38.08,0,2,4,5,6,9,3,11,1.32,6.05
murat-satin,Murat Şatin,Midfielder,WSG Tirol,Bundesliga,30,45.0,3,46.2,46.0,41.0,72.5,29,17,49.2,2.04,38.45,0,1,4,0,18,13,0,4,0.86,5.46
niama-pape-sissoko,Niama Sissoko,Forward,SV Oberbank Ried,Bundesliga,20,45.0,4,53.6,40.0,39.0,27.5,11,5,18.5,-0.56,39.55,0,0,2,0,3,8,0,27,1.19,7.43
mike-steven-bahre,Mike Steven Bähre,Midfielder,SCR Altach,Bundesliga,31,45.0,5,90.0,50.0,47.0,75.0,30,30,83.7,11.37,35.67,0,1,4,9,20,2,1,3,1.36,5.5
yann-massombo-litawumba,Yann Massombo,Forward,SCR Altach,Bundesliga,26,51.0,2,43.0,54.0,49.0,72.5,29,28,75.1,6.5,42.07,0,2,7,2,15,10,0,3,1.33,4.73
robin-voisine,Robin Voisine,Defender,SC Austria Lustenau,Bundesliga,24,45.0,1,16.8,45.0,45.0,5.0,2,1,12.0,9.57,35.0,0,0,0,0,2,0,0,26,0.66,5.08
kang-hee-lee,Lee Kang-Hee,Midfielder,FK Austria Wien,Bundesliga,25,45.0,2,54.2,42.0,40.0,75.0,30,22,51.6,5.1,34.5,0,0,2,3,15,9,1,10,1.32,5.36
niklas-niehoff,Niklas Niehoff,Midfielder,SCR Altach,Bundesliga,22,44.0,5,85.8,45.0,43.0,77.5,31,14,36.2,2.83,40.65,0,0,7,1,14,12,0,6,0.95,10.99
samuel-sahin-radlinger,Samuel Sahin-Radlinger,Goalkeeper,FK Austria Wien,Bundesliga,33,44.0,5,90.0,54.0,46.0,95.0,38,38,90.8,4.5,41.58,0,5,10,1,9,11,4,0,2.9,21.34
ousmane-diawara,Ousmane Diawara,Forward,SCR Altach,Bundesliga,26,44.0,5,82.4,39.0,37.0,70.0,28,24,58.8,0.43,36.96,0,1,4,0,12,17,1,5,0.8,4.43
patrick-greil,Patrick Greil,Forward,SCR Altach,Bundesliga,30,49.0,5,75.8,52.0,55.0,72.5,29,28,71.8,9.99,45.34,0,5,9,5,16,1,0,4,0.86,10.21
seydou-diarra,Seydou Diarra,Forward,SC Austria Lustenau,Bundesliga,22,44.0,5,90.0,43.0,43.0,17.5,7,7,88.4,3.79,38.57,0,0,1,0,5,1,0,0,0.42,5.82
paul-friedrich-koller,Paul-Friedrich Koller,Defender,SK Puntigamer Sturm Graz,Bundesliga,24,43.0,3,54.4,42.0,49.0,77.5,31,26,64.8,12.58,35.97,0,2,6,7,13,5,1,6,1.86,4.87
jurgen-heil,Jürgen Heil,Midfielder,SK Puntigamer Sturm Graz,Bundesliga,29,43.0,5,87.2,46.0,49.0,85.0,34,33,78.1,12.3,37.06,0,4,5,4,15,8,1,3,1.99,6.3
oumar-diakite,Oumar Diakité,Forward,SK Puntigamer Sturm Graz,Bundesliga,22,43.0,0,20.0,46.0,41.0,67.5,27,11,28.5,2.04,39.07,0,1,3,0,12,11,0,13,2.65,11.06
emran-soglo,Emran Soglo,Defender,SK Puntigamer Sturm Graz,Bundesliga,21,43.0,2,22.4,64.0,53.0,65.0,26,19,41.0,12.97,39.81,1,5,4,2,10,2,2,14,2.84,18.94
tonni-adamsen,Tonni Adamsen,Forward,SK Rapid,Bundesliga,31,43.0,5,71.4,51.0,55.0,85.0,34,33,76.6,8.33,47.35,1,4,11,3,16,3,0,2,1.67,20.01
david-gugganig,David Gugganig,Defender,WSG Tirol,Bundesliga,29,43.0,4,71.2,40.0,41.0,45.0,18,10,31.0,6.28,35.0,0,1,1,4,8,9,1,16,1.32,2.41
oliver-lukic,Oliver Lukić,Midfielder,TSV Egger Glas Hartberg,Bundesliga,20,43.0,5,68.4,42.0,41.0,30.0,12,6,17.3,5.74,35.0,0,0,0,1,9,2,0,28,1.0,5.73
youba-diarra,Youba Diarra,Midfielder,TSV Egger Glas Hartberg,Bundesliga,28,43.0,3,45.8,39.0,44.0,55.0,22,12,34.2,6.52,37.5,0,1,3,0,15,5,0,16,1.04,5.0
armin-pecsi,Ármin Pécsi,Goalkeeper,TSV Egger Glas Hartberg,Bundesliga,21,43.0,2,54.0,43.0,43.0,20.0,8,8,16.4,8.26,35.0,0,0,0,1,6,0,0,33,2.13,16.84
christopher-cvetko,Christopher Cvetko,Midfielder,Grazer AK,Bundesliga,29,43.0,2,41.0,40.0,41.0,47.5,19,11,32.4,3.4,37.63,0,2,3,0,15,10,0,10,2.65,0.29
albert-vallci,Albert Vallci,Defender,SK Puntigamer Sturm Graz,Bundesliga,31,42.0,4,63.0,49.0,53.0,77.5,31,26,60.2,14.09,39.19,0,5,5,8,6,5,2,9,1.99,12.46
nikolaus-wurmbrand,Nikolaus Wurmbrand,Forward,SK Rapid,Bundesliga,20,42.0,0,19.8,47.0,44.0,97.5,39,21,49.9,5.0,38.46,0,1,5,2,22,9,0,1,2.37,8.82
matthias-postl,Matthias Postl,Forward,TSV Egger Glas Hartberg,Bundesliga,21,42.0,0,5.4,36.0,36.0,5.0,2,1,10.3,0.8,35.0,0,0,0,0,1,1,0,38,1.13,0.85
vesel-demaku,Vesel Demaku,Midfielder,SCR Altach,Bundesliga,26,41.0,2,60.2,46.0,47.0,62.5,25,22,60.8,9.1,38.0,0,0,6,3,13,3,0,15,0.56,8.21
lukas-spendlhofer,Lukas Spendlhofer,Defender,TSV Egger Glas Hartberg,Bundesliga,33,41.0,1,19.2,41.0,53.0,60.0,24,22,61.9,16.71,36.25,0,2,11,4,8,5,1,9,1.41,4.68
yorbe-vertessen,Yorbe Vertessen,Forward,FC Red Bull Salzburg,Bundesliga,25,41.0,4,63.0,45.0,47.0,87.5,35,26,50.6,3.19,43.57,0,0,12,0,13,10,0,5,1.16,9.07
lord-afrifa,Lord Afrifa,Midfielder,SC Austria Lustenau,Bundesliga,20,41.0,5,80.8,43.0,43.0,17.5,7,7,78.6,8.06,35.0,0,0,0,1,5,1,0,0,0.42,4.06
leandro-morgalla,Leandro-Noel Morgalla,Defender,FC Red Bull Salzburg,Bundesliga,22,41.0,0,5.0,34.0,40.0,75.0,30,21,43.9,5.58,34.5,0,0,3,3,14,10,1,9,1.81,7.74
louis-schaub,Louis Schaub,Midfielder,SK Rapid,Bundesliga,31,41.0,0,5.6,46.0,46.0,47.5,19,6,16.6,5.64,40.26,0,1,3,4,7,3,1,21,1.57,6.46
julian-hettwer,Julian Hettwer,Forward,FK Austria Wien,Bundesliga,23,41.0,2,35.4,41.0,40.0,37.5,15,8,16.5,1.75,38.33,0,0,2,0,8,5,0,25,0.99,7.73
emmanuel-ofori-agyemang,Emmanuel Agyemang,Midfielder,RZ Pellets WAC,Bundesliga,22,41.0,1,27.4,42.0,40.0,57.5,23,10,32.3,4.74,35.0,0,0,1,2,19,8,0,10,0.89,4.05
umut-tohumcu,Umut Tohumcu,Midfielder,FC Red Bull Salzburg,Bundesliga,22,41.0,0,12.4,48.0,42.0,50.0,20,11,27.4,6.25,36.0,0,1,1,0,17,3,1,17,1.57,11.33
konstantin-schopp,Konstantin Schopp,Defender,TSV Egger Glas Hartberg,Bundesliga,20,41.0,4,72.0,43.0,43.0,32.5,13,11,22.7,9.57,33.85,0,0,2,2,4,4,1,27,0.52,5.71
jon-gorenc-stankovic,Jon Gorenc Stankovic,Midfielder,SK Puntigamer Sturm Graz,Bundesliga,30,41.0,4,71.2,46.0,49.0,95.0,38,36,77.8,10.65,37.89,0,2,8,2,22,4,1,1,1.7,8.61
domenik-schierl,Domenik Schierl,Goalkeeper,SC Austria Lustenau,Bundesliga,32,41.0,4,72.0,44.0,44.0,15.0,6,6,77.1,8.42,35.83,0,6,6,4,13,8,1,2,2.05,12.62
martin-rasner,Martin Rasner,Midfielder,SV Oberbank Ried,Bundesliga,31,41.0,2,43.0,37.0,36.0,70.0,28,8,24.7,2.14,34.29,0,0,0,2,17,12,1,8,1.17,4.32
rene-renner,René Renner,Defender,RZ Pellets WAC,Bundesliga,32,40.0,3,64.8,41.0,44.0,70.0,28,23,62.3,7.53,36.25,0,1,5,6,13,10,0,5,0.77,5.48
otar-kiteishvili,Otar Kiteishvili,Midfielder,SK Puntigamer Sturm Graz,Bundesliga,30,40.0,1,27.8,55.0,54.0,75.0,30,21,49.9,7.89,45.67,0,4,9,3,8,5,0,11,6.17,20.2
jakob-brandtner,Jakob Brandtner,Defender,SCR Altach,Bundesliga,20,40.0,0,1.6,43.0,43.0,5.0,2,0,1.3,8.08,35.0,0,0,0,0,2,0,0,5,1.02,3.88
lukas-jungwirth,Lukas Jungwirth,Goalkeeper,LASK,Bundesliga,22,40.0,2,72.0,48.0,48.0,85.0,34,34,88.3,4.76,43.09,0,1,11,2,12,11,0,3,8.49,71.95
vasilije-markovic,Vasilije Markovic,Midfielder,FK Austria Wien,Bundesliga,18,40.0,2,67.0,44.0,43.0,65.0,26,13,47.2,4.63,37.88,0,2,2,1,12,9,0,5,1.99,11.17
otar-mamageishvili,Otar Mamageishvili,Midfielder,RZ Pellets WAC,Bundesliga,23,40.0,5,73.0,36.0,36.0,27.5,11,6,14.5,1.45,35.0,0,0,0,0,8,6,0,26,1.55,5.94
evan-eghosa-aisowieren,Evan Aisowieren,Midfielder,SV Oberbank Ried,Bundesliga,21,40.0,4,56.8,34.0,34.0,40.0,16,7,21.8,-2.46,36.56,0,0,1,0,5,9,1,24,1.05,9.73
johannes-eggestein,Johannes Eggestein,Forward,FK Austria Wien,Bundesliga,28,40.0,5,81.2,39.0,48.0,82.5,33,30,68.2,4.47,43.03,0,2,9,1,16,7,0,5,1.8,7.38
luca-weinhandl,Luca Weinhandl,Midfielder,SK Puntigamer Sturm Graz,Bundesliga,17,40.0,4,73.4,43.0,45.0,57.5,23,16,34.3,8.0,37.61,1,0,2,4,9,7,0,17,1.33,11.71
liam-hermesh,Liam Hermesh,Midfielder,Grazer AK,Bundesliga,22,40.0,2,29.6,38.0,38.0,10.0,4,4,43.4,-3.53,41.25,0,0,1,0,1,2,0,7,1.32,4.65
dejan-stojanovic,Dejan Stojanovic,Goalkeeper,SCR Altach,Bundesliga,33,40.0,5,90.0,42.0,45.0,80.0,32,32,88.6,5.9,39.22,1,4,9,4,10,10,2,0,1.85,21.82
philipp-maybach,Philipp Maybach,Midfielder,FK Austria Wien,Bundesliga,18,40.0,2,27.0,45.0,40.0,67.5,27,21,40.2,5.16,35.19,0,0,2,5,15,7,1,10,2.06,7.29
robert-ljubicic,Robert Ljubičić,Midfielder,LASK,Bundesliga,27,39.0,2,37.0,45.0,45.0,22.5,9,7,29.1,6.2,38.33,0,0,2,2,11,3,1,21,2.37,8.4
fabian-hubert-rossdorfer,Fabian Rossdorfer,Midfielder,SV Oberbank Ried,Bundesliga,20,39.0,0,2.8,39.0,41.0,47.5,19,12,31.9,0.82,39.47,0,1,2,1,9,10,0,17,0.71,3.7
thorsten-schriebl,Thorsten Schriebl,Midfielder,RZ Pellets WAC,Bundesliga,27,39.0,0,16.2,40.0,48.0,60.0,24,17,41.2,8.83,39.17,0,2,4,2,13,7,0,12,0.9,7.89
petar-petrovic-2005-07-13,Petar Petrović,Defender,SK Puntigamer Sturm Graz,Bundesliga,21,39.0,1,17.0,40.0,40.0,12.5,5,3,20.7,9.47,31.0,0,0,1,0,2,1,0,8,1.19,5.06
lukas-hinterseer,Lukas Hinterseer,Forward,WSG Tirol,Bundesliga,35,39.0,1,29.6,38.0,37.0,75.0,30,7,31.9,0.46,36.17,0,0,3,0,16,15,2,4,0.34,3.19
marco-schabauer,Marco Schabauer,Midfielder,RZ Pellets WAC,Bundesliga,20,39.0,2,28.2,34.0,34.0,12.5,5,4,37.9,-1.12,35.0,0,0,0,0,2,3,0,2,0.24,4.82
lenn-jastremski,Lenn Jastremski,Forward,SC Austria Lustenau,Bundesliga,25,39.0,0,14.6,38.0,38.0,17.5,7,0,15.3,3.09,35.0,0,0,0,0,5,2,0,0,1.13,4.51
anthony-kevin-smits,Anthony Smits,Forward,Grazer AK,Bundesliga,21,39.0,1,14.6,35.0,35.0,12.5,5,1,17.4,-0.48,35.0,0,0,0,0,2,3,0,2,0.76,4.33
joshua-quarshie,Joshua Quarshie,Defender,SK Puntigamer Sturm Graz,Bundesliga,22,39.0,3,55.8,41.0,41.0,25.0,10,8,17.0,6.02,35.0,0,0,0,2,4,4,0,30,1.73,9.24
magnus-dalpiaz,Magnus Dalpiaz,Defender,TSV Egger Glas Hartberg,Bundesliga,19,38.0,2,47.4,38.0,38.0,10.0,4,2,33.9,2.93,35.0,0,0,0,2,0,1,1,3,1.23,5.1
anilson-dourado-santiado,Anilson,Defender,SC Austria Lustenau,Bundesliga,25,38.0,2,33.8,38.0,38.0,7.5,3,2,33.8,2.55,35.0,0,0,0,1,0,2,0,1,1.46,
miguel-freckleton,Miguel Freckleton,Defender,LASK,Bundesliga,23,38.0,0,9.6,46.0,51.0,85.0,34,30,68.1,14.02,36.62,0,3,4,9,14,4,0,6,1.2,5.59
lukas-ibertsberger,Lukas Ibertsberger,Defender,SC Austria Lustenau,Bundesliga,23,38.0,0,7.4,38.0,38.0,5.0,2,0,5.3,2.98,35.0,0,0,1,0,3,3,0,33,1.26,5.4
jonas-ilk,Jonas Ilk,Defender,LASK,Bundesliga,19,38.0,0,0.4,38.0,38.0,2.5,1,0,0.2,3.16,35.0,0,0,0,0,1,0,0,9,,
nemanja-celic,Nemanja Celić,Midfielder,WSG Tirol,Bundesliga,27,38.0,0,17.4,36.0,36.0,15.0,6,2,36.6,1.35,35.0,0,0,0,0,4,3,0,19,0.33,2.76
claudy-m-buyi,Claudy M'Buyi,Forward,SK Rapid,Bundesliga,27,38.0,0,1.4,39.0,34.0,15.0,6,1,4.0,-1.23,35.0,0,0,0,0,3,3,0,34,0.81,6.52
frans-kratzig,Frans Krätzig,Defender,FC Red Bull Salzburg,Bundesliga,23,38.0,0,1.0,48.0,54.0,70.0,28,24,49.4,14.53,40.18,1,4,4,4,11,4,0,12,1.34,6.49
kasper-poul-molgaard-jorgensen,Kasper Jørgensen,Defender,LASK,Bundesliga,26,38.0,4,56.4,48.0,49.0,85.0,34,33,81.4,5.99,42.65,0,4,11,3,11,10,0,1,1.95,5.54
dominik-fitz,Dominik Fitz,Midfielder,RZ Pellets WAC,Bundesliga,27,38.0,2,35.6,36.0,36.0,22.5,9,2,7.8,0.83,35.0,0,0,1,1,6,5,0,27,3.26,21.64
tae-seok-lee,Lee Tae-Seok,Defender,FK Austria Wien,Bundesliga,24,38.0,4,67.2,42.0,47.0,82.5,33,32,68.2,6.69,39.85,0,3,4,3,16,7,1,6,1.43,6.54
marco-alessandro-sulzner,Marco Sulzner,Midfielder,RZ Pellets WAC,Bundesliga,23,38.0,5,87.8,45.0,43.0,70.0,28,24,62.2,5.51,37.32,0,2,4,1,14,9,1,9,0.43,8.08
dejan-radonjic-2005-09-25,Dejan Radonjić,Defender,SV Oberbank Ried,Bundesliga,21,38.0,3,53.6,43.0,42.0,32.5,13,8,22.5,5.08,36.92,0,1,3,3,4,7,0,22,0.99,4.8
damir-redzic,Damir Redzic,Forward,FC Red Bull Salzburg,Bundesliga,23,38.0,2,31.6,42.0,42.0,65.0,26,13,35.8,4.73,36.92,0,0,2,1,16,3,0,14,1.99,11.82
oliver-sorg-2007-07-31,Oliver Sorg,Defender,SV Oberbank Ried,Bundesliga,19,38.0,3,42.8,43.0,43.0,12.5,5,5,10.1,8.04,35.0,0,0,1,1,2,0,1,35,1.0,4.84
mark-grosse,Mark Große,Midfielder,Grazer AK,Bundesliga,27,35.0,1,32.6,43.0,41.0,57.5,23,9,29.3,0.75,39.78,0,3,2,1,12,11,1,9,0.71,4.49
lukas-jager,Lukas Jäger,Defender,SCR Altach,Bundesliga,32,36.0,5,85.2,38.0,41.0,72.5,29,26,72.3,6.74,33.62,0,0,4,7,13,6,4,6,1.26,3.41
fabian-gmeiner,Fabian Gmeiner,Defender,SC Austria Lustenau,Bundesliga,29,37.0,3,63.0,35.0,35.0,15.0,6,5,70.7,0.47,35.0,0,0,3,1,13,15,1,7,0.78,1.96
nael-mamadou-lamine-kane,Naël Kane,Forward,LASK,Bundesliga,20,37.0,0,2.2,35.0,35.0,10.0,4,0,2.7,0.28,35.0,0,0,0,0,1,4,0,11,,
oliver-steurer,Oliver Steurer,Defender,SV Oberbank Ried,Bundesliga,31,37.0,5,90.0,46.0,47.0,87.5,35,35,90.0,9.98,36.86,0,3,7,9,14,5,2,0,0.72,5.56
enrique-marlon-aguilar,Enrique Aguilar,Forward,FC Red Bull Salzburg,Bundesliga,19,37.0,0,1.4,35.0,35.0,27.5,11,1,4.5,0.15,35.0,0,0,0,0,6,5,0,29,2.18,7.84
lukas-gutlbauer,Lukas Gütlbauer,Goalkeeper,RZ Pellets WAC,Bundesliga,25,37.0,5,90.0,42.0,42.0,15.0,6,6,16.4,3.32,38.33,0,0,2,1,2,3,1,31,1.69,16.46
hasan-deshishku,Hasan Deshishku,Forward,FK Austria Wien,Bundesliga,18,36.0,0,2.0,38.0,38.0,12.5,5,0,7.8,2.76,35.0,0,0,0,0,4,1,0,8,1.45,4.78
jonas-feddersen,Jonas Feddersen,Defender,FK Austria Wien,Bundesliga,19,36.0,1,15.6,41.0,41.0,20.0,8,6,40.9,2.92,38.13,0,0,1,1,4,2,0,5,1.0,3.55
souleyman-mandey,Souleyman Mandey,Midfielder,Grazer AK,Bundesliga,20,36.0,0,1.4,34.0,34.0,7.5,3,0,1.9,-1.03,35.0,0,0,0,0,1,2,0,4,,
szymon-wlodarczyk,Szymon Włodarczyk,Forward,SK Puntigamer Sturm Graz,Bundesliga,23,36.0,1,9.0,40.0,39.0,65.0,26,12,23.8,-0.85,39.81,0,0,5,0,8,13,0,14,1.33,4.19
alieu-conateh,Alieu Conateh,Forward,SC Austria Lustenau,Bundesliga,19,36.0,0,5.4,37.0,37.0,7.5,3,0,7.6,2.47,35.0,0,0,0,0,3,0,0,4,2.46,5.14
paul-komposch,Paul Komposch,Defender,TSV Egger Glas Hartberg,Bundesliga,25,36.0,5,88.8,36.0,36.0,22.5,9,8,22.4,0.9,35.0,0,0,0,2,2,6,0,30,1.34,3.72
erkin-yalcin,Erkin Yalcin,Forward,SCR Altach,Bundesliga,22,36.0,0,7.2,36.0,38.0,52.5,21,2,10.8,1.3,36.9,0,1,2,0,12,12,0,13,0.76,3.42
marko-raguz,Marko Raguž,Forward,SCR Altach,Bundesliga,28,36.0,1,24.6,37.0,37.0,32.5,13,1,6.3,0.06,36.92,0,0,1,0,8,5,0,26,0.72,4.65
david-korherr,David Korherr,Forward,TSV Egger Glas Hartberg,Bundesliga,24,35.0,0,0.2,37.0,37.0,15.0,6,0,1.6,1.77,35.0,0,0,0,0,5,2,0,33,2.07,5.6
sankara-william-karamoko,Sankara Karamoko,Forward,RZ Pellets WAC,Bundesliga,22,35.0,0,10.4,36.0,36.0,12.5,5,0,12.6,1.32,35.0,0,0,0,0,7,4,0,29,1.01,3.57
david-kubatta,David Kubatta,Defender,WSG Tirol,Bundesliga,22,35.0,1,20.4,35.0,41.0,67.5,27,22,57.0,4.56,36.11,0,0,4,4,9,9,3,10,0.72,2.23
husein-balic,Husein Balić,Midfielder,WSG Tirol,Bundesliga,30,31.0,4,66.2,34.0,34.0,17.5,7,6,69.3,-5.49,38.57,0,0,3,0,8,8,0,21,0.85,4.98
michael-sollbauer,Michael Sollbauer,Defender,Grazer AK,Bundesliga,36,35.0,2,36.0,42.0,46.0,70.0,28,28,70.1,9.85,36.07,0,3,5,4,13,7,1,7,1.15,4.69
anderson-dos-santos-gomes,Anderson,Defender,Grazer AK,Bundesliga,28,36.0,3,46.6,34.0,34.0,12.5,5,4,9.8,-1.07,35.0,0,0,3,1,1,6,1,28,1.32,5.37
phillip-verhounig,Phillip Verhounig,Forward,RZ Pellets WAC,Bundesliga,20,35.0,3,52.6,34.0,34.0,15.0,6,3,41.9,-0.73,35.0,0,0,0,0,2,4,0,7,1.13,4.17
david-jaunegg,David Jaunegg,Defender,WSG Tirol,Bundesliga,23,35.0,0,4.4,32.0,32.0,25.0,10,3,9.1,-1.45,33.0,0,1,0,0,6,6,1,26,1.21,3.03
chilohem-chukwuma-onuoha,Chilohem Onuoha,Forward,TSV Egger Glas Hartberg,Bundesliga,21,35.0,0,5.2,36.0,36.0,5.0,2,0,1.5,0.5,35.0,0,0,0,0,1,1,0,38,0.56,1.33
agustin-urrutia,Agustín Urrutia,Forward,TSV Egger Glas Hartberg,Bundesliga,22,35.0,0,3.0,33.0,33.0,7.5,3,0,7.6,-1.77,35.0,0,0,0,0,0,3,0,37,0.66,3.68
valmir-matoshi,Valmir Matoshi,Midfielder,SK Puntigamer Sturm Graz,Bundesliga,23,35.0,3,53.8,33.0,40.0,90.0,36,23,51.5,0.17,39.86,0,0,7,2,8,17,2,4,2.08,10.07
matthias-maak,Matthias Maak,Defender,SC Austria Lustenau,Bundesliga,34,35.0,0,6.0,38.0,38.0,10.0,4,2,27.9,3.08,35.0,0,0,3,1,12,6,0,18,0.67,5.03
johannes-naschberger,Johannes Naschberger,Midfielder,SCR Altach,Bundesliga,26,35.0,3,58.8,36.0,40.0,62.5,25,21,68.7,5.28,35.2,0,0,1,2,23,12,0,2,0.29,0.71
simon-wieser,Simon Wieser,Midfielder,WSG Tirol,Bundesliga,19,35.0,0,1.6,35.0,35.0,2.5,1,0,1.1,0.2,35.0,0,0,0,0,1,0,0,6,,
tino-kusanovic,Tino Kusanović,Forward,SV Oberbank Ried,Bundesliga,18,34.0,0,9.8,34.0,34.0,7.5,3,0,1.4,-0.87,35.0,0,0,0,0,0,3,0,37,0.8,6.5
sanel-saljic,Sanel Šaljić,Midfielder,FK Austria Wien,Bundesliga,20,34.0,1,35.0,41.0,38.0,67.5,27,16,34.4,0.45,37.78,0,1,3,0,13,12,0,11,0.81,6.55
yanis-eisschill,Yanis Eisschill,Midfielder,SCR Altach,Bundesliga,20,34.0,0,4.4,35.0,35.0,10.0,4,0,4.6,0.15,35.0,0,0,0,0,2,2,0,3,1.92,4.13
denizcan-cosgun,Denizcan Cosgun,Midfielder,SCR Altach,Bundesliga,24,34.0,0,3.6,34.0,34.0,5.0,2,0,2.6,-1.5,35.0,0,0,0,0,2,2,0,19,0.8,4.32
haris-ismailcebioglu,Haris Ismailcebioglu,Midfielder,SC Austria Lustenau,Bundesliga,23,34.0,0,2.6,34.0,34.0,2.5,1,0,1.9,-1.0,35.0,0,0,0,0,0,1,0,6,0.79,3.24
daniel-maderner,Daniel Maderner,Forward,Grazer AK,Bundesliga,30,34.0,2,39.8,41.0,43.0,62.5,25,12,38.1,-0.84,43.0,0,0,10,0,10,13,0,7,0.87,5.16
tobias-koch,Tobias Koch,Midfielder,Grazer AK,Bundesliga,25,34.0,3,49.6,37.0,41.0,62.5,25,16,49.1,3.75,37.0,0,0,4,3,15,8,2,8,0.74,3.16
nikolaus-feldhofer,Nikolaus Feldhofer,Midfielder,TSV Egger Glas Hartberg,Bundesliga,19,34.0,0,6.8,36.0,36.0,12.5,5,0,6.1,0.8,35.0,0,0,0,0,4,1,0,2,1.43,5.02
samuel-oluwabukunmi-adeniran,Samuel Adeniran,Forward,LASK,Bundesliga,28,34.0,0,4.4,58.0,55.0,72.5,29,25,58.3,3.67,49.83,0,4,13,0,10,6,1,6,3.49,33.04
ibrahim-buhari,Ibrahim Buhari,Defender,FK Austria Wien,Bundesliga,24,33.0,1,18.0,33.0,33.0,20.0,8,8,49.1,5.47,27.5,0,1,2,1,3,3,4,15,1.85,5.35
nelson-felix-patrick-weiper,Nelson Weiper,Forward,SK Puntigamer Sturm Graz,Bundesliga,21,33.0,0,15.2,38.0,37.0,67.5,27,7,20.0,0.51,36.3,0,1,0,0,11,15,0,13,1.7,8.96
rodney-elongo-yombo,Rodney Elongo-Yombo,Forward,SCR Altach,Bundesliga,25,33.0,0,26.7,33.0,33.0,7.5,3,0,26.7,-1.63,35.0,0,0,0,0,1,2,0,37,2.23,
pius-grabher,Pius Grabher,Midfielder,SC Austria Lustenau,Bundesliga,33,33.0,0,2.0,37.0,37.0,10.0,4,0,3.4,1.68,35.0,0,0,2,2,17,7,2,10,0.7,6.15
raffael-behounek,Raffael Behounek,Defender,RZ Pellets WAC,Bundesliga,29,33.0,4,45.4,39.0,39.0,15.0,6,6,58.1,7.65,31.67,0,1,7,6,17,3,2,4,0.99,5.2
aaron-sky-schwarz,Aaron Schwarz,Forward,RZ Pellets WAC,Bundesliga,22,37.0,3,37.0,47.0,47.0,15.0,6,5,47.3,6.5,40.83,0,1,0,0,9,3,0,27,0.81,3.14
raphael-gschosser,Raphael Gschösser,Midfielder,WSG Tirol,Bundesliga,20,33.0,1,18.0,41.0,41.0,12.5,5,3,8.2,3.44,36.0,0,0,1,0,2,2,0,34,0.96,4.98
precious-benjamin,Precious Benjamin,Forward,SC Austria Lustenau,Bundesliga,20,33.0,0,17.0,33.0,34.0,35.0,14,2,8.5,-1.46,35.0,0,0,0,0,3,11,0,22,1.57,1.19
habib-anas-coulibaly,Habib Coulibaly,Defender,TSV Egger Glas Hartberg,Bundesliga,22,32.0,3,52.6,36.0,42.0,52.5,21,17,44.4,4.15,37.38,0,0,4,1,9,6,5,14,0.71,6.66
nemanja-krstovic,Nemanja Krstovic,Midfielder,SCR Altach,Bundesliga,18,32.0,0,2.0,32.0,32.0,2.5,1,0,0.3,-2.9,35.0,0,0,0,0,0,1,0,34,,
matteo-schablas,Matteo Schablas,Defender,FK Austria Wien,Bundesliga,21,28.0,1,22.8,40.0,40.0,40.0,16,6,16.9,3.27,36.56,0,0,3,1,3,9,0,24,1.13,4.74
markus-pink,Markus Pink,Forward,RZ Pellets WAC,Bundesliga,35,32.0,1,19.0,36.0,37.0,52.5,21,11,29.8,-0.22,37.38,0,0,6,0,9,13,0,12,0.85,5.06
srdan-hrstic,Srđan Hrstić,Forward,SCR Altach,Bundesliga,23,32.0,2,32.8,39.0,38.0,80.0,32,14,39.2,-0.04,37.5,0,1,4,0,13,14,1,7,0.75,5.02
axel-kayombo,Axel Kayombo,Forward,SK Puntigamer Sturm Graz,Bundesliga,20,32.0,1,11.6,35.0,35.0,70.0,28,8,24.2,-2.13,36.79,0,0,2,0,9,17,0,12,1.38,4.89
nicolas-wimmer,Nicolas Wimmer,Defender,RZ Pellets WAC,Bundesliga,31,32.0,2,21.0,47.0,48.0,75.0,30,30,79.5,13.22,35.17,0,1,8,9,12,3,3,4,1.33,4.42
junior-yvan-nyabeye-dibango,Yvan Dibango,Defender,LASK,Bundesliga,24,32.0,1,12.6,34.0,34.0,10.0,4,1,8.6,-0.85,35.0,0,0,0,0,2,4,0,13,1.81,6.44
kouadio-guy-ange-ahoussou,Ange Ahoussou,Defender,SK Rapid,Bundesliga,22,32.0,0,1.6,40.0,41.0,65.0,26,19,45.3,5.81,35.19,0,0,3,2,15,5,1,14,1.61,5.25
moritz-wels,Moritz Wels,Forward,WSG Tirol,Bundesliga,22,33.0,1,22.8,37.0,41.0,77.5,31,27,59.5,0.64,39.84,0,0,6,0,16,11,0,7,1.15,5.17
joris-boguo,Joris Boguo,Forward,SV Oberbank Ried,Bundesliga,18,31.0,0,25.4,37.0,37.0,65.0,26,6,21.8,-0.54,37.88,0,0,3,0,11,14,0,12,1.14,4.59
florian-gerstl,Florian Gerstl,Midfielder,TSV Egger Glas Hartberg,Bundesliga,23,31.0,0,5.2,36.0,36.0,5.0,2,1,10.1,1.25,35.0,0,0,0,0,1,1,0,5,0.65,5.22
jesper-lindstrom,Jesper Lindstrøm,Forward,FC Red Bull Salzburg,Bundesliga,26,34.0,0,6.4,34.0,36.0,37.5,15,4,11.6,1.13,35.0,0,0,0,0,10,5,0,25,2.52,9.4
georgi-bedianashvili,Georgi Bedianashvili,Defender,WSG Tirol,Bundesliga,19,30.0,0,2.4,30.0,30.0,2.5,1,0,1.7,-4.82,35.0,0,0,0,0,0,1,0,6,,
jacob-peter-hodl,Jacob Hödl,Midfielder,SK Puntigamer Sturm Graz,Bundesliga,19,28.0,5,81.0,33.0,38.0,87.5,35,27,58.3,0.36,37.57,0,2,2,2,12,15,2,5,0.8,10.53
petar-markovic,Petar Marković,Defender,Grazer AK,Bundesliga,20,28.0,0,8.8,30.0,30.0,10.0,4,0,1.2,-5.49,35.0,0,0,0,0,1,3,0,35,0.78,2.33
leon-klassen,Leon Klassen,Defender,Grazer AK,Bundesliga,26,27.0,4,68.0,40.0,44.0,60.0,24,22,60.0,7.19,36.67,1,0,2,5,10,5,3,14,1.14,4.53
daniel-nnodim,Daniel Nnodim,Defender,FK Austria Wien,Bundesliga,18,24.0,2,29.6,42.0,42.0,22.5,9,5,26.2,0.9,40.56,0,1,1,1,1,4,1,9,0.47,7.88
matthias-gragger,Matthias Gragger,Defender,Grazer AK,Bundesliga,24,23.0,1,33.0,27.0,27.0,15.0,6,2,40.7,-8.17,35.0,0,0,2,2,5,8,1,5,0.75,5.02
ludwig-william-vraa-jensen,Ludwig Vraa-Jensen,Defender,Grazer AK,Bundesliga,21,11.0,1,18.0,36.0,40.0,45.0,18,14,39.2,4.06,35.28,0,0,3,2,12,6,2,15,1.09,6.01
phillip-bohm,Phillip Böhm,Goalkeeper,SC Austria Lustenau,Bundesliga,24,10.0,1,18.0,10.0,10.0,2.5,1,1,12.9,-4.6,15.0,0,0,0,0,0,0,1,6,0.29,5.15
anrie-chase,Anrie Chase,Defender,FC Red Bull Salzburg,Bundesliga,22,,0,0.0,44.0,44.0,10.0,4,3,8.1,14.46,30.0,0,0,0,3,0,0,1,36,1.57,8.7
dominic-vincze,Dominic Vincze,Defender,SK Rapid,Bundesliga,22,,0,0.0,48.0,51.0,40.0,16,16,37.9,13.9,36.88,0,4,2,4,2,5,2,21,1.19,5.27
maximilian-jus,Maximilian Jus,Forward,Grazer AK,Bundesliga,21,,0,0.0,0.0,0.0,0.0,0,0,0.0,0.0,0.0,0,0,0,0,0,0,0,4,,
aboubacar-sidiki-camara,Aboubacar Camara,Forward,FC Red Bull Salzburg,Bundesliga,20,55.0,0,22.6,45.0,45.0,0.0,0,0,18.6,2.59,42.14,0,0,2,0,3,2,0,5,1.95,10.77
johannes-mathias-moser,Johannes Moser,Forward,FC Red Bull Salzburg,Bundesliga,18,,0,0.0,0.0,0.0,0.0,0,0,0.0,0.0,0.0,0,0,0,0,0,0,0,12,2.7,9.98
filip-matijasevic-2008-03-04,Filip Matijašević,Midfielder,FC Red Bull Salzburg,Bundesliga,18,,0,0.0,0.0,0.0,0.0,0,0,0.0,0.0,0.0,0,0,0,0,0,0,0,12,2.1,7.11
marijan-osterreicher,Marijan Österreicher,Midfielder,FK Austria Wien,Bundesliga,20,,0,0.0,35.0,35.0,12.5,5,0,0.9,0.34,35.0,0,0,0,0,2,3,0,25,1.28,4.49
boris-matic,Boris Matić,Defender,RZ Pellets WAC,Bundesliga,22,,0,0.0,47.0,46.0,52.5,21,17,46.4,5.31,40.48,0,0,10,5,4,6,1,14,1.1,4.96
david-falkner,David Falkner,Midfielder,WSG Tirol,Bundesliga,19,,0,0.0,35.0,35.0,5.0,2,0,0.1,0.2,35.0,0,0,0,0,2,0,0,37,1.13,5.32
tobias-schutzenauer,Tobias Schützenauer,Goalkeeper,LASK,Bundesliga,29,,0,0.0,0.0,0.0,0.0,0,0,0.0,0.0,0.0,0,0,0,0,0,0,0,40,1.75,5.56
stefan-lainer,Stefan Lainer,Defender,FC Red Bull Salzburg,Bundesliga,34,,0,0.0,51.0,50.0,47.5,19,17,39.1,7.7,41.58,0,2,4,2,9,2,0,21,1.39,6.59
cheikne-kebe,Cheikne Kébé,Defender,LASK,Bundesliga,20,,0,0.0,35.0,35.0,7.5,3,0,0.1,0.25,35.0,0,0,0,0,2,1,0,30,1.14,5.22
melih-akbulut,Melih Akbulut,Forward,SC Austria Lustenau,Bundesliga,20,,0,0.0,0.0,0.0,0.0,0,0,0.0,0.0,0.0,0,0,0,0,0,0,0,7,1.14,3.73
jakob-maximilian-scholler,Jakob Schöller,Defender,SK Rapid,Bundesliga,20,,0,0.0,54.0,48.0,47.5,19,15,28.1,10.9,37.11,1,0,4,2,7,4,1,21,1.52,6.43
dominik-nisandzic,Dominik Nisandzic,Midfielder,FK Austria Wien,Bundesliga,20,,0,0.0,34.0,34.0,2.5,1,0,0.2,-0.6,35.0,0,0,0,0,0,1,0,36,1.51,4.79
valentin-toifl,Valentin Toifl,Defender,FK Austria Wien,Bundesliga,21,,0,0.0,54.0,54.0,5.0,2,0,2.9,6.78,47.5,0,0,1,0,1,0,0,11,0.82,6.26
mate-ivkovic,Mate Ivković,Midfielder,LASK,Bundesliga,20,,0,0.0,0.0,0.0,0.0,0,0,0.0,0.0,0.0,0,0,0,0,0,0,0,10,,
nermin-mesic,Nermin Mešić,Midfielder,SV Oberbank Ried,Bundesliga,20,,0,0.0,0.0,0.0,0.0,0,0,0.0,0.0,0.0,0,0,0,0,0,0,0,7,0.81,5.92
frederic-flatz,Frederic Flatz,Goalkeeper,SC Austria Lustenau,Bundesliga,20,,0,0.0,0.0,0.0,0.0,0,0,0.0,0.0,0.0,0,0,0,0,0,0,0,7,1.11,5.0
amin-elias-groller,Amìn-Elias Gröller,Defender,SK Rapid,Bundesliga,21,,0,0.0,44.0,44.0,15.0,6,2,6.6,9.02,35.0,0,0,0,1,4,1,0,34,1.57,5.45
daniel-elfadli,Daniel Elfadli,Defender,LASK,Bundesliga,29,,0,0.0,31.0,40.0,42.5,17,12,28.0,3.74,35.0,0,0,6,3,5,7,2,17,1.91,7.57
christian-fruchtl,Christian Früchtl,Goalkeeper,FC Red Bull Salzburg,Bundesliga,26,,0,0.0,0.0,0.0,0.0,0,0,0.0,0.0,0.0,0,0,0,0,0,0,0,40,5.8,21.01
nicky-fatayi-brown-ugo,Nicky Ugo,Forward,Grazer AK,Bundesliga,21,,0,0.0,0.0,0.0,0.0,0,0,0.0,0.0,0.0,0,0,0,0,0,0,0,7,,
elias-muller,Elias Müller,Goalkeeper,RZ Pellets WAC,Bundesliga,21,,0,0.0,0.0,0.0,0.0,0,0,0.0,0.0,0.0,0,0,0,0,0,0,0,40,,
adama-drame,Adama Dramé,Defender,RZ Pellets WAC,Bundesliga,21,,0,0.0,0.0,0.0,0.0,0,0,0.0,0.0,0.0,0,0,0,0,0,2,0,38,1.05,4.47
noah-vinko-botic,Noah Botić,Forward,FK Austria Wien,Bundesliga,24,,0,0.0,45.0,45.0,15.0,6,5,9.2,-0.42,45.0,0,0,2,0,3,3,0,32,0.97,4.97
michael-neuner,Michael Neuner,Defender,WSG Tirol,Bundesliga,19,,0,0.0,0.0,0.0,0.0,0,0,0.0,0.0,0.0,0,0,0,0,0,0,0,39,1.18,4.77
jaden-mazou-bambara,Mazou Bambara,Midfielder,WSG Tirol,Bundesliga,21,,0,0.0,37.0,37.0,5.0,2,0,0.3,2.45,35.0,0,0,0,0,1,1,0,38,0.71,5.24
mirko-kos,Mirko Kos,Goalkeeper,FK Austria Wien,Bundesliga,29,,0,0.0,0.0,0.0,0.0,0,0,0.0,0.0,0.0,0,0,0,0,0,0,0,40,1.48,5.08
jonas-antonius-auer,Jonas Auer,Defender,SK Rapid,Bundesliga,26,,2,0.0,45.0,48.0,32.5,13,0,16.5,8.56,38.85,0,5,7,4,10,7,1,6,5.8,21.01
veljko-vukojevic,Veljko Vukojević,Forward,RZ Pellets WAC,Bundesliga,20,,0,0.0,0.0,0.0,0.0,0,0,0.0,0.0,0.0,0,0,0,0,0,0,0,11,0.93,6.09
martin-beautrel-atemengue-ndzie,Martin Ndzie,Midfielder,SK Rapid,Bundesliga,23,,0,0.0,36.0,37.0,10.0,4,2,2.7,1.98,35.0,0,0,0,0,2,0,0,38,1.69,6.02
timo-muller,Timo Müller,Defender,SCR Altach,Bundesliga,17,,0,0.0,0.0,0.0,0.0,0,0,0.0,0.0,0.0,0,0,0,0,0,0,0,22,,
jonas-peinhart,Jonas Peinhart,Forward,SK Puntigamer Sturm Graz,Bundesliga,17,,0,0.0,0.0,0.0,0.0,0,0,0.0,0.0,0.0,0,0,0,0,0,0,0,2,,
luka-capan,Luka Capan,Defender,SV Oberbank Ried,Bundesliga,31,,1,0.0,0.0,0.0,0.0,0,0,0.0,0.0,0.0,0,0,0,0,0,2,1,16,1.9,
paul-gartler,Paul Gartler,Goalkeeper,SK Rapid,Bundesliga,29,,0,0.0,43.0,38.0,17.5,7,7,15.8,5.4,32.14,0,0,0,1,4,1,1,33,1.71,5.62
shingo-nakano,Shingo Nakano,Forward,SCR Altach,Bundesliga,21,,0,0.0,0.0,0.0,0.0,0,0,0.0,0.0,0.0,0,0,0,0,0,0,0,7,0.81,6.09
julian-rumpl,Julian Rumpl,Midfielder,Grazer AK,Bundesliga,18,,0,0.0,0.0,0.0,0.0,0,0,0.0,0.0,0.0,0,0,0,0,0,0,0,3,,
michael-leon-schweiger,Michael Schweiger,Midfielder,RZ Pellets WAC,Bundesliga,21,,0,0.0,0.0,0.0,0.0,0,0,0.0,0.0,0.0,0,0,0,0,0,0,0,7,1.06,
kenan-jusic,Kenan Jusić,Goalkeeper,FK Austria Wien,Bundesliga,21,,0,0.0,0.0,0.0,0.0,0,0,0.0,0.0,0.0,0,0,0,0,0,0,0,11,1.9,5.11
jean-marcelin,Harisson Marcelin,Defender,SK Rapid,Bundesliga,26,,0,0.0,0.0,0.0,0.0,0,0,0.0,0.0,0.0,0,0,0,0,0,0,0,40,1.19,5.6
justin-omoregie,Justin Omoregie,Midfielder,FC Red Bull Salzburg,Bundesliga,23,,0,0.0,0.0,0.0,0.0,0,0,0.0,0.0,0.0,0,0,3,0,7,4,0,26,2.09,5.84
leon-grgic,Leon Grgić,Forward,SK Puntigamer Sturm Graz,Bundesliga,20,,0,0.0,40.0,38.0,20.0,8,5,8.7,0.06,38.13,0,0,1,0,4,3,0,32,2.13,4.16
novak-rajic,Novak Rajic,Defender,SC Austria Lustenau,Bundesliga,18,,0,0.0,0.0,0.0,0.0,0,0,0.0,0.0,0.0,0,0,0,0,0,0,0,7,1.31,3.92
lior-gliklich,Lior Gliklich,Goalkeeper,RZ Pellets WAC,Bundesliga,23,,0,0.0,0.0,0.0,0.0,0,0,0.0,0.0,0.0,0,0,0,0,0,0,0,4,1.31,5.72
mate-grgic,Mate Grgić,Midfielder,SK Puntigamer Sturm Graz,Bundesliga,19,,0,0.0,0.0,0.0,0.0,0,0,0.0,0.0,0.0,0,0,0,0,0,0,0,2,,
daniel-antosch,Daniel Antosch,Goalkeeper,SCR Altach,Bundesliga,26,,0,0.0,34.0,34.0,2.5,1,0,1.4,-1.5,35.0,0,0,0,0,0,1,0,38,0.7,6.19
felix-baumgartner-2009-09-07,Felix Baumgartner,Forward,Grazer AK,Bundesliga,17,,0,0.0,0.0,0.0,0.0,0,0,0.0,0.0,0.0,0,0,0,0,0,0,0,13,,
julian-halwachs,Julian Halwachs,Midfielder,SK Puntigamer Sturm Graz,Bundesliga,23,,0,0.0,36.0,36.0,17.5,7,1,3.1,1.11,35.0,0,0,0,0,5,2,0,33,1.19,3.95
yerwin-antonio-sulbaran-lopez,Yerwin Sulbarán,Forward,FC Red Bull Salzburg,Bundesliga,18,,0,0.0,0.0,0.0,0.0,0,0,0.0,0.0,0.0,0,0,0,0,0,2,0,13,,
luka-maric,Luka Marić,Goalkeeper,TSV Egger Glas Hartberg,Bundesliga,24,,0,0.0,0.0,0.0,0.0,0,0,0.0,0.0,0.0,0,0,0,0,0,0,0,40,0.95,6.02
lukas-fridrikas,Lukas Fridrikas,Forward,TSV Egger Glas Hartberg,Bundesliga,28,,0,0.0,38.0,39.0,55.0,22,10,28.0,0.68,38.41,0,0,6,0,12,10,0,12,1.99,6.0
john-olof-mellberg,John Mellberg,Defender,FC Red Bull Salzburg,Bundesliga,20,,0,0.0,44.0,44.0,5.0,2,0,0.7,9.0,35.0,0,0,0,0,2,0,0,38,1.04,8.03
christoph-nicht,Christoph Nicht,Goalkeeper,Grazer AK,Bundesliga,32,,0,0.0,0.0,0.0,0.0,0,0,0.0,0.0,0.0,0,0,0,0,0,0,0,40,0.78,5.04
teo-hupfauf,Teo Hupfauf,Goalkeeper,FC Red Bull Salzburg,Bundesliga,16,,0,0.0,0.0,0.0,0.0,0,0,0.0,0.0,0.0,0,0,0,0,0,0,0,3,,
jakob-meierhofer,Jakob Meierhofer,Goalkeeper,Grazer AK,Bundesliga,28,,0,0.0,43.0,43.0,25.0,10,10,28.1,5.22,38.0,0,2,0,0,7,6,2,23,0.8,4.25
adrian-magnus-vonbrul,Adrian Vonbrül,Midfielder,SCR Altach,Bundesliga,18,,0,0.0,0.0,0.0,0.0,0,0,0.0,0.0,0.0,0,0,0,0,0,0,0,35,0.24,4.64
abdoulaye-kante-2005-05-15,Abdoulaye Kanté,Forward,FK Austria Wien,Bundesliga,21,,0,0.0,35.0,35.0,5.0,2,0,0.3,0.4,35.0,0,0,0,0,1,1,0,38,0.94,4.88
soumaila-diabate,Soumaïla Diabaté,Midfielder,FC Red Bull Salzburg,Bundesliga,21,,0,0.0,51.0,50.0,65.0,26,22,44.1,15.03,35.19,0,2,7,6,7,3,1,14,2.38,12.12
manprit-sarkaria,Manprit Sarkaria,Forward,FK Austria Wien,Bundesliga,30,,0,0.0,57.0,57.0,20.0,8,6,13.1,11.76,45.63,0,1,4,0,5,0,0,30,1.04,5.99
alessandro-goiginger,Alessandro Goiginger,Defender,SV Oberbank Ried,Bundesliga,17,,0,0.0,0.0,0.0,0.0,0,0,0.0,0.0,0.0,0,0,0,0,0,0,0,7,1.14,6.03
harald-postl,Harald Postl,Goalkeeper,TSV Egger Glas Hartberg,Bundesliga,21,,0,0.0,0.0,0.0,0.0,0,0,0.0,0.0,0.0,0,0,0,0,0,0,0,40,0.84,5.11
niklas-geyrhofer,Niklas Geyrhofer,Defender,SK Puntigamer Sturm Graz,Bundesliga,26,,0,0.0,42.0,42.0,25.0,10,4,12.0,4.58,37.5,0,1,1,0,5,3,0,30,1.2,4.21
manoel-louis-philippe-verhaeghe,Manoël Verhaeghe,Defender,LASK,Bundesliga,18,,0,0.0,36.0,36.0,2.5,1,0,0.1,0.58,35.0,0,0,0,0,1,0,0,9,2.37,5.97
daniel-nunoo,Daniel Nunoo,Forward,SK Rapid,Bundesliga,20,,0,0.0,48.0,48.0,12.5,5,2,5.8,3.42,45.0,0,0,2,0,1,2,0,35,1.22,4.41
lukas-malicsek,Lukas Malicsek,Midfielder,SV Oberbank Ried,Bundesliga,27,27.0,3,55.8,34.0,34.0,0.0,0,0,65.6,1.7,32.14,0,0,0,1,1,4,1,0,0.67,4.55
david-franz-skubl,David Skubl,Goalkeeper,RZ Pellets WAC,Bundesliga,25,,0,0.0,0.0,0.0,0.0,0,0,0.0,0.0,0.0,0,0,0,0,0,0,0,40,0.98,4.68
halil-esref-basar,Halil Basar,Defender,SCR Altach,Bundesliga,18,,0,0.0,0.0,0.0,0.0,0,0,0.0,0.0,0.0,0,0,0,0,0,0,0,3,,
salif-tietietta,Salif Tietietta,Midfielder,SCR Altach,Bundesliga,21,,0,0.0,0.0,0.0,0.0,0,0,0.0,0.0,0.0,0,0,0,0,0,0,0,40,0.55,4.04
romeo-morth,Romeo Mörth,Midfielder,FK Austria Wien,Bundesliga,19,,0,0.0,29.0,29.0,5.0,2,0,1.4,-6.3,35.0,0,0,0,0,0,2,0,23,0.95,5.93
felix-wimmer,Felix Wimmer,Goalkeeper,SV Oberbank Ried,Bundesliga,28,,0,0.0,0.0,0.0,0.0,0,0,0.0,0.0,0.0,0,0,0,0,0,0,0,40,0.94,4.04
elias-lorenz,Elias Lorenz,Goalkeeper,SK Puntigamer Sturm Graz,Bundesliga,20,,0,0.0,0.0,0.0,0.0,0,0,0.0,0.0,0.0,0,0,0,0,0,0,0,40,1.19,4.58
tim-trummer,Tim Trummer,Defender,Grazer AK,Bundesliga,20,,0,0.0,44.0,45.0,0.0,0,0,18.9,8.28,36.79,0,1,2,2,4,5,0,26,0.84,5.3
christoph-wiener-pucher,Christoph Wiener-Pucher,Goalkeeper,SK Puntigamer Sturm Graz,Bundesliga,19,,0,0.0,0.0,0.0,0.0,0,0,0.0,0.0,0.0,0,0,0,0,0,0,0,40,,
fabian-lechner,Fabian Lechner,Midfielder,SV Oberbank Ried,Bundesliga,20,,0,0.0,0.0,0.0,0.0,0,0,0.0,0.0,0.0,0,0,0,0,0,0,0,7,0.73,5.47
tobias-lund-jensen,Tobias Lund Jensen,Forward,SV Oberbank Ried,Bundesliga,20,37.0,0,8.0,36.0,36.0,0.0,0,0,13.0,1.38,35.0,0,0,0,0,4,1,0,2,1.13,4.43
dominik-kirnbauer,Dominik Kirnbauer,Defender,SV Oberbank Ried,Bundesliga,24,,0,0.0,35.0,35.0,10.0,4,1,2.8,-0.08,35.0,0,0,0,0,3,3,0,34,0.85,4.91
furkan-demir-2004-11-29,Furkan Demir,Defender,SK Rapid,Bundesliga,21,,0,0.0,40.0,41.0,30.0,12,7,14.8,2.01,39.17,0,1,1,1,3,5,1,28,1.65,5.79
elias-scherf,Elias Scherf,Goalkeeper,SCR Altach,Bundesliga,23,,0,0.0,0.0,0.0,0.0,0,0,0.0,0.0,0.0,0,0,0,0,0,0,0,40,0.76,6.57
benjamin-goschl,Benjamin Göschl,Goalkeeper,SK Rapid,Bundesliga,20,,0,0.0,0.0,0.0,0.0,0,0,0.0,0.0,0.0,0,0,0,0,0,0,0,40,1.18,6.05
leonit-zeqiri,Leonit Zeqiri,Midfielder,SV Oberbank Ried,Bundesliga,17,,0,0.0,37.0,37.0,2.5,1,0,3.0,2.2,35.0,0,0,0,0,1,0,0,10,0.81,5.08
dominik-stoger,Dominik Stöger,Goalkeeper,SV Oberbank Ried,Bundesliga,20,,0,0.0,0.0,0.0,0.0,0,0,0.0,0.0,0.0,0,0,0,0,0,0,0,40,0.88,4.95
laurenz-orgler,Laurenz Orgler,Goalkeeper,SK Rapid,Bundesliga,21,,0,0.0,0.0,0.0,0.0,0,0,0.0,0.0,0.0,0,0,0,0,0,0,0,40,1.24,5.73
luca-pazourek,Luca Pazourek,Defender,TSV Egger Glas Hartberg,Bundesliga,21,,0,0.0,53.0,52.0,42.5,17,12,34.6,14.12,37.35,0,2,3,3,10,3,0,19,0.29,1.9
alexander-eckmayr,Alexander Eckmayr,Goalkeeper,WSG Tirol,Bundesliga,27,,0,0.0,46.0,46.0,2.5,1,1,2.7,10.9,35.0,0,0,0,0,1,0,0,39,0.74,4.43
paul-piffer,Paul Piffer,Goalkeeper,SCR Altach,Bundesliga,20,,0,0.0,0.0,0.0,0.0,0,0,0.0,0.0,0.0,0,0,0,0,0,0,0,40,1.78,4.41
philipp-wiesinger,Philipp Wiesinger,Defender,FK Austria Wien,Bundesliga,32,,0,0.0,50.0,51.0,55.0,22,22,50.0,15.2,35.45,0,3,3,4,9,2,3,16,1.02,4.06
sefiwu-abubakar,Sefiwu Abubakar,Forward,SV Oberbank Ried,Bundesliga,21,,0,0.0,0.0,0.0,0.0,0,0,0.0,0.0,0.0,0,0,0,0,0,0,0,7,0.7,4.48
fabian-schillinger,Fabian Schillinger,Goalkeeper,LASK,Bundesliga,19,,0,0.0,0.0,0.0,0.0,0,0,0.0,0.0,0.0,0,0,0,0,0,0,0,40,0.96,7.0
gabriel-haider,Gabriel Haider,Defender,SK Puntigamer Sturm Graz,Bundesliga,24,,0,0.0,40.0,40.0,2.5,1,0,0.1,5.16,35.0,0,0,0,0,1,0,0,39,,
simon-freund,Simon Freund,Midfielder,TSV Egger Glas Hartberg,Bundesliga,21,,0,0.0,0.0,0.0,0.0,0,0,0.0,0.0,0.0,0,0,0,0,0,0,0,4,,
raphael-arize-pesu,Raphael Pesu,Forward,SV Oberbank Ried,Bundesliga,17,,0,0.0,0.0,0.0,0.0,0,0,0.0,0.0,0.0,0,0,0,0,0,0,0,10,1.17,6.2
felix-libiseller,Felix Libiseller,Goalkeeper,WSG Tirol,Bundesliga,19,,0,0.0,0.0,0.0,0.0,0,0,0.0,0.0,0.0,0,0,0,0,0,0,0,7,1.42,5.36
ramiz-harakate,Ramiz Harakaté,Forward,LASK,Bundesliga,24,,0,0.0,47.0,51.0,57.5,23,22,54.7,2.64,47.61,0,3,7,0,13,5,0,12,0.86,4.36
nikola-sarcevic,Nikola Šarčević,Goalkeeper,FC Red Bull Salzburg,Bundesliga,19,,0,0.0,0.0,0.0,0.0,0,0,0.0,0.0,0.0,0,0,0,0,0,0,0,40,2.2,5.48
david-duric,David Đurić,Defender,RZ Pellets WAC,Bundesliga,20,,0,0.0,46.0,46.0,7.5,3,2,7.7,10.97,35.0,0,0,0,1,1,1,0,20,0.98,5.55
gaoussou-diakite,Gaoussou Diakite,Forward,FC Red Bull Salzburg,Bundesliga,21,,0,0.0,52.0,53.0,60.0,24,16,39.7,12.48,40.21,0,3,4,1,13,2,0,17,1.82,8.8
lukas-wedl,Lukas Wedl,Goalkeeper,FK Austria Wien,Bundesliga,30,,0,0.0,0.0,0.0,0.0,0,0,0.0,0.0,0.0,0,0,0,0,0,0,0,40,1.08,4.46
christoph-hasenhuttl,Christoph Hasenhüttl,Defender,Grazer AK,Bundesliga,16,,0,0.0,0.0,0.0,0.0,0,0,0.0,0.0,0.0,0,0,0,0,0,0,0,7,,
lorenz-szladits,Lorenz Szladits,Midfielder,SK Rapid,Bundesliga,19,,0,0.0,0.0,0.0,0.0,0,0,0.0,0.0,0.0,0,0,0,0,0,0,0,28,2.08,5.13
luca-hassler,Luca Hassler,Forward,RZ Pellets WAC,Bundesliga,22,41.0,0,10.6,38.0,38.0,0.0,0,0,8.3,3.13,35.0,0,0,0,0,2,1,0,4,1.18,5.08
henrique-floriani-bell,Henrique Bell,Defender,SCR Altach,Bundesliga,19,,0,0.0,0.0,0.0,0.0,0,0,0.0,0.0,0.0,0,0,0,0,0,0,0,7,1.95,6.41
julian-margreiter,Julian Margreiter,Goalkeeper,WSG Tirol,Bundesliga,16,,0,0.0,0.0,0.0,0.0,0,0,0.0,0.0,0.0,0,0,0,0,0,0,0,7,1.57,4.81
art-smakaj,Art Smakaj,Midfielder,LASK,Bundesliga,23,,0,0.0,0.0,0.0,0.0,0,0,0.0,0.0,0.0,0,0,0,0,2,1,1,36,0.47,5.1
quincy-butler,Quincy Butler,Midfielder,WSG Tirol,Bundesliga,25,,0,0.0,40.0,40.0,7.5,3,3,6.8,-3.4,43.33,0,0,1,0,5,4,0,30,1.31,5.88
conrad-scholl,Conrad Scholl,Midfielder,SV Oberbank Ried,Bundesliga,19,,0,0.0,0.0,0.0,0.0,0,0,0.0,0.0,0.0,0,0,0,0,0,0,0,40,1.11,6.08
drena-beljo-dijon,Dion Beljo,Forward,GNK Dinamo Zagreb,HNL,24,73.0,2,30.0,73.0,68.0,90.0,36,35,74.4,8.56,60.14,4,10,12,0,7,0,0,7,20.04,113.5
emil-frederiksen,Emil Frederiksen,Forward,NK Istra 1961,HNL,26,70.0,5,82.4,72.0,59.0,85.0,34,31,69.9,12.56,46.76,1,8,6,4,16,2,0,3,8.61,45.45
dalisson-de-almeida-leite,Dali,Midfielder,HNK Hajduk Split,HNL,26,67.0,5,84.4,56.0,46.0,77.5,31,13,32.8,7.43,38.71,1,0,3,4,13,5,0,14,4.73,20.65
saad-el-haddad,Saad El Haddad,Midfielder,NK Rudeš Zagreb,HNL,21,66.0,2,30.2,66.0,66.0,5.0,2,2,11.6,18.55,47.5,0,1,0,0,2,0,0,37,,
renato-josipovic,Renato Josipović,Goalkeeper,HNK Gorica,HNL,25,66.0,4,72.0,66.0,66.0,10.0,4,4,45.0,19.55,47.5,1,0,1,1,1,0,0,4,5.43,22.59
josip-mitrovic,Josip Mitrović,Forward,NK Slaven Belupo,HNL,26,66.0,5,88.4,57.0,54.0,77.5,31,30,67.0,12.46,41.45,1,4,8,8,9,4,0,6,3.34,15.91
daniel-adu-adjei,Daniel Adu-Adjei,Forward,HNK Rijeka,HNL,21,65.0,5,77.6,52.0,46.0,90.0,36,27,58.7,0.79,45.42,1,2,10,0,7,11,1,8,3.02,18.08
franko-kolic,Franko Kolić,Goalkeeper,NK Istra 1961,HNL,23,65.0,5,90.0,63.0,51.0,87.5,35,35,87.5,10.09,40.86,0,4,8,7,12,8,0,1,5.47,34.71
novak-tepsic,Novak Tepšić,Defender,NK Varaždin,HNL,24,64.0,5,90.0,65.0,52.0,65.0,26,14,41.8,13.04,38.65,0,2,7,3,7,7,0,14,2.91,15.36
dario-maresic,Dario Maresic,Defender,HNK Hajduk Split,HNL,27,62.0,5,89.6,57.0,58.0,87.5,35,33,82.7,20.93,37.57,0,5,7,6,9,3,1,9,3.48,28.49
josip-silic,Josip Silić,Goalkeeper,NK Varaždin,HNL,26,62.0,5,90.0,58.0,59.0,30.0,12,12,29.2,11.71,47.5,0,3,3,2,3,1,0,28,5.1,31.36
luka-vrbancic,Luka Vrbančić,Midfielder,NK Osijek,HNL,21,62.0,5,90.0,62.0,52.0,45.0,18,12,31.4,15.23,36.67,1,1,2,6,9,1,1,19,5.13,26.39
ivan-canjuga,Ivan Canjuga,Forward,NK Varaždin,HNL,20,65.0,5,84.6,64.0,52.0,65.0,26,16,41.5,10.18,42.12,1,2,5,4,11,3,0,14,8.56,34.49
dukan-ahmeti,Dukan Ahmeti,Midfielder,NK Istra 1961,HNL,18,61.0,4,69.4,52.0,43.0,52.5,21,10,27.5,2.85,40.24,0,1,3,1,9,6,1,19,1.82,17.24
adrion-pajaziti,Adrion Pajaziti,Midfielder,HNK Hajduk Split,HNL,23,61.0,3,48.4,48.0,46.0,80.0,32,24,50.9,9.72,36.72,0,1,4,1,19,0,1,14,1.56,13.83
samuli-miettinen,Samuli Miettinen,Defender,NK Istra 1961,HNL,22,61.0,4,70.8,56.0,46.0,55.0,22,20,50.8,9.61,36.14,0,0,4,3,10,5,0,18,3.82,12.39
niko-sepic,Niko Šepić,Defender,NK Istra 1961,HNL,20,60.0,5,90.0,54.0,45.0,52.5,21,14,51.5,10.32,35.0,1,2,0,2,10,5,1,5,1.67,12.16
niko-galesic,Niko Galešić,Defender,GNK Dinamo Zagreb,HNL,25,60.0,2,46.8,60.0,52.0,82.5,33,21,55.0,13.01,39.09,0,3,7,6,14,2,1,7,1.58,9.46
ilija-nestorovski,Ilija Nestorovski,Forward,NK Slaven Belupo,HNL,36,60.0,4,68.2,55.0,53.0,65.0,26,22,50.9,6.95,45.77,0,8,3,1,13,4,0,11,1.5,6.59
paul-bismarck-tabinas,Paul Tabinas,Defender,GNK Dinamo Zagreb,HNL,24,60.0,1,13.2,50.0,50.0,25.0,10,7,15.1,10.14,40.0,0,1,3,1,3,1,0,31,0.58,5.75
tiago-filipe-oliveira-dantas,Tiago Dantas,Midfielder,HNK Rijeka,HNL,25,59.0,5,85.6,60.0,61.0,92.5,37,36,76.0,16.55,44.59,0,9,6,7,10,2,0,6,6.12,27.42
marin-soticek, Marin Šotiček,Forward,HNK Hajduk Split,HNL,22,60.0,5,70.0,53.0,44.0,72.5,29,11,28.6,4.58,39.66,0,2,3,1,14,5,0,15,3.63,24.69
jakov-gurlica,Jakov Gurlica,Defender,NK Lokomotiva Zagreb,HNL,22,59.0,1,23.6,38.0,36.0,50.0,20,13,37.4,-0.45,36.75,0,0,2,0,9,6,3,20,2.12,5.47
mario-mladenovski,Mario Mladenovski,Defender,NK Varaždin,HNL,26,59.0,4,70.8,58.0,44.0,57.5,23,16,40.9,9.19,35.22,0,2,5,2,5,6,3,17,5.13,20.5
toni-silic,Toni Silić,Goalkeeper,HNK Hajduk Split,HNL,22,58.0,5,96.0,52.0,50.0,75.0,30,30,71.8,7.77,42.67,0,7,4,1,9,9,0,10,6.26,46.95
bruno-goda,Bruno Goda,Defender,GNK Dinamo Zagreb,HNL,28,58.0,1,18.0,53.0,48.0,57.5,23,17,38.8,11.0,37.17,0,2,4,4,9,1,2,18,1.34,3.59
marcel-heister,Marcel Heister,Defender,NK Osijek,HNL,34,58.0,5,61.6,48.0,43.0,72.5,29,21,45.5,6.28,37.07,0,2,3,4,11,10,2,8,1.92,6.58
noa-skoko,Noa Skoko,Midfielder,NK Rudeš Zagreb,HNL,20,58.0,5,79.2,54.0,48.0,37.5,15,10,22.3,10.06,38.33,0,1,1,4,7,2,0,25,2.86,10.9
branko-pavic,Branko Pavić,Midfielder,HNK Rijeka,HNL,19,57.0,5,88.6,52.0,52.0,45.0,18,15,45.8,17.04,35.0,0,0,4,7,6,1,0,22,3.9,8.74
etnik-brruti,Etnik Brruti,Midfielder,HNK Hajduk Split,HNL,22,57.0,1,14.6,62.0,62.0,7.5,3,2,15.2,18.53,43.33,0,0,2,0,1,0,0,19,1.29,12.27
sergi-dominguez-viloria,Sergi Domínguez,Defender,GNK Dinamo Zagreb,HNL,21,56.0,4,63.0,57.0,58.0,80.0,32,30,66.7,20.24,38.44,2,7,5,5,8,1,2,10,5.7,37.98
khalil-fayad,Khalil Fayad,Midfielder,HNK Hajduk Split,HNL,22,56.0,1,27.2,46.0,45.0,55.0,22,7,23.6,8.37,36.82,0,1,1,5,9,6,0,18,2.06,14.75
justas-lasickas,Justas Lasickas,Defender,HNK Rijeka,HNL,28,56.0,5,85.2,49.0,42.0,90.0,36,21,51.8,4.39,37.78,0,2,3,4,11,10,2,8,1.92,6.58
michele-sego,Michele Šego,Forward,HNK Hajduk Split,HNL,26,55.0,5,83.4,53.0,51.0,85.0,34,26,59.0,3.8,46.76,0,4,8,0,12,6,0,10,2.34,26.18
armando-leon-resendez,Armando León,Forward,NK Osijek,HNL,26,55.0,5,86.2,52.0,52.0,20.0,8,7,79.9,4.01,48.13,0,1,2,0,2,3,0,32,2.17,13.55
raul-kumar,Raul Kumar,Defender,NK Istra 1961,HNL,18,54.0,4,74.8,58.0,49.0,65.0,26,25,58.2,12.66,36.15,0,2,4,7,8,5,1,13,2.29,16.17
tom-lacoux,Tom Lacoux,Midfielder,HNK Gorica,HNL,24,54.0,4,65.8,54.0,54.0,10.0,4,4,65.8,13.2,41.25,0,1,0,3,9,0,0,27,2.23,6.07
dominik-kovacic,Dominik Kovačić,Defender,NK Slaven Belupo,HNL,32,54.0,5,89.8,48.0,48.0,85.0,34,34,82.0,10.09,37.5,1,1,6,7,13,8,1,3,1.32,6.17
igor-vekic,Igor Vekić,Goalkeeper,HNK Rijeka,HNL,28,54.0,2,72.0,49.0,43.0,60.0,24,24,61.7,6.56,36.46,0,2,3,1,10,6,2,16,4.81,28.64
samuele-vignato,Samuele Vignato,Midfielder,HNK Rijeka,HNL,22,53.0,5,72.0,45.0,48.0,60.0,24,18,36.0,8.69,39.58,0,2,1,2,12,3,0,20,1.77,12.58
mario-marina,Mario Marina,Midfielder,NK Varaždin,HNL,37,53.0,5,79.2,50.0,42.0,72.5,29,20,44.2,7.13,35.0,0,1,1,4,18,6,0,10,1.76,5.38
ante-orec,Ante Oreč,Defender,HNK Rijeka,HNL,25,53.0,5,90.0,52.0,53.0,85.0,34,31,68.2,15.55,37.35,0,3,8,7,10,2,1,9,2.29,12.91
frane-maglica,Frane Maglica,Defender,NK Varaždin,HNL,29,53.0,5,86.8,53.0,49.0,67.5,27,27,64.0,9.69,38.7,0,2,7,7,5,6,1,12,1.77,11.44
ante-majstorovic,Ante Majstorović,Defender,HNK Rijeka,HNL,32,53.0,5,90.0,53.0,54.0,85.0,34,34,74.2,18.92,35.29,0,0,11,8,8,4,0,9,2.61,7.87
stjepan-radeljic,Stjepan Radeljić,Defender,GNK Dinamo Zagreb,HNL,29,53.0,1,18.0,57.0,57.0,55.0,22,19,43.4,19.93,37.5,0,3,5,4,5,3,0,20,1.15,7.71
nik-skafar-zuzic,Nik Žužić,Forward,NK Istra 1961,HNL,17,52.0,3,47.4,51.0,48.0,30.0,12,6,19.2,6.16,42.08,0,1,2,1,5,3,0,14,,
simun-hrgovic,Šimun Hrgović,Defender,HNK Hajduk Split,HNL,22,52.0,5,96.0,56.0,51.0,85.0,34,31,70.1,9.87,40.29,0,2,5,5,14,3,1,10,1.65,9.74
alberto-del-moral-saelices,Alberto del Moral,Midfielder,HNK Hajduk Split,HNL,26,52.0,3,63.8,52.0,46.0,57.5,23,13,29.9,9.22,37.17,0,1,2,4,8,4,0,21,1.33,10.78
toni-fruk,Toni Fruk,Midfielder,HNK Rijeka,HNL,25,51.0,5,85.4,55.0,55.0,72.5,29,25,47.1,9.63,45.0,2,4,5,3,8,4,1,13,4.81,40.38
mathieu-acapandie,Mathieu Acapandié,Defender,HNK Hajduk Split,HNL,21,51.0,5,79.4,42.0,39.0,37.5,15,10,31.3,4.04,35.0,0,0,0,3,6,6,0,25,1.71,8.81
hamza-jaganjac,Hamza Jaganjac,Forward,NK Istra 1961,HNL,22,51.0,4,67.0,55.0,55.0,17.5,7,7,75.0,3.21,50.71,0,1,3,0,5,6,0,25,2.25,8.33
antonio-jakir,Antonio Jakir,Defender,NK Slaven Belupo,HNL,23,51.0,1,27.0,40.0,40.0,47.5,19,10,26.6,4.36,35.26,0,0,1,3,8,6,1,21,1.22,4.24
emin-hasic,Emin Hasić,Defender,NK Osijek,HNL,23,50.0,0,9.0,42.0,43.0,47.5,19,7,26.9,8.43,34.74,0,1,2,4,9,2,2,20,1.04,4.31
bruno-bogojevic,Bruno Bogojević,Forward,HNK Gorica,HNL,28,50.0,5,82.4,54.0,49.0,77.5,31,26,55.5,7.03,42.1,0,1,7,1,18,3,0,10,1.91,7.13
luka-mamic,Luka Mamić,Forward,NK Varaždin,HNL,24,50.0,5,86.0,55.0,48.0,90.0,36,34,74.5,5.88,42.22,0,3,7,1,19,6,0,4,2.96,8.02
filip-kruselj,Filip Krušelj,Defender,NK Slaven Belupo,HNL,21,50.0,2,36.0,47.0,48.0,75.0,30,30,71.9,7.01,40.0,0,1,8,5,7,8,1,10,0.99,3.01
elvir-durakovic,Elvir Duraković,Defender,NK Varaždin,HNL,26,50.0,0,19.6,39.0,38.0,35.0,14,6,16.8,0.78,36.79,0,0,1,2,3,8,1,25,1.23,4.7
marko-dabro,Marko Dabro,Forward,NK Slaven Belupo,HNL,29,50.0,3,63.2,51.0,45.0,62.5,25,14,42.1,3.59,41.0,0,2,5,1,12,8,0,12,1.71,6.47
jay-kruiver,Jay Kruiver,Defender,NK Osijek,HNL,25,50.0,2,83.5,50.0,50.0,5.0,2,2,83.5,14.94,35.0,0,0,1,0,1,0,0,0,3.1,10.92
aleksa-latkovic,Aleksa Latković,Midfielder,NK Varaždin,HNL,25,49.0,3,48.2,50.0,51.0,90.0,36,34,65.8,6.02,44.58,1,2,10,5,10,7,0,5,1.66,11.18
juraj-frigan,Juraj Frigan,Midfielder,HNK Gorica,HNL,17,49.0,3,62.4,45.0,45.0,20.0,8,5,59.1,9.79,35.63,0,1,0,2,2,4,0,1,,
smail-prevljak,Smail Prevljak,Forward,GNK Dinamo Zagreb,HNL,31,49.0,1,28.6,47.0,47.0,80.0,32,24,57.3,1.63,45.78,1,2,8,0,5,14,1,9,7.75,16.45
lenny-ilecic,Lenny Ilečić,Forward,NK Rudeš Zagreb,HNL,22,49.0,3,65.4,52.0,52.0,20.0,8,3,55.9,4.34,47.5,0,0,5,0,10,6,0,19,1.03,9.71
dusan-stevanovic,Dušan Stevanović,Defender,HNK Gorica,HNL,30,49.0,4,75.6,49.0,49.0,12.5,5,4,75.6,13.56,35.0,0,2,2,0,4,2,1,4,,
iker-almena-horcajo,Iker Almena,Forward,GNK Dinamo Zagreb,HNL,22,49.0,2,28.8,52.0,54.0,55.0,22,18,46.7,13.77,40.0,0,4,2,5,13,2,0,14,3.59,32.29
ivan-dolcek,Ivan Dolček,Forward,NK Osijek,HNL,26,49.0,2,36.2,44.0,40.0,70.0,28,8,21.3,3.15,36.79,0,0,2,1,17,8,0,12,1.37,4.17
davor-matijas,Davor Matijaš,Goalkeeper,HNK Gorica,HNL,27,48.0,1,18.0,47.0,45.0,82.5,33,33,80.3,5.5,39.55,0,5,3,6,8,12,2,4,0.8,11.84
abdulia-sanyang,Abdoulie Sanyang,Forward,HNK Hajduk Split,HNL,27,48.0,4,63.6,48.0,42.0,70.0,28,9,24.8,4.34,37.68,0,1,2,2,16,4,0,15,0.67,9.24
josip-bralic,Josip Bralić,Forward,NK Rudeš Zagreb,HNL,18,48.0,0,11.4,48.0,48.0,5.0,2,0,11.4,0.85,47.5,0,0,1,0,0,1,0,3,,
jurica-poldrugac,Jurica Poldrugač,Midfielder,NK Rudeš Zagreb,HNL,29,48.0,3,48.4,44.0,44.0,17.5,7,6,60.6,3.8,40.0,0,1,2,1,15,13,0,8,1.09,5.52
miha-zajc,Miha Zajc,Midfielder,GNK Dinamo Zagreb,HNL,32,48.0,2,49.6,50.0,55.0,85.0,34,30,60.5,10.84,44.41,0,8,4,2,17,1,0,8,2.01,22.6
izak-jezic,Izak Ježić,Defender,NK Osijek,HNL,16,48.0,2,70.7,48.0,48.0,7.5,3,2,70.7,13.35,35.0,0,0,0,2,1,0,0,0,,
marko-malenica,Marko Malenica,Goalkeeper,NK Osijek,HNL,32,48.0,5,90.0,54.0,54.0,77.5,31,31,75.4,8.28,45.48,0,5,12,4,5,5,3,6,3.69,31.01
alen-grgic,Alen Grgić,Forward,NK Slaven Belupo,HNL,32,48.0,2,50.8,45.0,44.0,45.0,18,11,32.5,7.26,36.39,0,0,2,3,15,3,0,17,0.82,5.74
adetunji-rasaq-adeshina,Adetunji Adeshina,Midfielder,NK Slaven Belupo,HNL,21,48.0,3,65.8,41.0,41.0,22.5,9,5,14.7,6.17,35.0,0,0,2,0,3,4,0,31,0.43,6.8
scott-mckenna,Scott McKenna,Defender,GNK Dinamo Zagreb,HNL,29,47.0,4,72.0,48.0,52.0,67.5,27,26,58.8,17.12,35.37,1,2,7,5,7,3,1,14,2.71,16.67
thanasis-triantafyllou,Thanasis Triantafyllou,Defender,NK Lokomotiva Zagreb,HNL,23,47.0,5,84.4,54.0,54.0,20.0,8,8,86.5,12.5,41.25,0,1,2,1,4,0,0,0,0.77,10.09
moris-valincic,Moris Valinčić,Defender,GNK Dinamo Zagreb,HNL,23,47.0,3,49.8,50.0,44.0,70.0,28,20,47.0,8.06,36.43,1,1,3,1,14,7,1,12,1.14,12.08
ivano-kolarik,Ivano Kolarik,Defender,NK Osijek,HNL,19,46.0,3,47.6,49.0,47.0,32.5,13,12,25.8,11.17,35.38,0,0,5,1,3,4,1,26,0.43,14.33
jakov-pranjic,Jakov Pranjić,Midfielder,HNK Gorica,HNL,25,51.0,3,49.6,46.0,46.0,17.5,7,4,38.9,5.66,40.0,0,1,1,0,7,3,0,16,1.81,6.74
teodor-kralevski,Teodor Kralevski,Defender,NK Lokomotiva Zagreb,HNL,19,46.0,1,18.4,40.0,41.0,30.0,12,3,8.2,4.25,37.08,0,0,1,2,8,1,0,19,1.13,5.1
valentin-akrap,Valentin Akrap,Forward,NK Varaždin,HNL,23,46.0,0,25.0,46.0,46.0,5.0,2,0,25.0,-1.6,47.5,0,0,1,0,0,1,0,16,,
dusan-vukovic,Dušan Vuković,Forward,NK Lokomotiva Zagreb,HNL,24,46.0,4,62.8,50.0,45.0,72.5,29,24,54.4,1.27,42.76,0,0,9,0,13,8,0,10,2.87,4.97
luka-stojkovic,Luka Stojković,Midfielder,GNK Dinamo Zagreb,HNL,22,46.0,5,63.8,46.0,59.0,77.5,31,24,54.0,13.05,46.77,3,5,6,5,7,3,0,11,5.83,52.32
matija-subotic,Matija Subotić,Midfielder,NK Lokomotiva Zagreb,HNL,18,46.0,3,66.8,46.0,45.0,82.5,33,25,64.9,7.95,37.42,0,1,4,1,24,6,0,4,0.62,8.75
matej-vuk,Matej Vuk,Forward,NK Varaždin,HNL,26,46.0,0,18.4,54.0,50.0,75.0,30,16,46.2,9.89,40.0,0,4,3,4,19,1,0,9,1.2,4.69
feta-fetai,Feta Fetai,Midfielder,NK Lokomotiva Zagreb,HNL,21,46.0,2,30.6,40.0,40.0,20.0,8,3,21.8,5.36,35.0,0,0,2,6,12,8,0,12,2.81,6.63
domagoj-pavicic,Domagoj Pavičić,Midfielder,HNK Gorica,HNL,32,46.0,3,65.0,46.0,44.0,82.5,33,24,57.0,6.07,37.27,0,1,5,3,15,12,0,4,1.95,6.2
admir-latifi,Admir Ljatifi,Forward,NK Osijek,HNL,19,45.0,3,57.4,43.0,43.0,15.0,6,3,36.2,4.1,39.17,0,1,0,0,4,1,0,2,,
leon-belcar,Leon Belcar,Midfielder,NK Lokomotiva Zagreb,HNL,24,45.0,3,40.6,45.0,48.0,72.5,29,21,54.2,9.25,38.62,0,2,5,3,13,8,1,8,1.56,3.39
ivan-cvetko,Ivan Cvetko,Defender,NK Slaven Belupo,HNL,20,45.0,2,36.0,38.0,38.0,12.5,5,5,56.2,1.69,36.0,0,1,0,1,0,2,1,23,0.91,5.58
gregor-sikosek,Gregor Sikošek,Defender,NK Varaždin,HNL,32,45.0,5,70.4,48.0,48.0,47.5,19,14,44.5,9.44,38.16,0,1,4,4,10,7,2,12,0.91,6.08
goncalo-faria-costa,Gonçalo Costa,Defender,HNK Gorica,HNL,26,45.0,2,25.2,35.0,34.0,47.5,19,8,20.1,-1.5,35.26,0,0,1,1,6,7,4,21,0.57,2.36
ivan-cvijanovic,Ivan Cvijanović,Defender,HNK Gorica,HNL,22,45.0,3,64.8,48.0,45.0,37.5,15,11,51.0,4.59,40.0,0,1,5,2,6,10,1,15,0.81,6.7
vedran-celjak,Vedran Celjak,Defender,NK Rudeš Zagreb,HNL,35,44.0,3,62.0,46.0,46.0,20.0,8,5,66.2,6.74,39.38,1,0,4,5,11,13,0,6,0.99,4.46
ivan-cubelic,Ivan Ćubelić,Midfielder,HNK Rijeka,HNL,23,44.0,3,52.8,44.0,44.0,90.0,36,28,64.2,7.81,36.53,0,2,5,2,19,7,1,4,0.62,7.42
marijan-cabraja,Marijan Čabraja,Defender,NK Lokomotiva Zagreb,HNL,29,44.0,3,54.0,51.0,54.0,67.5,27,26,61.0,15.65,38.7,1,3,5,5,13,1,1,11,0.75,3.8
andelo-sutalo,Anđelo Šutalo,Midfielder,HNK Hajduk Split,HNL,19,44.0,1,21.8,40.0,40.0,12.5,5,3,32.7,4.72,35.0,0,0,0,0,4,1,0,11,1.98,6.18
mateo-lisica,Mateo Lisica,Forward,GNK Dinamo Zagreb,HNL,23,44.0,4,68.0,44.0,44.0,67.5,27,14,33.8,5.67,38.7,0,0,4,2,19,1,0,14,1.1,12.68
dominik-kotarski,Dominik Kotarski,Goalkeeper,GNK Dinamo Zagreb,HNL,26,44.0,2,54.0,47.0,49.0,62.5,25,25,54.6,8.19,41.2,0,3,6,0,12,2,2,15,17.4,125.45
luka-jelenic,Luka Jelenić,Defender,NK Osijek,HNL,26,43.0,5,81.0,45.0,48.0,82.5,33,32,73.5,11.3,37.12,0,5,7,3,11,6,4,4,2.49,3.32
adam-abdelilah-guram,Adam Huram,Midfielder,HNK Hajduk Split,HNL,17,43.0,0,22.2,47.0,44.0,35.0,14,2,17.3,3.24,40.36,0,1,2,0,7,4,0,11,1.29,9.16
stipe-juric,Stipe Jurić,Forward,NK Varaždin,HNL,27,43.0,3,39.4,41.0,41.0,25.0,10,4,16.7,0.73,40.0,0,0,2,0,4,4,0,17,2.44,5.12
karlo-isasegi,Karlo Išasegi,Defender,NK Slaven Belupo,HNL,26,43.0,4,68.4,37.0,38.0,52.5,21,11,23.7,0.39,37.38,0,1,1,1,6,12,1,18,1.56,6.01
iuri-antonio-teixeira-tavares,Iuri Tavares,Forward,NK Varaždin,HNL,25,42.0,5,67.2,46.0,50.0,80.0,32,23,56.2,9.3,40.47,0,4,4,4,12,9,0,7,0.57,7.84
luka-ivanusec,Luka Ivanušec,Midfielder,GNK Dinamo Zagreb,HNL,27,42.0,1,28.6,47.0,47.0,20.0,8,3,17.2,5.0,41.25,0,0,2,1,13,2,0,22,1.87,16.94
kristijan-cabrajic,Kristijan Čabrajić,Defender,NK Lokomotiva Zagreb,HNL,22,42.0,5,90.0,37.0,36.0,60.0,24,21,55.8,1.9,34.38,0,0,2,2,8,8,4,16,1.11,4.4
ivan-doric,Ivan Đorić,Midfielder,NK Rudeš Zagreb,HNL,31,42.0,5,73.2,39.0,39.0,17.5,7,7,62.6,2.97,35.71,0,1,0,0,1,5,0,1,0.65,7.08
josip-posavec,Josip Posavec,Goalkeeper,NK Lokomotiva Zagreb,HNL,30,42.0,5,90.0,44.0,46.0,85.0,34,34,82.7,6.97,38.53,0,4,4,3,18,6,2,3,1.39,16.55
david-bosak,David Bosak,Midfielder,NK Slaven Belupo,HNL,20,42.0,5,54.6,41.0,41.0,17.5,7,18,44.5,1.94,38.57,0,0,4,2,3,4,3,24,1.0,5.56
jona-jezic,Jona Ježić,Midfielder,NK Osijek,HNL,17,42.0,4,47.2,39.0,39.0,25.0,10,7,16.8,-1.6,41.0,0,1,1,0,1,7,0,19,,
anel-husic-2001-03-01,Anel Husic,Defender,HNK Rijeka,HNL,25,42.0,5,90.0,44.0,44.0,50.0,20,18,39.0,9.63,34.0,0,0,4,2,3,4,3,24,1.0,5.56
rene-hrvatin,Rene Hrvatin,Defender,NK Istra 1961,HNL,19,42.0,4,71.8,38.0,38.0,32.5,13,11,32.3,0.85,36.92,0,0,1,1,5,5,1,13,0.57,6.07
ljuban-crepulja,Ljuban Crepulja,Midfielder,NK Slaven Belupo,HNL,33,42.0,2,42.4,45.0,51.0,77.5,31,22,54.1,11.16,40.32,1,4,5,4,15,3,1,7,0.85,7.77
kirill-kravtsov,Kirill Kravtsov,Midfielder,GNK Dinamo Zagreb,HNL,24,42.0,1,31.4,46.0,44.0,35.0,14,9,27.4,7.42,36.79,1,0,2,1,12,5,3,16,0.43,13.95
ante-kavelj,Ante Kavelj,Midfielder,HNK Gorica,HNL,21,41.0,2,35.4,45.0,47.0,85.0,34,33,79.0,9.93,36.62,0,2,3,7,19,5,1,3,1.17,5.72
mirko-maric,Mirko Marić,Forward,NK Lokomotiva Zagreb,HNL,31,41.0,1,15.2,44.0,44.0,30.0,12,5,11.9,2.39,41.25,0,0,3,0,4,5,0,28,1.53,2.21
jakov-filipovic,Jakov Filipović,Defender,HNK Gorica,HNL,33,41.0,4,66.8,41.0,46.0,87.5,35,34,81.3,11.41,34.43,0,2,4,7,17,5,3,2,1.14,5.03
cherno-saho,Cherno Saho,Forward,NK Rudeš Zagreb,HNL,21,41.0,4,61.2,41.0,41.0,10.0,4,4,11.8,0.15,41.25,0,0,1,0,2,1,0,36,1.14,4.8
mohammad-mohebi,Mohammad Mohebbi,Forward,HNK Rijeka,HNL,27,36.0,2,39.0,43.0,45.0,70.0,28,17,51.3,5.17,40.0,0,1,6,3,17,8,0,5,2.69,5.1
vid-seitz,Vid Seitz,Midfielder,NK Rudeš Zagreb,HNL,16,41.0,0,19.8,36.0,36.0,17.5,7,1,25.6,-2.86,38.57,0,0,1,0,1,5,0,1,,
cheick-diabate,Cheick Diabaté,Midfielder,NK Rudeš Zagreb,HNL,19,41.0,1,18.0,41.0,41.0,5.0,2,1,15.0,6.4,35.0,0,0,0,0,2,0,0,4,,
stefan-peric,Stefan Perić,Defender,HNK Gorica,HNL,29,41.0,4,60.6,42.0,43.0,85.0,34,32,74.2,9.3,33.24,0,1,4,6,14,10,2,3,1.17,5.04
noel-durkovic,Noel Đurković,Forward,NK Lokomotiva Zagreb,HNL,19,41.0,4,51.2,43.0,43.0,17.5,7,4,32.2,0.97,42.14,0,0,2,0,2,3,0,15,1.05,5.01
josip-misic-1994-06-28,Josip Mišić,Midfielder,GNK Dinamo Zagreb,HNL,32,40.0,3,68.0,45.0,58.0,90.0,36,35,75.6,19.62,38.61,1,8,1,13,8,2,0,7,4.16,31.89
silvio-gorican,Silvio Goričan,Forward,NK Istra 1961,HNL,26,40.0,0,3.4,39.0,38.0,42.5,17,4,12.7,1.3,36.47,0,0,1,0,11,5,0,23,1.13,6.42
balazs-bakti,Balázs Bakti,Midfielder,NK Osijek,HNL,21,40.0,0,12.8,39.0,39.0,10.0,4,0,8.1,3.6,35.0,0,0,0,0,3,1,0,4,0.33,4.32
daouda-doumbia,Daouda Doumbia,Midfielder,NK Istra 1961,HNL,24,40.0,5,77.6,41.0,41.0,20.0,8,7,70.1,8.88,32.5,0,0,1,1,3,3,0,19,1.76,6.22
xavier-cabrita-fernandes,Xavi Fernandes,Midfielder,NK Rudeš Zagreb,HNL,28,40.0,5,76.0,38.0,38.0,17.5,7,7,66.8,-1.01,38.57,0,0,1,0,1,5,0,1,2.37,6.32
tomislav-bozic,Tomislav Božić,Defender,NK Slaven Belupo,HNL,38,40.0,3,55.6,49.0,44.0,65.0,26,24,57.4,7.57,36.15,0,4,2,3,9,7,3,12,2.36,7.91
alejandro-cantero-sanchez,Cantero,Forward,NK Osijek,HNL,26,39.0,0,24.2,36.0,36.0,37.5,15,0,18.7,1.43,35.0,0,3,2,0,11,2,0,22,1.51,5.33
kristijan-lovric,Kristijan Lovrić,Forward,NK Rudeš Zagreb,HNL,30,39.0,0,9.0,39.0,39.0,7.5,3,0,5.6,3.67,35.0,0,3,2,0,11,2,0,22,1.51,5.33
dennis-hadzikadunic,Dennis Hadzikadunic,Defender,HNK Hajduk Split,HNL,28,39.0,0,8.4,41.0,43.0,67.5,27,21,47.9,6.14,36.85,0,1,4,4,12,5,1,13,0.56,2.3
luka-vrzic,Luka Vrzić,Forward,HNK Gorica,HNL,19,39.0,1,29.4,41.0,40.0,77.5,31,9,28.7,3.91,35.81,0,0,1,1,28,3,0,7,1.42,5.59
lukas-kacavenda,Lukas Kačavenda,Midfielder,GNK Dinamo Zagreb,HNL,23,39.0,3,46.0,47.0,45.0,52.5,21,7,20.5,5.94,38.57,0,1,3,2,12,4,0,18,1.92,11.76
arber-hoxha,Arbër Hoxha,Forward,GNK Dinamo Zagreb,HNL,27,39.0,3,51.2,42.0,47.0,87.5,35,24,51.4,6.06,41.43,0,1,7,3,18,3,0,8,4.01,14.0
alec-van-hoorenbeeck,Alec Van Hoorenbeeck,Defender,HNK Hajduk Split,HNL,27,39.0,0,4.8,47.0,46.0,70.0,28,27,66.2,9.75,36.25,0,2,2,4,11,2,3,16,0.38,6.32
tomislav-duvnjak,Tomislav Duvnjak,Midfielder,NK Varaždin,HNL,23,39.0,0,20.8,40.0,45.0,90.0,36,25,62.8,8.57,36.53,0,1,3,8,17,8,0,3,2.36,5.9
stjepan-kucis,Stjepan Kučiš,Midfielder,HNK Gorica,HNL,19,39.0,1,17.6,36.0,38.0,40.0,16,2,7.8,1.7,36.56,0,0,1,0,10,5,0,24,0.82,5.02
vinko-rozic,Vinko Rozić,Forward,NK Istra 1961,HNL,23,39.0,2,33.4,43.0,42.0,67.5,27,16,39.8,3.98,38.15,0,1,2,0,19,6,0,12,1.14,5.21
ognjen-bakic,Ognjen Bakić,Midfielder,HNK Gorica,HNL,23,39.0,0,8.2,39.0,39.0,67.5,27,12,32.3,2.96,35.93,0,0,2,0,17,10,0,11,1.09,4.64
jakov-anton-vasilj,Jakov-Anton Vasilj,Midfielder,NK Lokomotiva Zagreb,HNL,24,38.0,2,31.2,36.0,38.0,65.0,26,15,37.6,0.73,36.92,0,1,2,0,14,12,0,11,0.29,7.04
karlo-sentic,Karlo Sentić,Goalkeeper,NK Slaven Belupo,HNL,25,38.0,4,72.0,38.0,38.0,17.5,7,7,78.8,2.51,35.71,0,1,0,0,4,6,2,16,1.23,8.05
marko-vesovic,Marko Vešović,Defender,NK Lokomotiva Zagreb,HNL,35,38.0,3,62.4,31.0,40.0,72.5,29,25,56.3,-0.89,40.17,0,0,6,4,6,7,5,12,1.3,3.63
miguel-angelo-bastos-melo,Balelo,Forward,NK Osijek,HNL,24,38.0,0,3.4,45.0,45.0,7.5,3,1,7.9,-1.27,43.33,0,0,1,0,2,0,0,5,,
medin-gashi,Medin Gashi,Forward,HNK Gorica,HNL,20,38.0,0,6.0,36.0,40.0,40.0,16,1,6.2,0.3,39.69,0,0,3,0,8,6,0,23,1.57,2.22
kevin-custovic,Kevin Čustović,Midfielder,HNK Gorica,HNL,26,38.0,2,29.4,40.0,40.0,17.5,7,4,34.5,4.5,35.0,0,0,0,0,7,0,0,1,1.68,
simun-mikolcic,Šimun Mikolčić,Midfielder,NK Osijek,HNL,22,38.0,2,34.2,41.0,43.0,70.0,28,13,34.7,3.85,39.46,0,0,5,1,19,6,0,9,1.38,4.07
david-kalem,David Kalem,Defender,NK Osijek,HNL,18,38.0,0,13.0,44.0,44.0,7.5,3,0,14.9,8.92,35.0,0,0,0,1,2,0,0,6,,
gustavo-hidalgo-albarracin,Gustavo Albarracín,Midfielder,NK Istra 1961,HNL,20,38.0,2,44.6,41.0,39.0,27.5,11,4,12.2,2.14,37.27,0,0,1,0,8,2,0,29,2.08,5.32
leon-bosnjak-2006-01-23,Leon Bošnjak,Midfielder,NK Slaven Belupo,HNL,20,37.0,5,65.2,41.0,38.0,55.0,22,9,24.4,2.13,36.14,0,0,2,2,6,12,1,17,0.98,6.31
ante-matej-juric,Ante Jurič,Forward,HNK Rijeka,HNL,23,37.0,0,5.0,38.0,42.0,67.5,27,13,28.9,2.66,39.63,0,0,4,0,13,7,0,16,0.48,4.5
yusuf-karhan-kabadayi,Yusuf Kabadayı,Forward,HNK Rijeka,HNL,22,37.0,0,14.0,34.0,34.0,47.5,19,4,18.0,0.27,33.95,0,0,1,0,7,13,0,19,1.54,4.47
luka-posinkovic,Luka Posinković,Defender,NK Varaždin,HNL,23,37.0,0,3.2,30.0,30.0,17.5,7,3,12.9,-5.46,35.0,0,0,0,0,4,1,2,19,0.94,4.9
david-puclin,David Puclin,Midfielder,NK Varaždin,HNL,34,37.0,0,3.6,47.0,40.0,47.5,19,7,18.1,5.22,35.26,0,1,0,1,13,4,1,20,1.86,2.32
oleksandr-petrusenko,Oleksandr Petrusenko,Midfielder,NK Osijek,HNL,28,37.0,0,14.6,43.0,42.0,52.5,21,14,33.0,7.65,34.05,0,0,4,3,11,5,1,16,1.29,2.4
emmanuel-chimeroucheya-uchegbu,Emmanuel Uchegbu,Forward,NK Varaždin,HNL,21,37.0,0,21.4,38.0,38.0,15.0,6,0,14.8,2.88,35.0,0,0,0,0,6,0,0,4,1.71,5.7
luka-posavec,Luka Posavec,Defender,NK Osijek,HNL,17,37.0,0,13.0,37.0,37.0,7.5,3,0,3.8,2.27,35.0,0,0,0,0,3,0,0,14,,
ivan-baric-2007-01-10,Ivan Barić,Forward,NK Osijek,HNL,19,37.0,0,10.6,37.0,37.0,25.0,10,2,6.9,2.09,35.0,0,0,0,0,7,3,0,30,1.9,1.0
filip-braut,Filip Braut,Defender,HNK Gorica,HNL,24,36.0,3,67.0,41.0,41.0,20.0,8,6,73.6,0.96,38.13,0,0,1,1,2,4,0,0,1.03,2.44
luka-skaricic,Luka Škaričić,Defender,NK Varaždin,HNL,24,36.0,0,1.8,44.0,51.0,60.0,24,20,43.3,11.45,39.17,0,3,3,3,10,5,0,16,1.34,4.07
duje-reic,Duje Reić,Midfielder,NK Lokomotiva Zagreb,HNL,20,36.0,0,4.6,36.0,36.0,2.5,1,0,2.9,1.2,35.0,0,0,0,0,1,0,0,7,0.93,5.04
mate-antunovic,Mate Antunović,Forward,NK Lokomotiva Zagreb,HNL,22,36.0,0,16.0,33.0,34.0,32.5,13,1,11.9,0.62,33.46,0,0,1,0,10,7,1,21,1.26,6.06
gabrijel-sivalec,Gabrijel Šivalec,Forward,GNK Dinamo Zagreb,HNL,18,36.0,0,9.0,40.0,38.0,40.0,16,3,14.6,1.76,36.56,0,0,1,0,13,4,0,18,,
stipe-josip-ukich,Stipe Ukich,Midfielder,NK Istra 1961,HNL,19,36.0,0,9.2,34.0,34.0,7.5,3,0,1.7,-1.4,35.0,0,0,0,0,1,2,0,37,,
dominik-thaqi,Dominik Thaqi,Forward,NK Lokomotiva Zagreb,HNL,19,36.0,2,32.4,36.0,38.0,30.0,12,6,11.1,0.71,37.08,0,0,0,0,7,3,0,30,0.67,4.14
fran-brodic,Fran Brodić,Forward,HNK Gorica,HNL,29,36.0,3,41.0,36.0,36.0,7.5,3,1,41.0,0.93,35.0,0,4,3,0,10,6,0,17,1.06,26.2
kayke-rodrigo-souza-de-abreu,Kayke,Forward,NK Lokomotiva Zagreb,HNL,19,36.0,0,13.8,36.0,36.0,5.0,2,0,8.6,1.45,35.0,0,0,0,0,2,0,0,6,,
antenor-junior-fernandes-da-silva-vitoria,Junior Fernándes,Forward,NK Rudeš Zagreb,HNL,38,36.0,0,4.7,36.0,36.0,5.0,2,0,4.7,0.5,35.0,0,0,0,0,2,0,0,1,,
antonio-mauric,Antonio Maurić,Midfielder,NK Istra 1961,HNL,22,36.0,3,51.0,37.0,41.0,75.0,30,20,46.9,4.68,35.83,0,1,1,5,16,10,0,7,0.96,3.2
mislav-orsic,Mislav Oršić,Forward,GNK Dinamo Zagreb,HNL,33,36.0,1,23.6,46.0,48.0,42.5,17,11,47.7,7.89,40.0,0,2,2,0,15,5,0,16,1.19,5.24
goran-grulovic,Goran Grulović,Forward,HNK Rijeka,HNL,16,36.0,0,2.4,36.0,36.0,7.5,3,18,1.2,1.1,35.0,0,1,2,2,15,10,0,10,0.76,2.13
amer-gojak,Amer Gojak,Midfielder,HNK Rijeka,HNL,29,36.0,0,11.6,43.0,40.0,85.0,34,18,41.9,3.19,37.21,0,1,2,2,15,10,0,10,0.76,2.13
ivan-nevistic,Ivan Nevistić,Goalkeeper,GNK Dinamo Zagreb,HNL,28,36.0,1,18.0,38.0,36.0,15.0,6,6,13.5,0.65,35.83,0,0,1,0,2,3,0,34,1.61,2.71
ron-raqi,Ron Raçi,Defender,HNK Hajduk Split,HNL,24,35.0,3,54.0,50.0,51.0,45.0,18,16,36.2,13.42,38.06,1,1,4,2,4,3,1,24,1.48,13.05
alfonso-daniel-barco-del-solar,Alfonso Barco,Midfielder,HNK Rijeka,HNL,24,35.0,0,6.0,39.0,39.0,80.0,32,22,57.8,4.01,34.53,0,0,2,2,15,8,1,12,0.45,4.56
dario-melnjak,Dario Melnjak,Defender,HNK Hajduk Split,HNL,33,35.0,0,11.4,45.0,44.0,55.0,22,7,21.5,7.25,37.27,1,0,1,4,9,5,0,20,1.64,1.93
luka-popovic-2005-08-29,Luka Popović,Midfielder,NK Rudeš Zagreb,HNL,21,35.0,0,5.6,35.0,35.0,5.0,2,0,3.5,0.0,35.0,0,0,0,0,1,1,0,6,,
marko-livaja,Marko Livaja,Forward,HNK Hajduk Split,HNL,33,35.0,0,12.6,42.0,52.0,72.5,29,17,42.6,5.21,46.38,0,5,6,0,14,2,1,12,0.62,4.47
mladen-devetak,Mladen Devetak,Defender,HNK Rijeka,HNL,27,35.0,1,8.2,41.0,42.0,77.5,31,26,57.1,2.87,39.35,0,2,1,3,12,8,2,12,1.15,6.98
niko-jankovic,Niko Janković,Midfielder,HNK Rijeka,HNL,25,35.0,2,23.4,35.0,39.0,42.5,17,11,31.6,6.48,32.65,0,0,3,0,14,4,2,17,0.71,6.4
toni-kolega,Toni Kolega,Forward,NK Rudeš Zagreb,HNL,27,35.0,2,39.4,39.0,47.0,35.0,14,9,61.0,10.1,37.14,0,1,2,2,22,1,2,10,0.9,0.88
marko-stolnik,Marko Stolnik,Defender,NK Rudeš Zagreb,HNL,30,34.0,5,81.6,40.0,40.0,20.0,8,8,83.9,4.46,35.63,0,1,3,0,8,5,0,11,0.82,4.77
filip-taraba,Filip Taraba,Defender,NK Rudeš Zagreb,HNL,20,34.0,3,48.8,41.0,37.0,55.0,22,10,27.8,3.13,34.32,0,0,2,2,7,12,1,16,1.78,5.07
isaac-aguiar-tomich,Isaac,Forward,NK Istra 1961,HNL,22,34.0,1,28.8,36.0,36.0,15.0,6,1,4.5,0.53,35.0,0,0,0,0,3,3,0,34,,
jakov-blagaic,Jakov Blagaić,Midfielder,NK Rudeš Zagreb,HNL,26,34.0,1,15.2,35.0,35.0,12.5,5,4,35.6,-0.24,35.0,0,0,0,0,5,2,0,3,1.23,4.58
carlos-martin-dominguez,Carlos Martín,Forward,HNK Hajduk Split,HNL,24,34.0,0,14.4,36.0,35.0,37.5,15,8,14.5,0.38,35.0,0,0,0,0,8,7,0,25,1.8,10.91
patrik-mijic,Patrik Mijić,Forward,HNK Gorica,HNL,27,34.0,5,77.4,36.0,36.0,35.0,14,8,37.7,0.72,35.0,0,1,5,0,15,14,0,5,1.15,7.49
fran-topic,Fran Topić,Forward,GNK Dinamo Zagreb,HNL,22,33.0,0,8.2,50.0,46.0,70.0,28,13,30.4,5.5,40.36,0,1,5,1,16,4,0,13,0.48,6.66
ante-pripuz-spekuljuk,Ante Pripuz Špekuljuk,Forward,NK Rudeš Zagreb,HNL,18,33.0,0,1.8,33.0,33.0,2.5,1,0,1.1,-1.8,35.0,0,0,0,0,0,1,0,7,,
arnor-jonsson,Arnór Jónsson,Midfielder,NK Slaven Belupo,HNL,24,33.0,0,3.8,36.0,36.0,25.0,10,5,32.3,1.39,35.0,0,0,0,1,3,6,0,16,,
jon-mersinaj,Jon Mersinaj,Defender,NK Slaven Belupo,HNL,27,33.0,1,12.8,44.0,40.0,52.5,21,11,26.3,4.53,35.0,0,0,3,1,10,6,1,19,1.02,3.9
dardan-morina,Dardan Morina,Midfielder,NK Lokomotiva Zagreb,HNL,20,32.0,1,10.6,32.0,32.0,5.0,2,1,6.6,-2.85,35.0,0,0,0,0,0,2,0,10,1.21,0.95
pavle-smiljanic,Pavle Smiljanić,Midfielder,NK Lokomotiva Zagreb,HNL,18,32.0,1,20.6,36.0,36.0,25.0,10,4,12.9,1.22,35.0,0,0,0,0,5,5,0,17,1.33,5.66
matija-kablar,Matija Kablar,Midfielder,NK Istra 1961,HNL,18,32.0,0,7.2,35.0,35.0,12.5,5,1,13.6,0.04,35.0,0,0,0,0,1,4,0,3,,
advan-kadusic,Advan Kadušić,Defender,NK Istra 1961,HNL,28,31.0,1,18.2,37.0,44.0,72.5,29,17,47.1,8.88,35.34,0,5,1,2,16,8,0,8,1.18,4.16
aleksa-todorovic-2004-01-25,Aleksa Todorović,Goalkeeper,HNK Rijeka,HNL,22,31.0,1,18.0,51.0,51.0,20.0,8,8,18.0,5.3,45.63,0,0,3,0,4,1,0,32,1.25,13.43
lovre-banovec,Lovre Banovec,Forward,NK Slaven Belupo,HNL,24,31.0,3,30.2,38.0,45.0,75.0,30,28,61.4,4.74,40.17,0,1,7,3,13,9,0,7,1.18,7.13
olof-matteo-perez-vinlof,Matteo Vinlöf,Defender,GNK Dinamo Zagreb,HNL,20,31.0,4,72.0,52.0,49.0,72.5,29,23,53.1,10.43,38.62,0,4,5,4,5,7,2,13,1.05,9.53
filip-mazar,Filip Mažar,Midfielder,NK Slaven Belupo,HNL,21,31.0,2,33.8,38.0,42.0,42.5,17,15,49.0,7.05,35.29,0,1,0,3,10,3,0,23,1.13,4.33
losika-ratshukudu,Losika Ratshukudu,Forward,NK Slaven Belupo,HNL,20,31.0,0,5.8,41.0,41.0,15.0,6,4,12.0,2.13,39.17,0,0,1,0,3,2,0,21,1.0,4.36
lovre-kulusic,Lovre Kulušić,Midfielder,NK Lokomotiva Zagreb,HNL,19,30.0,0,5.6,29.0,29.0,20.0,8,4,13.9,-5.89,35.0,0,0,1,0,5,10,1,23,0.37,2.43
ivan-covic,Ivan Čović,Goalkeeper,NK Slaven Belupo,HNL,36,30.0,1,18.0,46.0,46.0,22.5,9,9,21.2,7.34,38.33,0,2,1,0,3,1,2,31,1.44,10.6
ivan-posavec,Ivan Posavec,Midfielder,NK Varaždin,HNL,28,30.0,0,1.0,33.0,33.0,5.0,2,0,2.1,-2.15,35.0,0,0,0,0,4,4,0,32,1.37,4.33
mohamed-nasraoui,Mohamed Nasraoui,Defender,NK Istra 1961,HNL,24,30.0,2,37.0,52.0,54.0,55.0,22,19,45.8,16.62,37.5,0,4,6,5,4,3,1,17,0.96,4.04
bruno-unusic,Bruno Unušić,Defender,NK Rudeš Zagreb,HNL,24,30.0,4,77.4,26.0,26.0,17.5,7,6,81.0,-2.81,29.29,0,0,0,1,0,4,2,6,1.17,3.78
niko-farkas,Niko Farkaš,Midfielder,NK Osijek,HNL,19,30.0,0,5.8,44.0,44.0,17.5,7,3,6.9,1.41,42.14,0,1,1,0,2,4,0,32,1.2,1.53
ivan-katic,Ivan Katić,Midfielder,NK Lokomotiva Zagreb,HNL,21,30.0,3,43.6,38.0,35.0,55.0,22,17,34.6,-0.36,35.23,0,0,2,1,10,10,2,15,0.9,1.45
lovre-rogic,Lovre Rogić,Goalkeeper,NK Rudeš Zagreb,HNL,31,28.0,5,90.0,36.0,36.0,20.0,8,8,90.0,0.63,35.0,0,3,2,1,9,5,5,8,0.62,12.95
marko-zebic,Marko Zebić,Defender,NK Rudeš Zagreb,HNL,19,28.0,2,36.0,50.0,50.0,15.0,6,5,23.8,18.05,31.67,0,1,1,1,0,3,0,17,2.09,9.26
jakov-puljic,Jakov Puljić,Forward,HNK Rijeka,HNL,33,28.0,0,7.6,44.0,51.0,85.0,34,29,71.6,3.88,46.32,0,3,11,0,11,7,0,8,0.95,1.19
fran-karacic,Fran Karačić,Defender,NK Lokomotiva Zagreb,HNL,30,26.0,4,67.4,42.0,41.0,50.0,20,17,38.0,4.35,36.25,0,0,2,3,4,6,2,23,0.39,4.94
marcel-lorber,Marcel Lorber,Midfielder,NK Lokomotiva Zagreb,HNL,22,22.0,0,17.4,40.0,38.0,37.5,15,5,15.7,2.44,35.33,0,1,0,1,5,7,1,25,0.73,5.35
senad-mustafic,Senad Mustafić,Defender,NK Osijek,HNL,21,17.0,2,15.8,32.0,32.0,12.5,5,5,43.6,1.15,31.0,0,0,0,0,2,2,1,16,1.68,4.45
ante-susak,Ante Sušak,Defender,NK Rudeš Zagreb,HNL,20,13.0,2,32.0,20.0,20.0,15.0,6,5,24.1,-6.91,26.67,0,0,0,0,3,5,3,29,1.85,4.03
noa-godec,Noa Godec,Defender,NK Lokomotiva Zagreb,HNL,19,12.0,1,18.0,25.0,25.0,7.5,3,1,9.4,-9.53,35.0,0,0,0,0,1,3,2,22,0.75,2.39
vinko-medimorec,Vinko Međimorec,Defender,NK Slaven Belupo,HNL,30,,0,0.0,43.0,42.0,35.0,14,9,23.0,8.49,33.57,0,0,3,2,3,6,1,25,1.56,5.92
ante-udovicic,Ante Udovičić,Defender,NK Rudeš Zagreb,HNL,17,,0,0.0,0.0,0.0,0.0,0,0,0.0,0.0,0.0,0,0,0,0,0,0,0,8,,
daniel-zagorac,Danijel Zagorac,Goalkeeper,GNK Dinamo Zagreb,HNL,39,,0,0.0,0.0,0.0,0.0,0,0,0.0,0.0,0.0,0,0,0,0,0,0,0,40,0.47,1.49
leonard-zhuta,Leonard Zuta,Defender,NK Slaven Belupo,HNL,34,,0,0.0,42.0,39.0,40.0,16,13,30.5,0.63,38.13,0,0,2,2,7,5,3,21,0.65,5.83
noah-nsoki,Noah Nsoki,Forward,GNK Dinamo Zagreb,HNL,19,,0,0.0,37.0,37.0,2.5,1,0,0.2,1.6,35.0,0,0,0,0,1,0,0,37,,
luka-lukanic,Luka Lukanić,Midfielder,NK Varaždin,HNL,22,,0,,0.0,0.0,0.0,0,0,,0.0,0.0,0,0,0,0,0,0,0,40,0.63,10.24
vito-papac,Vito Papac,Forward,NK Slaven Belupo,HNL,17,,0,0.0,0.0,0.0,0.0,0,0,0.0,0.0,0.0,0,0,0,0,0,0,0,8,,
domagoj-durkovic,Domagoj Đurković,Midfielder,NK Rudeš Zagreb,HNL,24,,0,0.0,0.0,0.0,0.0,0,0,0.0,0.0,0.0,0,0,0,0,0,0,0,8,1.38,4.18
lukas-zahora,Lukas Zahora,Forward,NK Slaven Belupo,HNL,19,,0,0.0,0.0,0.0,0.0,0,0,0.0,0.0,0.0,0,0,0,0,0,0,0,10,0.69,5.02
wisdom-aondowase-sule,Wisdom Sule,Forward,HNK Gorica,HNL,22,,0,0.0,33.0,36.0,32.5,13,6,19.2,-0.78,36.92,0,0,1,0,5,7,0,12,1.58,4.4
stipe-duvnjak,Stipe Duvnjak,Goalkeeper,NK Rudeš Zagreb,HNL,18,,0,0.0,0.0,0.0,0.0,0,0,0.0,0.0,0.0,0,0,0,0,0,0,0,8,,
jona-benkotic,Jona Benkotić,Midfielder,GNK Dinamo Zagreb,HNL,17,,0,0.0,0.0,0.0,0.0,0,0,0.0,0.0,0.0,0,0,0,0,0,0,0,3,,
petar-bockaj,Petar Bočkaj,Defender,NK Varaždin,HNL,30,,0,0.0,38.0,38.0,20.0,8,0,3.3,3.32,35.0,0,0,0,0,6,3,0,31,1.89,4.95
kaloyan-bozhkov-bozhkov,Kaloyan Bozhkov,Midfielder,GNK Dinamo Zagreb,HNL,18,,0,0.0,0.0,0.0,0.0,0,0,0.0,0.0,0.0,0,0,0,0,0,0,0,15,,
ante-erceg,Ante Erceg,Forward,HNK Gorica,HNL,36,,0,0.0,50.0,44.0,42.5,17,9,23.9,2.38,41.18,0,1,4,0,8,4,1,22,0.74,0.77
felipe-castaldo-curcio,Felipe Curcio,Defender,NK Rudeš Zagreb,HNL,33,,0,0.0,21.0,21.0,7.5,3,3,27.8,-6.89,28.33,0,0,0,0,0,2,1,9,,
david-mateo-mejia-moscoso,David Mejía,Midfielder,NK Osijek,HNL,23,,0,0.0,49.0,45.0,52.5,21,17,38.8,9.9,35.0,0,1,1,7,10,5,0,16,1.24,4.95
domagoj-ivan-maric,Domagoj Marić,Goalkeeper,HNK Rijeka,HNL,20,,0,0.0,0.0,0.0,0.0,0,0,0.0,0.0,0.0,0,0,0,0,0,0,0,40,0.31,4.34
illia-kutia,Illia Kutia,Midfielder,HNK Hajduk Split,HNL,18,,0,0.0,32.0,32.0,2.5,1,0,1.2,-3.4,35.0,0,0,0,0,0,1,0,13,,
keenan-nino-carole,Keenan Carole,Forward,HNK Gorica,HNL,22,,0,0.0,39.0,39.0,2.5,1,0,5.6,4.1,35.0,0,0,0,0,1,0,0,7,0.79,4.31
roko-brajkovic,Roko Brajković,Forward,HNK Hajduk Split,HNL,21,,0,0.0,49.0,48.0,50.0,20,15,32.5,6.36,41.75,0,1,5,1,9,3,0,21,1.3,3.49
daniel-rodriguez-crespo,Dani Rodríguez,Forward,GNK Dinamo Zagreb,HNL,21,,0,0.0,0.0,0.0,0.0,0,0,0.0,0.0,0.0,0,0,0,0,0,0,0,40,1.59,6.8
filipe-jose-quissequel,Paizinho,Forward,NK Varaždin,HNL,18,,0,0.0,35.0,35.0,7.5,3,0,0.8,0.3,35.0,0,0,0,0,2,1,0,19,,
elisandro-kozina-aranha-pinheiro,Elisandro Kožina,Defender,HNK Gorica,HNL,17,,0,0.0,0.0,0.0,0.0,0,0,0.0,0.0,0.0,0,0,0,0,0,0,0,8,,
luka-hodak-2006-06-10,Luka Hodak,Defender,HNK Hajduk Split,HNL,20,,0,0.0,41.0,41.0,47.5,19,13,29.7,6.71,33.95,0,0,2,1,6,5,1,25,1.53,4.4
davyd-fesyuk,Davyd Fesiuk,Goalkeeper,HNK Hajduk Split,HNL,21,,0,0.0,0.0,0.0,0.0,0,0,0.0,0.0,0.0,0,0,0,0,0,0,0,40,0.57,4.43
darijan-radelic-zarkov,Darijan Žarkov,Goalkeeper,HNK Gorica,HNL,34,,0,0.0,0.0,0.0,0.0,0,0,0.0,0.0,0.0,0,0,0,0,0,0,0,40,1.13,1.05
marino-skelin,Marino Skelin,Defender,HNK Hajduk Split,HNL,20,,0,0.0,50.0,50.0,10.0,4,3,7.6,15.19,35.0,0,0,1,0,3,0,0,36,1.22,5.71
vito-medic,Vito Medić,Midfielder,NK Slaven Belupo,HNL,19,,0,0.0,0.0,0.0,0.0,0,0,0.0,0.0,0.0,0,0,0,0,0,0,0,7,,
maj-pavli,Maj Pavli,Goalkeeper,NK Slaven Belupo,HNL,24,,0,0.0,0.0,0.0,0.0,0,0,0.0,0.0,0.0,0,0,0,0,0,0,0,8,2.22,
roko-gabric,Roko Gabrić,Defender,HNK Hajduk Split,HNL,19,,0,0.0,43.0,43.0,12.5,5,3,11.2,8.1,35.0,0,0,0,1,3,1,0,30,,
vito-caic,Vito Čaić,Midfielder,NK Osijek,HNL,21,,0,0.0,39.0,36.0,57.5,23,21,46.0,1.17,34.57,0,1,3,0,7,10,3,16,1.29,4.81
sven-sunta,Sven Šunta,Midfielder,GNK Dinamo Zagreb,HNL,19,,0,0.0,42.0,42.0,22.5,9,0,3.8,4.54,37.78,0,0,1,1,6,1,0,24,2.05,5.51
stefan-vukic,Stefan Vukić,Forward,NK Rudeš Zagreb,HNL,31,,0,0.0,43.0,43.0,7.5,3,1,15.6,-0.7,43.33,0,0,1,0,1,1,0,7,,
calixte-paul-ligue,Calixte Ligue,Defender,HNK Rijeka,HNL,21,,0,0.0,31.0,31.0,22.5,9,6,11.4,-4.0,35.0,0,0,0,0,2,8,0,30,1.44,6.96
lovro-loncaric,Lovro Lončarić,Midfielder,NK Slaven Belupo,HNL,22,,0,0.0,0.0,0.0,0.0,0,0,0.0,0.0,0.0,0,0,0,0,0,0,0,5,0.52,4.99
ivan-zutic,Ivan Žutić,Defender,NK Rudeš Zagreb,HNL,25,,0,0.0,0.0,0.0,0.0,0,0,0.0,0.0,0.0,0,0,0,0,0,0,0,8,1.36,4.96
hadji-issa-moustapha,Hadji Moustapha,Defender,HNK Gorica,HNL,22,,0,0.0,44.0,44.0,7.5,3,2,11.7,8.67,35.0,0,0,1,0,0,2,0,12,1.47,3.65
mislav-cutuk,Mislav Ćutuk,Forward,GNK Dinamo Zagreb,HNL,19,,0,0.0,0.0,0.0,0.0,0,0,0.0,0.0,0.0,0,0,0,0,0,0,0,40,,
krunoslav-hendija,Krunoslav Hendija,Goalkeeper,NK Lokomotiva Zagreb,HNL,37,,0,0.0,0.0,0.0,0.0,0,0,0.0,0.0,0.0,0,0,0,0,0,0,0,40,0.78,3.92
mario-situm,Mario Šitum,Defender,NK Lokomotiva Zagreb,HNL,34,,0,0.0,38.0,40.0,37.5,15,5,14.2,4.52,35.0,0,0,0,3,7,5,0,25,1.13,2.15
ivan-filipovic,Ivan Filipović,Goalkeeper,GNK Dinamo Zagreb,HNL,31,,0,0.0,51.0,48.0,35.0,14,14,32.2,6.59,41.07,0,1,3,0,4,4,0,28,0.53,7.88
nikica-peranovic,Nikica Peranović,Defender,NK Rudeš Zagreb,HNL,20,,0,0.0,0.0,0.0,0.0,0,0,0.0,0.0,0.0,0,0,0,0,0,0,0,8,1.32,5.2
josip-radman,Josip Radman,Midfielder,NK Rudeš Zagreb,HNL,19,,0,0.0,0.0,0.0,0.0,0,0,0.0,0.0,0.0,0,0,0,0,0,0,0,8,,
luka-savatovic,Luka Savatović,Goalkeeper,NK Lokomotiva Zagreb,HNL,22,,0,0.0,51.0,51.0,7.5,3,3,7.3,7.33,43.33,0,0,1,0,2,0,0,37,1.39,6.61
mutari-momoh,Mutari Momoh,Defender,NK Istra 1961,HNL,18,,0,0.0,0.0,0.0,0.0,0,0,0.0,0.0,0.0,0,0,0,0,0,0,0,26,,
moreno-zivkovic,Moreno Živković,Defender,HNK Rijeka,HNL,22,,0,0.0,39.0,38.0,37.5,15,15,31.6,1.83,36.67,0,1,0,2,4,7,1,25,0.91,5.88
marko-pajac,Marko Pajač,Defender,NK Lokomotiva Zagreb,HNL,33,,0,0.0,56.0,52.0,72.5,29,29,66.8,7.03,43.28,0,3,12,1,7,6,2,9,0.77,2.81
filip-holjevac,Filip Holjevac,Goalkeeper,NK Rudeš Zagreb,HNL,19,,0,0.0,0.0,0.0,0.0,0,0,0.0,0.0,0.0,0,0,0,0,0,0,0,8,1.15,5.15
josip-pejic,Josip Pejić,Forward,NK Rudeš Zagreb,HNL,25,,0,0.0,44.0,44.0,7.5,3,0,4.4,0.27,43.33,0,0,1,0,2,0,0,11,1.44,3.18
roberto-puncec,Roberto Punčec,Defender,NK Varaždin,HNL,34,,0,0.0,47.0,45.0,45.0,18,15,34.9,9.94,35.0,0,0,3,5,6,5,0,21,1.39,7.64
mateo-barac,Mateo Barać,Defender,NK Varaždin,HNL,32,,0,0.0,44.0,44.0,20.0,8,5,11.3,6.19,38.13,0,0,2,1,3,1,1,32,1.77,2.21
simon-karshe-cletus,Simon Cletus,Midfielder,HNK Rijeka,HNL,18,,0,0.0,0.0,0.0,0.0,0,0,0.0,0.0,0.0,0,0,0,0,0,0,0,19,,
bartol-kardum,Bartol Kardum,Forward,HNK Gorica,HNL,20,,0,0.0,34.0,34.0,5.0,2,0,0.6,-0.75,35.0,0,0,0,0,1,1,0,38,0.95,4.96
silvio-ilinkovic,Silvio Ilinković,Midfielder,NK Varaždin,HNL,23,,0,0.0,39.0,39.0,25.0,10,0,4.8,1.5,37.5,0,0,1,0,8,1,0,30,2.04,5.6
roko-banovac,Roko Banovac,Goalkeeper,NK Istra 1961,HNL,17,,0,0.0,0.0,0.0,0.0,0,0,0.0,0.0,0.0,0,0,0,0,0,0,0,33,,
viktor-vesligaj,Viktor Vešligaj,Defender,HNK Rijeka,HNL,16,,0,0.0,40.0,40.0,2.5,1,0,0.2,5.18,35.0,0,0,0,0,1,0,0,12,,
dante-stipica,Dante Stipica,Goalkeeper,HNK Hajduk Split,HNL,35,,0,0.0,0.0,0.0,0.0,0,0,0.0,0.0,0.0,0,0,0,0,0,0,0,36,0.34,3.35
jan-paus-kunst,Jan Paus-Kunšt,Goalkeeper,NK Istra 1961,HNL,25,,0,0.0,43.0,43.0,2.5,1,1,2.5,8.3,35.0,0,0,0,0,1,0,0,39,1.56,4.34
luka-curkovic,Luka Ćurković,Defender,NK Lokomotiva Zagreb,HNL,21,,0,0.0,37.0,37.0,5.0,2,0,0.2,1.56,35.0,0,0,0,0,2,0,0,38,1.73,4.83
domagoj-bukvic,Domagoj Bukvić,Forward,NK Osijek,HNL,22,52.0,5,81.0,63.0,46.0,0.0,0,0,54.9,8.72,37.14,0,3,3,4,18,10,0,2,2.1,11.23
nikola-radnic,Nikola Radnić,Defender,GNK Dinamo Zagreb,HNL,18,,0,0.0,0.0,0.0,0.0,0,0,0.0,0.0,0.0,0,0,0,0,0,0,0,5,,
tin-dosen,Tin Došen,Goalkeeper,HNK Gorica,HNL,20,,0,0.0,0.0,0.0,0.0,0,0,0.0,0.0,0.0,0,0,0,0,0,0,0,36,0.96,5.28
tomislav-prgomet,Tomislav Prgomet,Midfielder,HNK Gorica,HNL,19,,0,0.0,0.0,0.0,0.0,0,0,0.0,0.0,0.0,0,0,0,0,0,0,0,9,1.13,5.88
anton-matkovic,Anton Matković,Forward,NK Osijek,HNL,20,,0,0.0,41.0,40.0,42.5,17,9,27.0,1.89,37.94,0,0,2,0,9,6,0,23,1.17,4.96
robby-mccrorie,Robby McCrorie,Goalkeeper,NK Varaždin,HNL,28,,0,0.0,0.0,0.0,0.0,0,0,0.0,0.0,0.0,0,1,4,0,9,3,0,23,2.06,6.93
teo-kolar,Teo Kolar,Goalkeeper,NK Slaven Belupo,HNL,19,,0,0.0,0.0,0.0,0.0,0,0,0.0,0.0,0.0,0,0,0,0,0,0,0,32,,
noel-bodetic,Noel Bodetić,Defender,HNK Rijeka,HNL,22,,0,0.0,45.0,45.0,25.0,10,5,11.9,7.18,37.5,0,1,0,1,5,3,0,30,0.96,5.08
mihail-caimacov,Mihail Caimacov,Midfielder,NK Slaven Belupo,HNL,28,,0,0.0,45.0,44.0,27.5,11,9,16.4,9.14,35.0,0,1,1,0,6,3,0,29,1.21,5.23
colin-gabriel-jacques,Colin Jacques,Forward,NK Rudeš Zagreb,HNL,32,,0,0.0,0.0,0.0,0.0,0,0,0.0,0.0,0.0,0,0,0,0,0,0,0,40,,
fuzy-taylor,Fuzy Taylor,Midfielder,GNK Dinamo Zagreb,HNL,18,,0,0.0,0.0,0.0,0.0,0,0,0.0,0.0,0.0,0,0,0,0,0,0,0,3,,
robert-mudrazija,Robert Mudražija,Midfielder,GNK Dinamo Zagreb,HNL,29,,0,0.0,41.0,41.0,22.5,9,0,3.6,-0.23,40.56,0,0,2,0,4,4,0,30,1.53,4.5
patrik-maric,Patrik Marić,Forward,NK Slaven Belupo,HNL,19,,0,0.0,35.0,35.0,2.5,1,0,0.1,0.0,35.0,0,0,0,0,2,0,0,38,0.99,4.15
itsuki-urata,Itsuki Urata,Defender,NK Slaven Belupo,HNL,29,,0,0.0,27.0,27.0,5.0,2,2,20.5,-7.65,35.0,0,0,4,3,6,7,1,13,1.25,5.05
allyson-do-nascimento-honorio,Allyson,Forward,NK Rudeš Zagreb,HNL,25,,0,0.0,0.0,0.0,0.0,0,0,0.0,0.0,0.0,0,0,0,0,0,0,0,12,1.42,0.71
vito-kovac,Vito Kovač,Goalkeeper,HNK Rijeka,HNL,18,,0,0.0,0.0,0.0,0.0,0,0,0.0,0.0,0.0,0,0,0,0,0,0,0,40,,
dominik-celija,Dominik Celija,Forward,NK Istra 1961,HNL,20,,0,0.0,0.0,0.0,0.0,0,0,0.0,0.0,0.0,0,0,0,0,0,0,0,40,0.97,3.84
joseph-essomba,Joseph Essomba,Midfielder,NK Slaven Belupo,HNL,22,,0,0.0,0.0,0.0,0.0,0,0,0.0,0.0,0.0,0,0,0,0,0,0,0,6,,
david-samuel-nwolokor,David Nwolokor,Goalkeeper,HNK Rijeka,HNL,30,,0,0.0,0.0,0.0,0.0,0,0,0.0,0.0,0.0,0,0,0,0,0,0,0,40,0.93,1.81
luka-tunjic,Luka Tunjić,Forward,NK Osijek,HNL,20,45.0,1,12.6,39.0,42.0,0.0,0,0,7.5,4.44,37.27,0,0,2,0,15,4,0,19,0.33,0.9
leon-geci,Leon Geci,Midfielder,NK Slaven Belupo,HNL,18,,0,0.0,35.0,35.0,5.0,2,0,0.4,-0.45,35.0,0,0,0,0,0,2,0,14,,
toni-brajkovic,Toni Brajković,Forward,NK Istra 1961,HNL,18,,0,0.0,0.0,0.0,0.0,0,0,0.0,0.0,0.0,0,0,0,0,0,0,0,6,,
ivica-ivusic,Ivica Ivušić,Goalkeeper,HNK Hajduk Split,HNL,31,,0,0.0,54.0,52.0,17.5,7,7,15.8,3.13,49.29,0,0,0,0,0,0,2,38,1.14,5.1
jan-hlapcic,Jan Hlapčić,Goalkeeper,NK Osijek,HNL,20,,0,0.0,0.0,0.0,0.0,0,0,0.0,0.0,0.0,0,0,0,0,0,0,0,40,1.53,5.07
teo-barisic,Téo Barišić,Defender,HNK Rijeka,HNL,22,,0,0.0,47.0,47.0,20.0,8,6,11.0,11.26,35.63,0,1,2,1,1,1,1,33,1.24,5.3
filip-kutlesa,Filip Kutleša,Defender,NK Slaven Belupo,HNL,17,,0,0.0,30.0,30.0,10.0,4,1,2.6,-0.18,30.0,0,0,0,0,2,1,1,10,,
lovro-dukic,Lovro Dukić,Defender,HNK Gorica,HNL,20,,0,0.0,0.0,0.0,0.0,0,0,0.0,0.0,0.0,0,0,0,0,0,0,0,38,1.87,4.92
edis-malikji,Edis Malikji,Defender,NK Lokomotiva Zagreb,HNL,30,,0,0.0,0.0,0.0,0.0,0,0,0.0,0.0,0.0,0,0,0,0,0,0,0,40,,
marko-petrovic-2006-04-06,Marko Petrović,Defender,NK Slaven Belupo,HNL,20,,0,0.0,33.0,33.0,10.0,4,2,6.2,-2.15,35.0,0,0,0,0,1,3,0,36,1.09,5.99
rodrigo-rivas-gonzales,Rodrigo Rivas,Forward,NK Rudeš Zagreb,HNL,29,,0,0.0,0.0,0.0,0.0,0,0,0.0,0.0,0.0,0,0,0,0,0,0,0,40,,
nikola-curcija,Nikola Curcija,Goalkeeper,NK Osijek,HNL,25,,0,0.0,44.0,44.0,12.5,5,5,12.2,4.46,40.0,0,0,1,1,1,2,0,35,1.33,6.44
mihael-kelava,Mihael Kelava,Midfielder,HNK Gorica,HNL,17,,0,0.0,28.0,28.0,2.5,1,0,0.1,-6.9,35.0,0,0,0,0,0,1,0,9,,
teo-novak,Teo Novak,Goalkeeper,NK Varaždin,HNL,19,,0,0.0,0.0,0.0,0.0,0,0,0.0,0.0,0.0,0,0,0,0,0,0,0,40,,
anes-huskic,Anes Huskić,Midfielder,NK Lokomotiva Zagreb,HNL,19,,0,0.0,43.0,43.0,2.5,1,0,0.4,7.5,35.0,0,0,0,0,1,0,0,39,,
leander-dendoncker,Leander Dendoncker,Midfielder,HNK Hajduk Split,HNL,31,,0,0.0,39.0,39.0,37.5,15,11,27.0,5.11,33.67,0,1,1,1,11,5,0,21,2.71,0.6
lovre-loncar,Lovre Lončar,Forward,NK Slaven Belupo,HNL,20,,0,0.0,0.0,0.0,0.0,0,0,0.0,0.0,0.0,0,0,0,0,0,0,0,19,1.47,5.05
peter-nnaemeka-ugwuodo,Peter Ugwuodo,Forward,HNK Hajduk Split,HNL,20,,0,0.0,0.0,0.0,0.0,0,0,0.0,0.0,0.0,0,0,0,0,0,0,0,31,0.42,3.79
demirel-hodzic,Demirel Hodzic,Midfielder,NK Istra 1961,HNL,21,,0,0.0,0.0,0.0,0.0,0,0,0.0,0.0,0.0,0,0,0,0,0,0,0,2,,
aleks-stojakovic,Aleks Stojaković,Forward,GNK Dinamo Zagreb,HNL,22,,0,0.0,40.0,46.0,65.0,26,23,51.4,3.13,42.31,0,1,6,0,10,7,1,15,1.5,6.06
sven-lesjak,Sven Lesjak,Defender,NK Varaždin,HNL,20,,0,0.0,44.0,47.0,27.5,11,7,19.5,11.13,35.45,0,0,2,2,5,2,0,29,1.7,4.07
ante-bilobrk,Ante Bilobrk,Defender,NK Slaven Belupo,HNL,19,,0,0.0,0.0,0.0,0.0,0,0,0.0,0.0,0.0,0,0,0,0,0,0,0,8,0.73,5.37
patrik-ulf-anders-carlgren,Patrik Carlgren,Goalkeeper,FC Nantes,Ligue 2,34,99.0,1,18.0,60.0,60.0,7.5,3,2,6.0,16.77,43.33,0,1,0,1,0,1,0,37,0.44,2.77
kilian-corredor,Killian Corredor,Forward,FC Nantes,Ligue 2,25,81.0,1,8.8,50.0,52.0,62.5,25,23,58.1,10.14,42.2,1,2,5,1,21,0,0,10,2.28,6.1
amine-hemia,Amine Hemia,Midfielder,En Avant Guingamp,Ligue 2,28,75.0,1,18.0,62.0,62.0,25.0,10,10,23.5,12.29,49.5,0,2,6,2,4,1,0,25,,
teji-savanier,Téji Savanier,Midfielder,FC Metz,Ligue 2,34,73.0,4,64.4,56.0,55.0,65.0,26,18,46.5,12.21,43.08,2,4,5,4,10,5,0,10,0.96,4.98
augustine-boakye,Augustine Boakye,Midfielder,AS Saint-Étienne,Ligue 2,25,70.0,5,85.2,58.0,53.0,77.5,31,31,65.3,7.22,45.32,0,2,12,2,12,4,0,8,10.16,27.36
ilyes-housni,Ilyes Housni,Forward,AS Nancy-Lorraine,Ligue 2,21,71.0,5,89.8,64.0,64.0,17.5,7,7,89.9,18.7,45.71,0,2,1,2,9,4,0,22,5.14,10.95
raphael-lipinski,Raphaël Lipinski,Defender,Rodez Aveyron Football,Ligue 2,24,69.0,5,90.0,59.0,53.0,92.5,37,37,90.0,14.12,38.65,1,4,6,14,11,4,0,0,0.97,3.54
mathieu-peybernes,Mathieu Peybernes,Defender,FC Sochaux-Montbéliard,Ligue 2,35,66.0,5,90.0,62.0,62.0,15.0,6,6,73.1,18.85,43.33,0,2,1,2,1,0,0,1,,
theo-sainte-luce,Théo Sainte-Luce,Defender,Montpellier Hérault SC,Ligue 2,27,66.0,5,90.0,62.0,55.0,70.0,28,25,63.7,17.63,37.86,1,3,5,8,11,3,1,8,0.84,2.07
mehdi-jeannin,Mehdi Jeannin,Goalkeeper,FC Sochaux-Montbéliard,Ligue 2,35,65.0,5,90.0,65.0,65.0,17.5,7,7,90.0,16.11,49.29,0,3,3,2,3,1,0,28,,
daylam-meddah,Daylam Meddah,Defender,Montpellier Hérault SC,Ligue 2,23,64.0,4,61.4,59.0,54.0,67.5,27,27,63.2,17.2,37.04,1,4,8,4,7,5,1,10,2.1,6.21
jessy-benet,Jessy Benet,Midfielder,Pau FC,Ligue 2,31,64.0,5,89.8,56.0,63.0,80.0,32,31,79.1,19.17,43.59,1,9,8,3,14,0,0,5,3.49,14.29
damien-durand,Damien Durand,Forward,Red Star FC 93,Ligue 2,31,64.0,4,74.4,59.0,54.0,87.5,35,31,75.6,9.05,44.71,0,7,7,4,20,2,0,0,,
ethan-kena-kabeya,Ethan Kabeya,Defender,Clermont Foot 63,Ligue 2,20,63.0,5,90.0,57.0,57.0,17.5,7,7,90.0,21.87,35.0,0,0,3,3,1,1,0,32,,
mathis-houdayer,Mathis Houdayer,Forward,Stade Lavallois Mayenne FC,Ligue 2,21,63.0,5,82.6,56.0,50.0,45.0,18,9,32.7,8.17,41.94,0,1,5,2,6,4,0,6,,
simon-brady-ngapandouetnbu,Simon Ngapandouetnbu,Goalkeeper,Montpellier Hérault SC,Ligue 2,23,63.0,5,90.0,65.0,58.0,80.0,32,32,72.0,10.72,47.19,0,8,8,4,8,5,0,7,10.89,74.33
nehemiah-fernandez-veliz,Nehemiah Fernandez-Veliz,Defender,AS Nancy-Lorraine,Ligue 2,21,63.0,5,84.4,62.0,47.0,77.5,31,27,68.6,9.55,37.9,1,2,5,3,15,8,2,4,,
samy-olivier-chouchane,Samy Chouchane,Midfielder,Dijon FCO,Ligue 2,23,63.0,5,85.2,56.0,56.0,17.5,7,5,67.4,12.11,43.57,0,1,2,0,3,1,0,30,,
julio-tavares,Júlio Tavares,Forward,Dijon FCO,Ligue 2,37,63.0,1,27.0,55.0,55.0,15.0,6,1,22.9,6.03,49.17,0,1,2,0,3,0,0,1,,
abdourahmane-mbodj,Abdourahmane Mbodj,Forward,FC Metz,Ligue 2,18,63.0,0,3.6,63.0,63.0,2.5,1,0,3.0,2.9,60.0,0,0,1,0,0,0,0,5,,
vital-n-simba,Vital Nsimba,Defender,Clermont Foot 63,Ligue 2,33,61.0,5,90.0,52.0,48.0,57.5,23,15,46.7,10.53,37.17,0,4,2,4,13,6,0,11,1.08,9.04
ange-martial-tia,Ange Tia,Midfielder,Stade de Reims,Ligue 2,19,61.0,5,73.4,60.0,52.0,77.5,31,24,53.0,11.8,40.0,0,3,9,3,15,6,1,3,4.53,22.29
sam-sanna,Sam Sanna,Midfielder,Stade Lavallois Mayenne FC,Ligue 2,27,61.0,5,85.6,53.0,46.0,85.0,34,33,83.5,11.23,35.15,0,2,2,13,18,3,1,1,,
daouda-guindo,Daouda Guindo,Defender,Stade de Reims,Ligue 2,23,61.0,5,90.0,56.0,46.0,75.0,30,26,64.1,9.65,36.5,0,4,4,3,10,9,2,8,2.51,18.42
florian-tardieu,Florian Tardieu,Midfielder,Montpellier Hérault SC,Ligue 2,34,61.0,5,90.0,52.0,56.0,60.0,24,21,51.0,15.79,41.04,1,2,5,8,9,1,0,14,0.46,1.37
dalangunypole-gomis,Dalangunypole Gomis,Defender,FC Sochaux-Montbéliard,Ligue 2,22,61.0,3,49.0,49.0,49.0,12.5,5,4,16.8,8.96,40.0,0,1,0,0,4,1,0,34,0.45,6.74
pape-mamadou-sy,Pape Sy,Goalkeeper,FC Metz,Ligue 2,29,61.0,1,18.0,48.0,48.0,22.5,9,9,22.1,9.56,38.89,0,1,3,1,1,1,2,31,,
pape-moussa-fall,Pape Fall,Forward,FC Metz,Ligue 2,22,60.0,5,89.6,58.0,52.0,82.5,33,25,66.4,5.74,45.61,0,6,6,2,11,9,0,6,1.08,5.72
julien-laporte,Julien Laporte,Defender,Montpellier Hérault SC,Ligue 2,32,60.0,5,90.0,57.0,56.0,75.0,30,30,74.7,19.51,36.83,0,2,14,8,8,3,0,5,1.23,8.2
brandon-bokangou,Brandon Bokangu,Midfielder,En Avant Guingamp,Ligue 2,26,60.0,2,50.0,48.0,43.0,65.0,26,16,39.5,1.07,41.35,0,0,9,0,10,11,1,9,,
enzo-tacafred,Enzo Tacafred,Defender,AS Nancy-Lorraine,Ligue 2,21,59.0,5,89.4,51.0,47.0,67.5,27,25,62.2,9.71,36.85,0,1,6,2,11,7,0,13,,
yaya-kader-fofana,Yaya Fofana,Midfielder,Stade de Reims,Ligue 2,22,59.0,5,82.2,54.0,48.0,40.0,16,7,18.1,3.98,44.06,0,2,3,0,10,1,0,24,5.15,22.71
jonathan-frost-fischer,Jonathan Fischer,Goalkeeper,FC Metz,Ligue 2,24,59.0,4,72.0,54.0,51.0,70.0,28,27,67.9,8.45,42.14,0,1,8,10,9,4,0,8,,
teddy-averlant,Teddy Averlant,Forward,En Avant Guingamp,Ligue 2,27,59.0,5,67.0,52.0,44.0,87.5,35,28,59.8,6.49,37.86,0,0,5,2,23,4,0,6,,
samuel-junior-kotto,Samuel Kotto,Defender,Stade de Reims,Ligue 2,23,58.0,5,90.0,54.0,55.0,75.0,30,29,64.2,19.29,36.17,0,4,8,8,4,3,2,11,4.88,18.24
irvin-cardona,Irvin Cardona,Forward,AS Saint-Étienne,Ligue 2,29,58.0,5,84.0,64.0,55.0,100.0,40,34,69.4,8.76,45.88,0,7,9,4,18,2,0,0,15.74,45.47
islamdine-halifa,Islamdine Halifa,Midfielder,Red Star FC 93,Ligue 2,21,57.0,5,80.2,57.0,57.0,17.5,7,7,14.7,16.87,40.0,1,0,0,2,4,0,0,33,0.43,1.2
adel-lembezat,Adel Lembezat,Midfielder,Dijon FCO,Ligue 2,28,57.0,3,56.6,56.0,56.0,17.5,7,3,47.9,10.6,45.71,0,0,4,1,2,2,0,1,,
alexandre-olliero,Alexandre Olliero,Goalkeeper,Grenoble Foot 38,Ligue 2,30,57.0,5,90.0,53.0,53.0,17.5,7,7,18.0,7.61,45.71,0,1,2,0,3,1,0,33,1.63,14.34
lucas-perrin,Lucas Perrin,Defender,FC Nantes,Ligue 2,27,57.0,5,90.0,58.0,51.0,55.0,22,20,44.9,13.44,37.5,0,2,5,3,6,6,0,18,1.01,6.52
yohann-magnin,Yohann Magnin,Midfielder,Grenoble Foot 38,Ligue 2,29,56.0,5,87.6,51.0,51.0,17.5,7,7,88.3,12.67,38.57,0,2,5,4,19,4,0,6,1.4,11.78
blondy-nna-noukeu,Blondy Noukeu,Goalkeeper,US Boulogne-sur-Mer Côte d'Opale,Ligue 2,25,56.0,5,90.0,46.0,50.0,52.5,21,21,47.2,5.9,43.33,0,2,8,0,6,2,3,19,2.49,14.95
saad-agouzoul,Saad Agouzoul,Defender,FC Sochaux-Montbéliard,Ligue 2,29,56.0,3,44.0,52.0,52.0,22.5,9,8,44.1,16.32,36.11,0,2,2,1,2,1,1,31,0.96,1.77
theo-guivarch,Theo Guivarch,Goalkeeper,Clermont Foot 63,Ligue 2,30,56.0,5,90.0,53.0,45.0,85.0,34,34,87.4,6.17,38.82,0,3,7,7,10,10,2,1,,
chamsedin-kouranfal,Chamsedin Kouranfal,Midfielder,Stade de Reims,Ligue 2,20,56.0,4,54.6,56.0,56.0,12.5,5,4,45.5,11.48,45.0,1,1,0,0,2,1,0,1,,
donatien-gomis-1994-11-07,Donatien Gomis,Defender,En Avant Guingamp,Ligue 2,31,56.0,5,74.4,56.0,57.0,67.5,27,26,65.3,18.1,39.26,0,5,8,6,9,2,2,8,3.03,7.08
jeremie-matumona-makanga,Jérémie Matumona,Defender,En Avant Guingamp,Ligue 2,20,56.0,2,31.6,43.0,40.0,27.5,11,7,16.9,0.73,37.73,0,0,2,2,3,4,1,28,,
anthony-briancon,Anthony Briançon,Defender,Pau FC,Ligue 2,31,56.0,4,66.2,53.0,54.0,47.5,19,18,44.1,17.2,36.32,0,1,7,7,8,1,0,16,1.87,9.65
loni-quenabio,Loni Laurent,Defender,Rodez Aveyron Football,Ligue 2,25,56.0,5,87.0,62.0,56.0,60.0,24,20,49.5,16.77,39.17,0,5,6,2,7,5,0,15,,
jessy-deminguet,Jessy Deminguet,Midfielder,FC Metz,Ligue 2,28,56.0,5,79.4,55.0,46.0,85.0,34,30,67.6,6.08,39.71,0,2,5,2,21,7,0,3,1.54,10.77
jordan-marie,Jordan Marié,Midfielder,Dijon FCO,Ligue 2,35,56.0,2,49.4,51.0,51.0,17.5,7,4,57.0,9.06,42.14,0,2,2,2,13,2,0,5,,
jean-ruiz,Jean Ruiz,Defender,FC Metz,Ligue 2,28,55.0,3,43.6,57.0,53.0,65.0,26,26,63.6,16.38,36.15,0,3,9,7,7,1,4,9,,
nolan-binet,Nolan Binet,Midfielder,US Boulogne-sur-Mer Côte d'Opale,Ligue 2,22,55.0,4,73.2,49.0,44.0,87.5,35,32,77.9,6.46,37.14,0,1,3,7,20,8,0,1,,
benjaloud-youssouf,Bendjaloud Youssouf,Defender,FC Sochaux-Montbéliard,Ligue 2,32,55.0,2,42.8,47.0,47.0,17.5,7,6,54.5,8.35,38.57,0,0,4,0,3,5,0,28,,
joseph-layousse-samb,Layousse Samb,Defender,Stade Lavallois Mayenne FC,Ligue 2,25,55.0,1,18.2,48.0,48.0,10.0,4,1,8.1,12.72,35.0,0,1,0,0,2,1,0,10,,
paul-delecroix,Paul Delecroix,Goalkeeper,Dijon FCO,Ligue 2,37,54.0,5,90.0,54.0,54.0,15.0,6,6,77.1,14.6,39.17,0,0,2,2,2,0,0,1,,
mattheo-xantippe,Matthéo Xantippe,Defender,Grenoble Foot 38,Ligue 2,24,54.0,5,89.2,53.0,45.0,80.0,32,29,72.6,6.32,38.13,0,3,6,2,10,15,1,3,1.73,3.16
souleymane-basse,Souleymane Basse,Defender,Pau FC,Ligue 2,22,54.0,1,28.8,46.0,46.0,15.0,6,2,12.7,6.54,39.17,0,1,3,3,11,5,1,16,1.97,7.6
youssef-el-kachati,Youssef El Kachati,Forward,Stade de Reims,Ligue 2,26,53.0,2,34.4,43.0,44.0,47.5,19,3,16.3,1.44,42.11,0,0,7,0,11,5,0,17,1.53,5.99
abdoulaye-mbaye,Abdoulaye Mbaye,Forward,Pau FC,Ligue 2,21,53.0,0,9.2,53.0,53.0,5.0,2,0,3.8,5.0,47.5,0,0,1,0,0,1,0,10,1.71,3.95
nordan-mukiele,Nordan Mukiele,Forward,Montpellier Hérault SC,Ligue 2,20,53.0,5,77.0,47.0,44.0,37.5,15,7,16.7,4.49,40.0,0,0,3,1,7,4,0,25,,
paul-bellon,Paul Bellon,Midfielder,Dijon FCO,Ligue 2,26,53.0,3,45.4,57.0,57.0,15.0,6,5,54.7,17.45,39.17,0,1,2,1,2,0,0,20,,
tom-tony-pouilly,Tom Pouilly,Defender,Pau FC,Ligue 2,23,54.0,5,85.8,52.0,47.0,82.5,33,30,71.1,8.5,38.03,0,0,11,5,9,10,2,3,1.44,6.99
baptiste-mouazan,Baptiste Mouazan,Midfielder,Grenoble Foot 38,Ligue 2,25,52.0,5,74.6,43.0,41.0,50.0,20,15,31.7,2.96,37.75,0,0,4,1,10,8,1,16,1.19,6.74
thierno-ballo,Thierno Ballo,Forward,AS Saint-Étienne,Ligue 2,24,52.0,5,60.6,49.0,43.0,75.0,30,23,41.2,2.38,40.67,0,1,5,1,16,7,0,10,1.69,14.58
theo-magnin,Théo Magnin,Defender,Red Star FC 93,Ligue 2,23,52.0,5,76.4,50.0,44.0,57.5,23,16,35.2,8.12,36.09,0,0,3,2,17,4,0,14,,
wilitty-younoussa,Wilitty Younoussa,Midfielder,FC Nantes,Ligue 2,25,52.0,3,48.6,48.0,44.0,80.0,32,19,46.7,5.52,38.44,0,0,4,3,16,9,0,8,0.77,9.28
sohaib-nair,Sohaib Nair,Defender,AS Saint-Étienne,Ligue 2,24,52.0,5,90.0,57.0,54.0,62.5,25,24,61.0,16.33,37.0,0,4,5,4,9,1,2,15,2.31,12.73
yoann-salmier,Yoann Salmier,Defender,Clermont Foot 63,Ligue 2,33,51.0,5,90.0,51.0,50.0,77.5,31,30,79.4,14.62,35.32,0,1,5,11,13,6,1,3,0.6,1.44
noah-fatar,Noah Fatar,Forward,US Boulogne-sur-Mer Côte d'Opale,Ligue 2,24,51.0,1,27.8,48.0,49.0,70.0,28,16,42.7,7.73,41.61,0,2,7,5,10,9,0,7,,
aurelien-platret,Aurélien Platret,Defender,US Boulogne-sur-Mer Côte d'Opale,Ligue 2,23,51.0,4,63.6,52.0,48.0,77.5,31,21,51.7,8.61,38.39,0,2,7,6,7,10,0,8,,
nicolas-pays,Nicolas Pays,Forward,Montpellier Hérault SC,Ligue 2,23,51.0,5,88.4,52.0,48.0,85.0,34,33,81.4,9.18,38.97,0,3,4,4,18,7,0,4,1.61,5.65
cristian-castro-devenish,Cristian Devenish,Defender,FC Metz,Ligue 2,25,51.0,5,90.0,53.0,45.0,67.5,27,27,64.4,9.32,35.19,0,1,7,3,12,5,4,8,,
tyris-dong,Tyris Dong,Forward,Dijon FCO,Ligue 2,18,50.0,4,60.4,47.0,47.0,17.5,7,4,53.0,3.93,42.14,0,1,1,0,4,1,0,0,,
benjamin-gomel,Benjamin Gomel,Forward,FC Sochaux-Montbéliard,Ligue 2,28,50.0,2,36.6,45.0,45.0,12.5,5,4,45.4,5.12,40.0,0,0,1,0,4,0,0,2,,
sidi-bane,Sidi Bane,Defender,Stade Lavallois Mayenne FC,Ligue 2,22,50.0,1,18.0,46.0,39.0,42.5,17,14,39.5,6.09,32.94,0,0,2,6,5,4,5,18,1.5,5.87
jovany-ikanga-a-ngele,Jovany Ikanga A Ngele,Forward,Red Star FC 93,Ligue 2,24,50.0,3,45.8,50.0,43.0,77.5,31,18,43.7,2.49,40.97,0,3,6,1,10,15,0,5,,
elie-n-gatta,Élie N'Gatta,Defender,FC Sochaux-Montbéliard,Ligue 2,20,50.0,5,90.0,48.0,48.0,17.5,7,7,90.0,13.0,35.0,0,0,1,3,1,2,0,0,,
quentin-paris,Quentin Paris,Forward,Stade de Reims,Ligue 2,19,50.0,1,15.6,40.0,38.0,50.0,20,4,18.6,0.15,37.75,0,5,1,4,8,1,0,21,1.81,19.21
mohammed-daramy,Mohamed Daramy,Forward,Stade de Reims,Ligue 2,24,50.0,4,79.4,48.0,49.0,55.0,22,16,41.3,9.3,39.55,0,2,4,3,11,3,0,17,2.2,17.06
kilyan-veniere-jusseron,Kilyan Veniere,Midfielder,FC Annecy,Ligue 2,20,50.0,1,16.2,41.0,40.0,27.5,11,1,7.1,0.65,39.55,0,0,2,0,4,5,0,29,,
maxime-colin,Maxime Colin,Defender,FC Metz,Ligue 2,34,50.0,1,19.2,54.0,49.0,60.0,24,19,49.5,12.9,36.04,0,1,7,2,10,3,2,15,,
maxime-bernauer,Maxime Bernauer,Defender,AS Saint-Étienne,Ligue 2,28,50.0,5,81.0,59.0,54.0,50.0,20,19,43.8,19.3,34.5,0,3,5,4,6,3,1,18,4.73,17.08
tom-ritzy-hulsmann,Tom Hülsmann,Goalkeeper,Stade de Reims,Ligue 2,22,50.0,5,90.0,50.0,51.0,75.0,30,30,83.9,7.4,43.83,0,4,9,2,15,6,1,3,7.13,50.99
tamar-svetlin,Tamar Svetlin,Midfielder,AS Saint-Étienne,Ligue 2,25,50.0,1,30.6,52.0,52.0,17.5,7,4,31.8,13.1,38.57,0,5,1,4,8,1,0,21,1.81,19.21
mohamet-airam-ramos-wade,Moha Ramos,Goalkeeper,US du Littoral de Dunkerque,Ligue 2,26,50.0,3,65.4,50.0,50.0,10.0,4,3,46.7,14.83,35.0,0,0,1,1,1,1,0,36,1.05,5.18
thibault-rambaud,Thibault Rambaud,Forward,FC Annecy,Ligue 2,29,50.0,2,39.8,50.0,47.0,72.5,29,21,45.7,2.23,44.48,0,0,12,0,15,6,0,7,,
tom-meynadier,Tom Meynadier,Defender,Dijon FCO,Ligue 2,26,50.0,3,53.8,37.0,38.0,55.0,22,17,50.9,3.1,35.0,0,0,1,4,14,11,3,7,0.53,5.19
clement-billemaz,Clément Billemaz,Forward,FC Annecy,Ligue 2,28,49.0,5,84.2,49.0,52.0,80.0,32,31,71.3,9.67,42.66,0,3,11,1,19,3,0,3,,
ibrahima-sissoko,Ibrahima Sissoko,Midfielder,FC Nantes,Ligue 2,28,49.0,3,53.6,47.0,42.0,62.5,25,17,36.4,4.46,37.4,0,2,0,2,14,8,0,14,1.34,6.68
elydjah-mendy,Elydjah Mendy,Defender,AS Nancy-Lorraine,Ligue 2,26,49.0,4,60.4,49.0,46.0,65.0,26,26,63.6,11.08,34.62,0,1,5,4,10,3,4,10,,
ivan-adnan-joshua-m-bahia,Ivan M'Bahia,Defender,Clermont Foot 63,Ligue 2,21,49.0,2,35.6,45.0,50.0,77.5,31,27,70.8,15.29,34.35,0,1,7,8,12,4,0,8,,
ethan-clavreul,Ethan Clavreul,Midfielder,Stade Lavallois Mayenne FC,Ligue 2,20,49.0,3,60.2,48.0,41.0,65.0,26,9,29.7,-0.84,41.15,0,1,6,0,12,11,1,9,,
ryad-hachem,Ryad Hachem,Midfielder,FC Nantes,Ligue 2,28,48.0,3,51.4,46.0,44.0,82.5,33,30,73.2,6.92,37.21,0,0,6,4,21,7,0,2,2.02,4.46
lenny-vallier,Lenny Vallier,Defender,US du Littoral de Dunkerque,Ligue 2,27,49.0,4,81.0,44.0,43.0,50.0,20,12,33.5,7.56,35.0,0,0,3,3,7,6,1,20,0.91,4.82
balthazar-pierret,Balthazar Pierret,Midfielder,FC Nantes,Ligue 2,26,49.0,2,35.4,52.0,47.0,47.5,19,15,33.8,11.88,35.26,0,1,1,6,9,2,0,21,0.67,10.08
jordan-morel,Jordan Morel,Midfielder,US du Littoral de Dunkerque,Ligue 2,22,49.0,5,71.2,49.0,49.0,17.5,7,7,74.6,13.87,35.0,0,0,1,2,3,1,0,0,,
clement-vidal,Clément Vidal,Defender,Grenoble Foot 38,Ligue 2,26,49.0,5,90.0,48.0,51.0,77.5,31,29,72.7,14.58,36.61,0,1,7,9,12,4,0,7,1.81,4.7
julien-le-cardinal,Julien Le Cardinal,Defender,AS Saint-Étienne,Ligue 2,29,49.0,5,89.2,58.0,56.0,57.5,23,21,47.8,19.78,36.09,0,2,8,5,5,3,0,17,5.36,28.5
albin-demouchy,Albin Démouchy,Defender,En Avant Guingamp,Ligue 2,24,49.0,4,84.6,53.0,54.0,57.5,23,19,50.3,16.25,37.83,0,3,6,4,13,2,0,12,,
aron-csongvai,Áron Csongvai,Midfielder,AS Saint-Étienne,Ligue 2,25,49.0,4,82.4,56.0,56.0,22.5,9,9,70.2,12.53,43.33,0,3,1,2,8,1,0,10,5.8,23.32
tanguy-ahile,Tanguy Ahilé,Midfielder,En Avant Guingamp,Ligue 2,22,49.0,4,65.8,46.0,42.0,77.5,31,12,35.1,5.68,36.61,0,1,1,3,25,4,0,6,,
lorenzo-rajot,Lorenzo Rajot,Midfielder,Pau FC,Ligue 2,28,49.0,4,54.2,49.0,49.0,17.5,7,5,49.7,3.16,45.71,0,0,8,1,17,6,0,8,1.43,4.31
mathis-magnin,Mathis Magnin,Defender,Rodez Aveyron Football,Ligue 2,25,49.0,5,90.0,51.0,47.0,90.0,36,36,87.6,9.55,37.36,0,1,9,6,17,4,2,1,,
theo-leoni,Théo Leoni,Midfielder,Stade de Reims,Ligue 2,26,49.0,5,88.8,54.0,60.0,87.5,35,34,84.3,19.55,40.0,1,3,14,9,8,2,0,3,5.0,22.13
theo-chennahi,Théo Chennahi,Midfielder,Montpellier Hérault SC,Ligue 2,21,49.0,1,26.8,45.0,48.0,80.0,32,27,68.5,9.91,38.13,0,1,5,7,18,6,0,3,,
saif-eddine-khaoui,Saïf-Eddine Khaoui,Midfielder,Red Star FC 93,Ligue 2,31,48.0,4,59.8,46.0,44.0,77.5,31,18,42.6,3.32,40.65,0,2,6,1,16,11,0,4,,
abdel-hbouch,Abdel Hbouch,Midfielder,US Boulogne-sur-Mer Côte d'Opale,Ligue 2,27,48.0,5,82.6,41.0,45.0,67.5,27,15,42.2,5.77,39.63,0,1,5,2,18,6,0,8,,
cheikh-fall,Cheikh Fall,Midfielder,Pau FC,Ligue 2,22,48.0,4,74.8,44.0,41.0,70.0,28,13,40.6,4.12,37.32,0,2,1,2,17,6,1,11,1.52,3.31
hacene-benali,Hacène Benali,Forward,Pau FC,Ligue 2,26,48.0,4,65.0,44.0,42.0,72.5,29,10,30.7,4.07,37.59,0,1,4,1,16,11,0,7,1.53,2.86
brandon-nsimba-ndezi,Brandon Nsimba Ndezi,Midfielder,Dijon FCO,Ligue 2,26,48.0,5,83.0,49.0,49.0,17.5,7,7,82.4,17.04,32.14,0,0,1,3,2,1,0,0,,
zakaria-fdaouch,Zakaria Fdaouch,Forward,AS Nancy-Lorraine,Ligue 2,29,48.0,3,58.6,51.0,50.0,77.5,31,25,63.0,9.24,40.65,0,0,9,5,18,4,0,4,,
kevin-cabral,Kévin Cabral,Forward,Red Star FC 93,Ligue 2,27,48.0,4,76.0,58.0,47.0,82.5,33,21,51.9,3.01,43.64,0,1,10,0,17,7,0,5,1.86,0.75
demba-thiam,Demba Thiam,Defender,US Boulogne-sur-Mer Côte d'Opale,Ligue 2,36,48.0,5,90.0,45.0,45.0,82.5,33,32,80.7,9.04,35.91,0,0,7,8,11,10,2,2,,
n-tamon-elie-ahouonon,N'Tamon Ahouonon,Defender,Stade de Reims,Ligue 2,22,48.0,5,90.0,53.0,49.0,47.5,19,17,43.9,14.56,33.95,0,0,6,7,6,2,1,16,2.52,7.6
florian-bianchini,Florian Bianchini,Forward,Clermont Foot 63,Ligue 2,25,48.0,2,37.2,41.0,45.0,12.5,5,4,8.5,5.16,40.0,0,0,1,0,3,1,0,35,0.5,4.92
quentin-bernard,Quentin Bernard,Defender,Dijon FCO,Ligue 2,37,47.0,4,78.6,49.0,49.0,17.5,7,6,81.9,13.86,35.0,0,2,3,4,8,7,0,2,1.01,
theo-epailly,Théo Epailly,Forward,US Boulogne-sur-Mer Côte d'Opale,Ligue 2,27,47.0,5,76.6,41.0,40.0,50.0,20,8,19.9,2.89,37.5,0,0,2,0,12,6,0,20,0.93,2.68
sambou-soumano,Sambou Soumano,Forward,Stade de Reims,Ligue 2,25,47.0,3,50.4,41.0,40.0,82.5,33,10,29.8,0.82,39.09,0,1,6,0,11,19,0,3,0.96,3.64
yannis-nahounou,Yannis Nahounou,Defender,AS Nancy-Lorraine,Ligue 2,22,47.0,5,90.0,46.0,48.0,47.5,19,16,39.4,10.79,37.11,0,2,1,4,8,5,0,20,,
paul-venot,Paul Venot,Midfielder,FC Annecy,Ligue 2,24,47.0,3,50.0,48.0,42.0,75.0,30,23,57.0,2.87,39.33,0,0,6,2,14,12,1,5,,
kemo-cisse,Kémo Cissé,Forward,Red Star FC 93,Ligue 2,29,47.0,3,56.8,45.0,46.0,67.5,27,22,53.7,6.57,39.63,0,1,6,1,21,3,0,8,,
mathieu-cafaro,Mathieu Cafaro,Forward,FC Nantes,Ligue 2,29,54.0,5,70.0,46.0,43.0,35.0,14,7,15.3,6.62,36.79,0,1,1,0,11,3,0,24,1.62,9.21
jonas-martin,Jonas Martin,Midfielder,US Boulogne-sur-Mer Côte d'Opale,Ligue 2,36,47.0,2,46.4,44.0,44.0,60.0,24,15,39.2,8.32,36.04,0,0,2,5,17,4,0,12,0.92,0.72
opa-sangante,Opa Sanganté,Midfielder,US du Littoral de Dunkerque,Ligue 2,35,47.0,5,90.0,46.0,48.0,70.0,28,24,63.8,7.36,40.36,0,3,3,3,14,6,1,10,,
esteban-mouton,Esteban Mouton,Defender,Stade Lavallois Mayenne FC,Ligue 2,23,47.0,4,69.6,49.0,49.0,15.0,6,5,72.0,9.56,39.17,0,0,2,0,3,1,0,1,,
pape-meissa-ba,Pape Meïssa Ba,Forward,AS Nancy-Lorraine,Ligue 2,29,47.0,2,34.2,47.0,43.0,47.5,19,7,35.1,1.58,41.32,0,1,6,0,13,12,0,8,0.39,1.83
kadan-young,Kadan Young,Forward,FC Annecy,Ligue 2,20,47.0,4,59.2,46.0,46.0,20.0,8,5,35.7,4.73,41.25,0,0,3,0,10,2,0,25,,
corentin-fatou,Corentin Fatou,Forward,Stade Lavallois Mayenne FC,Ligue 2,27,47.0,0,6.8,42.0,46.0,62.5,25,11,30.8,2.68,43.4,0,2,6,1,9,12,0,10,,
aboubacar-lo,Aboubacar Lô,Defender,Stade Lavallois Mayenne FC,Ligue 2,26,47.0,5,79.6,45.0,43.0,62.5,25,23,57.1,7.02,36.0,0,1,4,5,14,5,1,10,,
thomas-robinet,Thomas Robinet,Forward,FC Nantes,Ligue 2,30,47.0,5,86.6,56.0,53.0,85.0,34,33,81.2,4.43,48.38,0,5,13,0,13,7,1,1,2.74,20.74
elyaz-zidane-fernandez,Elyaz Zidane,Defender,Red Star FC 93,Ligue 2,20,47.0,4,72.0,57.0,57.0,15.0,6,6,77.1,13.54,43.33,0,2,0,2,0,2,0,1,,
samuel-renel,Samuel Renel,Midfielder,Red Star FC 93,Ligue 2,24,47.0,3,46.4,45.0,45.0,15.0,6,3,13.7,6.13,39.17,0,1,2,1,18,3,0,15,,
babacar-leye,Babacar Leye,Forward,Pau FC,Ligue 2,26,46.0,5,65.8,46.0,46.0,17.5,7,5,55.0,2.69,43.57,0,1,1,0,4,1,0,0,0.58,5.27
mohamed-abdoul-kader-kone,Mohamed Koné,Midfielder,FC Annecy,Ligue 2,19,46.0,4,65.8,45.0,45.0,17.5,7,6,18.3,6.89,38.57,0,0,1,1,4,1,0,19,,
jakob-breum-martinsen,Jakob Breum,Midfielder,AS Saint-Étienne,Ligue 2,22,46.0,2,31.6,52.0,56.0,80.0,32,26,54.7,11.17,45.31,1,8,4,2,15,2,0,8,13.5,71.48
vimoj-muntu-wa-mungu,Vimoj Muntu Wa Mungu,Defender,En Avant Guingamp,Ligue 2,21,46.0,1,40.4,44.0,44.0,17.5,7,1,33.7,5.02,38.57,0,1,0,0,5,1,0,19,,
amine-kashi,Amine Kashi,Forward,Stade de Reims,Ligue 2,23,46.0,1,13.0,47.0,47.0,7.5,3,2,19.3,2.6,43.33,0,0,1,0,1,1,0,4,,
dylan-durivaux,Dylan Durivaux,Defender,Red Star FC 93,Ligue 2,25,46.0,5,90.0,51.0,55.0,87.5,35,35,90.0,18.84,36.57,0,8,8,8,14,2,0,0,,
urie-michel-mboula,M. Mboula,Defender,FC Metz,Ligue 2,23,46.0,1,27.8,43.0,45.0,37.5,15,9,20.9,10.9,33.67,0,0,2,1,9,3,0,25,,
believe-munongo,Believe Munongo,Midfielder,FC Metz,Ligue 2,16,46.0,4,71.2,42.0,39.0,45.0,18,11,27.6,4.43,35.0,0,0,1,2,9,6,0,15,,
bouna-sarr,Bouna Sarr,Defender,FC Metz,Ligue 2,34,46.0,5,90.0,49.0,41.0,42.5,17,15,64.1,7.03,33.82,0,1,0,4,6,4,2,23,0.99,9.74
zuriko-davitashvili,Zuriko Davitashvili,Forward,AS Saint-Étienne,Ligue 2,25,46.0,2,43.4,54.0,56.0,90.0,36,27,62.4,10.41,46.11,1,6,7,3,15,3,0,5,6.0,20.17
erwin-koffi,Erwin Koffi,Defender,En Avant Guingamp,Ligue 2,31,46.0,4,67.4,44.0,42.0,60.0,24,18,44.1,4.73,37.08,0,2,1,5,12,8,0,12,,
naoufel-el-hannach,Naoufel El Hannach,Defender,Montpellier Hérault SC,Ligue 2,19,46.0,4,68.0,52.0,49.0,50.0,20,12,31.4,12.97,36.25,0,1,3,4,13,4,0,15,,
enzo-basilio,Enzo Basilio,Goalkeeper,AS Nancy-Lorraine,Ligue 2,32,46.0,5,90.0,45.0,45.0,80.0,32,32,82.3,3.12,42.34,0,3,9,2,12,9,2,3,8.68,70.67
maxime-dupe,Maxime Dupé,Goalkeeper,FC Nantes,Ligue 2,33,46.0,5,90.0,43.0,41.0,42.5,17,17,38.2,2.55,38.24,0,0,3,2,7,4,1,23,2.61,15.68
khalil-ayari,Khalil Ayari,Forward,US du Littoral de Dunkerque,Ligue 2,21,46.0,3,65.6,44.0,44.0,22.5,9,3,38.3,3.67,40.56,0,0,2,0,3,2,0,3,,
antonin-cartillier,Antonin Cartillier,Midfielder,Rodez Aveyron Football,Ligue 2,22,45.0,4,75.8,45.0,45.0,17.5,7,6,75.3,6.87,38.57,0,0,1,2,3,2,0,27,,
kevin-pedro,Kévin Pedro,Defender,AS Saint-Étienne,Ligue 2,20,45.0,5,83.2,50.0,53.0,70.0,28,27,74.3,15.44,37.68,0,3,8,4,5,8,0,12,1.62,16.35
aurelien-pelon,Aurélien Pelon,Defender,Grenoble Foot 38,Ligue 2,22,45.0,4,72.0,45.0,45.0,10.0,4,4,18.9,4.2,41.25,0,0,1,0,3,1,0,35,,
theo-brusco,Théo Brusco,Defender,US Boulogne-sur-Mer Côte d'Opale,Ligue 2,26,45.0,4,69.6,49.0,49.0,15.0,6,6,73.3,17.17,31.67,0,0,1,2,2,0,1,15,,
ahmed-kashi,Ahmed Kashi,Midfielder,FC Annecy,Ligue 2,37,45.0,5,90.0,47.0,45.0,85.0,34,34,86.1,8.29,36.62,0,2,2,8,20,6,1,1,,
antoine-joujou,Antoine Joujou,Forward,FC Nantes,Ligue 2,23,45.0,0,11.8,42.0,42.0,60.0,24,4,18.0,2.53,39.58,0,1,3,2,13,9,0,12,0.71,4.62
antoine-kerriou,Antoine Kerriou,Midfielder,US Boulogne-sur-Mer Côte d'Opale,Ligue 2,23,45.0,5,90.0,41.0,41.0,17.5,7,7,90.0,6.11,35.0,0,0,0,2,3,2,0,0,,
jordan-mendes-correia,Jordan Mendes,Midfielder,Rodez Aveyron Football,Ligue 2,22,45.0,5,90.0,45.0,46.0,85.0,34,32,68.4,9.49,36.62,0,2,4,4,19,6,1,4,,
jean-grillot,Jean Grillot,Midfielder,Clermont Foot 63,Ligue 2,20,45.0,5,90.0,46.0,46.0,17.5,7,7,90.0,10.86,35.0,0,0,0,2,5,1,0,10,,
yohann-demoncy,Yohan Demoncy,Midfielder,FC Sochaux-Montbéliard,Ligue 2,30,45.0,1,21.8,43.0,48.0,50.0,20,12,29.4,8.5,40.0,0,2,2,2,15,1,0,18,0.53,4.41
jahyann-pandore,Jahyann Pandore,Forward,FC Metz,Ligue 2,18,45.0,4,67.2,44.0,44.0,22.5,9,4,26.3,5.74,37.78,0,0,1,1,5,2,0,7,,
adrien-pinot,Adrien Pinot,Defender,US Boulogne-sur-Mer Côte d'Opale,Ligue 2,25,45.0,1,19.8,42.0,41.0,65.0,26,18,43.8,6.15,34.81,0,3,3,3,11,7,3,10,,
salomon-junior-sambia,Junior Sambia,Defender,Clermont Foot 63,Ligue 2,30,45.0,2,55.8,46.0,46.0,17.5,7,2,45.0,7.71,38.57,0,0,1,2,12,9,0,16,0.48,0.5
gaetan-poussin,Gaëtan Poussin,Goalkeeper,Red Star FC 93,Ligue 2,27,45.0,5,90.0,50.0,51.0,87.5,35,35,90.0,7.96,43.0,0,5,12,1,15,7,0,0,5.19,31.11
gaetan-paquiez,Gaëtan Paquiez,Defender,Pau FC,Ligue 2,32,45.0,4,76.4,44.0,49.0,80.0,32,30,77.2,10.76,37.81,0,4,7,6,11,8,1,3,1.59,6.97
armel-junior-zohouri,Armel Zohouri,Defender,Stade de Reims,Ligue 2,25,45.0,2,27.6,34.0,34.0,12.5,5,4,25.6,2.46,32.0,0,0,2,0,2,6,2,28,1.28,12.22
yael-mouanga,Yaël Mouanga,Defender,Montpellier Hérault SC,Ligue 2,21,44.0,3,51.6,48.0,47.0,50.0,20,17,39.9,12.48,35.0,0,0,5,4,11,4,1,15,,
saidou-sow-2002-07-04,Saidou Sow,Defender,FC Nantes,Ligue 2,24,44.0,5,90.0,51.0,46.0,42.5,17,15,33.5,12.88,32.94,0,3,2,1,5,5,1,23,5.48,5.47
jean-lambert-evans,Evan's Jean Lambert,Defender,Rodez Aveyron Football,Ligue 2,27,44.0,2,47.4,44.0,48.0,87.5,35,30,69.6,5.67,41.43,0,3,11,3,9,12,0,2,,
matteo-veillon,Mattéo Veillon,Defender,FC Annecy,Ligue 2,24,44.0,5,89.2,45.0,47.0,42.5,17,11,32.9,11.51,35.0,0,0,5,2,9,6,0,18,,
julien-maggiotti,Julien Maggiotti,Midfielder,Stade Lavallois Mayenne FC,Ligue 2,31,44.0,2,38.8,39.0,42.0,50.0,20,12,26.7,3.74,38.75,0,1,2,3,11,8,0,15,0.91,1.11
joshua-duffus,Joshua Duffus,Forward,AS Saint-Étienne,Ligue 2,21,44.0,0,21.6,40.0,43.0,80.0,32,6,24.0,3.04,40.47,1,2,2,0,22,7,0,6,0.62,6.71
giorgi-abuashvili,Giorgi Abuashvili,Forward,FC Metz,Ligue 2,23,44.0,2,77.4,46.0,42.0,70.0,28,11,29.8,4.76,36.96,0,0,3,1,20,3,1,12,,
samba-lele-diba,Samba Diba,Midfielder,Grenoble Foot 38,Ligue 2,22,44.0,4,74.4,41.0,40.0,55.0,22,12,30.8,1.92,37.5,0,0,3,2,12,7,2,14,1.34,3.87
samir-ben-brahim,Samir Ben Brahim,Midfielder,En Avant Guingamp,Ligue 2,23,44.0,4,78.2,41.0,41.0,17.5,7,4,61.9,2.67,38.57,0,0,1,0,5,1,0,0,,
axel-bamba,Axel Bamba,Defender,Pau FC,Ligue 2,27,44.0,3,47.6,47.0,47.0,12.5,5,5,59.7,11.55,35.0,0,2,6,3,13,5,1,10,1.42,3.98
lucas-bernadou,Lucas Bernadou,Midfielder,Grenoble Foot 38,Ligue 2,26,43.0,4,71.6,44.0,46.0,55.0,22,16,63.3,8.65,37.27,0,1,4,7,17,8,0,3,1.97,5.27
ismail-bouleghcha,Ismaïl Bouleghcha,Defender,Dijon FCO,Ligue 2,23,43.0,2,36.0,45.0,45.0,7.5,3,3,38.6,9.85,35.0,0,0,1,0,1,1,0,4,,
brice-maubleu,Brice Maubleu,Goalkeeper,Pau FC,Ligue 2,36,43.0,5,90.0,49.0,52.0,30.0,12,11,26.1,6.54,45.42,1,0,4,0,5,2,0,28,2.87,15.57
ugo-bonnet,Ugo Bonnet,Forward,Grenoble Foot 38,Ligue 2,33,43.0,2,35.4,41.0,38.0,47.5,19,12,49.2,0.86,36.58,0,0,2,0,14,10,1,13,2.35,5.07
nelson-sissoko,Alpha Sissoko,Defender,Montpellier Hérault SC,Ligue 2,29,43.0,0,9.2,39.0,48.0,62.5,25,23,65.5,15.07,33.4,0,1,8,9,11,2,2,7,,
kenny-nagera-2002-02-21,Kenny Nagera,Forward,Rodez Aveyron Football,Ligue 2,24,43.0,2,47.2,41.0,38.0,92.5,37,15,42.9,-1.13,39.32,0,0,6,0,8,26,0,0,1.01,5.25
louis-leroux,Louis Leroux,Midfielder,FC Nantes,Ligue 2,20,43.0,0,12.0,41.0,41.0,60.0,24,13,36.7,2.89,38.13,0,0,3,2,13,10,0,12,2.08,5.1
alpha-diallo,Alpha Diallo,Midfielder,Stade Lavallois Mayenne FC,Ligue 2,20,43.0,0,2.6,43.0,43.0,2.5,1,0,0.4,7.9,35.0,0,0,0,0,1,0,0,39,,
godson-kyeremeh,Godson Kyeremeh,Forward,Red Star FC 93,Ligue 2,26,43.0,1,20.8,42.0,43.0,35.0,14,4,13.5,4.89,38.57,0,0,2,0,14,0,0,24,1.24,6.47
johann-theo-tom-lepenant,Johann Lepenant,Midfielder,FC Nantes,Ligue 2,23,43.0,4,67.4,49.0,47.0,72.5,29,23,61.9,12.12,35.17,0,3,3,10,14,3,1,6,1.57,8.17
jasser-chamakh,Jasser Chamakh,Forward,En Avant Guingamp,Ligue 2,23,43.0,0,26.8,42.0,42.0,17.5,7,0,24.3,7.39,35.0,0,0,0,1,5,1,0,0,,
florent-da-silva,Florent Da Silva,Midfielder,En Avant Guingamp,Ligue 2,23,43.0,2,33.0,40.0,40.0,15.0,6,4,42.0,4.88,35.0,0,0,2,2,11,2,0,23,,38.24
william-bianda,William Bianda,Defender,Stade Lavallois Mayenne FC,Ligue 2,26,43.0,4,82.4,42.0,43.0,85.0,34,31,80.1,6.87,35.88,0,0,7,7,15,5,2,4,,
victor-lobry,Victor Lobry,Midfielder,FC Sochaux-Montbéliard,Ligue 2,31,42.0,1,21.8,39.0,40.0,30.0,12,10,22.9,2.68,37.08,0,1,2,0,7,7,0,23,0.87,4.87
noam-strotz,Noam Strotz,Midfielder,Clermont Foot 63,Ligue 2,19,42.0,2,30.0,42.0,42.0,7.5,3,2,21.4,7.27,35.0,0,0,0,0,3,0,0,4,,
damjan-pavlovic,Damjan Pavlovic,Midfielder,Rodez Aveyron Football,Ligue 2,25,42.0,4,55.8,41.0,41.0,17.5,7,4,43.1,6.0,35.0,0,0,1,2,8,5,1,23,0.49,
mahmoud-jaber,Mahmoud Jaber,Midfielder,AS Saint-Étienne,Ligue 2,26,42.0,0,5.0,53.0,54.0,40.0,16,13,28.4,13.37,39.69,0,1,6,0,7,1,0,25,0.48,7.84
alessio-beaudouin,Alessio Beaudouin,Defender,Stade Lavallois Mayenne FC,Ligue 2,21,42.0,2,44.0,40.0,40.0,12.5,5,2,9.2,5.43,35.0,0,0,1,0,3,1,0,19,,
kouroufia-kebe,Kouroufia Kebe,Forward,AS Nancy-Lorraine,Ligue 2,20,42.0,5,89.8,44.0,44.0,17.5,7,7,89.0,9.46,35.0,0,0,0,1,6,0,0,0,,
dylan-tavares-dos-santos,Dylan Tavares,Defender,FC Sochaux-Montbéliard,Ligue 2,30,42.0,2,47.6,44.0,44.0,17.5,7,3,47.3,9.08,35.0,0,1,2,0,6,2,2,27,1.02,1.06
tom-ducrocq,Tom Ducrocq,Midfielder,En Avant Guingamp,Ligue 2,27,42.0,4,46.2,42.0,46.0,72.5,29,26,64.2,10.66,35.17,0,0,4,4,21,5,0,6,0.27,0.51
sacha-mellier,Sacha Mellier,Midfielder,Stade Lavallois Mayenne FC,Ligue 2,18,42.0,2,26.4,42.0,42.0,5.0,2,2,18.9,6.9,35.0,0,0,0,0,2,0,0,5,,
victor-mayela,Victor Mayela,Defender,US du Littoral de Dunkerque,Ligue 2,22,42.0,4,47.2,46.0,46.0,67.5,27,26,59.7,10.68,35.37,0,0,6,5,8,6,2,12,1.0,10.72
boubacar-fofana,Boubacar Fofana,Forward,FC Sochaux-Montbéliard,Ligue 2,28,42.0,4,56.8,40.0,40.0,17.5,7,4,45.4,1.47,38.57,0,0,1,1,6,8,0,24,,
gautier-larsonneur,Gautier Larsonneur,Goalkeeper,AS Saint-Étienne,Ligue 2,29,42.0,5,90.0,48.0,51.0,85.0,34,34,80.5,6.37,44.56,0,3,10,2,16,5,0,4,8.93,38.46
souleymane-keita,Souleymane Keita,Midfielder,US du Littoral de Dunkerque,Ligue 2,20,41.0,3,59.6,44.0,41.0,32.5,13,3,11.8,3.34,38.08,0,0,2,0,6,4,1,27,,
nampalys-mendy,Nampalys Mendy,Midfielder,FC Metz,Ligue 2,34,41.0,1,22.4,43.0,42.0,67.5,27,15,34.5,7.44,35.0,0,0,1,1,21,4,0,13,1.07,2.06
yves-clovis-el-hadari-raheriniaina,El Hadary Raheriniaina,Forward,AS Nancy-Lorraine,Ligue 2,20,41.0,2,43.4,41.0,41.0,12.5,5,2,43.4,10.28,31.0,0,0,1,1,2,0,0,8,,
tom-saettel,Tom Saettel,Forward,Pau FC,Ligue 2,21,41.0,1,25.0,41.0,41.0,12.5,5,2,27.6,6.4,35.0,0,0,0,0,5,0,0,35,1.37,6.16
axel-dodote,Axel Dodote,Defender,Pau FC,Ligue 2,19,41.0,3,60.4,48.0,48.0,15.0,6,5,15.2,13.25,35.0,0,0,1,1,4,0,0,25,0.43,7.21
ryan-ponti,Ryan Ponti,Defender,Rodez Aveyron Football,Ligue 2,28,41.0,3,45.0,38.0,42.0,50.0,20,7,19.5,2.98,39.25,0,0,3,2,8,7,0,20,,
bradley-danger,Bradley Danger,Defender,Red Star FC 93,Ligue 2,28,41.0,2,38.4,40.0,48.0,77.5,31,29,72.7,11.67,35.97,0,2,6,5,11,9,2,5,9.63,52.75
frederic-guilbert,Frédéric Guilbert,Defender,FC Nantes,Ligue 2,31,41.0,4,62.6,49.0,51.0,35.0,14,13,29.0,16.5,35.0,0,2,2,3,3,4,0,26,1.8,6.15
jean-tryfose-mambuku,Jean-Tryfose Mambuku,Defender,Stade de Reims,Ligue 2,18,41.0,3,71.0,42.0,42.0,17.5,7,4,18.3,3.9,38.57,0,0,1,1,3,1,1,17,,
ibrahim-moriba-coulibaly,Ibrahim Coulibaly,Defender,Clermont Foot 63,Ligue 2,20,41.0,3,54.4,44.0,37.0,77.5,31,23,60.3,1.46,35.97,0,0,4,1,16,12,2,5,,
gaetan-robail,Gaëtan Robail,Forward,US du Littoral de Dunkerque,Ligue 2,32,41.0,1,31.0,41.0,41.0,5.0,2,1,31.0,6.4,35.0,0,0,0,0,1,1,0,0,,
louicius-don-deedson,Louicius Deedson,Forward,FC Sochaux-Montbéliard,Ligue 2,25,41.0,1,18.8,45.0,45.0,42.5,17,6,15.6,4.61,40.88,0,1,2,0,11,2,0,24,0.41,2.21
el-hadj-mory-kone,El Koné,Midfielder,Clermont Foot 63,Ligue 2,20,41.0,2,23.8,37.0,45.0,50.0,20,16,45.2,6.92,38.0,0,1,2,2,10,5,0,20,,
steven-n-kemboanza-mike-christopher-nzonzi,Steven Nzonzi,Midfielder,US du Littoral de Dunkerque,Ligue 2,37,41.0,0,4.4,42.0,39.0,67.5,27,16,32.5,2.88,35.93,0,0,1,2,18,6,0,13,1.36,2.48
adrien-lebeau-1999-07-08,Adrien Lebeau,Midfielder,US du Littoral de Dunkerque,Ligue 2,27,41.0,4,63.0,49.0,49.0,15.0,6,6,69.9,5.83,43.33,0,0,3,1,4,5,0,27,1.01,3.42
ousmane-diop,Ousmane Diop,Forward,Clermont Foot 63,Ligue 2,21,41.0,4,62.8,41.0,40.0,35.0,14,5,14.5,3.01,36.79,0,0,1,0,10,6,0,23,,
bram-lagae,Bram Lagae,Defender,US du Littoral de Dunkerque,Ligue 2,22,41.0,2,52.4,37.0,41.0,32.5,13,11,28.3,7.91,33.46,0,0,1,3,4,5,0,27,0.86,7.98
cyril-mandouki,Cyril Mandouki,Midfielder,Stade Lavallois Mayenne FC,Ligue 2,35,41.0,4,67.6,46.0,46.0,85.0,34,30,75.9,10.73,35.0,0,0,4,8,22,5,0,1,0.97,6.63
come-bianay-balcot,Côme Bianay Balcot,Defender,Red Star FC 93,Ligue 2,21,40.0,0,4.6,36.0,36.0,7.5,3,0,1.3,1.05,35.0,0,0,0,0,2,1,0,37,0.56,2.4
jean-william-nyindong-tsamouna,Jean-William Nyindong,Forward,Clermont Foot 63,Ligue 2,19,40.0,1,30.0,40.0,40.0,12.5,5,1,21.4,-0.34,40.0,0,0,1,0,3,1,0,2,,
royce-drax-openda-owaga,Royce Openda,Forward,Pau FC,Ligue 2,24,40.0,0,9.0,40.0,40.0,10.0,4,1,17.4,4.63,35.0,0,0,0,1,1,3,0,23,1.03,6.11
logan-ndenbe,Logan Ndenbe,Defender,AS Nancy-Lorraine,Ligue 2,26,40.0,1,29.6,51.0,51.0,17.5,7,5,48.3,16.06,35.0,0,2,3,3,16,9,0,7,2.49,2.41
yanis-zouaoui,Yanis Zouaoui,Defender,Montpellier Hérault SC,Ligue 2,28,40.0,2,26.0,46.0,44.0,70.0,28,26,64.9,7.89,36.07,0,1,6,4,11,9,2,7,0.71,11.68
enzo-cantero,Enzo Cantero,Forward,Clermont Foot 63,Ligue 2,21,40.0,0,15.0,39.0,41.0,42.5,17,10,23.2,3.87,36.76,0,1,1,0,9,5,1,23,,
thena-massock,Théna Massock,Midfielder,US du Littoral de Dunkerque,Ligue 2,19,40.0,4,73.2,41.0,41.0,27.5,11,6,15.5,4.93,36.36,0,0,1,1,7,3,1,27,,
christ-dorian-okou,Christ Okou,Forward,Clermont Foot 63,Ligue 2,20,40.0,4,60.0,38.0,38.0,17.5,7,5,57.6,-0.5,38.57,0,0,1,0,0,6,0,0,,
hamza-kadamani,Hamza Kadamani,Midfielder,FC Metz,Ligue 2,17,40.0,3,49.4,39.0,39.0,20.0,8,3,32.9,3.63,35.0,0,0,0,1,3,3,0,3,,
gabin-secretant,Gabin Secrétant,Defender,FC Annecy,Ligue 2,17,40.0,1,14.8,40.0,40.0,5.0,2,1,14.8,4.87,35.0,0,0,0,0,2,0,0,3,,
maxence-andre-prevot,Maxence Prévot,Goalkeeper,US du Littoral de Dunkerque,Ligue 2,29,40.0,2,24.0,45.0,45.0,32.5,13,12,26.7,5.62,39.23,0,2,2,1,4,3,1,27,0.63,1.58
octave-joly,Octave Joly,Midfielder,Rodez Aveyron Football,Ligue 2,24,40.0,1,24.6,41.0,41.0,82.5,33,18,41.2,2.98,38.18,0,2,4,2,17,10,1,4,,
emmanuel-israel-ange-lago,Ange Lago,Forward,Dijon FCO,Ligue 2,21,40.0,2,39.2,41.0,41.0,12.5,5,2,7.8,0.56,40.0,0,0,1,0,1,3,0,26,,
john-joe-patrick-finn,John Patrick,Midfielder,Stade de Reims,Ligue 2,23,40.0,1,19.2,42.0,41.0,40.0,16,6,17.5,6.15,35.0,0,0,0,2,15,2,0,21,1.54,4.85
julien-masson,Julien Masson,Midfielder,FC Sochaux-Montbéliard,Ligue 2,28,40.0,4,69.4,38.0,38.0,15.0,6,6,75.3,3.4,35.0,0,0,6,5,17,6,0,6,0.76,7.39
lenny-lacroix,Lenny Lacroix,Defender,Dijon FCO,Ligue 2,23,40.0,5,90.0,49.0,49.0,17.5,7,7,90.0,12.84,35.71,0,0,2,0,4,1,0,0,,
benjamin-craig-old,Benjamin Old,Defender,AS Saint-Étienne,Ligue 2,24,35.0,1,36.6,43.0,45.0,82.5,33,20,57.0,9.17,35.76,0,3,3,2,13,11,0,8,0.62,6.27
samy-baghdadi,Samy Baghdadi,Forward,FC Sochaux-Montbéliard,Ligue 2,29,40.0,4,51.2,41.0,41.0,17.5,7,5,56.1,2.6,38.57,0,0,3,0,14,10,0,13,,
stanislas-maxime-tom-kielt,Stanislas Kielt,Midfielder,En Avant Guingamp,Ligue 2,24,40.0,4,67.6,39.0,41.0,82.5,33,19,49.7,1.28,39.55,0,0,7,2,13,14,0,2,,
dylan-louiserre,Dylan Louiserre,Midfielder,En Avant Guingamp,Ligue 2,31,40.0,5,80.0,47.0,46.0,87.5,35,35,84.8,11.24,34.43,0,0,4,10,22,4,0,0,2.19,18.88
mathis-touho,Mathis Touho,Forward,Rodez Aveyron Football,Ligue 2,21,40.0,4,67.6,38.0,38.0,30.0,12,7,28.8,0.89,37.08,0,0,1,0,7,6,0,26,0.91,4.26
dehmaine-tabibou-assoumani,Dehmaine Assoumani,Midfielder,FC Nantes,Ligue 2,21,39.0,2,43.0,37.0,39.0,67.5,27,16,42.0,6.17,32.96,0,1,2,2,12,13,2,8,1.0,5.14
amadou-samoura,Amadou Samoura,Forward,En Avant Guingamp,Ligue 2,22,39.0,0,18.4,37.0,44.0,35.0,14,2,18.2,3.23,41.07,0,1,2,0,8,3,0,26,,
lorng-nomel,Landry Nomel,Forward,FC Sochaux-Montbéliard,Ligue 2,29,39.0,3,51.6,37.0,37.0,15.0,6,5,57.7,1.93,35.0,0,0,0,0,8,4,0,16,,8.27
ben-chayeel-hamada,Ben-Chayeel Hamada,Midfielder,Dijon FCO,Ligue 2,23,39.0,3,41.2,40.0,40.0,10.0,4,4,42.3,4.8,35.0,0,0,0,1,2,1,0,3,,
alex-daho,Alex Daho,Forward,US du Littoral de Dunkerque,Ligue 2,23,39.0,2,18.6,39.0,38.0,52.5,21,7,20.3,0.48,37.38,0,0,2,0,12,12,0,14,,
aboubakary-kante,Kanté,Forward,Stade Lavallois Mayenne FC,Ligue 2,32,39.0,3,52.0,37.0,37.0,67.5,27,6,19.6,-0.46,36.85,0,0,2,0,16,11,0,11,0.77,7.18
mathys-tourraine,Mathys Tourraine,Defender,Pau FC,Ligue 2,25,39.0,0,4.2,40.0,36.0,47.5,19,5,16.2,1.13,35.26,0,0,1,2,8,8,1,20,0.67,2.83
benjamin-besic,Benjamin Bešić,Forward,US Boulogne-sur-Mer Côte d'Opale,Ligue 2,24,39.0,5,79.0,39.0,39.0,15.0,6,6,66.7,-2.33,39.17,0,0,1,0,2,3,0,1,,
rominigue-kouame-n-guessan,Kouamé N'Guessan,Midfielder,Clermont Foot 63,Ligue 2,29,39.0,2,37.8,38.0,40.0,40.0,16,9,18.9,2.83,37.19,0,0,1,0,13,3,0,23,2.32,2.2
allan-ackra,Allan Ackra,Midfielder,Clermont Foot 63,Ligue 2,22,39.0,2,22.2,40.0,41.0,52.5,21,15,32.7,6.94,34.29,0,0,2,2,14,1,2,19,,
antoine-larose,Antoine Larose,Forward,FC Annecy,Ligue 2,33,38.0,2,49.0,43.0,45.0,77.5,31,24,53.6,1.69,43.55,0,2,7,0,14,10,0,7,,
maidine-douane,Maïdine Douane,Forward,Clermont Foot 63,Ligue 2,24,38.0,0,5.4,38.0,38.0,17.5,7,0,4.4,2.73,35.0,0,0,0,0,6,1,0,33,,
mohamed-soumah-2006-01-10,Mohamed Soumah,Midfielder,US Boulogne-sur-Mer Côte d'Opale,Ligue 2,20,38.0,0,12.4,38.0,38.0,7.5,3,0,8.9,2.97,35.0,0,0,0,0,2,1,0,4,,
yanis-barka,Yanis Barka,Forward,Dijon FCO,Ligue 2,28,38.0,1,19.8,33.0,33.0,10.0,4,3,30.0,-1.55,35.0,0,0,0,0,2,2,0,3,,
chafik-gourichy,Chafik Gourichy,Midfielder,Stade Lavallois Mayenne FC,Ligue 2,25,38.0,1,28.6,39.0,39.0,15.0,6,1,24.0,3.87,35.0,0,0,0,0,5,1,0,1,,
waly-diouf,Waly Diouf,Defender,Dijon FCO,Ligue 2,29,38.0,1,25.2,38.0,38.0,7.5,3,1,18.0,3.24,35.0,0,0,0,0,2,1,0,4,,
doumbia-broulaye-junior-kone,Doumbia Koné,Forward,FC Nantes,Ligue 2,19,38.0,0,0.6,38.0,38.0,2.5,1,0,0.1,3.2,35.0,0,0,0,0,1,0,0,22,,
ignatius-kpene-ganago,Ignatius Ganago,Forward,FC Nantes,Ligue 2,27,38.0,1,26.4,46.0,43.0,45.0,18,14,41.7,3.33,40.0,0,1,5,0,15,2,1,16,1.56,3.76
moustapha-kangoura-dabo,Moustapha Dabo,Forward,FC Nantes,Ligue 2,19,38.0,0,4.2,38.0,38.0,2.5,1,0,3.0,2.6,35.0,0,0,0,0,1,0,0,6,,
kyliann-fofana,Kyliann Fofana,Forward,Grenoble Foot 38,Ligue 2,20,38.0,2,48.0,36.0,36.0,17.5,7,4,59.9,-2.99,38.57,0,0,1,0,1,5,0,0,,
ylan-aka,Ylan Aka,Defender,Dijon FCO,Ligue 2,19,38.0,2,29.0,37.0,37.0,12.5,5,3,35.7,2.1,35.0,0,0,0,1,1,3,0,2,,
jules-gaudin,Jules Gaudin,Defender,Stade Lavallois Mayenne FC,Ligue 2,26,38.0,4,71.8,40.0,37.0,55.0,22,11,26.8,4.62,32.73,0,0,0,3,13,5,2,17,0.36,1.84
bilal-brahimi-2000-03-28,Bilal Brahimi,Forward,Pau FC,Ligue 2,26,37.0,0,9.8,38.0,45.0,52.5,21,10,28.8,6.3,38.57,0,1,3,1,20,2,0,13,0.82,8.54
chafik-el-hansar,Chafik El Hansar,Midfielder,AS Nancy-Lorraine,Ligue 2,21,38.0,1,14.2,39.0,39.0,12.5,5,1,3.6,3.82,35.0,0,0,0,0,5,1,0,34,,
kelvin-amian-adou,Kelvin Amian,Defender,FC Nantes,Ligue 2,28,38.0,4,72.0,37.0,38.0,60.0,24,22,56.8,1.71,36.25,0,0,2,5,9,10,2,12,1.33,6.11
mathis-clairicia,Mathis Clairicia,Forward,FC Sochaux-Montbéliard,Ligue 2,24,38.0,3,51.4,37.0,36.0,50.0,20,5,15.9,-0.63,36.25,0,0,1,0,6,17,0,16,0.73,3.03
noah-vidal-cartoux,Noah Vidal-Cartoux,Midfielder,Montpellier Hérault SC,Ligue 2,18,38.0,2,24.8,38.0,38.0,15.0,6,4,11.9,2.65,35.0,0,0,0,0,5,1,0,20,,
alexis-casadei,Alexis Casadei,Midfielder,FC Annecy,Ligue 2,21,37.0,1,5.8,43.0,40.0,52.5,21,1,23.3,3.44,36.19,0,0,0,0,4,1,0,2,,
gregory-ayem,Grégory Ayem,Midfielder,Montpellier Hérault SC,Ligue 2,20,37.0,1,20.8,38.0,38.0,12.5,5,1,22.4,3.24,35.0,0,0,0,0,4,1,0,2,,
adrian-ortola-vano,Adrián Ortolá,Goalkeeper,En Avant Guingamp,Ligue 2,33,37.0,5,90.0,48.0,53.0,60.0,24,24,61.7,9.77,43.54,0,3,8,2,8,5,1,13,,
bakary-diawara-2009-01-25,Bakary Diawara,Forward,FC Sochaux-Montbéliard,Ligue 2,17,37.0,3,64.0,37.0,37.0,12.5,5,3,45.7,1.66,35.0,0,0,0,0,5,0,0,2,,
mamadou-samassa,Mamadou Samassa,Goalkeeper,Stade Lavallois Mayenne FC,Ligue 2,36,37.0,5,90.0,39.0,46.0,85.0,34,34,76.5,6.59,39.71,0,1,8,3,12,7,1,8,,
abdoulaye-agne-ba,Abdoulaye Ba,Forward,FC Metz,Ligue 2,22,37.0,0,6.6,37.0,37.0,7.5,3,0,4.7,2.37,35.0,0,0,0,0,2,1,0,4,,
fode-doucoure,Fodé Doucouré,Defender,FC Nantes,Ligue 2,25,37.0,3,63.8,41.0,43.0,70.0,28,16,35.8,4.13,38.57,0,1,5,0,9,11,0,14,0.96,3.87
mohamed-amine-cherni,Amine Cherni,Defender,FC Nantes,Ligue 2,25,37.0,1,13.4,44.0,45.0,77.5,31,30,77.8,7.0,36.77,0,0,7,5,19,4,1,4,2.24,8.18
julien-kouadio,Julien Kouadio,Defender,FC Annecy,Ligue 2,27,37.0,5,90.0,40.0,45.0,80.0,32,31,79.0,9.23,35.31,0,3,3,6,19,2,4,3,,
jeremy-hatchi,Jérémy Hatchi,Forward,Montpellier Hérault SC,Ligue 2,21,37.0,0,4.4,39.0,40.0,52.5,21,10,25.4,4.3,35.24,0,2,2,1,17,5,0,13,1.18,4.22
yvann-macon,Yvann Maçon,Defender,Grenoble Foot 38,Ligue 2,28,37.0,0,16.8,32.0,32.0,10.0,4,1,10.9,-2.57,35.0,0,0,0,0,3,9,3,25,1.25,2.98
dillion-hoogerwerf,Dillon Hoogewerf,Forward,Grenoble Foot 38,Ligue 2,23,37.0,0,2.4,36.0,36.0,7.5,3,0,3.1,0.5,35.0,0,0,0,0,2,1,0,4,0.69,4.72
mamadou-camara-2001-02-07,Mamadou Camara,Forward,Montpellier Hérault SC,Ligue 2,25,37.0,2,38.2,45.0,44.0,77.5,31,27,58.2,2.27,42.1,0,2,6,1,7,14,0,10,,
zepiqueno-redmond,Zépiqueno Redmond,Forward,FC Annecy,Ligue 2,20,37.0,2,31.0,36.0,36.0,15.0,6,3,35.7,0.57,35.0,0,0,0,0,8,4,0,28,,
corentin-issanchou-roubiou,Corentin Issanchou,Defender,Rodez Aveyron Football,Ligue 2,21,37.0,4,63.6,37.0,37.0,30.0,12,6,13.1,-4.62,39.17,0,0,2,0,3,8,0,27,,
jonathan-mexique,Jonathan Mexique,Midfielder,FC Sochaux-Montbéliard,Ligue 2,31,37.0,2,40.4,38.0,38.0,17.5,7,3,44.0,2.9,35.0,0,0,1,0,6,3,0,0,,
florian-miguel,Florian Miguel,Defender,FC Metz,Ligue 2,30,37.0,4,70.8,40.0,46.0,95.0,38,36,80.3,9.31,36.45,0,2,7,3,16,9,1,2,0.88,4.72
sacha-lima,Sacha Lima,Defender,FC Annecy,Ligue 2,22,37.0,0,0.8,37.0,37.0,2.5,1,0,0.6,1.58,35.0,0,0,0,0,1,0,0,6,,
guillaume-trani,Guillaume Trani,Midfielder,Red Star FC 93,Ligue 2,28,37.0,0,1.4,44.0,43.0,32.5,13,4,11.7,4.32,38.85,0,0,2,1,12,1,0,24,,
joao-diogo-fonseca-ferreira,João Ferreira,Defender,AS Saint-Étienne,Ligue 2,25,37.0,0,6.8,32.0,41.0,42.5,17,9,21.7,4.05,37.06,0,2,1,1,5,7,2,22,0.95,4.98
aymane-nassiri,Aymane Nassiri,Midfielder,US Boulogne-sur-Mer Côte d'Opale,Ligue 2,21,37.0,0,10.4,35.0,35.0,12.5,5,0,12.3,0.48,35.0,0,0,0,0,2,3,0,2,,
joffrey-bultel,Joffrey Bultel,Midfielder,US Boulogne-sur-Mer Côte d'Opale,Ligue 2,26,37.0,4,60.4,37.0,41.0,80.0,32,21,53.9,5.17,35.78,0,1,1,7,17,11,0,3,,
ibou-sane,Ibou Sané,Forward,FC Metz,Ligue 2,21,36.0,0,12.4,43.0,42.0,62.5,25,10,27.1,2.16,39.4,0,1,3,1,17,7,0,11,,
moussa-djitte,Moussa Djitté,Forward,Grenoble Foot 38,Ligue 2,27,36.0,0,1.6,37.0,38.0,52.5,21,6,16.8,0.77,37.38,0,0,2,0,11,8,0,19,0.8,3.56
allan-linguet,Allan Linguet,Defender,US du Littoral de Dunkerque,Ligue 2,27,36.0,5,90.0,36.0,41.0,65.0,26,21,52.7,4.8,35.96,0,0,3,3,12,8,2,12,0.83,4.52
pape-malick-dieng,Pape Dieng,Midfielder,US du Littoral de Dunkerque,Ligue 2,20,36.0,0,6.6,36.0,36.0,5.0,2,0,4.1,0.9,35.0,0,0,0,0,2,0,0,6,,
arsene-jonathan-do-marcolino,Jonathan Do Marcolino,Defender,FC Annecy,Ligue 2,20,36.0,2,39.2,34.0,34.0,10.0,4,2,26.0,-0.81,35.0,0,0,0,0,2,2,0,5,1.5,6.1
leonardo-cerri,Leonardo Cerri,Forward,Grenoble Foot 38,Ligue 2,23,36.0,1,20.4,34.0,37.0,30.0,12,1,10.2,-0.27,37.08,0,0,1,0,9,11,0,19,1.3,4.06
daryll-benlahlou,Daryll Benlahlou,Forward,Montpellier Hérault SC,Ligue 2,20,36.0,0,15.0,36.0,36.0,12.5,5,0,12.1,1.16,35.0,0,0,0,0,4,1,0,2,,
jeremy-gelin,Jérémy Gelin,Midfielder,AS Nancy-Lorraine,Ligue 2,29,36.0,0,0.4,43.0,46.0,40.0,16,13,39.4,9.43,36.56,0,2,1,3,16,2,0,16,0.68,4.15
arone-gadou,Arone Gadou,Forward,Stade de Reims,Ligue 2,17,36.0,0,4.0,41.0,41.0,12.5,5,0,2.4,1.06,40.0,0,0,1,0,4,0,0,22,,
hichem-abderrebi,Hichem Abderrebi,Midfielder,Montpellier Hérault SC,Ligue 2,18,36.0,3,52.8,36.0,36.0,17.5,7,3,39.3,1.41,35.0,0,0,0,0,4,3,0,0,,
nachon-nsingi,Nachon Nsingi,Forward,Rodez Aveyron Football,Ligue 2,25,36.0,1,20.6,36.0,37.0,37.5,15,3,10.2,0.45,36.67,0,0,1,0,7,10,0,22,0.37,5.67
moussa-faty,Moussa Faty,Defender,Dijon FCO,Ligue 2,26,36.0,3,61.6,35.0,35.0,12.5,5,4,56.9,0.1,35.0,0,0,0,1,1,3,0,7,,
yanis-court,Yanis Court,Midfielder,Stade Lavallois Mayenne FC,Ligue 2,17,36.0,1,27.6,36.0,36.0,15.0,6,1,20.4,1.15,35.0,0,0,0,0,4,2,0,1,,
steven-luyambula-biwa,Steven Luyambula,Defender,Rodez Aveyron Football,Ligue 2,23,36.0,1,21.2,35.0,35.0,12.5,5,1,20.7,0.26,35.0,0,0,0,0,3,2,0,2,,
alexis-lefebvre,Alexis Lefebvre,Forward,Pau FC,Ligue 2,23,36.0,0,13.2,37.0,37.0,12.5,5,2,27.1,1.8,35.0,0,0,1,0,7,5,0,22,1.04,4.22
alexis-n-tamack,Alexis N'Tamack,Forward,Dijon FCO,Ligue 2,22,36.0,0,33.6,39.0,39.0,15.0,6,4,46.1,3.9,35.0,0,0,0,1,11,4,0,24,0.86,12.32
nadir-el-jamali,Nadir El Jamali,Midfielder,AS Saint-Étienne,Ligue 2,19,36.0,0,2.8,41.0,40.0,30.0,12,4,13.0,5.24,35.0,0,0,0,1,11,4,0,24,0.86,12.32
trevis-dago,Trevis Dago,Forward,Stade Lavallois Mayenne FC,Ligue 2,21,36.0,2,26.4,38.0,38.0,25.0,10,7,22.4,0.17,37.5,0,0,1,0,10,7,0,22,1.91,7.13
nathan-mbala,Nathan Mbala,Forward,FC Metz,Ligue 2,18,36.0,1,26.6,43.0,44.0,45.0,18,7,28.4,4.51,39.72,0,1,2,0,12,3,0,7,,
kelian-nsona-wa-saka,Kélian Nsona,Forward,Rodez Aveyron Football,Ligue 2,24,35.0,1,15.6,42.0,41.0,27.5,11,6,13.9,1.5,39.55,0,0,2,0,6,3,0,29,1.43,7.57
sakhalou-niakate,Sakhalou Niakaté,Defender,Grenoble Foot 38,Ligue 2,20,35.0,0,1.0,35.0,35.0,5.0,2,0,0.7,0.01,35.0,0,0,0,0,1,1,0,5,0.8,6.02
jean-guy-akpa-akpro,Jean-Guy Akpro,Forward,Grenoble Foot 38,Ligue 2,21,41.0,5,78.0,39.0,39.0,15.0,6,6,69.3,3.76,35.0,0,0,0,0,6,1,0,0,1.96,5.77
luan-gadegbeku,Luan Gadegbeku,Midfielder,Pau FC,Ligue 2,19,35.0,1,22.4,38.0,38.0,30.0,12,6,14.9,3.08,35.0,0,0,0,1,7,5,0,27,0.37,0.87
adam-baallal,Adam Baallal,Midfielder,AS Saint-Étienne,Ligue 2,19,35.0,0,2.0,35.0,35.0,10.0,4,0,2.5,0.08,35.0,0,0,0,0,2,2,0,8,,
florian-escales,Florian Escales,Goalkeeper,FC Annecy,Ligue 2,30,35.0,5,90.0,44.0,47.0,75.0,30,30,77.1,4.69,42.67,0,2,10,0,14,9,0,5,,
mickael-barreto,Michaël Barreto,Midfielder,Dijon FCO,Ligue 2,35,35.0,2,30.6,37.0,37.0,15.0,6,4,41.1,1.52,35.0,0,1,3,3,16,3,0,14,0.62,3.48
david-oduro,David Oduro,Defender,FC Annecy,Ligue 2,20,35.0,0,0.2,35.0,35.0,2.5,1,0,0.2,0.08,35.0,0,0,0,0,0,0,0,4,,
pascal-mozie,Pascal Mozie,Midfielder,FC Annecy,Ligue 2,18,35.0,0,11.0,35.0,35.0,15.0,6,0,5.0,-0.3,35.0,0,0,0,0,4,2,0,23,,
egor-prutsev,Egor Prutsev,Midfielder,US du Littoral de Dunkerque,Ligue 2,23,35.0,4,55.6,42.0,42.0,17.5,7,6,46.2,0.56,41.43,0,1,0,0,5,2,0,24,,
matthieu-huard,Matthieu Huard,Defender,Red Star FC 93,Ligue 2,28,35.0,5,83.0,37.0,36.0,70.0,28,19,48.2,0.14,35.18,0,0,5,2,10,14,2,7,,
tidiane-khalil-diarrassouba,Tidiane Diarrassouba,Forward,Stade de Reims,Ligue 2,18,35.0,0,0.2,34.0,34.0,5.0,2,0,1.3,-1.25,35.0,0,0,0,0,1,1,0,21,,
dion-moise-sahi,Moïse Sahi Dion,Forward,FC Annecy,Ligue 2,24,35.0,2,38.0,46.0,45.0,50.0,20,9,22.5,1.71,42.75,0,2,3,0,13,4,0,18,0.63,9.49
mohamed-bechikh,Mohamed Bechikh,Forward,Grenoble Foot 38,Ligue 2,21,34.0,0,0.2,41.0,41.0,10.0,4,1,2.3,-0.43,41.25,0,0,1,0,1,4,0,34,1.39,5.02
hugo-vargas-rios,Hugo Vargas-Ríos,Midfielder,Dijon FCO,Ligue 2,31,34.0,0,8.8,34.0,34.0,10.0,4,0,6.3,-0.75,35.0,0,0,0,0,1,3,0,3,,
josue-escartin,Josué Escartin,Defender,Red Star FC 93,Ligue 2,23,34.0,1,18.4,40.0,40.0,25.0,10,5,15.2,-0.39,40.0,0,1,1,0,3,5,0,30,1.6,8.36
franck-leroy-atoen,Franck Atoen,Midfielder,US du Littoral de Dunkerque,Ligue 2,20,34.0,0,3.6,33.0,33.0,7.5,3,0,0.6,-1.7,35.0,0,0,0,0,1,2,0,37,,
noa-kotto-kotto-mouyema,Noa Kotto Kotto Mouyema,Forward,FC Sochaux-Montbéliard,Ligue 2,20,34.0,0,3.2,35.0,35.0,7.5,3,0,3.3,-0.43,35.0,0,0,0,0,1,2,0,4,,
lacine-megnan-pave,Laciné Megnan Pave,Forward,Montpellier Hérault SC,Ligue 2,16,34.0,3,54.8,43.0,43.0,15.0,6,4,52.6,-2.05,43.33,0,0,2,0,2,2,0,1,,
sonny-duflos,Sonny Duflos,Defender,US Boulogne-sur-Mer Côte d'Opale,Ligue 2,31,34.0,0,1.6,33.0,39.0,62.5,25,17,40.9,-0.15,37.4,0,1,3,1,12,11,2,10,,
mael-corboz,Maël Corboz,Midfielder,Grenoble Foot 38,Ligue 2,32,34.0,1,13.0,43.0,41.0,82.5,33,31,76.7,3.12,38.18,0,1,6,3,13,14,1,2,1.27,6.58
julien-boyer,Julien Boyer,Defender,US Boulogne-sur-Mer Côte d'Opale,Ligue 2,28,34.0,3,53.6,33.0,47.0,82.5,33,29,74.6,8.25,37.88,0,2,7,3,11,13,2,2,,
mathis-saka,Mathis Saka,Midfielder,Rodez Aveyron Football,Ligue 2,20,34.0,1,26.0,36.0,39.0,70.0,28,8,21.8,0.66,38.57,0,0,4,0,13,14,0,9,0.69,4.22
julien-astic,Julien Astic,Midfielder,Clermont Foot 63,Ligue 2,21,34.0,2,29.4,37.0,37.0,25.0,10,6,14.7,-1.29,37.5,0,0,1,0,6,6,0,27,,
jeremy-sebas,Jérémy Sebas,Forward,Pau FC,Ligue 2,23,34.0,1,28.6,33.0,37.0,57.5,23,13,42.4,-0.97,36.52,0,0,4,0,14,14,2,6,1.52,0.61
arthur-saintorens,Arthur Saintorens,Forward,Clermont Foot 63,Ligue 2,21,34.0,0,2.4,33.0,33.0,7.5,3,1,12.7,-1.67,35.0,0,0,0,0,0,3,0,7,,
ousmane-toure-2005-02-18,Ousmane Touré,Defender,US du Littoral de Dunkerque,Ligue 2,21,34.0,0,8.4,34.0,34.0,5.0,2,0,1.1,-1.04,35.0,0,0,0,0,0,2,0,38,2.16,7.48
marco-rachid-essimi-ateba,Marco Essimi,Forward,Rodez Aveyron Football,Ligue 2,27,33.0,0,8.4,42.0,46.0,55.0,22,12,30.8,3.59,42.05,0,1,5,1,9,7,0,17,0.79,4.31
abdel-hakim-abdallah,Akim Abdallah,Defender,Pau FC,Ligue 2,29,33.0,4,61.2,44.0,43.0,70.0,28,25,57.0,7.84,35.18,0,0,5,3,12,6,2,12,1.12,5.52
kapitbafan-djoco,Kapitbafan Djoco,Forward,FC Sochaux-Montbéliard,Ligue 2,31,33.0,2,42.0,32.0,32.0,17.5,7,3,40.9,-2.96,35.0,0,1,5,0,12,20,1,1,1.29,10.13
m-baye-babacar-niang,M'Baye Niang,Forward,US du Littoral de Dunkerque,Ligue 2,31,33.0,0,6.8,37.0,43.0,57.5,23,17,53.3,0.89,40.87,0,0,5,1,19,7,0,8,1.02,7.2
jeovanni-dianganga,Jeovanni Dianganga,Defender,En Avant Guingamp,Ligue 2,26,33.0,1,15.6,28.0,28.0,7.5,3,2,20.6,6.4,21.67,0,0,0,0,1,1,1,4,,
mahamadou-diawara-2005-02-17,Mahamadou Diawara,Midfielder,Red Star FC 93,Ligue 2,21,33.0,0,5.6,32.0,28.0,10.0,4,1,3.1,-2.28,30.0,0,0,0,0,1,2,1,36,1.39,7.01
christ-owen-kouassi-bathele,O. Kouassi,Defender,Grenoble Foot 38,Ligue 2,23,33.0,0,0.8,46.0,40.0,32.5,13,11,25.5,4.86,35.38,0,0,2,4,3,5,1,25,0.33,3.75
mamadou-fofana-2000-09-17,Mamadou Fofana,Midfielder,AS Nancy-Lorraine,Ligue 2,26,33.0,0,13.0,33.0,40.0,67.5,27,8,31.9,4.71,34.81,0,1,2,1,12,12,2,10,0.75,5.4
luderic-etonde,Ludéric Etonde,Forward,US Boulogne-sur-Mer Côte d'Opale,Ligue 2,26,33.0,0,7.7,33.0,33.0,7.5,3,0,7.7,-1.8,35.0,0,0,0,0,0,6,0,7,,
enzo-crombez,Enzo Crombez,Goalkeeper,Rodez Aveyron Football,Ligue 2,23,33.0,1,18.0,33.0,33.0,2.5,1,1,2.4,-1.8,35.0,0,0,0,0,0,1,0,39,2.11,10.95
mathieu-mion,Mathieu Mion,Defender,US Boulogne-sur-Mer Côte d'Opale,Ligue 2,26,32.0,2,36.4,43.0,41.0,57.5,23,12,31.5,6.99,34.13,0,1,1,4,12,7,2,13,0.32,3.65
jules-mouton,Jules Mouton,Defender,Grenoble Foot 38,Ligue 2,21,32.0,0,8.0,32.0,32.0,7.5,3,0,1.1,-2.63,35.0,0,0,0,0,2,1,0,37,,
mamadou-sidibe-fr,Mamadou Sidibé,Midfielder,Stade Lavallois Mayenne FC,Ligue 2,21,32.0,1,9.0,33.0,33.0,7.5,3,2,6.7,-2.37,35.0,0,0,0,0,1,2,0,18,,
adrian-dabasse,Adrian Dabasse,Forward,AS Nancy-Lorraine,Ligue 2,33,32.0,1,16.0,42.0,41.0,45.0,18,8,20.7,3.57,37.78,0,0,2,1,9,6,0,22,,
diockoumalang-gomes,M. Gomes,Midfielder,FC Nantes,Ligue 2,21,32.0,0,0.4,32.0,32.0,10.0,4,1,2.3,-3.48,35.0,0,0,0,0,1,3,1,35,1.08,5.31
enzo-mayilla,Enzo Mayilla,Forward,US du Littoral de Dunkerque,Ligue 2,20,31.0,1,25.4,31.0,31.0,17.5,7,1,22.0,-3.57,35.0,0,0,0,0,1,6,0,13,,
lucas-margueron,Lucas Margueron,Goalkeeper,Rodez Aveyron Football,Ligue 2,25,31.0,4,72.0,38.0,38.0,12.5,5,5,12.2,2.04,36.0,0,0,1,0,1,3,0,35,,
chico-faria-camara-lamba,Chico Lamba,Defender,AS Saint-Étienne,Ligue 2,23,31.0,0,0.8,45.0,45.0,22.5,9,6,13.4,9.87,35.0,0,0,1,1,7,2,0,29,1.52,7.69
leonardo-daniel-ulineia-buta,Leonardo Buta,Defender,Red Star FC 93,Ligue 2,24,29.0,0,9.4,35.0,33.0,30.0,12,7,15.3,-0.71,33.33,0,0,1,0,6,7,2,24,0.66,2.17
rony-mimb-baheng,Rony Baheng,Defender,Pau FC,Ligue 2,21,27.0,0,1.6,27.0,27.0,2.5,1,0,1.1,-7.86,35.0,0,0,0,0,0,1,0,10,1.1,4.98
tuomas-ollila,Tuomas Ollila,Defender,En Avant Guingamp,Ligue 2,26,26.0,3,40.6,30.0,32.0,35.0,14,6,14.9,-0.46,32.14,0,0,0,0,9,4,2,25,1.54,3.01
thibault-delphis,Thibault Delphis,Defender,FC Annecy,Ligue 2,23,26.0,5,90.0,34.0,38.0,67.5,27,21,54.7,2.51,35.93,0,0,2,4,14,11,1,8,,
sergio-akieme-rodriguez,Sergio Akieme,Defender,Stade de Reims,Ligue 2,28,20.0,0,4.6,50.0,51.0,72.5,29,28,71.9,10.43,40.52,0,3,9,5,11,5,1,6,1.53,4.86
idris-mohamed,Idris Mohamed,Defender,FC Metz,Ligue 2,22,19.0,1,18.0,40.0,40.0,10.0,4,3,26.0,12.58,27.5,0,1,0,0,2,0,1,7,,
maxime-hautbois,Maxime Hautbois,Goalkeeper,Stade Lavallois Mayenne FC,Ligue 2,35,,0,0.0,11.0,11.0,2.5,1,1,2.6,-4.5,15.0,0,0,0,0,0,0,1,39,,
abdel-heidi-medroub,Abdel Medroub,Defender,Grenoble Foot 38,Ligue 2,20,,0,0.0,0.0,0.0,0.0,0,0,0.0,0.0,0.0,0,0,0,0,0,0,0,40,,
kevin-miguel-kamdem-kamgaing,Kevin Kamdem Kamgaing,Goalkeeper,Montpellier Hérault SC,Ligue 2,20,,0,0.0,0.0,0.0,0.0,0,0,0.0,0.0,0.0,0,0,0,0,0,0,0,23,,
alassane-sy,Alassane Sy,Midfielder,FC Metz,Ligue 2,21,,0,0.0,0.0,0.0,0.0,0,0,0.0,0.0,0.0,0,0,0,0,0,0,0,6,,
abdellah-baallal,Abdellah Baallal,Midfielder,Clermont Foot 63,Ligue 2,21,,0,0.0,46.0,49.0,67.5,27,23,61.5,11.82,36.85,0,0,5,5,14,5,0,11,,
clement-moulun,Clément Moulun,Goalkeeper,US du Littoral de Dunkerque,Ligue 2,19,,0,0.0,0.0,0.0,0.0,0,0,0.0,0.0,0.0,0,0,0,0,0,0,0,27,,
issam-bouaoune,Issam Bouaoune,Midfielder,AS Nancy-Lorraine,Ligue 2,23,,0,0.0,0.0,0.0,0.0,0,0,0.0,0.0,0.0,0,0,0,0,0,0,0,7,,
zoran-christophe-moco,Zoran Moco,Midfielder,US Boulogne-sur-Mer Côte d'Opale,Ligue 2,23,,0,0.0,38.0,38.0,20.0,8,5,21.1,3.3,35.0,0,0,0,0,8,3,0,12,,
darly-nlandu,Darly Nlandu,Midfielder,En Avant Guingamp,Ligue 2,26,,0,0.0,42.0,42.0,22.5,9,2,6.7,3.97,37.78,0,1,1,0,8,4,0,26,,
adam-yahi,Adam Yahi,Forward,FC Annecy,Ligue 2,21,,0,0.0,0.0,0.0,0.0,0,0,0.0,0.0,0.0,0,0,0,0,2,5,0,14,,
theo-deflorenne,Théo Deflorenne,Midfielder,Stade de Reims,Ligue 2,17,,0,0.0,0.0,0.0,0.0,0,0,0.0,0.0,0.0,0,0,0,0,0,0,0,7,,
mathis-schubler-lecart,Mathis Schübler-Lecart,Goalkeeper,FC Sochaux-Montbéliard,Ligue 2,19,,0,0.0,0.0,0.0,0.0,0,0,0.0,0.0,0.0,0,0,0,0,0,0,0,7,,
abdoulaye-nassoko,Abdoulaye Nassoko,Defender,FC Metz,Ligue 2,18,,0,0.0,0.0,0.0,0.0,0,0,0.0,0.0,0.0,0,0,0,0,0,0,0,7,,
fabien-centonze,Fabien Centonze,Defender,FC Nantes,Ligue 2,30,,0,0.0,54.0,47.0,37.5,15,9,20.9,6.71,40.0,0,1,4,1,3,6,0,25,1.5,4.32
georges-grimaud,Georges Grimaud,Goalkeeper,Pau FC,Ligue 2,20,,0,0.0,0.0,0.0,0.0,0,0,0.0,0.0,0.0,0,0,0,0,0,0,0,8,,
mohamed-sylla-fr,Mohamed Sylla,Defender,Rodez Aveyron Football,Ligue 2,22,,0,0.0,0.0,0.0,0.0,0,0,0.0,0.0,0.0,0,0,0,0,0,0,0,24,,
paul-abdou-eymard,Paul Eymard,Midfielder,AS Saint-Étienne,Ligue 2,18,,0,0.0,36.0,36.0,10.0,4,1,4.4,1.15,35.0,0,0,0,0,2,2,0,26,1.14,9.71
mouhamed-sissokho,Mouhamed Sissokho,Goalkeeper,US du Littoral de Dunkerque,Ligue 2,21,,0,0.0,0.0,0.0,0.0,0,0,0.0,0.0,0.0,0,0,0,0,0,0,0,26,,
youssoupha-bamba-mangane,Youssoupha Mangane,Midfielder,Grenoble Foot 38,Ligue 2,26,,0,0.0,0.0,0.0,0.0,0,0,0.0,0.0,0.0,0,0,0,0,0,0,0,40,,
mael-debondt,Maël Debondt,Defender,Stade de Reims,Ligue 2,19,,0,0.0,0.0,0.0,0.0,0,0,0.0,0.0,0.0,0,0,0,0,0,0,0,24,,
jose-manuel-albergaria-costa-leite,Zé Leite,Forward,Grenoble Foot 38,Ligue 2,27,,0,0.0,0.0,0.0,0.0,0,0,0.0,0.0,0.0,0,0,0,0,0,0,0,7,0.71,6.12
cesar-obongo,César Obongo,Midfielder,Dijon FCO,Ligue 2,20,,0,0.0,0.0,0.0,0.0,0,0,0.0,0.0,0.0,0,0,0,0,0,0,0,7,,
wilfried-chancy-ndollo-bille,Wilfried Ndollo Bille,Defender,Montpellier Hérault SC,Ligue 2,21,,0,0.0,0.0,0.0,0.0,0,0,0.0,0.0,0.0,0,0,0,0,3,4,1,29,,
lenny-dziki-loussilaho,Lenny Loussilaho,Defender,US du Littoral de Dunkerque,Ligue 2,21,,0,0.0,33.0,33.0,5.0,2,0,0.8,-1.88,35.0,0,0,0,0,1,2,0,37,,
francis-coquelin,Francis Coquelin,Midfielder,Stade Lavallois Mayenne FC,Ligue 2,35,,0,0.0,42.0,39.0,35.0,14,7,15.5,3.98,35.36,0,0,1,2,9,4,1,23,0.23,0.74
nabil-homssa,Nabil Homssa,Midfielder,Montpellier Hérault SC,Ligue 2,24,,0,0.0,35.0,35.0,5.0,2,1,3.2,-0.15,35.0,0,0,0,0,1,1,0,18,,
noah-nemorin,Noah Nemorin,Forward,US du Littoral de Dunkerque,Ligue 2,20,,0,0.0,0.0,0.0,0.0,0,0,0.0,0.0,0.0,0,0,0,0,0,0,0,3,,
abner-felipe-souza-de-almeida,Abner,Midfielder,US du Littoral de Dunkerque,Ligue 2,30,,0,0.0,42.0,42.0,15.0,6,2,7.8,6.92,35.0,0,0,0,2,8,1,0,29,,
stan-berkani,Stan Berkani,Midfielder,Clermont Foot 63,Ligue 2,23,,0,0.0,0.0,0.0,0.0,0,0,0.0,0.0,0.0,0,0,0,0,0,0,0,40,1.38,6.19
enzo-mongo,Enzo Mongo,Defender,FC Nantes,Ligue 2,21,,0,0.0,0.0,0.0,0.0,0,0,0.0,0.0,0.0,0,0,0,0,1,0,0,31,,
tylel-tati,Tylel Tati,Defender,FC Nantes,Ligue 2,18,,0,0.0,37.0,37.0,42.5,17,17,42.2,2.62,34.41,1,0,1,1,7,7,4,19,2.18,6.02
quentin-braat,BRAAT,Goalkeeper,Rodez Aveyron Football,Ligue 2,29,,0,0.0,46.0,51.0,77.5,31,31,75.4,10.34,40.16,0,5,6,5,13,5,0,6,3.08,29.49
nicolas-saint-ruf,Nicolas Saint-Ruf,Defender,AS Nancy-Lorraine,Ligue 2,33,,0,0.0,44.0,46.0,45.0,18,16,37.9,8.93,36.67,0,3,5,1,7,5,2,17,,
tahirys-dos-santos,Tahirys Dos Santos,Defender,FC Metz,Ligue 2,20,,0,0.0,0.0,0.0,0.0,0,0,0.0,0.0,0.0,0,0,0,0,0,0,0,25,,
mohamed-toure-2005-12-12,Mohamed Toure,Defender,FC Sochaux-Montbéliard,Ligue 2,20,,0,0.0,0.0,0.0,0.0,0,0,0.0,0.0,0.0,0,0,0,0,0,0,0,7,,
abd-elmajid-djae,Abd-Elmajid Djae,Forward,Dijon FCO,Ligue 2,21,,0,0.0,0.0,0.0,0.0,0,0,0.0,0.0,0.0,0,0,0,0,0,0,0,7,,
quentin-daubin,Quentin Daubin,Midfielder,Pau FC,Ligue 2,31,,0,0.0,0.0,0.0,0.0,0,0,0.0,0.0,0.0,0,0,2,2,11,3,0,22,1.15,4.45
julien-vetro,Julien Vetro,Forward,FC Sochaux-Montbéliard,Ligue 2,22,,0,0.0,0.0,0.0,0.0,0,0,0.0,0.0,0.0,0,0,0,0,9,3,0,28,0.75,4.44
jean-yves-djegou,Jean-Yves Djegou,Forward,En Avant Guingamp,Ligue 2,19,,0,0.0,0.0,0.0,0.0,0,0,0.0,0.0,0.0,0,0,0,0,0,0,0,7,,
anass-benyahya,Anass Benyahya,Defender,Dijon FCO,Ligue 2,22,,0,0.0,0.0,0.0,0.0,0,0,0.0,0.0,0.0,0,0,0,0,0,0,0,7,,
marten-chris-paalberg,Marten-Chris Paalberg,Forward,AS Saint-Étienne,Ligue 2,17,,0,0.0,36.0,36.0,5.0,2,0,0.5,1.15,35.0,0,0,0,0,1,1,0,24,0.77,6.34
bryan-rigobert-song-bahanag,Bryan Song,Defender,FC Metz,Ligue 2,19,,0,0.0,37.0,37.0,2.5,1,1,12.9,1.54,35.0,0,0,0,0,1,0,0,6,,
sekou-doucoure,Sékou Doucouré,Defender,FC Nantes,Ligue 2,21,,0,0.0,41.0,41.0,2.5,1,1,1.3,5.88,35.0,0,0,0,0,2,0,0,38,1.96,6.44
alan-mondesir,Alan Mondesir,Forward,FC Annecy,Ligue 2,22,,0,0.0,0.0,0.0,0.0,0,0,0.0,0.0,0.0,0,0,0,0,0,0,0,7,,
maxime-adam,Maxime Adam,Goalkeeper,Pau FC,Ligue 2,23,,0,0.0,0.0,0.0,0.0,0,0,0.0,0.0,0.0,0,0,0,0,0,0,0,7,1.13,4.97
ylann-marie-rose,Ylann Marie-Rose,Goalkeeper,Dijon FCO,Ligue 2,18,,0,0.0,46.0,46.0,2.5,1,1,12.9,11.2,35.0,0,0,0,0,1,0,0,6,,
luzolo-vangi-vungele,Dylan Vangi,Defender,Rodez Aveyron Football,Ligue 2,21,,0,0.0,36.0,36.0,2.5,1,0,0.0,0.54,35.0,0,0,0,0,1,0,0,39,,
mathieu-michel,Mathieu Michel,Goalkeeper,Montpellier Hérault SC,Ligue 2,35,,0,0.0,30.0,30.0,2.5,1,1,2.6,15.1,15.0,0,0,0,0,0,1,0,39,1.47,9.04
ewan-aucan,Ewan Aucan,Midfielder,En Avant Guingamp,Ligue 2,19,,0,0.0,0.0,0.0,0.0,0,0,0.0,0.0,0.0,0,0,0,0,0,0,0,7,,
hatem-mimoune,Hatem Mimoune,Midfielder,Dijon FCO,Ligue 2,19,,0,0.0,39.0,39.0,2.5,1,0,0.3,3.7,35.0,0,0,0,0,1,0,0,5,,
kylian-gasnier,Kylian Gasnier,Midfielder,Pau FC,Ligue 2,24,,0,0.0,34.0,34.0,25.0,10,1,7.1,-0.77,35.0,0,0,0,0,8,6,0,26,0.79,
everson-junior-pereira-da-silva,Everson,Midfielder,Montpellier Hérault SC,Ligue 2,22,,0,0.0,41.0,42.0,50.0,20,16,41.8,7.69,34.25,0,0,1,4,10,4,2,19,1.03,6.74
lucas-lavallee,Lucas Lavallée,Goalkeeper,AS Saint-Étienne,Ligue 2,23,,0,0.0,0.0,0.0,0.0,0,0,0.0,0.0,0.0,0,0,0,0,0,0,0,40,1.63,10.19
farouq-limouri,Farouq Limouri,Defender,Grenoble Foot 38,Ligue 2,23,,0,0.0,49.0,49.0,2.5,1,1,12.9,14.4,35.0,0,0,0,0,1,0,0,6,0.76,4.13
joel-emmanuel-coulibaly,Joël-Emmanuel Coulibaly,Midfielder,AS Nancy-Lorraine,Ligue 2,19,,0,0.0,0.0,0.0,0.0,0,0,0.0,0.0,0.0,0,0,0,0,0,0,0,23,,
joseph-okumu,Joseph Okumu,Defender,Stade de Reims,Ligue 2,29,,0,0.0,0.0,0.0,0.0,0,11,0.0,0.0,0.0,0,0,5,0,13,3,0,19,0.31,6.24
amine-salama,Amine Salama,Forward,Stade de Reims,Ligue 2,26,,0,0.0,41.0,44.0,47.5,19,11,26.7,2.31,41.58,0,0,5,0,13,3,0,19,0.31,6.24
pierre-lemonnier,Pierre Lemonnier,Defender,Red Star FC 93,Ligue 2,33,,0,0.0,57.0,58.0,52.5,21,21,49.3,20.38,37.62,0,6,7,3,7,2,0,15,0.99,14.13
yvan-junior-djemba-mbappe,Yvan-Junior Djemba-Mbappé,Midfielder,Montpellier Hérault SC,Ligue 2,21,,0,0.0,0.0,0.0,0.0,0,0,0.0,0.0,0.0,0,0,0,0,0,0,0,27,,
arthur-vitelli,Arthur Vitelli,Defender,FC Sochaux-Montbéliard,Ligue 2,26,,0,0.0,60.0,60.0,5.0,2,1,16.9,24.93,35.0,0,1,0,0,1,0,0,9,,10.16
nathan-fondja,Nathan Fondja,Defender,En Avant Guingamp,Ligue 2,20,,0,0.0,43.0,43.0,2.5,1,0,1.1,8.04,35.0,0,0,0,0,1,0,0,9,,
luis-hemir-silva-semedo,Luís Semedo,Forward,Clermont Foot 63,Ligue 2,23,,0,0.0,42.0,40.0,52.5,21,8,29.1,1.68,38.57,0,0,3,0,10,8,0,19,1.8,6.59
mathis-anthony-ntessa,Mathis N'Tessa,Goalkeeper,Stade Lavallois Mayenne FC,Ligue 2,18,,0,0.0,0.0,0.0,0.0,0,0,0.0,0.0,0.0,0,0,0,0,0,0,0,37,,
esteban-salles,Esteban Salles,Goalkeeper,Pau FC,Ligue 2,32,,0,0.0,42.0,41.0,27.5,11,10,27.7,0.45,39.09,0,2,1,0,3,2,3,29,1.27,2.22
geoffrey-lembet,Geoffrey Lembet,Goalkeeper,AS Nancy-Lorraine,Ligue 2,38,,0,0.0,47.0,47.0,2.5,1,1,2.0,11.9,35.0,0,0,0,0,1,0,0,39,1.22,1.95
noah-marec,Noah Marec,Goalkeeper,En Avant Guingamp,Ligue 2,22,,0,0.0,0.0,0.0,0.0,0,0,0.0,0.0,0.0,0,0,0,0,0,0,0,40,0.76,6.21
mamour-ndiaye,Mamour Ndiaye,Goalkeeper,AS Saint-Étienne,Ligue 2,20,,0,0.0,42.0,45.0,45.0,18,18,60.0,6.19,38.33,0,1,4,5,8,11,1,10,1.67,8.14
teddy-bouriaud,Teddy Bouriaud,Midfielder,Stade Lavallois Mayenne FC,Ligue 2,29,,0,0.0,45.0,50.0,67.5,27,21,48.9,14.55,35.37,2,1,3,6,12,8,0,8,,
jonathan-ndaya-kapenga,Jonathan Kapenga,Defender,US Boulogne-sur-Mer Côte d'Opale,Ligue 2,22,,0,0.0,42.0,42.0,5.0,2,0,1.7,7.4,35.0,0,0,0,0,2,0,0,38,,
djibril-mavounia-kouka,Djibril Mavounia-Kouka,Defender,Rodez Aveyron Football,Ligue 2,20,,0,0.0,0.0,0.0,0.0,0,0,0.0,0.0,0.0,0,0,0,0,0,0,0,7,,
andy-pelmard,Andy Pelmard,Defender,Clermont Foot 63,Ligue 2,26,,0,0.0,57.0,57.0,5.0,2,2,14.0,9.85,47.5,0,0,2,2,4,0,0,32,0.48,1.93
xavier-lenogue,Xavier Lenogue,Goalkeeper,US Boulogne-sur-Mer Côte d'Opale,Ligue 2,29,,0,0.0,52.0,52.0,2.5,1,1,2.6,16.5,35.0,0,0,0,1,0,0,0,39,,
antonin-bobichon,Antonin Bobichon,Midfielder,Pau FC,Ligue 2,31,,0,0.0,46.0,45.0,60.0,24,12,28.7,4.13,41.04,1,2,4,1,17,4,0,11,,
tidiane-diallo-2008-01-25,Tidiane Diallo,Defender,Montpellier Hérault SC,Ligue 2,18,,0,0.0,0.0,0.0,0.0,0,0,0.0,0.0,0.0,0,0,0,0,0,0,0,4,,
matteo-commaret,Mattéo Commaret,Defender,Stade Lavallois Mayenne FC,Ligue 2,24,,0,0.0,43.0,43.0,25.0,10,10,24.2,7.16,35.5,0,0,2,1,9,2,1,25,,
hermann-tebily,Hermann Tebily,Forward,Rodez Aveyron Football,Ligue 2,24,,0,0.0,35.0,35.0,12.5,5,0,0.4,-0.16,35.0,0,0,0,0,3,2,0,35,2.21,9.76
alpha-amadou-toure,Alpha Touré,Midfielder,FC Metz,Ligue 2,20,,0,0.0,39.0,37.0,62.5,25,15,39.3,2.23,35.2,0,0,3,3,12,9,2,11,,
matis-duval,Matis Duval,Goalkeeper,Pau FC,Ligue 2,19,,0,0.0,0.0,0.0,0.0,0,0,0.0,0.0,0.0,0,0,0,0,0,0,0,15,,
ethan-cortes,Ethan Cortes,Forward,FC Sochaux-Montbéliard,Ligue 2,19,,0,0.0,0.0,0.0,0.0,0,0,0.0,0.0,0.0,0,0,0,0,0,0,0,7,,
arthylio-nade,Arthylio Nade,Forward,US du Littoral de Dunkerque,Ligue 2,19,,0,0.0,0.0,0.0,0.0,0,0,0.0,0.0,0.0,0,0,0,0,1,0,0,36,,
klaus-mohamed-camara,Klaus Camara,Forward,FC Nantes,Ligue 2,18,,0,0.0,0.0,0.0,0.0,0,0,0.0,0.0,0.0,0,0,0,0,0,0,0,5,,
joel-matondo,Joël Matondo,Midfielder,En Avant Guingamp,Ligue 2,21,,0,0.0,0.0,0.0,0.0,0,0,0.0,0.0,0.0,0,0,0,0,0,0,0,24,,
nordine-kandil,Nordine Kandil,Midfielder,AS Nancy-Lorraine,Ligue 2,24,56.0,4,54.6,50.0,48.0,0.0,0,0,36.7,5.14,42.39,0,2,4,0,14,3,0,17,1.25,7.04
oscar-quentin-david-lenne,Oscar Lenne,Defender,US Boulogne-sur-Mer Côte d'Opale,Ligue 2,20,,0,0.0,31.0,31.0,2.5,1,0,0.8,-3.96,35.0,0,0,0,0,0,1,0,34,,
mateo-gonzalez,Matéo Gonzalez,Goalkeeper,FC Annecy,Ligue 2,21,,0,0.0,0.0,0.0,0.0,0,0,0.0,0.0,0.0,0,0,0,0,0,0,0,40,,
thomas-callens,Thomas Callens,Goalkeeper,FC Annecy,Ligue 2,28,,0,0.0,56.0,56.0,12.5,5,5,12.9,9.1,47.0,0,1,1,0,3,0,0,35,,
axel-gueguin,Axel Gueguin,Forward,Montpellier Hérault SC,Ligue 2,21,,0,0.0,50.0,50.0,17.5,7,2,6.0,7.97,42.14,0,1,1,0,5,0,0,33,2.17,7.52
ibrahima-diakite,Ibrahima Diakité,Midfielder,En Avant Guingamp,Ligue 2,19,,0,0.0,37.0,37.0,5.0,2,0,1.1,2.05,35.0,0,0,0,0,2,0,0,22,,
yanel-zeze,Yanel Zézé,Goalkeeper,FC Nantes,Ligue 2,18,,0,0.0,0.0,0.0,0.0,0,0,0.0,0.0,0.0,0,0,0,0,0,0,0,7,,
pougueleu-victor-mic-monthieu,V. Monthieu,Forward,FC Sochaux-Montbéliard,Ligue 2,18,,0,0.0,0.0,0.0,0.0,0,0,0.0,0.0,0.0,0,0,0,0,0,0,0,7,,
modibo-sissoko-2006-12-17,Modibo Sissoko,Midfielder,AS Saint-Étienne,Ligue 2,19,,0,0.0,0.0,0.0,0.0,0,0,0.0,0.0,0.0,0,0,0,0,0,0,0,5,,
francois-lajugie,François Lajugie,Defender,FC Annecy,Ligue 2,30,,0,0.0,44.0,51.0,57.5,23,21,49.5,10.91,39.78,0,4,2,6,8,6,0,14,,
nesta-zahui,Nesta Zahui,Forward,Grenoble Foot 38,Ligue 2,23,51.0,5,89.0,49.0,46.0,0.0,0,0,53.3,8.85,37.21,0,1,4,7,22,5,0,1,2.1,4.18
teddy-bartouche,Teddy Bartouche,Goalkeeper,En Avant Guingamp,Ligue 2,29,,0,0.0,47.0,46.0,27.5,11,11,28.3,4.35,41.82,0,0,4,0,7,3,0,26,1.1,6.89
john-otomewo,John Otomewo,Midfielder,Stade de Reims,Ligue 2,19,37.0,0,25.2,38.0,38.0,0.0,0,0,22.9,5.49,32.14,0,0,0,1,4,2,0,0,1.19,6.24
martin-lecolier,Martin Lecolier,Forward,US Boulogne-sur-Mer Côte d'Opale,Ligue 2,23,,0,0.0,43.0,43.0,40.0,16,11,40.7,1.37,41.25,0,0,4,0,8,5,0,14,,
nathan-kasia-nkondo,Nathan Nkondo,Defender,AS Saint-Étienne,Ligue 2,17,,0,0.0,35.0,35.0,2.5,1,0,1.0,0.1,35.0,0,0,0,0,1,0,0,6,,
souleymane-fofana,Souleymane Fofana,Midfielder,FC Annecy,Ligue 2,20,,0,0.0,0.0,0.0,0.0,0,0,0.0,0.0,0.0,0,0,0,0,0,0,0,3,,
hermann-esmel,Hermann Esmel,Midfielder,Stade Lavallois Mayenne FC,Ligue 2,27,,0,0.0,0.0,0.0,0.0,0,0,0.0,0.0,0.0,0,0,0,0,0,0,0,7,,
florian-rombogouera-gouzele,Florian Rombogouera,Forward,Dijon FCO,Ligue 2,20,,0,0.0,0.0,0.0,0.0,0,0,0.0,0.0,0.0,0,0,0,0,0,0,0,7,,
boubacar-diallo,Boubacar Diallo,Defender,Dijon FCO,Ligue 2,21,,0,0.0,0.0,0.0,0.0,0,0,0.0,0.0,0.0,0,0,0,0,0,0,0,1,,
cheick-mohamed-doumbia,Cheick Doumbia,Midfielder,Rodez Aveyron Football,Ligue 2,21,,0,0.0,0.0,0.0,0.0,0,0,0.0,0.0,0.0,0,0,0,0,2,0,0,38,,
ibrahim-kone-1989-12-05,Ibrahim Koné,Goalkeeper,US Boulogne-sur-Mer Côte d'Opale,Ligue 2,36,,0,0.0,42.0,42.0,12.5,5,5,12.5,2.16,40.0,0,0,1,0,3,1,0,35,,
lima-joseph-mangondo,Joseph Mangondo,Forward,FC Metz,Ligue 2,21,,0,0.0,0.0,0.0,0.0,0,0,0.0,0.0,0.0,0,0,0,0,0,0,0,40,,
yuliwes-bellache,Yuliwes Bellache,Midfielder,Clermont Foot 63,Ligue 2,24,,0,0.0,36.0,36.0,12.5,5,1,2.2,1.46,35.0,0,0,0,0,5,3,0,32,0.92,
alexis-sauvage,Alexis Sauvage,Goalkeeper,Stade de Reims,Ligue 2,34,,0,0.0,46.0,46.0,15.0,6,6,15.4,11.1,35.0,0,0,1,1,3,1,0,34,1.45,4.38
sohan-paillard,Sohan Paillard,Midfielder,US Boulogne-sur-Mer Côte d'Opale,Ligue 2,22,,0,0.0,34.0,34.0,5.0,2,0,0.2,-0.75,35.0,0,0,0,0,1,1,0,38,,
hafiz-umar-ibrahim,Hafiz Ibrahim,Forward,Stade de Reims,Ligue 2,20,,0,0.0,49.0,44.0,37.5,15,8,23.4,0.22,43.67,1,0,3,0,6,10,0,20,1.18,2.12
bobby-allain,Bobby Allain,Goalkeeper,Grenoble Foot 38,Ligue 2,34,,0,0.0,49.0,49.0,12.5,5,3,10.7,9.04,40.0,0,1,0,0,4,0,0,35,0.86,4.34
sacha-ziani,Sacha Ziani,Midfielder,FC Nantes,Ligue 2,23,,0,0.0,0.0,0.0,0.0,0,0,0.0,0.0,0.0,0,0,0,0,0,0,0,35,1.01,6.12
lenny-sylla,Lenny Sylla,Forward,Stade de Reims,Ligue 2,19,,0,0.0,0.0,0.0,0.0,0,0,0.0,0.0,0.0,0,0,0,0,0,0,0,20,,
owen-martinez-jullien,Owen Martinez-Jullien,Midfielder,Grenoble Foot 38,Ligue 2,21,,0,0.0,0.0,0.0,0.0,0,0,0.0,0.0,0.0,0,0,0,0,2,0,0,38,,
oscar-etoundi-eyen,Oscar Eyen,Defender,Montpellier Hérault SC,Ligue 2,18,,0,0.0,0.0,0.0,0.0,0,0,0.0,0.0,0.0,0,0,0,0,0,0,0,3,,
honore-bayanginisa-nakalamwa,Honoré Bayanginisa,Midfielder,FC Sochaux-Montbéliard,Ligue 2,20,,0,0.0,0.0,0.0,0.0,0,0,0.0,0.0,0.0,0,0,0,0,0,0,0,7,,
maedine-makhloufi,Maedine Makhloufi,Defender,US du Littoral de Dunkerque,Ligue 2,20,,0,0.0,46.0,46.0,20.0,8,3,8.2,7.82,38.13,0,0,1,3,2,2,0,32,,
matys-donavin,Matys Donavin,Defender,Clermont Foot 63,Ligue 2,19,,0,0.0,0.0,0.0,0.0,0,0,0.0,0.0,0.0,0,0,0,0,1,1,0,38,,
soumaila-sylla,Soumaïla Sylla,Goalkeeper,Stade de Reims,Ligue 2,22,,0,0.0,49.0,49.0,2.5,1,1,2.5,13.7,35.0,0,0,0,0,0,0,0,40,1.67,4.71
ange-loic-n-gatta,Ange N’Gatta,Defender,Grenoble Foot 38,Ligue 2,22,,0,0.0,34.0,34.0,12.5,5,1,2.8,-0.74,35.0,0,0,0,0,2,4,0,34,1.12,3.72
charlie-dressel,Charlie Dressel,Midfielder,Grenoble Foot 38,Ligue 2,21,,0,0.0,0.0,0.0,0.0,0,0,0.0,0.0,0.0,0,0,0,0,1,0,0,39,,
chaib-lahmer,Chaib Lahmer,Defender,Red Star FC 93,Ligue 2,23,,0,0.0,0.0,0.0,0.0,0,0,0.0,0.0,0.0,0,0,0,0,0,0,0,7,,
enzo-ketterle,Enzo Ketterle,Goalkeeper,Dijon FCO,Ligue 2,23,,0,0.0,0.0,0.0,0.0,0,0,0.0,0.0,0.0,0,0,0,0,0,0,0,7,,
chouaib-bellaarouch,Chouaib Bellaarouch,Goalkeeper,Stade de Reims,Ligue 2,18,,0,0.0,0.0,0.0,0.0,0,0,0.0,0.0,0.0,0,0,0,0,0,0,0,3,,
mamadou-simbakoli,Mamadou Simbakoli,Forward,Stade Lavallois Mayenne FC,Ligue 2,25,,0,0.0,0.0,0.0,0.0,0,0,0.0,0.0,0.0,0,0,0,0,0,0,0,40,,
viktor-dzodic,Viktor Džodić,Goalkeeper,Montpellier Hérault SC,Ligue 2,19,,0,0.0,30.0,30.0,2.5,1,1,2.6,-5.4,35.0,0,0,0,0,0,1,0,39,,
edin-omeragic,Edin Omeragic,Goalkeeper,Stade de Reims,Ligue 2,24,,0,0.0,0.0,0.0,0.0,0,0,0.0,0.0,0.0,0,0,0,1,0,0,0,26,1.34,6.61
moise-adilehou,Moïse Adiléhou,Defender,Stade Lavallois Mayenne FC,Ligue 2,30,,0,0.0,0.0,0.0,0.0,0,0,0.0,0.0,0.0,0,0,0,0,1,0,0,39,,
joan-raynaud,Joan Raynaud,Goalkeeper,Clermont Foot 63,Ligue 2,19,,0,0.0,0.0,0.0,0.0,0,0,0.0,0.0,0.0,0,0,0,0,0,0,0,38,,
thierno-balde,Thierno Baldé,Defender,AS Nancy-Lorraine,Ligue 2,24,,0,0.0,36.0,36.0,2.5,1,0,0.4,0.74,35.0,0,0,0,0,1,0,0,39,,
mohamed-amine-bouchenna,Mohamed-Amine Bouchenna,Forward,Clermont Foot 63,Ligue 2,20,43.0,1,21.0,42.0,42.0,0.0,0,0,32.9,7.33,35.0,0,0,0,0,4,2,0,34,3.52,12.62
lassana-traore,Lassana Traoré,Defender,AS Saint-Étienne,Ligue 2,19,,0,0.0,0.0,0.0,0.0,0,0,0.0,0.0,0.0,0,0,0,0,0,0,0,40,1.24,6.66
gautier-roland-gerard-ott,Gautier Ott,Forward,En Avant Guingamp,Ligue 2,24,,0,0.0,40.0,42.0,32.5,13,6,14.8,2.95,38.85,0,1,2,0,12,3,0,22,,
theo-borne,Théo Borne,Goalkeeper,Grenoble Foot 38,Ligue 2,24,,0,0.0,0.0,0.0,0.0,0,0,0.0,0.0,0.0,0,0,0,0,0,0,0,40,0.87,5.14
arthur-lallias,Arthur Lallias,Forward,Grenoble Foot 38,Ligue 2,23,,0,0.0,37.0,37.0,27.5,11,5,23.4,1.75,35.0,0,0,0,0,6,5,0,12,0.42,3.61
esteban-marre,Esteban Marre,Defender,FC Annecy,Ligue 2,22,,0,0.0,0.0,0.0,0.0,0,0,0.0,0.0,0.0,0,0,0,0,0,0,0,7,,
theo-dylan-amorim,Théo Amorim,Defender,Stade de Reims,Ligue 2,22,,0,0.0,0.0,0.0,0.0,0,0,0.0,0.0,0.0,0,0,0,0,0,0,0,5,,
tom-dupont,Tom Dupont,Midfielder,US Boulogne-sur-Mer Côte d'Opale,Ligue 2,20,,0,0.0,0.0,0.0,0.0,0,0,0.0,0.0,0.0,0,0,0,0,0,0,0,7,,
ilyes-hamdia,Ilyes Hamdia,Defender,Clermont Foot 63,Ligue 2,19,,0,0.0,0.0,0.0,0.0,0,0,0.0,0.0,0.0,0,0,0,0,0,0,0,7,,
lucas-droyaux,Lucas Droyaux,Goalkeeper,Stade Lavallois Mayenne FC,Ligue 2,21,,0,0.0,0.0,0.0,0.0,0,0,0.0,0.0,0.0,0,0,0,0,0,0,0,40,,
adrien-hunou,Adrien Hunou,Forward,Clermont Foot 63,Ligue 2,32,50.0,2,35.8,45.0,42.0,0.0,0,0,18.8,3.58,38.75,0,0,4,1,16,3,0,16,0.94,1.47
marouane-admar,Marouane Admar,Midfielder,Clermont Foot 63,Ligue 2,20,,0,0.0,0.0,0.0,0.0,0,0,0.0,0.0,0.0,0,0,0,0,0,0,0,28,,
morgan-bokele-mputu,Morgan Bokele Mputu,Forward,FC Metz,Ligue 2,22,,0,0.0,48.0,44.0,50.0,20,10,24.4,6.05,37.5,0,0,2,2,13,6,0,17,,
manzur-okwaro,Manzur Suleiman,Defender,Stade de Reims,Ligue 2,20,,0,0.0,0.0,0.0,0.0,0,0,0.0,0.0,0.0,0,0,0,0,0,0,0,12,,
ousmane-ba,Ousmane Ba,Goalkeeper,FC Metz,Ligue 2,24,,0,0.0,0.0,0.0,0.0,0,0,0.0,0.0,0.0,0,0,0,0,0,1,0,39,,
louis-siliadin,Louis Siliadin,Defender,US Boulogne-sur-Mer Côte d'Opale,Ligue 2,24,,0,0.0,0.0,0.0,0.0,0,0,0.0,0.0,0.0,0,0,0,0,2,1,0,37,,
yassine-benhattab,Yassine Benhattab,Forward,Montpellier Hérault SC,Ligue 2,23,,0,0.0,49.0,46.0,45.0,18,7,23.9,7.8,38.33,0,1,1,3,17,0,0,17,1.16,6.49
matteo-d-antona,Matteo D'Antona,Midfielder,Grenoble Foot 38,Ligue 2,21,,0,0.0,0.0,0.0,0.0,0,0,0.0,0.0,0.0,0,0,0,0,0,0,0,40,,
diego-duarte,Diego Duarte,Midfielder,FC Metz,Ligue 2,20,,0,0.0,37.0,37.0,2.5,1,0,0.5,1.8,35.0,0,0,0,0,0,0,0,7,,
vincent-gomis,Vincent Gomis,Goalkeeper,FC Metz,Ligue 2,18,,0,0.0,0.0,0.0,0.0,0,0,0.0,0.0,0.0,0,0,0,0,0,0,0,6,,
alexandre-pierre,Alexandre Pierre,Goalkeeper,FC Sochaux-Montbéliard,Ligue 2,25,,0,0.0,0.0,0.0,0.0,0,0,0.0,0.0,0.0,0,1,0,0,0,0,0,39,0.98,6.58
pape-yatma-diop,Pape Diop,Midfielder,FC Sochaux-Montbéliard,Ligue 2,20,,0,0.0,0.0,0.0,0.0,0,0,0.0,0.0,0.0,0,0,0,0,0,0,0,7,,
jean-philippe-celestin,Jean-Philippe Celestin,Defender,Stade de Reims,Ligue 2,23,,0,0.0,0.0,0.0,0.0,0,0,0.0,0.0,0.0,0,0,0,0,0,0,0,7,,
mathis-chambon,Mathis Chambon,Defender,Montpellier Hérault SC,Ligue 2,17,,0,0.0,0.0,0.0,0.0,0,0,0.0,0.0,0.0,0,0,0,0,0,0,0,7,,
lamine-diack,Lamine Diack,Midfielder,FC Nantes,Ligue 2,25,,0,0.0,31.0,31.0,12.5,5,1,3.2,-0.28,31.0,0,0,0,0,0,2,0,5,,
cheikh-ibrahim-dia,Cheikh Ibrahim Dia,Forward,US Boulogne-sur-Mer Côte d'Opale,Ligue 2,21,,0,0.0,26.0,26.0,5.0,2,1,10.7,-9.0,35.0,0,0,0,0,0,2,0,5,,
adam-marchal,Adam Marchal,Defender,FC Metz,Ligue 2,18,,0,0.0,0.0,0.0,0.0,0,0,0.0,0.0,0.0,0,0,0,0,0,0,0,7,,
gaspard-messobo,Gaspard Ambassa,Goalkeeper,En Avant Guingamp,Ligue 2,20,,0,0.0,0.0,0.0,0.0,0,0,0.0,0.0,0.0,0,0,0,0,0,0,0,27,,
alexis-mirbach,Alexis Mirbach,Goalkeeper,FC Nantes,Ligue 2,21,,0,0.0,0.0,0.0,0.0,0,0,0.0,0.0,0.0,0,0,0,0,0,0,0,40,2.08,8.55
axel-bargain,Axel Bargain,Defender,Dijon FCO,Ligue 2,20,,0,0.0,0.0,0.0,0.0,0,0,0.0,0.0,0.0,0,0,0,0,0,0,0,7,,
massamba-ndiaye,Massamba N'Diaye,Goalkeeper,Clermont Foot 63,Ligue 2,24,,0,0.0,57.0,57.0,2.5,1,1,2.6,22.3,35.0,0,0,0,1,0,0,0,39,,
kenji-van-boto,Kenji-Van Boto,Defender,Clermont Foot 63,Ligue 2,30,,0,0.0,39.0,39.0,12.5,5,5,10.2,4.27,35.0,0,0,0,0,6,3,0,31,,6.72
roman-mory-diaman-gbane,Mory Gbane,Midfielder,Stade de Reims,Ligue 2,25,,0,0.0,48.0,46.0,55.0,22,16,40.7,8.61,37.27,0,1,3,2,13,6,0,15,1.49,3.89
